KO	output
K00001	145.6468675
K00003	1032.971985
K00005	11.44444307
K00008	10835.41417
K00009	8621.95564
K00010	1655.957247
K00012	791.7685781
K00013	4377.263855
K00014	4345.567331
K00015	83.49849974
K00016	21977.97847
K00019	66.09114974
K00020	250.640088
K00023	102.1146351
K00024	1155.267716
K00027	116.868422
K00029	98.43631941
K00031	8438.328165
K00033	10458.61804
K00034	17.84782673
K00035	14.34812621
K00036	637.2702665
K00040	14.20434975
K00045	395.6445242
K00046	36.15827748
K00052	9902.513751
K00053	10989.26079
K00054	3413.73181
K00057	10991.90258
K00058	724.518466
K00059	22211.64358
K00064	9.815809423
K00067	1772.874533
K00074	175.9420821
K00075	6492.608336
K00076	25.00462957
K00077	1730.076714
K00088	11935.09793
K00090	28.52633989
K00091	33.25675388
K00097	702.0772167
K00099	1196.825791
K00101	101.838368
K00102	14.68872559
K00105	41.15009847
K00108	21877.48787
K00111	8381.51491
K00112	30.05879478
K00113	24.29021664
K00116	16806.80949
K00121	92.93350402
K00123	8690.864398
K00124	49.77414521
K00126	69.97398055
K00127	79.91423303
K00128	20893.08551
K00130	46.52770505
K00131	13.07159494
K00133	7575.094458
K00134	18907.02803
K00135	1843.364246
K00138	825.4981867
K00140	778.6788858
K00145	5928.67363
K00147	1221.768653
K00150	30.61794039
K00153	743.1055457
K00154	47.06784184
K00156	1012.926607
K00158	73.25509049
K00161	10409.18039
K00162	9300.98269
K00163	1028.396592
K00164	1095.827356
K00166	57.31157052
K00167	112.5057077
K00174	7048.042885
K00175	28.21996867
K00179	16.37980223
K00180	13.28165707
K00208	10355.63959
K00215	10282.22045
K00216	29.26207867
K00217	751.1823215
K00219	14.66370291
K00220	12.20926368
K00226	159.3876332
K00228	44.0839576
K00231	257.7737658
K00232	58.76593848
K00239	4642.281076
K00240	972.5204744
K00241	977.7940373
K00242	51.67992325
K00243	9164.838499
K00246	40.3720847
K00247	40.67313522
K00248	56.79921397
K00249	298.3817209
K00252	4296.871012
K00253	72.5933559
K00254	1032.191395
K00259	11064.97556
K00260	8016.603664
K00261	23.54660917
K00262	1113.488857
K00263	22.08774625
K00265	1427.985042
K00266	1679.23992
K00275	137.9608117
K00276	12.34823619
K00278	1400.551699
K00281	260.1495457
K00282	8297.582052
K00283	9556.165986
K00285	976.7172761
K00286	10929.46819
K00287	6518.730116
K00294	6628.190078
K00297	925.4860951
K00299	876.5500739
K00311	109.5333115
K00316	36.40371973
K00324	111.2711665
K00325	96.33310008
K00329	34.49923063
K00330	99.6585136
K00331	114.327974
K00332	87.82726655
K00333	80.74137429
K00334	93.4439297
K00335	89.56002805
K00336	66.44771199
K00337	107.479638
K00338	119.5752011
K00339	84.42460505
K00340	134.2445055
K00341	60.04575174
K00342	85.41630584
K00343	135.4028362
K00344	266.3154011
K00346	59.22178576
K00347	59.51627291
K00348	16.80250571
K00349	63.43739335
K00350	61.38250295
K00351	31.94159734
K00355	42.50490421
K00356	34.49923063
K00362	109.8154667
K00363	94.6959151
K00364	5516.36382
K00368	596.6743084
K00370	799.8404227
K00371	811.2655679
K00372	53.33715635
K00373	5627.827227
K00374	174.5129023
K00375	2146.8336
K00380	6038.775511
K00381	262.7011056
K00382	15732.90111
K00383	106.3807508
K00384	10644.89238
K00390	1676.023991
K00392	1353.829408
K00404	40.5685956
K00405	21.07394159
K00406	43.03128273
K00407	78.46153846
K00411	89.22448129
K00413	76.65516083
K00424	76.92307692
K00425	146.2373951
K00426	190.0676343
K00428	53.7855496
K00432	9268.4752
K00433	53.2569632
K00435	9351.450238
K00436	38.6994155
K00446	29.35626158
K00448	26.5852921
K00449	865.0525201
K00450	30.89973838
K00451	50.55905413
K00452	37.48297922
K00453	51.60461997
K00457	846.8337755
K00459	9729.269067
K00481	733.7447378
K00484	21.00233383
K00491	8453.904938
K00496	22.03293745
K00500	19.74089559
K00507	58.61795139
K00520	1050.144003
K00523	62.18393868
K00525	11059.29297
K00526	10109.98613
K00528	1629.41132
K00529	757.6431049
K00537	1311.751722
K00548	804.4009972
K00549	5925.918365
K00554	7254.940869
K00557	70.10805141
K00558	281.6523694
K00560	8312.283339
K00561	18930.29933
K00563	662.2573675
K00564	69.90067459
K00566	10475.30569
K00567	405.561423
K00568	831.5323699
K00571	38.36695675
K00573	139.9744024
K00574	1803.523929
K00575	108.6133112
K00595	144.2468154
K00598	42.79778251
K00600	9732.115452
K00602	8170.967663
K00604	2522.449048
K00605	4942.824192
K00606	5223.679566
K00609	9906.18963
K00610	23.89040029
K00611	19407.8111
K00615	6985.815269
K00616	1458.800829
K00620	9572.965399
K00625	7492.727252
K00626	14326.25175
K00627	10124.96008
K00631	28.96379359
K00632	75.49594557
K00633	25.92918462
K00634	49.15686218
K00639	5228.025765
K00640	14131.69506
K00641	1066.932292
K00643	42.78423501
K00645	8375.566987
K00647	96.87242348
K00648	6160.384111
K00651	114.3598907
K00652	7638.993722
K00655	1614.26516
K00656	6593.958192
K00658	6828.286486
K00661	731.3405299
K00666	1120.552426
K00673	44.23449536
K00674	1440.510624
K00675	36.06247686
K00677	117.028254
K00681	5472.855195
K00684	626.7831859
K00687	56.80407374
K00688	1849.256054
K00690	56.1922402
K00692	18.32326289
K00694	35.50966258
K00697	834.4652974
K00700	1050.369342
K00703	128.2979692
K00705	1973.128457
K00721	807.7189196
K00728	1356.203076
K00748	117.7199758
K00756	10635.5496
K00758	32.71501985
K00759	10763.91223
K00760	10002.86975
K00761	10456.74999
K00762	10895.32784
K00763	1172.23253
K00764	8734.683279
K00765	5436.746853
K00766	7061.644053
K00767	439.2104605
K00768	1049.894756
K00769	37.6236735
K00773	10845.28745
K00782	329.3376121
K00783	7249.659584
K00784	9016.076172
K00785	44.25581585
K00788	11327.58636
K00789	4669.391374
K00790	11598.62935
K00791	7316.905852
K00793	364.7916192
K00794	11116.92616
K00795	77.51195494
K00796	9826.954651
K00797	111.6550086
K00798	839.6331772
K00799	332.6490376
K00800	10964.62874
K00803	35.91926471
K00805	8864.978939
K00806	12722.10263
K00809	17.16879293
K00812	61.81563731
K00813	33.37865051
K00817	18006.46799
K00819	10658.29478
K00820	7829.789166
K00821	1158.271378
K00822	45.40616253
K00823	1944.356246
K00824	9374.342945
K00826	9059.914716
K00830	36.84747908
K00831	1100.446382
K00833	6224.076324
K00835	26.52682617
K00836	63.28316747
K00839	15.19688299
K00840	13.17473893
K00841	953.7923898
K00845	1886.723982
K00847	126.1001833
K00849	451.4334967
K00850	8506.842181
K00851	1005.323972
K00852	9206.524597
K00853	8503.899832
K00854	879.5325511
K00856	24.42131349
K00857	11472.40925
K00858	14083.51437
K00859	11567.06736
K00860	113.9519099
K00863	11.64032587
K00864	3294.593163
K00865	799.9702472
K00867	1143.546021
K00868	10572.13801
K00869	8768.647842
K00872	3999.001611
K00873	7779.968218
K00874	103.151677
K00876	7028.358238
K00878	5957.060244
K00882	827.4764593
K00883	10.83278669
K00886	780.4776091
K00887	30.95829298
K00891	9885.648319
K00895	622.3583002
K00901	53.49050915
K00906	33.51033124
K00912	122.7128147
K00917	5002.214834
K00919	9092.853616
K00925	7933.758926
K00926	17102.25577
K00927	9931.553164
K00928	6403.76915
K00930	17363.35232
K00931	1815.210078
K00936	650.0644441
K00937	125.4921702
K00938	43.87402476
K00939	10585.28024
K00940	11006.09699
K00941	8760.119382
K00942	9774.560294
K00943	10636.15514
K00945	9594.408593
K00946	966.9710517
K00948	8170.944893
K00949	7447.052525
K00950	1043.986503
K00951	10044.3617
K00954	10665.78251
K00955	34.13206086
K00956	911.4313762
K00957	862.3693727
K00958	98.89055733
K00962	9021.262347
K00963	9833.709889
K00965	290.9604883
K00966	28.54803285
K00969	10625.71831
K00970	591.0436389
K00971	9.091247889
K00973	1187.130051
K00974	5853.644379
K00975	1814.528588
K00978	11.66963453
K00979	146.6957686
K00980	4713.649822
K00981	10115.92066
K00982	883.4755431
K00983	73.87822764
K00984	16.77618119
K00986	68.20980761
K00989	1126.960161
K00990	1093.637549
K00991	1002.77255
K00992	45.73251011
K00995	8955.621298
K00997	6226.168528
K01000	10327.95805
K01006	19.1298539
K01007	13.72062853
K01008	56.64543631
K01011	2504.81569
K01012	7108.58031
K01028	575.7860989
K01029	888.7544413
K01031	8.983130285
K01032	22.11295216
K01042	30.97628862
K01046	11917.36697
K01048	33.40443246
K01053	25.20214484
K01055	897.5875165
K01056	8993.749455
K01057	962.7477641
K01058	29.19308912
K01061	108.9305727
K01066	66.43873214
K01069	1926.95575
K01070	119.6749308
K01071	10.08454282
K01075	21.56659776
K01077	1343.953632
K01079	280.3933955
K01081	27.7735697
K01082	1056.650067
K01086	39.9057121
K01087	961.7001635
K01089	7.660048408
K01091	266.4579138
K01092	233.2928203
K01095	105.6827567
K01101	44.92149632
K01104	17094.0429
K01113	1019.622424
K01114	3522.882038
K01118	2563.375251
K01119	32.01999455
K01126	7532.503054
K01129	826.6223968
K01130	47.23468602
K01139	795.8991722
K01142	1029.730447
K01147	29.07726271
K01151	8154.284371
K01153	2799.024801
K01154	776.344791
K01155	24.22598987
K01156	101.2444649
K01159	1025.600531
K01166	43.1427827
K01167	51.07410319
K01173	32.99458029
K01174	9341.027326
K01176	11.2439809
K01178	11.76311299
K01179	21.81172855
K01181	52.98130565
K01182	13.53462809
K01185	23.2885516
K01186	22.82094106
K01187	16.02025402
K01190	14.73401656
K01193	941.9396639
K01194	16.88968925
K01198	23.51377188
K01200	36.05502436
K01201	18.9777387
K01206	45.55287727
K01207	856.8036967
K01209	53.79354186
K01214	635.6353554
K01215	67.79129106
K01220	3501.339135
K01223	732.7065796
K01224	11.63446843
K01226	27.73226719
K01227	15.87092158
K01235	12.95124573
K01236	746.1269401
K01239	198.6941386
K01241	69.2299745
K01243	5696.947757
K01246	1458.926185
K01247	11.16745039
K01251	1032.891479
K01255	1121.551091
K01256	952.0242054
K01258	4317.716865
K01259	242.8570199
K01261	8921.778366
K01262	58.09864721
K01263	26.80211966
K01265	5710.876206
K01266	44.87752405
K01267	192.1976859
K01270	24.14807893
K01271	9252.642803
K01273	62.14728473
K01278	35.69538299
K01281	60.90110669
K01284	1408.33588
K01286	36.48058294
K01295	57.48067353
K01297	60.14316542
K01304	5542.03722
K01318	20542.35944
K01322	225.3507779
K01338	70.11648362
K01354	72.21799842
K01356	10374.46957
K01358	13359.10096
K01372	11.53928216
K01390	34.22877701
K01406	15.53077251
K01407	34.26314649
K01409	9904.411024
K01414	54.43127117
K01419	6934.173784
K01420	41.94258578
K01421	1221.701945
K01423	33.76496949
K01424	796.9704368
K01425	807.3744785
K01426	128.5067578
K01428	9159.613076
K01429	10495.68587
K01430	7914.897868
K01432	14.69134918
K01433	95.46951691
K01434	71.71403197
K01436	756.8322997
K01438	76.93706446
K01439	15726.4526
K01442	72.21912874
K01443	7146.97822
K01447	50.83206307
K01448	7213.21536
K01451	56.63751188
K01457	14.85340991
K01458	64.07978775
K01462	14477.26423
K01464	53.37052972
K01465	7124.212434
K01467	43.93010823
K01468	8800.411984
K01469	22.17126874
K01474	22.69360755
K01476	5292.709365
K01477	14.74409744
K01478	2924.6566
K01479	6430.045649
K01480	38.89665942
K01484	34.42305767
K01485	62.5522303
K01487	62.97524708
K01488	209.0212836
K01489	891.1369847
K01491	10534.73994
K01493	61.58048316
K01494	1269.97953
K01495	1083.805803
K01496	1105.88521
K01497	100.9587473
K01501	28.41887413
K01507	951.2349154
K01512	13272.17907
K01515	9783.416945
K01520	2942.890078
K01523	1216.415109
K01524	1134.917514
K01525	107.4510788
K01531	46.08975725
K01533	640.2261518
K01534	118.213115
K01537	65.04377622
K01545	7560.025964
K01546	11577.91354
K01547	9535.822231
K01548	13827.20578
K01555	94.81552518
K01556	45.81864283
K01560	55.85654256
K01561	64.22962681
K01563	20.21284932
K01571	27.94784632
K01572	25.40995062
K01573	53.25926824
K01574	25.81281467
K01575	7348.668416
K01578	41.62210761
K01579	9111.253203
K01581	12.21503823
K01585	25.47991583
K01586	10754.3928
K01588	9906.788884
K01589	6726.424001
K01590	40.97569287
K01591	9751.421613
K01595	1086.615567
K01596	1062.656051
K01597	24.36239226
K01598	26.73594619
K01599	9205.536813
K01601	26.23062223
K01607	913.6934306
K01608	29.37227717
K01609	3713.870217
K01610	6213.012659
K01613	139.5716514
K01616	34.7013299
K01619	3825.473431
K01620	4615.982901
K01621	615.074697
K01623	9444.545915
K01624	11440.19201
K01625	101.8287745
K01626	2546.255383
K01627	135.7039664
K01628	128.1463179
K01630	42.31128891
K01631	39.68679493
K01633	10949.47427
K01635	4735.460686
K01637	676.9811035
K01638	692.7815748
K01639	8831.657883
K01640	69.09956657
K01641	43.04231071
K01643	26.88204278
K01644	911.0461033
K01647	8043.999831
K01649	2441.166199
K01652	1048.776473
K01653	1198.928346
K01654	53.62879394
K01657	1737.076127
K01658	1110.332787
K01659	1614.205246
K01661	10835.50823
K01662	1046.518489
K01664	5408.437059
K01665	7422.302668
K01666	29.36639905
K01669	9212.142332
K01673	358.0691435
K01676	31.51750142
K01677	27.0281594
K01678	29.97700329
K01679	6315.916971
K01681	6652.635016
K01682	47.43661901
K01685	27.96055972
K01686	94.69208131
K01687	10855.66504
K01689	7580.657474
K01690	117.7192088
K01692	230.6924986
K01693	4367.581142
K01695	2373.384665
K01696	7933.314012
K01697	62.64469034
K01698	5075.780794
K01703	6981.470645
K01704	10126.92834
K01706	50.05742354
K01707	808.012686
K01708	29.32462438
K01709	12.32531963
K01710	1072.162993
K01712	2072.557492
K01714	10891.29079
K01716	62.7051724
K01719	112.381398
K01720	1441.306151
K01724	1053.711455
K01725	11.1388523
K01727	1824.836988
K01733	861.2567383
K01734	61.01224969
K01735	5719.138029
K01736	10349.82802
K01737	11859.82263
K01738	10304.06893
K01739	879.438804
K01740	1048.05872
K01744	1711.216701
K01745	7198.710192
K01749	9286.201404
K01750	89.35901036
K01752	857.8050066
K01753	16.4830995
K01754	15866.71797
K01755	10274.30443
K01756	6179.804166
K01758	13.32625569
K01759	932.6608116
K01760	22.8832121
K01761	16.33346837
K01768	1020.595815
K01770	836.5774659
K01771	7131.262131
K01772	9522.70815
K01775	14088.36678
K01776	7299.361432
K01778	1113.617598
K01779	12.12781704
K01782	99.47929314
K01783	460.1847316
K01784	9415.600776
K01785	129.0881523
K01788	10047.93443
K01790	1770.072604
K01791	489.9698665
K01792	31.11347304
K01796	83.09321591
K01799	53.31269736
K01800	25.61303489
K01801	22.47804555
K01802	1201.664475
K01803	8675.411397
K01807	7956.553573
K01808	51.23861483
K01809	92.29408671
K01810	11498.84258
K01811	32.29521204
K01812	156.842299
K01814	8038.01151
K01815	15.18346167
K01816	93.83217511
K01817	7639.223729
K01818	32.86550346
K01819	18322.46571
K01821	14769.02681
K01823	9971.442852
K01825	18.73234447
K01826	35.94420979
K01834	22416.69357
K01835	7149.463921
K01839	8594.703016
K01840	1540.715926
K01843	25.06332739
K01845	12230.59338
K01847	1574.962461
K01854	1172.968109
K01856	40.97914382
K01857	49.9821213
K01858	854.1154797
K01866	8545.116847
K01867	9677.003929
K01868	11164.27545
K01869	5476.437831
K01870	1862.221596
K01872	11292.82358
K01873	5273.840741
K01874	6818.27703
K01875	7365.963635
K01876	8030.271212
K01878	191.6426696
K01879	186.6934842
K01880	4724.167013
K01881	9941.917932
K01883	5801.922408
K01885	1764.765429
K01886	92.53002198
K01887	11543.59152
K01889	9445.440063
K01890	10491.80029
K01892	7204.169807
K01893	9217.319046
K01894	111.7446812
K01895	116.5477811
K01897	2104.902274
K01902	9991.209492
K01903	9094.104315
K01906	8975.940353
K01907	794.0971966
K01908	34.0214401
K01910	25.82063314
K01911	6161.900216
K01912	841.1553246
K01914	188.0613909
K01915	9946.739955
K01916	8747.205273
K01918	17299.79719
K01919	37.17780371
K01920	62.60048667
K01921	9959.125142
K01923	7288.441587
K01924	9056.332939
K01925	6160.03342
K01926	9184.405553
K01928	579.74635
K01929	1035.377869
K01932	32.48345288
K01933	8636.248529
K01934	1137.775348
K01935	5246.387447
K01937	10366.10032
K01938	7954.441318
K01939	6825.865305
K01940	9475.535523
K01941	12.80760551
K01945	6098.902606
K01947	30.84775211
K01950	634.0890442
K01951	8947.145084
K01952	17329.20861
K01953	668.7166871
K01955	8591.244999
K01956	10766.5648
K01958	250.5899102
K01961	247.8181958
K01962	8925.048862
K01963	11206.89772
K01965	47.92346579
K01966	77.59614953
K01968	70.07723875
K01969	98.64337859
K01971	52.33399764
K01972	6785.828317
K01975	903.7779082
K01989	821.7151651
K01990	36488.64503
K01991	90.84674528
K01992	24838.95472
K01993	46.82707413
K01995	198.7537232
K01996	275.5594894
K01997	260.2815942
K01998	180.2601489
K01999	209.2706381
K02000	22.61903474
K02002	61.70300848
K02003	3737.489321
K02004	3729.53143
K02005	964.3819974
K02006	10.04162244
K02007	600.121139
K02010	1646.110678
K02011	804.8025797
K02012	9492.986558
K02013	11636.13543
K02014	532.6719797
K02015	26448.72945
K02016	30943.06762
K02017	60.45153089
K02018	8714.867983
K02019	17.88731132
K02020	228.4898894
K02021	1398.89072
K02022	16.81393768
K02025	1121.388637
K02026	210.8409944
K02027	1863.445182
K02028	1020.885544
K02029	1467.04234
K02030	1262.574948
K02031	11941.68577
K02032	7260.755531
K02033	9589.543508
K02034	13837.74689
K02035	3009.326047
K02036	7652.390612
K02037	208.1822265
K02038	828.9391118
K02039	1184.58144
K02040	5062.884939
K02041	9954.737064
K02042	5430.032902
K02044	1621.855005
K02045	81.2595644
K02047	50.90018923
K02048	35.43077073
K02049	1972.842063
K02050	156.5153913
K02051	811.0529264
K02055	27.07212006
K02056	86.66110641
K02057	1113.478898
K02058	39.21292683
K02062	44.70386004
K02064	28.54845732
K02065	127.1584674
K02066	178.7229695
K02067	97.34075543
K02068	171.7192938
K02069	24.454254
K02071	10297.97052
K02072	1399.493425
K02073	549.3200257
K02074	1364.466372
K02075	1948.784733
K02076	6240.030461
K02077	223.1633573
K02078	12967.1485
K02081	11.94235426
K02082	11.48134655
K02083	13.50063128
K02086	134.8638956
K02106	24.7872968
K02108	9524.770926
K02109	10097.52118
K02110	9907.972407
K02111	11016.63415
K02112	8195.02444
K02113	10404.00993
K02114	11780.51636
K02115	11165.38316
K02116	220.831238
K02117	130.3140495
K02118	151.8864651
K02119	123.4304188
K02120	129.190725
K02123	82.41520595
K02124	93.50558958
K02160	191.956487
K02168	912.5369683
K02169	47.33679649
K02170	16.21734463
K02172	377.1944372
K02182	425.8036443
K02192	52.75334993
K02193	125.748169
K02194	88.60396154
K02195	74.92566695
K02196	63.51351351
K02197	44.76629085
K02198	69.76672708
K02199	50.85644399
K02200	99.42464071
K02204	99.97960071
K02217	10616.35592
K02221	1085.361316
K02224	182.0391566
K02225	15.13010077
K02226	37.59649353
K02227	674.0640886
K02229	156.0804446
K02231	786.8110423
K02232	33.12644805
K02233	786.5729926
K02237	171.3765937
K02238	174.0454381
K02240	7.686956585
K02242	4784.227117
K02243	4.75774858
K02244	42.9241206
K02245	155.8035485
K02248	73.63161913
K02250	159.2522946
K02257	9544.341004
K02258	27.03258055
K02259	9175.006613
K02274	738.4487209
K02275	859.8291
K02276	990.0595855
K02278	52.44209105
K02279	115.4141077
K02280	48.42000657
K02281	29.446845
K02282	125.1279075
K02283	256.8304418
K02291	27.70478024
K02297	25.34347265
K02298	65.68372414
K02299	85.54502486
K02300	33.31705306
K02302	26.4312609
K02303	293.7167456
K02304	8841.815652
K02313	9906.089464
K02314	966.4997401
K02315	3853.42089
K02316	935.5083371
K02334	77.0295512
K02335	1016.571826
K02336	39.66476618
K02337	6437.565186
K02338	9896.127035
K02339	106.1078466
K02340	357.8217752
K02341	141.7378515
K02342	1783.073161
K02343	313.1726142
K02344	24.71851586
K02346	9928.049093
K02348	275.4830785
K02351	32.32392005
K02352	9053.24608
K02355	6883.538067
K02356	11386.77785
K02357	11161.43088
K02358	11339.34589
K02361	794.7023075
K02363	25.21699434
K02364	9.551759218
K02371	24.89051152
K02372	7903.270069
K02379	9819.820746
K02380	20.34555265
K02386	18.38052584
K02387	23.77089872
K02388	65.52743456
K02389	33.29990905
K02390	30.42378224
K02391	11.41891609
K02392	18.01859531
K02394	48.43550008
K02395	25.584065
K02396	26.82412043
K02397	19.49990233
K02398	29.6564908
K02399	52.34811317
K02400	37.84986024
K02401	29.50096953
K02402	53.08776423
K02403	96.85336675
K02406	78.97081088
K02407	113.194616
K02408	15.59613887
K02409	39.55603999
K02410	13.42122519
K02411	36.53571398
K02412	56.56725661
K02415	36.10107653
K02416	24.25060397
K02417	43.66464024
K02418	94.26021205
K02419	107.0709665
K02420	96.88181772
K02421	49.12050009
K02424	65.23911345
K02427	192.0949132
K02428	9342.79074
K02429	41.4113023
K02431	6.331396514
K02433	11534.64187
K02434	8008.224986
K02435	11829.67382
K02437	10876.60804
K02438	609.8005961
K02439	32.52042032
K02440	105.1765149
K02441	6.432366519
K02443	104.6178343
K02444	81.01435175
K02445	121.4333889
K02446	1076.964332
K02452	42.03901035
K02453	80.20953779
K02454	135.0293725
K02455	99.52554662
K02456	122.6335672
K02457	56.04349475
K02458	73.29818088
K02459	49.03670995
K02460	66.67804547
K02461	112.9692757
K02462	84.37249121
K02463	63.63945893
K02469	5133.981496
K02470	4777.077995
K02471	24.04064773
K02472	87.83556883
K02474	35.58574757
K02475	368.5698236
K02476	771.228924
K02479	5179.148928
K02480	28.43518543
K02483	9723.946806
K02484	680.4189748
K02487	20.67891725
K02488	16.99228924
K02492	6532.295244
K02493	9457.794111
K02494	150.0664872
K02495	49.3704636
K02496	39.98512467
K02497	3613.42691
K02498	108.7262442
K02499	8478.254442
K02500	13532.19449
K02501	10914.55947
K02502	84.22997546
K02503	9958.767559
K02504	42.48094427
K02505	29.91835072
K02506	52.88779738
K02507	25.70969267
K02509	21.25488842
K02510	34.37191384
K02517	43.13847059
K02518	15420.48104
K02519	11180.99117
K02520	9563.150368
K02523	109.0015494
K02526	41.9961773
K02527	57.05764834
K02528	10176.48891
K02529	8463.287717
K02530	5834.111775
K02531	11.068297
K02533	26.96397229
K02535	156.9987092
K02536	144.1434078
K02546	5957.70146
K02547	4368.95566
K02548	9546.018895
K02549	4793.73073
K02551	9854.289131
K02552	3683.318863
K02553	827.0703756
K02554	61.85927971
K02556	24.19514303
K02557	20.63216249
K02558	51.00065642
K02563	7733.685474
K02564	11316.53676
K02566	702.9436305
K02567	60.81582793
K02568	15.71194553
K02569	28.170862
K02572	32.43110581
K02574	39.04021742
K02575	576.2406261
K02600	1820.620563
K02601	9617.409805
K02609	14.58313613
K02610	1110.308959
K02611	789.8495514
K02612	44.53375676
K02613	841.2834232
K02614	1084.952915
K02619	797.7802899
K02621	5590.32763
K02622	3738.46215
K02624	737.8350359
K02647	17.59147409
K02650	50.39730513
K02651	73.88951798
K02652	12.4754514
K02654	92.61585826
K02657	45.62168879
K02659	26.29684043
K02660	16.36565594
K02663	63.15425631
K02664	29.08407273
K02665	28.31369182
K02666	41.94535932
K02668	35.01780576
K02669	25.88658122
K02670	49.5873405
K02672	73.35273421
K02674	21.11548297
K02676	35.68960834
K02679	28.3129799
K02680	27.88305402
K02682	42.30844733
K02686	75.54200957
K02687	9342.832788
K02742	16.03658638
K02746	75.0182296
K02755	835.6220282
K02756	835.6220282
K02757	835.6220282
K02760	153.5605834
K02761	51.59526346
K02768	3935.446087
K02769	3957.856667
K02770	3948.282806
K02773	2233.267926
K02774	10049.87868
K02777	10176.67552
K02786	3364.845856
K02787	3240.539115
K02788	3240.539115
K02790	705.3479974
K02791	705.3479974
K02793	73.28886322
K02794	57.40711285
K02795	109.8376763
K02796	99.05520136
K02798	13386.82702
K02799	3993.527905
K02800	3993.527905
K02803	15.46869528
K02804	15.46869528
K02805	22.85436053
K02806	18.46912678
K02808	10.60578778
K02809	8462.757777
K02810	8095.098153
K02817	10.47003485
K02818	49.80364451
K02819	49.80364451
K02821	9468.283908
K02822	31.15217578
K02823	109.0819659
K02824	7421.870024
K02825	9513.879988
K02826	12087.09244
K02827	9514.870663
K02828	10070.75181
K02829	12036.77824
K02834	8937.767088
K02835	6380.722448
K02836	8554.505435
K02837	13746.53557
K02838	11411.80666
K02841	38.84072026
K02843	55.97958278
K02847	6.353969242
K02851	880.7689216
K02858	37.15518715
K02860	10073.99717
K02863	11299.54773
K02864	10055.52509
K02867	11168.53327
K02871	11654.07961
K02874	12218.64534
K02876	11975.63524
K02878	11385.9149
K02879	12083.0499
K02881	9970.744626
K02884	11334.96324
K02886	10959.86388
K02887	8656.712421
K02888	7597.054568
K02890	10942.07952
K02892	7135.439974
K02895	12292.30643
K02897	8784.691726
K02899	12538.11719
K02902	17283.28367
K02904	14917.51829
K02906	11007.48915
K02907	17913.03587
K02909	13632.22112
K02911	13789.83137
K02913	77049.03223
K02914	68989.3798
K02916	14734.16457
K02919	16028.37694
K02926	10978.527
K02931	10549.6106
K02933	11436.8863
K02935	10770.36822
K02939	10854.93044
K02945	9744.554466
K02946	11469.56359
K02948	9990.717339
K02950	10009.42456
K02952	9353.281545
K02954	27459.45217
K02956	13501.55352
K02959	10143.74789
K02961	13412.80577
K02963	13960.41853
K02965	12932.34321
K02967	5250.418424
K02968	11483.79065
K02970	10746.47356
K02982	10426.06586
K02986	12182.40511
K02988	12460.24909
K02990	14073.18377
K02992	10734.60328
K02994	11941.07217
K02996	8966.96195
K03040	10596.73187
K03043	8453.766968
K03046	5917.772812
K03048	6501.969568
K03060	7923.102083
K03070	13074.64915
K03071	917.5632022
K03072	849.6376561
K03073	6166.425625
K03074	307.4441021
K03075	10972.74094
K03076	12207.27223
K03078	209.7177622
K03079	119.4753519
K03086	9180.974696
K03087	902.0764627
K03088	6478.621739
K03089	117.2699157
K03090	39.94284655
K03091	8.372374075
K03092	37.30873925
K03095	9574.819051
K03098	794.7237236
K03100	20039.53249
K03101	7468.255914
K03106	9746.073468
K03110	1107.26679
K03111	13685.01078
K03113	21.2338999
K03116	13777.76684
K03117	1189.902517
K03118	258.40616
K03119	144.7759999
K03147	842.0285902
K03149	1798.325342
K03151	5238.556648
K03153	876.6176003
K03154	1496.788732
K03168	10037.02234
K03169	7904.464652
K03177	10819.84681
K03179	122.0200488
K03181	97.52178865
K03182	112.8585219
K03183	10114.59417
K03184	25.87747537
K03185	30.15384191
K03186	49.685128
K03187	8792.091936
K03188	8113.532654
K03189	11109.97225
K03190	8038.121743
K03192	58.41385136
K03205	85.74593259
K03208	53.72868171
K03210	1027.128937
K03212	40.28740851
K03215	3617.747631
K03216	1016.679357
K03217	7365.658057
K03218	7928.865237
K03269	78.06183891
K03270	34.47525939
K03271	99.99362435
K03272	76.14005518
K03273	159.1310824
K03274	124.1569591
K03282	4231.02343
K03284	501.6193956
K03292	730.2394499
K03293	882.8119087
K03294	3771.696199
K03296	89.68594268
K03299	1082.278138
K03300	26.97814536
K03303	842.2233935
K03305	793.8996192
K03306	442.4117887
K03307	9808.790288
K03308	8724.232282
K03310	13607.3442
K03311	9154.315319
K03312	529.0919593
K03313	650.3348128
K03314	27.51238843
K03315	6790.4146
K03316	581.0219819
K03317	180.3452548
K03319	7298.642799
K03320	5434.638722
K03321	940.7846267
K03322	9064.608877
K03324	5331.613892
K03325	1588.012105
K03327	194.8696432
K03328	17148.23336
K03333	25.30313194
K03335	885.7087532
K03336	768.1282891
K03337	719.025432
K03338	368.2755405
K03339	5.531496918
K03340	757.6933727
K03342	43.27122413
K03366	7511.705119
K03367	9037.104695
K03380	171.8633183
K03381	933.3399106
K03385	205.6383436
K03386	4064.59766
K03387	10463.78312
K03392	23.18119879
K03395	32.714332
K03402	11911.33635
K03404	163.0098573
K03406	334.8247844
K03407	74.49859556
K03408	100.5339946
K03410	9.867160929
K03411	61.28970937
K03412	91.79598741
K03413	122.0109768
K03416	167.1125836
K03417	1565.856508
K03424	5573.655384
K03426	41.28446674
K03427	1899.420675
K03429	7539.053633
K03431	8654.05838
K03436	1061.862957
K03437	309.0415845
K03438	9513.166999
K03439	10387.53698
K03442	74.70291653
K03446	89.15805578
K03449	863.6127806
K03453	8668.103752
K03455	121.4949588
K03458	35.98986428
K03462	89.57310099
K03465	881.0586644
K03466	6904.110212
K03469	119.1163643
K03470	3258.942531
K03471	1894.700999
K03474	140.0939702
K03475	258.540249
K03476	38.20658338
K03478	54.68158388
K03480	6509.825681
K03483	2549.003656
K03484	110.2707841
K03486	4888.970849
K03488	776.5880196
K03489	8347.414725
K03493	9.026185239
K03495	6348.882633
K03496	1262.417095
K03497	1085.551094
K03498	265.8032804
K03499	367.8085742
K03500	4247.009759
K03501	5086.539905
K03502	515.075011
K03516	21.47606095
K03517	900.4032835
K03521	1076.267898
K03522	994.4882958
K03523	852.4932117
K03524	995.4926246
K03525	69.43813223
K03526	1105.035299
K03527	1067.75139
K03528	30.65250445
K03529	868.4617117
K03530	7866.985949
K03531	7790.180815
K03534	12.78820708
K03536	10507.46417
K03543	115.9242461
K03544	9301.220001
K03545	7089.37821
K03546	659.5196626
K03547	6892.999624
K03549	886.2271153
K03550	10487.69835
K03551	10599.87998
K03553	11147.486
K03554	79.3007935
K03555	12283.00025
K03556	775.4964985
K03557	89.29432426
K03558	84.2850271
K03559	194.3888012
K03560	56.16715174
K03561	91.78382657
K03562	57.38147438
K03563	31.33971292
K03564	104.6422108
K03565	10193.03229
K03566	114.3446503
K03568	117.7139674
K03569	72.78101666
K03570	376.2884014
K03571	277.0263477
K03572	2957.526308
K03573	28.97695132
K03574	21274.61281
K03575	981.3211007
K03578	860.5964386
K03579	918.2483568
K03580	44.17479123
K03581	62.37041861
K03582	600.8683835
K03583	31.34246783
K03584	10219.08264
K03585	42.71446501
K03586	55.57235826
K03587	146.5530211
K03588	356.3382617
K03589	6821.727013
K03590	4646.508086
K03592	80.78862556
K03593	100.3923078
K03594	43.10051784
K03595	11667.20962
K03596	9912.942977
K03599	11.38815711
K03600	52.82770976
K03601	7557.369396
K03602	11827.09097
K03603	27.02305218
K03604	32.40550467
K03605	44.34360079
K03607	26.25748517
K03608	104.9682759
K03609	21.75113598
K03610	87.81198937
K03611	75.69310452
K03612	11.69094414
K03613	28.45406443
K03614	41.18803977
K03615	26.75400918
K03616	68.59662031
K03617	30.67728213
K03618	35.02605061
K03619	40.25619111
K03620	16.39610556
K03621	8023.629887
K03624	13652.99656
K03625	11512.72931
K03628	139.3287711
K03629	18085.48447
K03630	4421.806095
K03631	1119.6124
K03632	32.73947675
K03633	18.15285838
K03634	77.17132462
K03635	10469.5802
K03636	12426.63979
K03637	10306.89083
K03638	9292.110601
K03639	6216.673348
K03640	40.71766902
K03641	91.85539301
K03642	115.3920337
K03643	54.11876252
K03644	8034.402763
K03645	36.75547523
K03647	9424.280899
K03648	11291.76902
K03649	179.3747375
K03650	10223.71613
K03651	79.11579391
K03652	10084.40668
K03654	96.77372967
K03655	6719.031773
K03656	53.7782389
K03657	6306.786758
K03664	10853.95529
K03665	100.7240091
K03666	336.407632
K03667	8448.48902
K03669	18.89130713
K03670	73.70284436
K03671	9945.283312
K03672	20.18432201
K03673	55.33535873
K03674	29.83769946
K03676	78.42344043
K03683	36.60634
K03684	1049.674974
K03685	9669.767322
K03686	10837.50218
K03687	9751.555799
K03688	98.96252388
K03690	102.6322744
K03693	74.5365083
K03694	54.61309426
K03695	15268.82197
K03696	5630.457231
K03697	85.28841712
K03698	47.79682781
K03699	36.35131628
K03700	9672.198247
K03701	6705.040186
K03702	8824.59817
K03703	9756.259248
K03704	29879.19497
K03705	7237.147545
K03706	7299.304908
K03707	6124.060815
K03708	10061.06691
K03709	7893.219977
K03710	1043.821501
K03711	1502.713186
K03713	56.87770446
K03718	28.20835421
K03719	119.8078117
K03720	15.934986
K03721	37.85579916
K03722	5340.201004
K03723	13933.42029
K03724	88.01647939
K03727	639.1077126
K03733	3266.167065
K03734	107.8339242
K03735	32.54341883
K03736	14.50640507
K03739	241.3496747
K03740	4551.023717
K03741	2102.160581
K03742	111.2580677
K03743	752.133345
K03744	106.7870673
K03745	59.51646913
K03746	54.58217882
K03747	26.2012077
K03748	33.12406363
K03750	10295.15851
K03752	5242.32766
K03753	7912.178091
K03758	345.0646354
K03759	11.05091921
K03760	52.64819694
K03761	16.61204016
K03762	2352.45017
K03763	3450.252601
K03764	68.65654676
K03767	107.0874803
K03768	9771.066795
K03769	56.61855253
K03770	57.02820832
K03771	106.9258481
K03772	571.750604
K03773	30.01356781
K03774	24.51193766
K03775	123.2194746
K03776	28.05820219
K03777	638.4804323
K03778	8431.161956
K03781	15042.92593
K03782	70.2138899
K03783	18.88668954
K03784	9186.665862
K03785	9081.876566
K03786	1054.059611
K03787	79.44495723
K03789	964.3575433
K03790	937.6180025
K03797	2220.60162
K03798	884.9780925
K03799	389.940889
K03800	21311.26457
K03801	988.42944
K03802	60.2430707
K03804	33.59091797
K03806	71.6686254
K03808	45.57482202
K03809	78.6055938
K03810	11.64629982
K03811	797.0169246
K03814	70.56819156
K03816	6139.570872
K03818	42.29486275
K03820	917.1008007
K03821	147.0237141
K03823	1025.068788
K03824	47.48877528
K03831	17.31802871
K03832	89.24592198
K03833	37.36751671
K03834	76.83137019
K03835	14.82044794
K03837	178.2658145
K03839	29.73476159
K03841	134.6688383
K03863	30.69559963
K03885	10340.72305
K03889	1077.290598
K03890	979.9033685
K03891	975.909187
K03892	4663.057863
K03893	2878.454763
K03919	69.03421489
K03924	28.17248299
K03925	1191.068598
K03926	27.60836576
K03928	7841.748253
K03929	437.6003726
K03932	1328.897898
K03975	253.8438312
K03976	251.8857939
K03977	6363.763702
K03978	4686.310535
K03979	6010.146981
K03980	100.1570837
K03981	187.0694371
K04013	34.22892283
K04014	25.20171943
K04015	16.75433384
K04016	37.8677308
K04024	579.6180738
K04033	21.93323988
K04041	8206.191476
K04042	12261.41247
K04043	7238.320326
K04044	140.2759715
K04046	26.13195597
K04047	1020.24954
K04061	13.34219858
K04063	15.8467991
K04066	8339.297765
K04067	41.81842854
K04068	9353.474601
K04069	8000.720541
K04073	18.28323969
K04074	200.7579709
K04075	7249.51735
K04077	6003.903225
K04078	11086.31594
K04079	20.22659881
K04080	21.88912378
K04082	79.07744339
K04083	9236.869027
K04084	170.3049679
K04085	103.5529973
K04086	7596.274968
K04087	44.54717496
K04088	42.87950869
K04090	60.41091538
K04091	90.87319997
K04092	35.11307325
K04093	69.07588692
K04094	9526.462851
K04095	71.58386396
K04096	4072.663407
K04099	21.50127625
K04110	27.55410181
K04118	38.07713502
K04478	4563.043871
K04485	369.0926532
K04486	11.52186155
K04487	7741.096364
K04488	195.2591689
K04516	12.89020674
K04517	7091.72622
K04518	1336.423475
K04561	53.69843451
K04562	33.28995745
K04564	14251.06461
K04565	221.6441446
K04566	13.04350788
K04567	8807.481385
K04568	51.1284149
K04651	18.03178
K04652	27.2640585
K04653	107.2249951
K04654	76.75438165
K04655	30.37659475
K04691	19.96051414
K04744	135.0072428
K04749	10748.686
K04750	6712.985901
K04751	1237.489146
K04752	31.86730811
K04753	33.09366698
K04754	118.0252473
K04755	852.7810069
K04756	252.8966383
K04757	8714.931575
K04758	88.53218812
K04759	6342.16663
K04760	89.16164598
K04761	415.8553189
K04762	216.2288553
K04763	15379.44453
K04764	144.0236617
K04765	60.01125892
K04766	31.37452095
K04768	10310.06111
K04770	35.0140484
K04771	111.4704874
K04773	62.24353171
K04774	7.497451661
K04782	24.07980516
K04940	8376.805595
K05020	105.3245812
K05303	14.28099774
K05306	13.02729489
K05337	40.52603587
K05338	9052.9243
K05339	12369.35092
K05340	9125.299058
K05343	33.67611779
K05346	137.0694003
K05349	245.830516
K05350	90.22984773
K05352	7330.629772
K05358	8.227532959
K05362	8085.887524
K05363	39.50499352
K05364	911.1578503
K05366	308.5919391
K05499	40.72321853
K05501	18.75210195
K05515	74.67413711
K05516	8.21161874
K05520	6789.276565
K05522	78.25291913
K05523	8130.788879
K05524	77.46420231
K05526	23.55468816
K05527	53.98069906
K05539	63.42927034
K05540	90.49003622
K05541	62.28297062
K05548	833.4442623
K05549	927.9479609
K05550	918.7521983
K05559	14.83211976
K05560	13.33967685
K05561	24.87666446
K05563	40.19004933
K05564	48.78371804
K05565	1912.689229
K05566	16028.99937
K05567	18222.07379
K05568	6996.108613
K05569	17207.97834
K05570	16182.67116
K05571	16203.38717
K05577	6572.573959
K05589	131.3827228
K05590	31.48771528
K05591	24.94210566
K05592	11262.41834
K05593	65.01595588
K05595	8.231570152
K05596	1066.895186
K05597	26.83076801
K05599	13.95845098
K05602	947.7113125
K05603	43.55557139
K05685	40.32928971
K05712	33.1611766
K05770	7.987662347
K05774	28.20375224
K05780	14.95984381
K05781	31.88702429
K05782	741.983058
K05783	794.7958524
K05784	805.1030259
K05786	972.6607127
K05788	90.08744252
K05794	851.7538686
K05795	20.62764147
K05799	89.69353209
K05800	61.9930129
K05801	34.89611759
K05803	14.85835655
K05807	101.5817267
K05808	59.81535746
K05810	7424.478183
K05813	813.2036067
K05814	601.7519453
K05815	28.56145787
K05816	38.92785678
K05819	18.00245681
K05820	70.13181376
K05822	4956.640342
K05823	72.45580814
K05825	46.13673709
K05832	861.4273539
K05833	760.2633019
K05835	155.2230127
K05836	27.34628594
K05837	154.2091238
K05838	1022.494108
K05844	30.33949234
K05845	235.5631002
K05846	9955.143358
K05847	282.1992555
K05873	9.217107682
K05874	24.82248483
K05878	145.9759316
K05879	210.9598588
K05881	177.2316328
K05888	30.24523124
K05896	4909.301429
K05898	726.8389851
K05916	136.0246944
K05939	14.53687137
K05946	8874.528614
K05952	46.04547374
K05970	26.54076949
K05973	34.0179117
K05985	6905.304421
K05995	869.1466104
K06001	638.2692873
K06013	56.49582104
K06015	68.44619036
K06016	162.3197075
K06019	703.3696351
K06023	9527.219331
K06024	4346.737075
K06041	126.6343021
K06044	34.09868417
K06045	31.28557709
K06048	884.3186795
K06075	6.60418483
K06076	95.95471403
K06077	61.14569655
K06117	215.3784688
K06118	37.55920357
K06131	12071.79709
K06132	28.89775151
K06133	27.65337389
K06134	62.80658352
K06138	52.50872421
K06140	6.71193758
K06142	45.89873878
K06143	37.96365859
K06147	7601.903372
K06148	3140.98548
K06149	22.69285641
K06151	26.63374381
K06152	31.19511533
K06153	10090.60814
K06158	74.78377841
K06162	14.49521972
K06165	44.56872002
K06167	8.702280801
K06168	7215.501948
K06173	8296.863674
K06175	29.63555311
K06177	228.9331183
K06178	786.2848977
K06179	964.6991034
K06180	1313.975046
K06181	62.47372837
K06182	48.55583852
K06183	225.9289897
K06186	194.619512
K06187	11184.80841
K06188	87.46985024
K06189	32.60973921
K06190	114.747534
K06191	959.2490394
K06192	46.14763612
K06193	1403.919995
K06194	35.45228805
K06195	22.33461033
K06196	212.4477391
K06198	42.25007258
K06199	19779.24802
K06200	235.2726195
K06202	112.1671529
K06203	30.13388195
K06204	97.97416056
K06205	27.17472999
K06206	10.15102024
K06207	9847.031607
K06209	9728.389124
K06213	220.457507
K06215	11016.0405
K06216	8282.605746
K06217	4833.289847
K06221	90.44017187
K06222	53.00251713
K06223	167.2161112
K06282	40.36661396
K06286	7226.996378
K06287	749.43303
K06347	136.5828362
K06377	71.40383634
K06400	1921.644205
K06412	11558.85097
K06442	865.1684976
K06443	46.26916809
K06446	102.3316972
K06447	10.50722693
K06518	5346.849885
K06601	29.32064721
K06602	7.97692053
K06605	595.07799
K06609	622.8456341
K06726	9266.961068
K06860	1051.620274
K06861	37.2858773
K06866	38.9293918
K06867	2205.851588
K06871	232.7147835
K06872	17.38469213
K06876	16.4283216
K06877	806.9668698
K06878	8660.759502
K06879	88.96905526
K06881	816.8448174
K06885	87.54908911
K06886	1232.306061
K06889	1061.505742
K06890	84.37491875
K06891	1062.819823
K06893	6.78206065
K06894	42.14800362
K06895	10504.77527
K06897	10.04380888
K06898	801.4035294
K06901	1115.885035
K06902	714.6880751
K06903	37.16633547
K06904	34.53466199
K06907	19.4905872
K06909	2154.0997
K06910	267.3607189
K06911	971.8801504
K06915	60.39992614
K06916	45.7465178
K06918	20.94975141
K06919	81.89612781
K06920	9658.277333
K06925	5331.224681
K06926	103.2634658
K06938	56.63475261
K06940	11.70591457
K06941	7643.675654
K06942	1581.531309
K06945	28.99611664
K06948	94.04728494
K06949	10258.95167
K06952	16.99133392
K06956	8671.27413
K06957	22.66170833
K06958	4259.587317
K06959	949.4050763
K06962	6577.90319
K06966	1862.815576
K06967	163.66508
K06968	33.46196809
K06969	233.6515435
K06973	9260.100408
K06975	2013.879154
K06978	2193.705928
K06980	311.7861437
K06985	45.06398908
K06986	858.6314531
K06988	811.1818533
K06989	879.5033453
K06990	586.9400585
K06992	21.79081911
K06994	2182.098877
K06995	26.5711806
K06996	1041.486332
K06997	10421.32459
K06999	76.86552218
K07001	200.5907562
K07002	63.93798032
K07004	64.54235244
K07005	1339.199718
K07006	71.35675384
K07009	259.6621261
K07010	114.7894431
K07011	812.7944128
K07012	737.1411883
K07015	49.82790027
K07017	49.28687986
K07018	13.14754191
K07019	73.49595665
K07023	85.69390985
K07025	1920.585967
K07027	15.50342029
K07028	32.05590859
K07029	9131.101361
K07030	7283.608445
K07031	9.438011488
K07032	1157.327491
K07035	314.504934
K07038	250.2806392
K07039	72.20584411
K07040	1198.766539
K07042	11058.46567
K07043	965.3596475
K07044	142.9332129
K07045	232.7312494
K07046	15.73576312
K07050	62.2020746
K07052	15426.20703
K07054	60.3459774
K07056	9295.25794
K07058	9507.640223
K07062	38.32804754
K07067	1341.685942
K07068	98.65418245
K07070	25.71783709
K07071	9053.060909
K07075	31.33790608
K07078	75.15278069
K07082	1107.871179
K07084	6893.400414
K07085	1773.270674
K07088	3185.280745
K07089	310.0300633
K07090	7430.013263
K07091	80.08472085
K07093	58.89449828
K07094	5322.762069
K07095	1296.545701
K07098	41.32739178
K07100	28.94079746
K07101	929.7393012
K07102	125.708318
K07104	147.2835795
K07105	44.42162703
K07106	4726.030475
K07107	1131.603307
K07110	1021.194298
K07112	2489.206474
K07113	619.2254168
K07114	2244.543815
K07115	118.1750771
K07116	32.73096604
K07118	26.81076991
K07119	5270.417979
K07120	9583.990352
K07121	39.22308529
K07122	12.40286338
K07124	158.2065358
K07125	23.12158691
K07126	44.3302636
K07127	13.8313103
K07130	21.14371007
K07131	16.62736569
K07133	33.97493854
K07137	36.70910281
K07139	7998.55452
K07140	9.468035633
K07141	45.7719492
K07145	16832.85779
K07146	11948.54219
K07147	35.64800212
K07148	70.74746525
K07149	800.3748438
K07152	88.46208827
K07153	83.17044065
K07154	45.93203966
K07156	927.7045835
K07157	57.86334362
K07160	8599.848794
K07161	29.28619251
K07164	886.3149193
K07165	113.4985296
K07166	1264.697526
K07167	34.93203416
K07168	48.58983205
K07171	9672.740756
K07172	50.46870956
K07173	1747.626169
K07175	847.4253271
K07177	950.4427147
K07182	184.9275194
K07183	52.25016316
K07184	25.00379594
K07186	29.55062324
K07213	194.6252279
K07217	15.46240849
K07218	27.07124717
K07220	132.8663655
K07221	19.41828286
K07222	1828.66385
K07223	76.21898685
K07224	6144.383529
K07226	40.61129166
K07232	37.4877949
K07233	90.22924196
K07234	25.68715913
K07235	36.55865184
K07236	40.64684153
K07237	14.08520312
K07238	862.0621934
K07240	941.5127415
K07243	3672.249962
K07245	60.1179931
K07246	27.37288989
K07250	37.29464204
K07257	14.86574414
K07258	8793.888151
K07259	846.7309074
K07260	256.5743753
K07261	29.78238701
K07262	28.28095728
K07263	117.2409098
K07265	96.59615804
K07266	82.72456175
K07267	14.10624596
K07268	24.5715476
K07270	46.61344583
K07271	99.61559691
K07273	6.946974598
K07274	7.85546654
K07275	75.18693419
K07276	34.59465767
K07277	70.9925119
K07278	95.72358619
K07280	66.61487548
K07284	10946.72024
K07287	28.84874588
K07290	16.44280471
K07300	669.8080295
K07301	20.0640187
K07302	34.35753737
K07303	27.72203667
K07304	19355.76342
K07305	9946.522875
K07313	44.54250086
K07316	31.55975903
K07320	24.59289672
K07322	9625.655746
K07323	71.55170475
K07326	32.83819833
K07334	181.6347024
K07335	4.491705817
K07336	114.5541738
K07340	20.2262373
K07341	73.18710111
K07343	39.37290608
K07344	83.99032856
K07345	114.3466191
K07346	28.53314218
K07347	95.32484089
K07386	967.9409205
K07389	17.90085089
K07390	147.6619722
K07391	855.3726583
K07393	856.8158187
K07395	57.23164361
K07397	1138.027134
K07399	1028.827424
K07400	83.01041962
K07402	37.10368987
K07404	26.77078074
K07407	22.71473103
K07442	966.7254064
K07443	30.92055796
K07444	42.65309908
K07447	11167.91661
K07448	92.23096864
K07451	33.44305454
K07452	241.8017451
K07454	13.69292092
K07456	6463.910317
K07458	92.3406628
K07459	39.45133339
K07460	877.5489494
K07461	13067.40184
K07462	3213.769572
K07465	781.4024415
K07474	1260.947968
K07476	6740.071409
K07478	7161.023456
K07479	48.910122
K07480	1.803893991
K07481	96.38261695
K07482	82.99492501
K07483	3250.398106
K07484	199.6042694
K07487	5207.537495
K07488	101.5497322
K07491	2555.23895
K07492	199.3463013
K07494	618.9441839
K07497	7600.561162
K07498	2169.498252
K07501	92.58913002
K07503	788.0863609
K07504	8.401566146
K07506	28.96136279
K07507	67.97332209
K07516	84.6308214
K07518	49.40936532
K07533	9223.060716
K07552	1014.951714
K07560	5007.660096
K07566	863.764749
K07568	9557.905984
K07574	82.62751387
K07576	99.86968332
K07577	6.593895955
K07584	25.79686824
K07586	6620.904245
K07590	5301.586679
K07636	63.10183836
K07638	56.0544681
K07639	22.9318
K07640	25.15650654
K07641	37.87406246
K07644	100.0191089
K07645	55.85125529
K07646	120.509603
K07649	33.80058211
K07651	7754.374376
K07652	5940.302992
K07653	612.8977938
K07658	80.59686825
K07659	38.81417119
K07663	36.23421106
K07665	45.3097696
K07667	78.75272182
K07668	10162.04129
K07669	801.7272814
K07670	986.3108096
K07673	46.73036462
K07677	29.5903258
K07681	5161.817716
K07683	2721.129374
K07685	32.86594371
K07690	63.32930722
K07693	35.07647788
K07694	10077.77226
K07696	9952.713675
K07704	4885.980882
K07705	9138.454222
K07706	22.27021042
K07707	3430.741813
K07712	52.22883571
K07716	26.6866283
K07720	4915.811719
K07722	17.25789082
K07723	7661.844833
K07724	29.66813162
K07726	29.57489576
K07727	999.2989115
K07729	1898.774016
K07733	150.4289952
K07734	53.94824483
K07735	1022.893127
K07736	982.0212088
K07738	9191.57803
K07741	25.35617379
K07742	714.3548902
K07746	42.36205248
K07749	46.61296432
K07751	14.45352969
K07768	801.9326625
K07774	17.02474581
K07775	10095.39266
K07776	930.3519157
K07778	73.26198539
K07782	17.22333193
K07784	8757.201391
K07787	50.02581481
K07788	24.40756612
K07789	10.70441386
K07791	120.8067151
K07792	72.17385916
K07793	350.2287102
K07795	510.824597
K07798	41.19677201
K07799	36.64678847
K07800	24481.63636
K07807	20.8412638
K07812	62.92156902
K07813	5873.106723
K07816	7482.573749
K07821	34.2612646
K07862	141.122124
K07979	1873.784936
K08068	21.78053318
K08084	7.370548677
K08093	10499.97785
K08094	13.90937725
K08139	9.844092397
K08151	53.47311979
K08166	12.08650032
K08167	880.1713061
K08168	217.6514376
K08169	24.96674923
K08170	9614.951466
K08191	42.34189531
K08195	49.633891
K08196	16.92564387
K08218	101.9363322
K08221	50.80804882
K08223	18.08958794
K08224	190.3984749
K08234	7.142857143
K08255	8124.91358
K08256	673.1099557
K08258	92913.24107
K08259	8346.646815
K08281	809.7283567
K08289	898.7507358
K08295	11.71816996
K08296	713.2444095
K08297	731.0304588
K08300	121.6816213
K08301	137.0019143
K08303	52.11747722
K08304	77.51873331
K08305	23.56124977
K08306	37.84266391
K08307	64.25176538
K08309	76.48735011
K08310	38.45595903
K08311	162.7114218
K08312	16.74608891
K08316	726.1995306
K08323	41.39860161
K08363	116.1791059
K08364	32.77740865
K08365	130.3287284
K08369	500.0128705
K08372	322.3719795
K08483	9828.62864
K08484	14.28663072
K08591	5421.553587
K08600	3207.560349
K08602	423.1821848
K08641	59.76926976
K08652	6.908028697
K08679	26.84287355
K08680	8955.346896
K08681	7033.738535
K08691	13.03394346
K08723	43.35884564
K08738	138.3016069
K08884	33.03910128
K08968	93.25170814
K08970	21.83095458
K08972	943.6783584
K08973	94.89604213
K08974	1020.963592
K08976	9345.061492
K08981	765.4630972
K08983	14.48549462
K08986	112.7101447
K08987	888.0950157
K08988	51.31208439
K08989	13.7541573
K08990	20.90174641
K08992	121.8460223
K08994	16.65245056
K08995	14.91021331
K08996	12.99248335
K08997	30.40930546
K08998	12124.24999
K08999	937.467222
K09001	92.94254472
K09004	27.42984506
K09005	85.587813
K09007	9343.169218
K09009	960.4042601
K09013	39.48257657
K09014	6620.883113
K09015	9557.478132
K09017	818.2601982
K09018	26.47639121
K09019	149.7197082
K09020	10.19751133
K09021	11.33086949
K09022	38.3209139
K09023	7.363806935
K09117	920.6844571
K09118	950.3001043
K09121	507.4623103
K09125	866.9881649
K09129	19.50681079
K09131	49.9655762
K09137	45.5787871
K09138	33.54760607
K09146	1046.631412
K09153	24.98933015
K09157	938.3343239
K09158	97.35988457
K09159	125.4783102
K09160	53.72351949
K09164	803.3967479
K09167	86.71190247
K09181	20.314869
K09384	761.2463759
K09456	52.81134458
K09457	10177.01129
K09458	4632.773318
K09461	28.39293339
K09471	12.81918468
K09472	54.71225366
K09474	46.70525254
K09680	9344.054869
K09681	880.940782
K09684	649.1851696
K09685	115.2881281
K09688	117.1796692
K09689	98.51256137
K09690	17.07788769
K09691	19.10155254
K09692	55.840651
K09693	9392.005596
K09694	35.43163058
K09695	50.52339783
K09698	8332.796606
K09699	58.83681954
K09701	27.98302252
K09705	141.2066928
K09710	995.7704752
K09712	36.87828641
K09747	7924.107036
K09748	6873.320767
K09749	41.22450238
K09760	99.299933
K09761	1085.818659
K09762	16415.02421
K09763	16.94356352
K09765	1249.909098
K09767	59.63344864
K09768	5674.868744
K09769	55.79889656
K09771	10172.27807
K09772	10413.82778
K09773	9222.222629
K09774	92.14786948
K09778	31.71679335
K09779	13.33570413
K09780	352.0030145
K09781	859.0530987
K09787	10020.74863
K09789	7.304669671
K09790	1144.50612
K09791	1349.356654
K09792	16.54347873
K09793	33.37409869
K09794	18.70629371
K09796	253.3459266
K09798	18.75682109
K09800	90.77635665
K09801	172.8832218
K09802	52.67250043
K09803	70.0283837
K09807	38.07027866
K09808	188.4361406
K09809	98.93662575
K09810	129.149281
K09811	391.1812909
K09812	1044.218456
K09813	4509.076544
K09814	7096.16352
K09815	8765.080172
K09816	236.4558912
K09817	293.4807367
K09819	193.7958771
K09820	27.39858071
K09822	2872.741474
K09823	29.54487341
K09824	78.00648092
K09825	3324.051602
K09826	26.14749379
K09857	35.37231297
K09858	1214.051811
K09861	1224.369539
K09862	174.1563109
K09883	11.54686481
K09888	3493.735186
K09889	68.99217895
K09890	8.928571429
K09891	14.8996281
K09892	35.60281193
K09893	26.50779242
K09894	15.26335099
K09895	25.97015165
K09896	42.50351672
K09897	9.580124679
K09899	42.05180073
K09901	31.67736507
K09902	78.0196046
K09903	10791.81429
K09904	34.09090909
K09906	65.06429715
K09907	27.50655441
K09908	14.86622065
K09909	7.312032716
K09910	23.97346508
K09911	28.16887125
K09913	78.85248033
K09914	10.2068978
K09915	39.54041094
K09916	51.53771723
K09917	74.48275862
K09919	70.16059263
K09921	10.84432581
K09922	23.04147465
K09923	71.80028084
K09924	57.8806107
K09927	22.80707512
K09929	6.861063465
K09930	69.5049977
K09932	24.97496569
K09936	1065.991868
K09939	35.63206231
K09940	4863.010466
K09941	25.33703706
K09948	31.8038306
K09949	42.68333118
K09951	134.3373471
K09956	682.4706786
K09958	6.088294166
K09960	37.24125905
K09962	50.54855631
K09963	6454.554506
K09965	15.63574326
K09966	11.33341195
K09967	17.10759206
K09973	32.85300966
K09975	19.66608954
K09976	10314.24802
K09977	61.82053429
K09978	26.33794062
K09979	15.90891363
K09980	9.868421053
K09981	36.56384435
K09982	12.59780908
K09983	87.60554676
K09984	12.2325303
K09986	29.34447961
K09987	16.89049442
K09989	48.53584099
K09990	10.70706386
K09991	16.96608424
K09992	24.58391017
K09997	23.49486363
K09998	24.82283638
K10001	84.00993979
K10002	46.39838176
K10005	991.2789448
K10006	753.0827411
K10007	833.7153671
K10008	978.5455611
K10009	79.78360375
K10010	61.64689639
K10012	28.6768312
K10015	37.32009842
K10026	66.84837413
K10027	44.19620168
K10040	181.6236686
K10107	72.13447999
K10112	1560.558556
K10117	771.4914585
K10118	764.2295615
K10119	770.4202627
K10125	39.483483
K10126	66.58799531
K10208	3394.6496
K10209	4866.179066
K10210	4883.342943
K10211	8623.179364
K10212	8922.324035
K10216	35.48084938
K10217	61.91415418
K10218	42.28001482
K10254	3490.618994
K10439	855.0217884
K10440	103.5495672
K10441	679.9619354
K10533	29.60886039
K10536	100.8694022
K10542	4.988789804
K10543	6.92578254
K10563	11151.66076
K10679	26.64859464
K10680	82.55998004
K10681	5188.930325
K10682	8855.946488
K10716	744.5195266
K10747	60.92094191
K10763	16.62890632
K10773	9233.111614
K10774	24.29479768
K10778	55.53187601
K10804	48.05946129
K10805	760.7009761
K10806	37.49297145
K10810	35.87846479
K10823	142.6837178
K10824	9209.51534
K10843	996.5697464
K10850	8054.334915
K10914	985.199281
K10947	8514.944076
K10979	23.25551203
K11003	26.43658387
K11004	16.05092373
K11013	38.29531163
K11015	43.30632946
K11031	34.89967666
K11038	30202.98186
K11039	181496.765
K11040	9681.562136
K11041	50.42853304
K11042	1451.973564
K11047	26.54359115
K11048	6.991053639
K11049	6.621979249
K11050	760.2671429
K11051	804.7838443
K11052	11.70904006
K11053	12.05541087
K11056	29.07408794
K11065	9139.563084
K11068	9430.726458
K11069	157.1554249
K11070	98.1588648
K11071	60.17267901
K11072	2492.05036
K11075	28.49728625
K11085	5407.476882
K11102	5748.420713
K11103	1131.199468
K11144	57.79466884
K11145	3990.440578
K11159	38.56354345
K11175	26054.29492
K11179	72.54039997
K11189	11647.17471
K11206	45.55257467
K11209	71.85192887
K11210	8431.616283
K11211	41.72786305
K11263	23.01935419
K11312	27.99411561
K11357	12.41994917
K11381	30.84823587
K11387	232.533095
K11442	7490.609608
K11443	40.21743573
K11475	21.3401809
K11476	4646.512789
K11529	71.40871176
K11533	1583.323072
K11535	50.82370449
K11601	28.82923656
K11602	81.40882057
K11603	38.24754719
K11604	25.77862653
K11605	31.44178646
K11606	19.85995664
K11607	36.20046151
K11617	45.44303213
K11632	7868.571269
K11693	5882.43673
K11694	9016.866538
K11695	5537.257986
K11705	7.140819238
K11706	15.24025988
K11707	130.982019
K11708	13.38578221
K11709	157.9779613
K11717	10917.43944
K11719	51.3680832
K11720	84.11692336
K11731	30.72370322
K11733	62.1482489
K11734	12.65546662
K11737	9556.311928
K11738	900.0338233
K11741	31.4161721
K11745	41.70468493
K11747	29.61646781
K11749	7859.183635
K11752	861.1127824
K11753	406.0659889
K11754	929.7063073
K11755	4343.682225
K11811	51.46198068
K11891	6.872403689
K11892	70.17823028
K11896	19.58039094
K11900	28.68024668
K11904	38.90800225
K11906	24.77103241
K11907	33.61885292
K11921	25.44956344
K11927	50.51000053
K11928	7355.090245
K11936	3977.199823
K11939	850.5024206
K11942	25.65921331
K11962	35.77432801
K11963	798.4149913
K11991	10655.93091
K12055	33.80772254
K12060	36.30607373
K12061	29.10360206
K12070	22.43194249
K12071	26.39389637
K12132	11261.93318
K12140	20.6818163
K12141	26.998405
K12248	16.64987852
K12257	57.55197994
K12262	75.90583132
K12266	37.1171341
K12267	134.8386947
K12268	12660.72733
K12269	3880.093014
K12270	6412.081037
K12292	37.95794539
K12293	46.53447332
K12295	31.73776859
K12296	11.55236461
K12297	71.52774155
K12339	57.18078975
K12340	22.85129894
K12349	40.0053384
K12368	33.07051858
K12369	22.61639198
K12370	35.40971889
K12371	29.50504685
K12372	31.11027351
K12373	27.44312718
K12410	10064.87655
K12428	240.5777662
K12437	774.3346667
K12448	10.16538525
K12452	22.3477724
K12472	368.6488074
K12500	49.38483563
K12503	829.97769
K12506	17.62526467
K12508	136.6183676
K12510	239.2750895
K12511	103.5134114
K12552	30.06245463
K12553	20.3046431
K12555	11.3684017
K12556	53.07868209
K12573	122.0815406
K12574	12384.21883
K12582	39.57566852
K12583	950.0036977
K12658	34.7491018
K12700	34.45834766
K12941	28.53697032
K12942	6613.875623
K12952	39.80231234
K12960	20.26508884
K12979	17.10996604
K12990	6.918908906
K12994	13.95878514
K12999	7.558303072
K13012	16.24355311
K13013	11.66271786
K13038	9606.259329
K13049	17.80963875
K13051	99.27095678
K13052	12.484994
K13069	11.51622714
K13245	14.87795047
K13252	11.84389849
K13282	17.76080008
K13288	1037.529828
K13292	8146.133947
K13378	29.49731117
K13481	8.126152822
K13482	33.24451941
K13485	15.33415465
K13491	25.82079235
K13498	920.1888209
K13527	814.9246283
K13529	43.03029503
K13540	145.3815762
K13542	858.8939583
K13570	1248.711255
K13571	959.9178062
K13572	783.4219111
K13573	232.2705928
K13574	15.46983404
K13580	917.6889103
K13581	14.7348863
K13582	35.39468687
K13583	56.39305234
K13584	22.95497227
K13587	15.29297828
K13588	14.06422321
K13589	15.58902785
K13590	15.01371886
K13591	17.44206767
K13593	7.0164916
K13598	9.87560235
K13599	17.96553091
K13609	39.23417685
K13628	7574.852432
K13634	66.49577112
K13639	101.4062011
K13640	72.76173237
K13642	20.09239629
K13643	67.98080523
K13652	14.43546874
K13668	1020.521505
K13671	222.3060231
K13678	104.0679354
K13686	775.1144434
K13687	745.9191211
K13693	951.894483
K13695	11.1652957
K13714	3560.483457
K13715	7209.437232
K13732	1164.141722
K13733	102.7982539
K13745	50.26760992
K13747	19.0112097
K13771	126.04627
K13775	30.12514303
K13777	23.47941348
K13778	26.07271761
K13779	39.53563785
K13787	1353.552343
K13788	857.5585769
K13789	3408.471273
K13795	49.46003931
K13796	22.8504945
K13818	35.96336252
K13821	799.929274
K13853	59.09040217
K13877	662.6724782
K13888	24.84605073
K13893	23.63899872
K13919	648.9614133
K13925	21.5023292
K13926	59.50784222
K13927	31.71881498
K13932	766.9630542
K13940	98.94346522
K13950	769.089529
K13953	8281.607194
K13979	48.75349204
K13993	104.6427371
K14058	119.625111
K14136	554.0969516
K14153	643.1887936
K14155	75.67219666
K14160	33.6850914
K14161	154.3362529
K14162	813.5917414
K14188	13170.06536
K14189	10.9903906
K14192	2215.318249
K14193	182.3147591
K14194	4093.165764
K14195	2159.824965
K14196	411.9932917
K14197	1672.283656
K14198	7007.044393
K14199	4371.975085
K14200	3210.699077
K14201	806.1123699
K14202	6285.974895
K14203	7586.567539
K14204	1327.572175
K14205	2286.600192
K14260	73.58781393
K14261	37.43207411
K14266	194.7548103
K14267	873.8875291
K14274	23.68786191
K14287	37.33768759
K14335	27.04120624
K14337	807.2319487
K14339	985.0282227
K14347	991.7243369
K14348	33.56723512
K14379	17.33774503
K14392	29.91306522
K14393	880.7738915
K14415	642.0474673
K14441	115.940734
K14445	7285.370491
K14448	13.2470257
K14449	37.58223235
K14475	32.20468046
K14540	63.5043574
K14645	151.0854109
K14652	5670.40229
K14682	67.61855327
K14727	24.50250555
K14731	25.27259679
K14742	56.66599247
K14743	169.0017212
K14949	800.5296433
K14980	10.74483607
K14982	52.20758426
K14983	118.4333575
K14986	51.34028947
K14987	12.56676878
K14998	27.19807521
K15011	36.56625094
K15012	13.88503713
K15034	78.92242811
K15051	120.4684498
K15125	6.567137602
K15228	19.55976216
K15229	13.37568122
K15256	40.93212667
K15257	45.40542071
K15268	49.62776289
K15270	47.68603837
K15342	134.4957759
K15371	62.25980099
K15372	40.94562916
K15383	118.6423361
K15396	24.80159237
K15460	28.11501214
K15461	117.8571469
K15511	31.16987751
K15513	27.00426727
K15518	5073.735893
K15520	1497.185285
K15521	990.494768
K15525	993.7185291
K15526	781.792966
K15536	29.04564315
K15539	36.18589233
K15540	25.6208971
K15545	29.84832438
K15546	21.77312852
K15549	33.34723928
K15553	251.0568663
K15554	404.0676839
K15555	786.3320989
K15576	626.9507243
K15577	11.52767611
K15578	246.4395103
K15580	1218.994007
K15581	1178.403782
K15582	643.5972621
K15583	177.3061743
K15585	9.630439385
K15598	4.857711146
K15633	7490.83908
K15634	18.25225738
K15724	163.2907911
K15725	233.8224356
K15726	259.7371528
K15727	153.4309741
K15733	842.2307674
K15738	110.4102641
K15746	49.23924724
K15760	37.69021306
K15761	55.86627299
K15763	43.50625557
K15764	28.95444935
K15765	32.23536216
K15770	6861.854141
K15771	997.7886147
K15772	9924.247138
K15777	47.03263572
K15778	29.22195217
K15861	35.9470636
K15864	33.87993737
K15866	84.51487642
K15868	32.59047829
K15894	16.41148748
K15918	31.56219052
K15973	10158.7575
K15975	14.15559741
K15977	11213.94188
K15984	117.075663
K15986	8478.68764
K15987	28.18579144
K16012	257.1612899
K16013	92.26770859
K16014	218.9836694
K16053	45.8310588
K16066	40.44930572
K16074	32.75450898
K16087	189.8854551
K16089	5.912911957
K16090	89.17590546
K16091	53.15863097
K16092	64.33547074
K16137	161.5103472
K16147	887.2706525
K16148	968.1270546
K16164	215.9020759
K16165	34.94711086
K16169	71.74395603
K16171	41.93934078
K16203	19.83347004
K16211	9.175226453
K16234	32.59845257
K16237	1060.703174
K16238	22.62362665
K16243	36.894606
K16246	27.43864556
K16264	220.1817276
K16301	18.50336481
K16329	8770.379591
K16345	23.67035583
K16371	11.8960726
K16509	8888.181883
K16511	2759.290226
K16554	22.10841614
K16555	20.47782919
K16556	14.31072322
K16557	8.851911666
K16558	12.05502782
K16563	20.426917
K16567	11.66882284
K16647	935.8457114
K16648	990.6688367
K16649	73.44994904
K16650	805.5444007
K16652	236.5871457
K16653	811.6809097
K16692	71.45310691
K16783	325.589326
K16784	1084.195843
K16785	16955.29726
K16786	15731.34223
K16787	19826.57916
K16788	12.21304112
K16869	8959.668801
K16870	861.6813341
K16872	24.70924887
K16898	6148.235098
K16899	6550.648334
K16915	35.59500022
K16917	35.41288039
K16923	51.12382763
K16924	5736.773034
K16925	1137.724742
K16926	144.1083446
K16927	661.7697457
K16937	9505.687616
K17073	19.41652602
K17074	19.41652602
K17076	10.11393866
K17103	106.6359264
K17216	28.49809999
K17217	8336.048914
K17218	38.70083256
K17222	31.25711828
K17223	25.92787011
K17224	39.32635685
K17227	25.4650437
K17247	66.10419181
K17318	111.9432882
K17320	166.6860971
K17323	46.87263495
K17472	20.13911086
K17474	29.76498928
K17485	33.80476595
K17490	156.9285782
K17624	18.20935092
K17662	37.23175926
K17675	14.55218914
K17686	8140.181545
K17713	64.36812473
K17716	3837.511783
K17733	7.396773312
K17735	148.4347705
K17758	8425.329779
K17759	1025.17864
K17828	191.3893515
K17836	43.05565024
K17850	11.7474888
K17865	53.72140685
K17883	68.3484229
K17938	35.2903909
K17950	26.23475363
K18005	28.98669382
K18006	34.05322359
K18007	33.66858421
K18104	95.52774102
K18118	886.7291517
K18133	51.22200642
K18136	9.296929801
K18138	118.6093853
K18139	80.28729027
K18230	1600.988725
K18231	891.8873412
K18277	871.0515566
K18288	13.35623147
K18292	173.0002711
K18300	26.40517607
K18320	4320.730345
K18335	19.85136215
K18336	28.46470682
K18351	786.0247804
K18365	32.60565199
K18366	12.80505087
K18369	17.5545661
K18383	20.24963716
K18455	245.5831365
K18474	64.89409767
K18480	18.56075245
K18581	51.46458388
K18586	22.67364458
K18587	13.35533662
K18640	29.8135706
K18642	11.85090681
K18661	32.85859015
K18672	94.39494168
K18682	9439.206151
K18688	24.89236151
K18691	29.38189019
K18692	8199.688486
K18697	36.11903639
K18701	914.1365502
K18704	11277.63085
K18707	8.147845285
K18778	23.49418236
K18828	51.44471761
K18829	32.78546688
K18830	0.716531515
K18833	667.7198935
K18850	80.0555836
K18851	34.74841346
K18887	13.01946288
K18890	92.84405737
K18893	42.16229363
K18900	9.116465055
K18901	19.62136178
K18902	50.32360155
K18903	44.88438202
K18906	4362.435755
K18907	3881.524713
K18908	7944.7811
K18909	43.07007838
K18917	1187.835133
K18924	50.20920433
K18925	53.08278361
K18926	1216.645448
K18928	282.3300726
K18929	837.9440503
K18930	31.84358214
K18934	54.75720626
K18935	3954.886419
K18936	18.89183415
K18938	202.5059538
K18940	4362.780237
K18941	7995.925246
K18954	41.57852537
K18955	2112.704689
K18979	4589.101062
K18996	17.01765217
K19002	77.03468106
K19005	3398.532604
K19046	43.07930068
K19055	70.25960881
K19068	30.89274544
K19077	7967.553474
K19078	9257.453436
K19079	49.62374066
K19080	4282.294684
K19081	4789.650953
K19082	9624.069722
K19084	5304.938961
K19092	48.60233224
K19123	37.00549991
K19124	30.2048463
K19125	32.20178803
K19126	16.05427198
K19130	30.74387713
K19131	616.2915164
K19132	32.70906688
K19133	491.6304219
K19147	274.0690333
K19155	13.02892609
K19156	21.08793227
K19158	37.23518164
K19159	226.3203097
K19164	39.80438149
K19166	9.764943852
K19167	54.36636845
K19221	230.4123892
K19222	13.00449493
K19227	22.67103812
K19228	32.72931089
K19229	6.526798064
K19230	22.4569151
K19265	937.3746902
K19267	821.0054037
K19270	15.3726782
K19271	179.8803455
K19279	17751.35047
K19285	3088.528293
K19299	1119.4377
K19302	1192.792461
K19337	26.37674757
K19339	35.29515231
K19344	22.72727273
K19355	13.38718456
K19405	4438.417936
K19411	9230.095203
K19416	30.49518143
K19429	44.36766617
K19576	6718.485407
K19577	1687.85306
K19591	35.70949101
K19620	32.26579134
K19621	32.46059045
K19622	32.5809161
K19623	38.85619286
K19624	36.46801419
K19686	24.67205007
K19687	32.06251078
K19689	29.55356997
K19710	766.1292896
K19784	52.16965056
K19802	42.43388547
K19804	56.57508594
K19837	16.39702758
K19883	612.9629143
K19971	41.9794699
K19975	5365.439781
K19997	13.82741776
K20034	43.97651891
K20035	24.13122348
K20073	79.52702506
K20074	57.55817556
K20107	108.5440027
K20108	108.5440027
K20112	33.04735618
K20116	9015.165879
K20117	9015.165879
K20118	9015.165879
K20265	633.95
K20266	156.5517903
K20276	26.39589765
K20326	21.34640204
K20337	151628.1219
K20338	6702.572231
K20341	49.41873657
K20342	57.34241013
K20344	56.36211609
K20370	616.6224535
K20444	15.84543782
K20455	8.016064257
K20459	42.03049848
K20460	30.62483173
K20468	1005.487424
K20470	221.6817941
K20482	4923.519288
K20483	1477.851295
K20487	54.48383626
K20488	100.7805956
K20490	41.26639822
K20491	38.75513162
K20494	7885.695299
K20527	94.1497633
K20528	76.77573088
K20529	114.5506201
K20530	88.04441277
K20531	108.6529961
K20532	137.1197626
K20533	124.1608166
K20534	63.3754202
K20541	33.02238858
K20542	24.18479304
K20712	24.03124336
K20814	58.05094031
K20895	30.72033177
K21006	31.78674131
K21009	32.10580309
K21010	27.83788469
K21011	35.88107141
K21023	31.07612967
K21028	31.46529828
K21029	691.3832016
K21030	11231.65377
K21053	35.00545677
K21062	65.25816928
K21064	37.89338508
K21071	1362.766033
K21147	1469.802992
K21285	11150.56903
K21344	35.37568675
K21401	831.2446893
K21405	28.52297968
K21416	84.37531323
K21417	55.85155211
K21420	78.82139218
K21430	38.21637055
K21449	18.9553328
K21453	2034.860708
K21454	3782.848662
K21461	9676.831399
K21462	1630.063568
K21463	4302.171659
K21465	13.52805343
K21470	19.54783144
K21471	1545.518888
K21473	205.4896874
K21478	2571.201256
K21480	20.43214547
K21481	1064.099765
K21495	41.82802215
K21498	201.782425
K21564	827.932719
K21567	6423.221901
K21591	5012.193223
K21600	8486.687114
K21607	22.64579553
K21636	43.52399016
K21685	949.7370288
K21686	46.55045371
K21687	636.3551011
K21688	1497.202119
K21703	37.33802067
K21721	51.06951496
K21748	17.26771535
K21828	8299.55348
K21885	905.7478174
K21929	36.84827615
K21949	9802.438613
K21962	1073.157582
K21977	5.278596005
K22024	29.6217518
K22025	38.85053357
K22043	7494.45992
K22044	1732.055495
K22067	24.31870691
K22084	19.55507568
K22085	24.56395349
K22086	10.60648254
K22087	42.30913012
K22109	9161.414477
K22112	796.1511525
K22116	72.1052361
K22132	266.7153533
K22135	6489.948721
K22136	2691.84664
K22185	6.131405973
K22186	42.70497997
K22187	38.58586546
K22209	30.63491938
K22212	60.20252589
K22216	13.01295062
K22270	764.1928235
K22278	58.43351512
K22292	41.00903896
K22298	46.03219078
K22306	257.3661026
K22311	1022.187347
K22316	75.73548032
K22409	1295.071992
K22457	65.88215311
K22468	1877.72654
K22476	181.5590437
K22580	5991.002511
K22719	16.80854458
K22736	1109.880319
K22757	261.3189457
K22769	32.1860575
K22770	209.6443861
K22900	28.21291973
K22902	22.20786647
K22907	869.0547497
K22927	24.88262518
