function.	air_11
K00001	12.9231065
K00002	5.0556117
K00003	99.9999996
K00004	13.1445904
K00005	31.1618276
K00007	0
K00008	13.6645962
K00009	16.7461119
K00010	12.1334681
K00011	0
K00012	85.0450188
K00013	98.3436849
K00014	141.4560156
K00015	0
K00016	105.5130237
K00018	39.1304347
K00019	2.850402
K00020	1.0111223
K00021	2.0222447
K00023	0
K00024	86.3354034
K00027	25.5765803
K00028	0
K00029	39.1304347
K00030	0
K00031	99.9999996
K00032	0
K00033	60.8695649
K00034	2.8985507
K00035	0
K00036	62.8918096
K00038	2.0222447
K00039	0
K00040	3.033367
K00041	0
K00042	0
K00043	0
K00045	6.0667341
K00046	27.3003032
K00048	0
K00050	0
K00052	102.0222443
K00053	99.9999996
K00054	16.5631469
K00055	1.0111223
K00057	101.4252006
K00058	99.9999996
K00059	138.8319124
K00060	0
K00064	0
K00065	0
K00066	0
K00067	27.3003032
K00068	0.4140787
K00073	0.8281573
K00074	15.5809138
K00075	103.0333666
K00076	0
K00077	75.0445371
K00082	0
K00086	0
K00087	0
K00088	167.7451965
K00090	0
K00091	0
K00094	0
K00096	0
K00097	39.1304347
K00098	29.3225479
K00099	82.4257304
K00100	7.0778564
K00101	49.2416581
K00102	39.1304347
K00103	0
K00104	3.4474457
K00105	0
K00106	0
K00108	51.5383502
K00111	54.8028308
K00112	0
K00113	0
K00114	0
K00116	80.3312625
K00117	0
K00118	0
K00119	0
K00121	39.5445134
K00122	12.4223601
K00123	20.6076362
K00124	2.0222447
K00126	0
K00127	0
K00128	109.5045495
K00129	0
K00130	40.4160044
K00131	0
K00132	0
K00133	99.9999996
K00134	198.9888769
K00135	146.3575516
K00137	0
K00138	0
K00140	9.1001011
K00141	0
K00145	57.9710142
K00146	3.033367
K00147	43.4782607
K00148	1.0111223
K00150	0
K00151	2.0222447
K00152	0
K00153	12.1334681
K00154	0
K00155	0
K00156	44.489383
K00158	17.3913042
K00161	21.8980209
K00162	21.8980209
K00163	82.6086954
K00164	61.5773506
K00166	17.3913042
K00167	17.3913042
K00169	0
K00170	0
K00171	0
K00172	0
K00174	17.3913042
K00175	17.3913042
K00176	0
K00177	0
K00179	0
K00180	0
K00184	0
K00185	0
K00194	0
K00196	0
K00197	0
K00198	0
K00200	0
K00201	0
K00202	0
K00207	0
K00208	56.5217389
K00209	0
K00210	0
K00211	0
K00214	0
K00215	99.9999996
K00216	4.0444894
K00217	5.0556117
K00218	0
K00219	44.1860464
K00220	0
K00221	0.4140787
K00224	0
K00226	101.0111219
K00228	39.1304347
K00230	0
K00231	60.8695649
K00232	6.0667341
K00239	99.9999996
K00240	99.9999996
K00241	98.9888773
K00242	39.1304347
K00243	17.3913042
K00244	1.6563147
K00245	0
K00246	0
K00247	0
K00248	0
K00249	9.1001011
K00252	27.6373439
K00253	0
K00254	0
K00255	0
K00256	0
K00257	91.1358272
K00258	0
K00259	52.5205832
K00260	17.8053829
K00261	2.0222447
K00262	81.5975731
K00263	2.2533584
K00265	28.0995713
K00266	28.51365
K00270	0
K00271	0
K00273	0
K00274	0
K00275	40.141557
K00276	0
K00278	50.6668591
K00279	0
K00280	0
K00281	65.4196156
K00282	17.3913042
K00283	17.8053829
K00284	0
K00285	46.2082911
K00286	99.9999996
K00287	100.6451919
K00290	0
K00292	0
K00293	0
K00294	17.3913042
K00297	40.4448937
K00298	0
K00299	55.3035772
K00301	5.0556117
K00302	0
K00303	0
K00304	0
K00305	0
K00309	0
K00311	39.1304347
K00313	0
K00314	0
K00315	0
K00316	0
K00317	7.0393374
K00318	17.3913042
K00320	0
K00322	39.1304347
K00324	3.033367
K00325	4.0444894
K00329	0
K00330	39.1304347
K00331	39.1304347
K00332	0
K00333	0
K00334	39.1304347
K00335	39.1304347
K00336	39.1304347
K00337	39.1304347
K00338	39.1304347
K00339	39.1304347
K00340	39.1304347
K00341	39.1304347
K00342	39.1304347
K00343	39.1304347
K00344	10.1112234
K00346	39.1304347
K00347	39.1304347
K00348	39.1304347
K00349	39.1304347
K00350	39.1304347
K00351	39.1304347
K00353	0
K00354	0
K00355	0
K00356	0
K00358	3.6785594
K00359	1.8392797
K00360	0
K00362	18.9994702
K00363	18.9994702
K00364	16.9772255
K00365	0
K00366	0
K00367	0
K00368	70.4752273
K00370	72.4685827
K00371	73.29674
K00372	0
K00373	73.29674
K00374	73.29674
K00375	52.5976212
K00376	0
K00378	0
K00380	17.9883479
K00381	42.4430641
K00382	159.7236258
K00383	85.0931674
K00384	119.4135485
K00385	0
K00386	0
K00387	0
K00389	9.1001011
K00390	55.5876545
K00392	13.1445904
K00394	0
K00395	0
K00397	0
K00404	39.1304347
K00405	39.1304347
K00406	39.1304347
K00407	39.1304347
K00410	0
K00411	39.1304347
K00412	39.1304347
K00413	39.1304347
K00423	0
K00425	94.1162305
K00426	94.9443879
K00427	0
K00428	0
K00432	69.892628
K00433	0
K00435	0
K00436	0
K00437	0
K00441	0
K00446	1.0111223
K00448	6.0667341
K00449	7.0778564
K00450	6.0667341
K00451	0
K00452	0
K00453	0
K00455	0
K00456	0
K00457	45.1971688
K00459	45.2405024
K00462	0
K00464	0
K00466	0
K00467	0
K00468	0
K00469	0
K00470	0
K00471	0
K00472	0
K00476	0
K00477	0
K00478	0
K00479	1.0111223
K00480	10.1112234
K00481	6.0667341
K00483	0
K00484	0
K00485	3.033367
K00486	0
K00491	17.3913042
K00492	5.9319177
K00493	0
K00494	0
K00495	0
K00496	2.0222447
K00499	0
K00500	0
K00504	0
K00505	1.0111223
K00507	39.1304347
K00508	34.3781596
K00510	54.4754198
K00514	0
K00517	3.033367
K00518	0
K00520	11.3534594
K00523	0
K00524	0
K00525	101.4252006
K00526	139.2508059
K00527	50.3442628
K00528	127.8058642
K00529	0
K00530	2.0222447
K00531	0
K00532	0
K00533	0
K00534	0
K00535	0
K00537	7.1260051
K00538	0
K00539	0
K00540	31.0944193
K00543	0
K00547	19.8276276
K00548	36.4004043
K00549	88.8776538
K00554	101.6081656
K00555	0
K00556	0
K00557	0
K00558	88.2372765
K00559	0
K00560	100.8281569
K00561	7.4534161
K00563	82.6086954
K00564	0
K00566	99.5859209
K00567	91.9110209
K00568	41.1526794
K00569	0
K00570	0
K00571	13.9823775
K00573	1.0111223
K00574	56.6228511
K00575	0
K00577	0
K00584	0
K00587	0
K00588	2.0222447
K00590	0
K00594	0
K00595	36.4004043
K00596	0
K00598	0
K00599	20.6365255
K00600	99.9999996
K00602	99.9999996
K00603	0
K00604	102.0222443
K00605	82.8109198
K00606	79.9605178
K00607	0
K00608	0
K00609	99.9999996
K00610	0
K00611	77.8467904
K00612	0
K00613	0
K00614	0
K00615	99.9999996
K00616	60.8695649
K00617	0
K00619	0
K00620	54.3406035
K00624	3.033367
K00625	17.3913042
K00626	103.601521
K00627	61.0284556
K00631	39.1304347
K00632	49.6172178
K00633	0.8281573
K00634	1.242236
K00635	0
K00638	0
K00639	16.1490682
K00640	102.0222443
K00641	98.5747986
K00643	1.6563147
K00645	56.5217389
K00646	0
K00647	39.1304347
K00648	21.4357936
K00651	0.4140787
K00652	86.3931818
K00653	0
K00654	0
K00655	96.9184839
K00656	47.9079395
K00657	4.9689441
K00658	93.9332655
K00661	19.4424382
K00662	0
K00663	0
K00666	59.6562182
K00672	0
K00673	0
K00674	119.4713271
K00675	1.0111223
K00676	0
K00677	39.1304347
K00680	14.3001588
K00681	22.2158022
K00683	3.033367
K00684	39.1304347
K00685	0
K00686	0
K00687	0
K00688	40.4448937
K00689	0.4140787
K00690	0
K00691	0
K00692	0
K00693	0
K00694	1.0111223
K00695	0
K00696	0
K00697	43.4782607
K00698	0
K00700	41.456016
K00701	0
K00702	0
K00703	1.0111223
K00705	40.4448937
K00712	31.469979
K00713	0
K00720	0
K00721	42.4671384
K00737	0
K00745	0
K00748	39.1304347
K00752	0
K00754	6.8948914
K00756	16.9772255
K00757	0
K00758	29.3225479
K00759	99.9999996
K00760	99.9999996
K00761	99.9999996
K00762	99.9999996
K00763	99.9999996
K00764	99.9999996
K00765	98.3436849
K00766	98.7577636
K00767	58.7558379
K00768	44.489383
K00769	0
K00772	0
K00773	99.9999996
K00776	7.0778564
K00777	0
K00782	35.389282
K00783	55.2795029
K00784	18.4024265
K00785	0
K00786	4.0444894
K00788	85.4302081
K00789	103.0333666
K00790	120.4246708
K00791	99.9999996
K00793	99.9999996
K00794	99.9999996
K00795	39.1304347
K00796	141.4560156
K00797	7.0778564
K00798	31.3447926
K00799	39.958592
K00800	99.9999996
K00801	0.4140787
K00803	2.0222447
K00805	60.8695649
K00806	99.9999996
K00808	0
K00809	0
K00810	2.0222447
K00812	0
K00813	0
K00817	188.9017277
K00818	8.9171361
K00819	69.3581777
K00820	99.9999996
K00821	0
K00822	0
K00823	16.1490682
K00824	17.3913042
K00826	99.9999996
K00829	0
K00830	0
K00831	82.6086954
K00832	39.1304347
K00833	91.8628722
K00835	39.1304347
K00836	40.141557
K00837	0
K00839	8.6956521
K00840	0
K00841	17.8053829
K00842	0
K00843	0
K00844	0
K00845	95.2477245
K00847	20.4246712
K00848	0
K00849	74.4571233
K00850	60.8695649
K00851	67.9474213
K00852	64.9140543
K00853	15.7349895
K00854	22.1098752
K00855	0
K00856	0
K00857	18.4024265
K00858	99.9999996
K00859	99.9999996
K00860	3.3126294
K00862	0
K00863	1.0111223
K00864	60.8695649
K00865	77.8467904
K00867	43.4782607
K00868	59.8584426
K00869	18.5853915
K00870	0
K00872	60.8695649
K00873	69.969666
K00874	1.6563147
K00875	0
K00876	17.3913042
K00878	23.0439596
K00879	0
K00880	0
K00881	0
K00882	60.8695649
K00883	0
K00884	0
K00885	0
K00886	43.4782607
K00887	0
K00891	98.9888773
K00892	0
K00895	0
K00897	2.2533584
K00899	0
K00901	16.9772255
K00903	0.4140787
K00906	0
K00912	39.1304347
K00917	16.9772255
K00918	0
K00919	99.5859209
K00924	0.8281573
K00925	99.9999996
K00926	31.0559004
K00927	99.9999996
K00928	116.5631465
K00929	1.242236
K00930	97.5155276
K00931	41.456016
K00932	0
K00934	0
K00936	24.1898982
K00937	43.2712214
K00938	18.5853915
K00939	99.9999996
K00940	99.9999996
K00941	78.9493954
K00942	99.9999996
K00943	99.9999996
K00945	94.9443879
K00946	82.6086954
K00947	0
K00948	99.5859209
K00949	1.6563147
K00950	138.7163556
K00951	99.9999996
K00952	0
K00954	99.9999996
K00955	0
K00956	47.2194134
K00957	52.2750251
K00958	3.3126294
K00960	0
K00962	99.9999996
K00963	106.2978473
K00965	36.0344743
K00966	41.456016
K00968	0
K00969	99.9999996
K00970	80.5864507
K00971	0
K00972	0
K00973	43.4782607
K00974	56.5217389
K00975	42.4671384
K00978	0
K00979	39.1304347
K00980	18.4024265
K00981	99.9999996
K00982	80.5864507
K00983	0
K00984	11.5942028
K00985	0
K00986	0
K00988	0
K00989	82.6086954
K00990	77.5530837
K00991	109.157879
K00992	0
K00995	144.4893826
K00996	0
K00997	55.8139532
K00998	0
K00999	0
K01000	99.9999996
K01002	1.425201
K01003	1.0111223
K01004	0
K01005	0
K01006	4.1407867
K01007	49.2416581
K01008	2.0222447
K01011	105.1567236
K01012	129.9195912
K01013	0
K01014	0
K01023	0
K01026	0.8281573
K01027	1.0111223
K01028	49.6557368
K01029	50.6668591
K01031	0
K01032	0
K01034	0
K01035	0
K01036	0
K01039	0
K01040	0
K01041	2.0222447
K01042	2.0222447
K01043	0
K01046	27.0884489
K01048	0.4140787
K01051	0
K01053	0
K01054	0
K01055	6.0667341
K01056	140.4448933
K01057	43.4782607
K01058	39.1304347
K01060	0
K01061	0
K01066	2.0222447
K01067	39.1304347
K01069	40.9697144
K01070	39.1304347
K01071	0
K01073	0
K01075	0
K01076	2.0222447
K01077	22.0328372
K01078	1.0111223
K01079	81.5975731
K01081	50.6668591
K01082	42.4671384
K01083	0
K01085	0
K01087	40.4448937
K01089	0
K01090	18.2098318
K01091	97.6744183
K01092	135.6203952
K01093	0
K01095	39.1304347
K01096	0
K01101	0.4140787
K01103	0
K01104	150.1420378
K01112	0.4140787
K01113	16.1779575
K01114	12.8364388
K01115	0
K01117	0
K01118	16.1490682
K01119	0.8281573
K01120	0
K01121	0
K01126	148.8083192
K01128	0
K01129	43.4782607
K01130	3.033367
K01133	0
K01138	0.4140787
K01139	2.0222447
K01141	0
K01142	166.2285131
K01143	0
K01144	0
K01145	0
K01146	0
K01147	0
K01150	0
K01151	17.3913042
K01152	0
K01153	61.3317922
K01154	107.3185994
K01155	39.5445134
K01156	45.1971688
K01157	0
K01158	0
K01159	81.5975731
K01160	0
K01161	0
K01163	0
K01166	0
K01167	0
K01169	0
K01173	39.1304347
K01174	17.9883479
K01175	7.4052674
K01176	0
K01178	0
K01179	1.6563147
K01180	0
K01181	0
K01182	0.4140787
K01183	0
K01184	0
K01185	0
K01186	5.4696904
K01187	30.121816
K01190	1.242236
K01191	0
K01192	0
K01193	68.7755786
K01194	0
K01195	1.8392797
K01197	0
K01198	0
K01199	0
K01200	0
K01201	0
K01202	0
K01205	0
K01206	0
K01207	82.4257304
K01208	2.0222447
K01209	0
K01210	0
K01212	0
K01214	0
K01215	0
K01216	0
K01218	0
K01219	0
K01220	16.9772255
K01222	0
K01223	20.7906012
K01224	0
K01225	0
K01226	16.5631469
K01227	3.3126294
K01230	0
K01232	0.8281573
K01233	0
K01234	0
K01235	0
K01236	9.1001011
K01238	0.4140787
K01239	43.3145551
K01240	0
K01241	25.2780585
K01243	36.6026287
K01246	104.044489
K01247	1.6563147
K01249	2.0222447
K01250	0
K01251	80.5864507
K01252	0
K01253	0
K01255	103.6304103
K01256	79.5753284
K01258	17.3913042
K01259	23.0728489
K01261	14.0786748
K01262	48.9720255
K01263	0.8281573
K01264	0
K01265	132.3559145
K01266	0
K01267	2.0222447
K01269	12.3260628
K01270	39.1304347
K01271	20.6557849
K01273	0
K01274	1.0111223
K01277	0
K01278	0
K01281	0
K01283	0
K01284	41.456016
K01286	2.0222447
K01289	0
K01295	0
K01297	0
K01299	0
K01301	0
K01303	0
K01304	18.4024265
K01305	0
K01308	0
K01317	0
K01318	11.1801241
K01322	75.530839
K01325	0
K01338	39.1304347
K01342	0
K01343	0
K01347	0
K01354	43.4782607
K01355	0
K01356	60.2725212
K01358	146.925706
K01361	0
K01362	13.3853338
K01364	0
K01372	20.2224468
K01376	0
K01387	0
K01390	0
K01392	0
K01399	0
K01400	0
K01401	15.7349895
K01406	0
K01407	0
K01408	0
K01409	100.4140783
K01412	0
K01414	39.1304347
K01415	0
K01416	0
K01417	18.2098318
K01419	17.3913042
K01420	6.8948914
K01421	86.7446671
K01422	0
K01423	5.9319177
K01424	113.14459
K01425	12.1334681
K01426	7.0778564
K01428	44.8745724
K01429	44.2775288
K01430	45.2886511
K01431	0
K01432	0
K01433	6.4808127
K01434	0
K01436	7.3571187
K01437	0
K01438	3.726708
K01439	116.6112951
K01442	17.3913042
K01443	54.8028308
K01444	0
K01446	2.8985507
K01447	4.5548654
K01448	61.4666086
K01449	0
K01451	55.0146851
K01452	0
K01453	0
K01454	0
K01455	2.667437
K01457	1.0111223
K01458	0
K01459	0
K01460	0
K01461	0
K01462	160.8695645
K01463	0.4140787
K01464	1.0111223
K01465	139.1304343
K01466	1.8392797
K01467	44.4653088
K01468	56.4735902
K01469	1.0111223
K01470	2.0222447
K01471	0
K01473	1.0111223
K01474	1.0111223
K01476	55.4624679
K01477	1.0111223
K01478	20.6557849
K01479	59.7380709
K01480	0.4140787
K01481	0
K01482	0
K01483	0
K01484	0
K01485	2.0222447
K01486	0
K01487	0
K01488	39.0678413
K01489	48.7360968
K01491	99.9999996
K01492	0
K01493	17.3913042
K01494	82.4257304
K01495	83.6198177
K01496	42.4671384
K01497	39.1304347
K01498	0
K01499	0
K01500	0
K01501	0
K01502	0
K01503	0
K01504	0
K01505	0
K01506	0
K01507	83.6198177
K01512	58.0191629
K01515	58.8473202
K01518	0
K01520	93.7888195
K01521	0
K01523	42.4671384
K01524	118.0942747
K01525	39.1304347
K01529	11.5364244
K01531	0
K01533	152.6891034
K01534	16.6883335
K01535	0
K01537	1.0111223
K01539	0
K01541	0
K01545	2.484472
K01546	20.6557849
K01547	21.0698636
K01548	20.6557849
K01550	0
K01551	5.2867254
K01552	11.1223458
K01553	0
K01554	0
K01555	0
K01556	0
K01560	0.8281573
K01561	0
K01563	0
K01564	0
K01565	0
K01567	0
K01568	0
K01569	0
K01571	32.3559149
K01572	0
K01573	0
K01574	0.4140787
K01575	65.617025
K01576	0
K01577	0
K01578	0
K01579	66.4018486
K01580	1.0111223
K01581	39.958592
K01582	0.8281573
K01583	0
K01584	0
K01585	0
K01586	140.3678553
K01588	99.9999996
K01589	99.5859209
K01590	0
K01591	99.9999996
K01593	0
K01594	0
K01595	39.4337713
K01596	82.6086954
K01597	18.5853915
K01598	0
K01599	99.9999996
K01601	0
K01602	0
K01607	54.7113485
K01608	0
K01609	99.9999996
K01610	17.3913042
K01611	0
K01612	0
K01613	39.1304347
K01615	0
K01616	38.422649
K01617	0
K01618	0
K01619	74.1200824
K01620	17.1601905
K01621	0
K01622	0
K01623	18.4024265
K01624	98.9888773
K01625	3.0815157
K01626	88.6754295
K01627	39.1304347
K01628	0
K01629	0
K01630	0
K01631	0
K01632	0
K01633	99.9999996
K01635	16.9772255
K01636	1.0111223
K01637	53.2861475
K01638	52.2750251
K01639	18.9994702
K01640	2.0222447
K01641	18.5853915
K01643	0
K01644	94.7421635
K01646	0
K01647	103.0333666
K01649	101.2422356
K01652	108.0600891
K01653	97.5155276
K01654	0
K01655	0
K01657	101.0111219
K01658	93.9332655
K01659	10.1112234
K01661	59.8584426
K01662	82.4257304
K01664	23.4580383
K01665	57.7158262
K01666	1.0111223
K01667	0
K01668	0
K01669	35.7744714
K01671	0
K01673	141.1815683
K01674	0
K01676	39.1304347
K01677	0
K01678	0
K01679	99.9999996
K01681	58.8473202
K01682	39.1304347
K01684	0.8281573
K01685	0
K01686	0.8281573
K01687	100.4140783
K01689	99.9999996
K01690	0
K01692	42.4671384
K01693	98.3436849
K01695	98.9888773
K01696	112.7305114
K01697	21.2335692
K01698	99.9999996
K01699	0
K01703	99.9999996
K01704	99.9999996
K01706	0
K01707	3.033367
K01708	0
K01709	0
K01710	47.5227501
K01711	0
K01712	56.4735902
K01713	0
K01714	155.6117284
K01715	1.0111223
K01716	0
K01719	57.5328612
K01720	18.2002022
K01721	0
K01724	46.2082911
K01725	0
K01726	0
K01727	16.1490682
K01728	0
K01729	0
K01730	0
K01731	0
K01732	0
K01733	99.9999996
K01734	0
K01735	96.9666326
K01736	99.9999996
K01737	59.0062109
K01738	122.1676532
K01739	16.9675958
K01740	38.2878327
K01743	0
K01744	45.5005054
K01745	56.0595116
K01746	0
K01749	99.9999996
K01750	71.211902
K01751	0
K01752	145.1538344
K01753	2.4363234
K01754	113.6645958
K01755	99.9999996
K01756	99.9999996
K01758	0
K01759	42.3949154
K01760	56.5217389
K01761	0
K01766	0
K01768	9.1001011
K01769	0
K01770	81.4146081
K01771	12.8364388
K01772	99.9999996
K01774	0
K01775	117.2083388
K01776	99.9999996
K01777	0
K01778	80.5864507
K01779	1.0111223
K01780	0
K01781	0
K01782	6.0667341
K01783	100.8281569
K01784	122.1676532
K01785	18.4024265
K01786	1.6563147
K01787	0
K01788	52.5494725
K01790	27.3003032
K01791	48.7649859
K01792	35.389282
K01795	0
K01796	0
K01797	0
K01798	0
K01799	0
K01800	39.1304347
K01801	0
K01802	47.2194134
K01803	99.9999996
K01804	0
K01805	0
K01807	56.5217389
K01808	44.306418
K01809	74.7652747
K01810	99.9999996
K01811	0
K01812	5.8837691
K01813	0
K01814	98.3436849
K01815	0
K01816	10.1112234
K01817	95.9555102
K01818	0
K01819	33.9544511
K01820	0
K01821	17.5742692
K01822	0
K01823	56.8250755
K01825	39.1304347
K01826	0.8281573
K01828	2.0222447
K01829	0
K01834	117.8053825
K01835	56.8250755
K01838	0
K01839	17.3913042
K01840	139.2315465
K01841	0
K01843	0
K01844	0
K01845	116.3801815
K01846	0
K01847	70.7785639
K01848	0
K01849	0
K01851	0
K01854	43.4782607
K01856	6.0667341
K01857	9.1001011
K01858	42.4671384
K01860	0
K01865	0
K01866	99.9999996
K01867	99.9999996
K01868	101.6563143
K01869	100.4140783
K01870	99.9999996
K01872	99.9999996
K01873	99.9999996
K01874	99.9999996
K01875	99.9999996
K01876	99.9999996
K01878	39.1304347
K01879	39.1304347
K01880	60.8695649
K01881	98.9888773
K01883	99.9999996
K01884	0
K01885	126.0869561
K01886	39.1304347
K01887	100.4140783
K01889	99.9999996
K01890	99.9999996
K01892	99.9999996
K01893	17.3913042
K01894	39.1304347
K01895	34.1374161
K01896	0
K01897	158.1828681
K01902	25.4802829
K01903	25.4802829
K01904	0
K01905	0
K01906	44.8264238
K01907	2.0222447
K01908	0
K01909	0
K01910	0
K01911	60.8695649
K01912	4.0444894
K01913	0
K01914	0
K01915	145.9145837
K01916	59.8584426
K01917	39.1304347
K01918	118.3831668
K01919	39.1304347
K01920	39.1304347
K01921	102.0222443
K01922	0
K01923	99.5859209
K01924	99.9999996
K01925	98.9888773
K01926	16.9772255
K01928	82.6086954
K01929	99.9999996
K01932	0
K01933	99.9999996
K01934	81.2797917
K01935	123.2076648
K01937	66.6329623
K01938	54.3887522
K01939	99.9999996
K01940	99.9999996
K01941	1.0111223
K01945	98.9888773
K01947	0
K01950	40.141557
K01951	140.4448933
K01952	180.4949677
K01953	43.4782607
K01955	102.436323
K01956	99.9999996
K01957	0
K01958	56.8250755
K01959	0
K01960	0
K01961	73.9130431
K01962	91.9110209
K01963	91.9110209
K01965	0
K01966	69.7674416
K01968	0
K01969	2.0222447
K01970	0
K01971	1.8392797
K01972	99.9999996
K01974	0
K01975	4.0444894
K01976	0
K01989	85.3387258
K01990	233.6848173
K01991	0
K01992	188.1650525
K01993	39.1304347
K01994	0
K01995	0
K01996	0
K01997	0
K01998	0
K01999	0
K02000	2.4363234
K02001	2.4363234
K02002	4.275603
K02003	208.9460243
K02004	197.3036728
K02005	40.4063747
K02006	0
K02007	0
K02008	0
K02009	0
K02010	45.4282824
K02011	75.164909
K02012	89.0606188
K02013	427.6180828
K02014	78.2608694
K02015	593.2880705
K02016	486.1091025
K02017	72.6996964
K02018	79.7775528
K02019	39.1304347
K02020	78.7664304
K02021	15.1668351
K02022	0
K02023	42.881217
K02024	0
K02025	30.1507053
K02026	6.8948914
K02027	6.8948914
K02028	100.5970433
K02029	139.727478
K02030	221.325051
K02031	118.7346521
K02032	69.1029897
K02033	206.4037739
K02034	204.7089402
K02035	265.511097
K02036	91.9110209
K02037	91.9110209
K02038	82.8109198
K02039	60.8695649
K02040	93.5191869
K02041	21.2046799
K02042	39.9730364
K02043	0
K02044	20.7906012
K02045	40.141557
K02046	40.141557
K02047	40.141557
K02048	40.141557
K02049	10.2556694
K02050	18.5372429
K02051	7.2223024
K02052	39.1304347
K02053	39.1304347
K02054	39.1304347
K02055	39.1304347
K02056	43.4782607
K02057	43.4782607
K02058	13.1445904
K02062	0
K02063	0
K02064	0
K02065	0
K02066	0
K02067	0
K02068	17.3913042
K02069	17.3913042
K02071	115.3209104
K02072	115.7349891
K02073	151.8176121
K02074	25.2780585
K02075	16.1779575
K02076	17.3913042
K02077	50.5561171
K02078	95.9555102
K02079	0
K02080	0
K02081	0
K02082	1.6563147
K02083	0.4140787
K02086	17.3913042
K02092	0
K02093	0
K02094	0
K02095	0
K02096	0
K02097	0
K02099	0
K02100	0
K02101	0
K02103	0
K02106	2.0222447
K02108	99.9999996
K02109	98.9888773
K02110	99.9999996
K02111	99.9999996
K02112	99.9999996
K02113	99.9999996
K02114	99.9999996
K02115	99.9999996
K02116	55.2795029
K02117	0
K02118	0
K02119	0
K02120	0
K02121	0
K02122	0
K02123	0
K02124	0
K02160	73.4989644
K02164	0
K02167	0
K02168	77.5530837
K02169	39.1304347
K02170	0
K02171	5.7971014
K02172	6.2111801
K02173	0
K02182	0
K02188	0
K02189	0
K02190	0
K02191	0
K02192	39.1304347
K02193	39.1304347
K02194	39.1304347
K02195	39.1304347
K02196	39.1304347
K02197	39.1304347
K02198	39.1304347
K02199	39.1304347
K02200	39.1304347
K02203	0
K02204	39.1304347
K02205	0
K02217	60.4554862
K02221	96.9666326
K02224	31.3447926
K02225	0
K02226	0
K02227	31.3447926
K02228	31.3447926
K02229	34.3781596
K02230	30.3336703
K02231	35.389282
K02232	32.3559149
K02233	35.389282
K02234	0
K02236	17.3913042
K02237	98.9888773
K02238	92.9221432
K02239	0
K02240	17.3913042
K02241	0
K02242	17.3913042
K02243	17.8053829
K02244	16.9772255
K02245	17.3913042
K02246	17.3913042
K02247	0
K02248	0
K02249	0
K02250	17.3913042
K02251	0
K02252	0
K02253	0
K02254	0
K02255	0
K02258	0
K02259	60.8695649
K02274	43.4782607
K02275	43.4782607
K02276	42.4671384
K02277	0
K02278	0
K02279	0
K02280	0
K02281	0
K02282	0
K02283	42.4671384
K02284	0
K02285	0
K02286	0
K02287	0
K02288	0
K02289	0
K02290	0
K02291	0
K02292	0
K02293	0
K02294	0
K02297	0
K02298	0
K02299	2.0703934
K02300	0
K02301	60.8695649
K02302	40.141557
K02303	63.7681156
K02304	17.3913042
K02305	0
K02313	99.9999996
K02314	99.9999996
K02315	0
K02316	98.9888773
K02317	0
K02334	19.9528142
K02335	99.9999996
K02336	0
K02337	106.894891
K02338	99.9999996
K02339	0
K02340	99.9999996
K02341	99.9999996
K02342	188.6850586
K02343	98.9888773
K02344	0
K02345	0
K02346	60.8695649
K02347	17.3913042
K02348	28.1284606
K02351	43.4782607
K02352	16.1490682
K02355	99.5859209
K02356	99.9999996
K02357	99.9999996
K02358	139.1304343
K02361	44.489383
K02362	0
K02363	2.0222447
K02364	0
K02371	1.6563147
K02372	56.5217389
K02377	0
K02379	37.1996724
K02380	0
K02381	0.4140787
K02383	0
K02385	0
K02386	0
K02387	0
K02388	0
K02389	0
K02390	0
K02391	0
K02392	0
K02393	0
K02394	0
K02395	0
K02396	0
K02397	0
K02398	0
K02399	0
K02400	0
K02401	0
K02402	0
K02403	0
K02404	0
K02405	0
K02406	0
K02407	0
K02408	0
K02409	0
K02410	0
K02411	0
K02412	0
K02413	0
K02414	0
K02415	0
K02416	0
K02417	0
K02418	0
K02419	0
K02420	0
K02421	0
K02422	0
K02423	0
K02424	16.5631469
K02425	0
K02426	0
K02427	39.1304347
K02428	132.3559145
K02429	0
K02430	0
K02431	0
K02433	103.0333666
K02434	99.9999996
K02435	98.9888773
K02436	0
K02437	82.3968411
K02438	41.456016
K02439	0
K02440	49.7472191
K02441	0
K02442	0
K02443	17.3913042
K02444	0
K02445	64.4999756
K02446	43.8923394
K02448	0
K02450	0
K02451	0
K02452	0
K02453	0
K02454	0
K02455	0
K02456	0
K02457	0
K02458	0
K02459	0
K02460	0
K02461	0
K02462	0
K02463	0
K02464	0
K02465	0
K02466	0
K02467	0
K02468	0
K02469	98.9888773
K02470	99.9999996
K02471	0
K02472	18.9513215
K02473	0
K02474	1.425201
K02475	4.0444894
K02476	4.0444894
K02477	0
K02478	0
K02479	0.8281573
K02480	0
K02481	0
K02482	0
K02483	13.9727478
K02484	44.7204967
K02485	0
K02486	0.4140787
K02487	0
K02488	0
K02489	0
K02490	0
K02491	0
K02492	99.9999996
K02493	99.9999996
K02494	39.1304347
K02495	139.1304343
K02496	0
K02497	16.9772255
K02498	0
K02499	17.3913042
K02500	97.3325626
K02501	98.3436849
K02502	39.1304347
K02503	57.5328612
K02504	0
K02505	0
K02506	0
K02507	0
K02508	0
K02509	2.0222447
K02510	2.0222447
K02511	0
K02517	122.1532088
K02518	99.9999996
K02519	99.9999996
K02520	99.5859209
K02521	0
K02523	39.1304347
K02525	0
K02526	2.0222447
K02527	39.1304347
K02528	101.0111219
K02529	72.6082137
K02530	16.9772255
K02531	0
K02532	0.8281573
K02533	0
K02535	39.1304347
K02536	39.1304347
K02538	7.8674948
K02545	10.3519668
K02546	3.726708
K02547	7.4534161
K02548	60.8695649
K02549	60.8695649
K02550	0
K02551	60.8695649
K02552	17.3913042
K02553	12.1334681
K02554	1.0111223
K02556	0
K02557	0
K02558	39.1304347
K02560	0
K02562	0
K02563	99.9999996
K02564	58.2502765
K02565	0
K02566	38.422649
K02567	0
K02568	0
K02569	0
K02570	0
K02571	0
K02572	0
K02573	0
K02574	0
K02575	109.605662
K02584	0
K02585	0
K02586	0
K02587	0
K02588	0
K02589	0
K02590	0
K02591	0
K02592	0
K02593	0
K02594	0
K02595	0
K02596	0
K02597	0
K02598	0
K02600	99.9999996
K02601	99.9999996
K02609	4.0444894
K02610	4.0444894
K02611	4.0444894
K02612	4.0444894
K02613	4.0444894
K02614	2.0222447
K02615	0
K02616	1.0111223
K02617	0
K02618	4.0444894
K02619	97.7466412
K02621	56.5217389
K02622	56.5217389
K02623	0
K02624	6.0667341
K02625	0
K02626	0
K02628	0
K02629	0
K02630	0
K02631	0
K02632	0
K02634	0
K02635	0
K02636	0
K02637	0
K02638	0
K02639	0
K02640	0
K02641	0
K02642	0
K02643	0
K02647	0.8281573
K02650	39.1304347
K02651	0
K02652	39.1304347
K02653	39.1304347
K02654	63.3973709
K02655	0
K02656	39.1304347
K02657	0
K02658	0
K02659	0
K02660	0
K02661	0
K02662	0
K02663	0
K02664	39.1304347
K02665	39.1304347
K02666	39.1304347
K02667	0
K02668	0
K02669	39.1304347
K02670	0
K02671	39.1304347
K02672	39.1304347
K02673	0
K02674	0
K02675	0
K02676	0
K02679	0
K02680	0
K02681	0
K02682	0
K02686	0
K02687	56.5217389
K02688	0
K02689	0
K02690	0
K02691	0
K02692	0
K02693	0
K02694	0
K02696	0
K02697	0
K02698	0
K02699	0
K02700	0
K02702	0
K02703	0
K02704	0
K02705	0
K02706	0
K02707	0
K02708	0
K02709	0
K02710	0
K02711	0
K02712	0
K02713	0
K02714	0
K02715	0
K02716	0
K02717	0
K02718	0
K02719	0
K02720	0
K02722	0
K02723	0
K02724	0
K02742	0
K02744	0
K02745	0
K02746	0
K02747	0
K02749	16.5631469
K02750	16.5631469
K02752	0
K02753	0
K02755	57.1428569
K02756	44.7204967
K02757	44.7204967
K02759	1.242236
K02760	0.8281573
K02761	0.8281573
K02763	32.89518
K02764	32.89518
K02765	32.89518
K02768	76.6045544
K02769	76.6045544
K02770	76.6045544
K02771	0
K02773	13.6645962
K02774	13.2505175
K02775	13.2505175
K02777	23.4580383
K02778	0
K02779	0
K02781	0.4140787
K02782	0.4140787
K02783	0.8281573
K02784	0
K02786	16.5631469
K02787	16.5631469
K02788	16.5631469
K02790	14.9068322
K02791	14.9068322
K02793	1.6563147
K02794	1.6563147
K02795	2.484472
K02796	1.6563147
K02798	15.7349895
K02799	15.7349895
K02800	15.7349895
K02802	1.0111223
K02803	23.6410033
K02804	23.6410033
K02805	0
K02806	0
K02808	8.0889787
K02809	25.0662043
K02810	24.6521256
K02812	0
K02813	0
K02814	0
K02815	0
K02817	0
K02818	16.5631469
K02819	16.5631469
K02821	22.6298809
K02822	16.5631469
K02823	1.242236
K02824	17.3913042
K02825	60.8695649
K02826	17.3913042
K02827	17.3913042
K02828	15.3209108
K02829	17.3913042
K02834	99.9999996
K02835	99.9999996
K02836	97.5636762
K02837	99.4029559
K02838	99.5859209
K02839	0
K02840	0
K02841	0
K02843	0
K02844	0
K02846	0
K02847	0
K02848	0
K02849	0
K02850	0
K02851	60.8695649
K02852	0
K02853	0.8281573
K02854	0
K02855	0
K02856	0
K02858	0
K02859	0
K02860	99.5859209
K02862	0
K02863	99.9999996
K02864	98.9888773
K02867	99.9999996
K02871	99.9999996
K02874	104.044489
K02876	99.9999996
K02878	99.5859209
K02879	99.9999996
K02881	99.9999996
K02884	99.5859209
K02886	99.5859209
K02887	99.5859209
K02888	98.9888773
K02890	98.5747986
K02892	99.5859209
K02895	104.044489
K02897	99.9999996
K02899	99.9999996
K02902	99.5859209
K02904	99.9999996
K02906	99.5859209
K02907	99.9999996
K02909	97.9777549
K02911	99.1718423
K02913	125.9039909
K02914	99.5859209
K02916	99.5859209
K02919	95.1273529
K02926	99.5859209
K02931	99.9999996
K02933	99.9999996
K02935	99.5859209
K02936	0
K02939	99.9999996
K02945	99.9999996
K02946	99.1718423
K02948	99.9999996
K02950	99.9999996
K02952	99.9999996
K02954	116.5631465
K02956	99.9999996
K02959	99.5859209
K02961	99.9999996
K02963	99.9999996
K02965	99.5859209
K02967	99.5859209
K02968	99.9999996
K02970	56.5217389
K02972	0
K02977	0
K02982	99.5859209
K02986	99.9999996
K02988	99.9999996
K02990	99.9999996
K02992	99.9999996
K02994	98.9888773
K02996	99.9999996
K03030	0
K03040	99.9999996
K03043	99.9999996
K03046	99.9999996
K03048	17.3913042
K03060	99.5859209
K03070	157.7880488
K03071	39.5445134
K03072	80.5864507
K03073	101.0111219
K03074	81.5975731
K03075	99.9999996
K03076	116.1490678
K03077	0
K03078	0
K03079	0
K03080	0
K03081	1.6563147
K03082	1.6563147
K03086	99.9999996
K03087	43.4782607
K03088	260.8695642
K03089	39.1304347
K03090	16.9772255
K03091	17.3913042
K03092	0
K03093	0
K03095	17.3913042
K03098	1.0111223
K03100	120.4728195
K03101	100.4140783
K03106	99.9999996
K03110	99.9999996
K03111	178.6267987
K03112	0
K03113	0
K03116	101.7911306
K03117	83.6198177
K03118	99.7688859
K03119	1.0111223
K03146	0
K03147	68.91521
K03148	0
K03149	71.1685683
K03150	0
K03151	56.9358176
K03152	0
K03153	32.0381336
K03154	63.0795896
K03168	99.9999996
K03169	19.8276276
K03177	99.9999996
K03179	39.1304347
K03181	39.1304347
K03182	0
K03183	99.9999996
K03184	0
K03185	39.1304347
K03186	0
K03187	43.2664064
K03188	45.2886511
K03189	45.2886511
K03190	45.2886511
K03191	0
K03192	0
K03194	0
K03195	0
K03196	0
K03197	0
K03198	0
K03199	0
K03200	0
K03201	0
K03202	0
K03203	0
K03204	0
K03205	0
K03206	0
K03207	0
K03208	0
K03210	99.9999996
K03212	0
K03214	0
K03215	56.5217389
K03216	99.9999996
K03217	145.9627323
K03218	99.9999996
K03219	0
K03220	0
K03221	0
K03222	0
K03223	0
K03224	0
K03225	0
K03226	0
K03227	0
K03228	0
K03229	0
K03230	0
K03265	0
K03268	0
K03269	39.1304347
K03270	39.1304347
K03271	0
K03272	0
K03273	0
K03274	0
K03275	0
K03276	0
K03277	0
K03278	0
K03279	0
K03280	0
K03281	1.0111223
K03282	58.6162065
K03284	93.5191869
K03285	0
K03286	39.1304347
K03287	0
K03288	0
K03289	0
K03290	1.0111223
K03291	0
K03292	1.8392797
K03293	37.4789347
K03294	32.89518
K03296	56.1076602
K03297	10.1112234
K03298	2.0222447
K03299	83.1142564
K03300	24.0069332
K03301	0
K03303	117.7572338
K03304	0
K03305	102.8985503
K03306	99.9999996
K03307	93.7503005
K03308	81.3857188
K03309	0.4140787
K03310	184.6020504
K03311	86.6387399
K03312	96.7355189
K03313	40.141557
K03314	0
K03315	58.1780536
K03316	35.7744714
K03317	25.6921372
K03318	0
K03319	59.3239923
K03320	46.0686598
K03321	58.3899079
K03322	24.6521256
K03324	14.4927535
K03325	18.2002022
K03326	26.2891809
K03327	58.3417592
K03328	14.0786748
K03329	0
K03331	0
K03332	0
K03333	5.0556117
K03335	3.033367
K03336	3.033367
K03337	3.033367
K03338	3.033367
K03339	0
K03340	7.0778564
K03342	0
K03343	2.0222447
K03346	17.3913042
K03365	4.0444894
K03366	60.9803069
K03367	17.3913042
K03379	0
K03380	6.0667341
K03381	9.1001011
K03382	2.0222447
K03383	0
K03384	0
K03385	18.2002022
K03386	94.9443879
K03387	60.5662283
K03388	0
K03389	0
K03390	0
K03391	0
K03392	0.4140787
K03394	1.0111223
K03395	0
K03396	0
K03397	0
K03399	0
K03400	0
K03402	60.8695649
K03403	1.0111223
K03404	31.3447926
K03405	12.1334681
K03406	0
K03407	0
K03408	0
K03409	0
K03410	0
K03411	0
K03412	0
K03413	0
K03414	0
K03415	0
K03417	11.1223458
K03418	0
K03423	0
K03424	139.1304343
K03425	0
K03426	76.5419613
K03427	77.0571521
K03428	0
K03429	17.3913042
K03430	0.4140787
K03431	99.9999996
K03432	0
K03433	0
K03435	0
K03436	91.2032352
K03437	99.9999996
K03438	99.9999996
K03439	99.9999996
K03442	132.5388795
K03444	0
K03445	0
K03446	0
K03449	59.6321439
K03451	16.9772255
K03453	83.9568585
K03455	17.8053829
K03457	2.0222447
K03458	1.0111223
K03459	0
K03462	0
K03464	6.0667341
K03465	43.4782607
K03466	173.5230383
K03468	0
K03469	18.4024265
K03470	99.9999996
K03471	17.3913042
K03472	0
K03473	39.1304347
K03474	39.1304347
K03475	50.9413065
K03476	1.242236
K03477	0
K03478	0
K03480	34.763349
K03481	16.9772255
K03482	0
K03483	15.3209108
K03484	17.8053829
K03485	0
K03486	16.1490682
K03487	0
K03488	19.2113245
K03489	14.9068322
K03490	0
K03491	0.4140787
K03492	0
K03493	1.6563147
K03495	56.5217389
K03496	130.1314455
K03497	118.4024261
K03498	0.4140787
K03499	54.8028308
K03500	99.9999996
K03501	99.9999996
K03502	17.3913042
K03503	0
K03516	0
K03517	58.7558379
K03518	0
K03519	0
K03520	0
K03521	82.6086954
K03522	82.6086954
K03523	61.2836436
K03524	99.9999996
K03525	39.1304347
K03526	81.4146081
K03527	81.4146081
K03528	39.1304347
K03529	97.9777549
K03530	57.3498962
K03531	99.5859209
K03532	0
K03533	0
K03534	0
K03535	16.9772255
K03536	98.5747986
K03537	0
K03543	0
K03544	99.9999996
K03545	99.9999996
K03546	56.1076602
K03547	56.1076602
K03548	0
K03549	4.0444894
K03550	99.9999996
K03551	99.9999996
K03553	99.9999996
K03554	0
K03555	17.3913042
K03556	3.033367
K03557	39.1304347
K03558	39.1304347
K03559	39.1304347
K03560	39.1304347
K03561	39.1304347
K03562	39.1304347
K03563	39.1304347
K03564	99.9999996
K03565	99.9999996
K03566	0
K03567	0
K03568	0
K03569	0
K03570	16.9772255
K03571	17.3913042
K03572	16.5631469
K03573	0
K03574	92.2769509
K03575	99.9999996
K03576	39.1304347
K03577	0
K03578	82.6086954
K03579	40.4448937
K03580	39.1304347
K03581	56.5217389
K03582	39.1304347
K03583	39.1304347
K03584	99.9999996
K03585	39.1304347
K03586	39.1304347
K03587	82.6086954
K03588	99.9999996
K03589	98.9888773
K03590	56.1076602
K03591	0
K03592	0
K03593	99.5859209
K03594	78.2608694
K03595	100.5970433
K03596	99.9999996
K03597	0
K03598	0
K03599	39.1304347
K03600	39.1304347
K03601	99.9999996
K03602	57.4221192
K03603	0
K03604	0
K03605	0
K03606	0
K03607	0
K03608	39.1304347
K03609	39.1304347
K03610	39.1304347
K03611	39.1304347
K03612	0
K03613	0
K03614	0
K03615	0
K03616	39.1304347
K03617	0
K03618	0
K03619	0
K03620	0
K03621	17.3913042
K03623	0
K03624	99.9999996
K03625	99.9999996
K03628	98.9888773
K03629	99.5859209
K03630	15.7349895
K03631	99.9999996
K03632	0
K03633	0
K03634	39.1304347
K03635	65.62184
K03636	56.5217389
K03637	78.7664304
K03638	56.5217389
K03639	82.8109198
K03640	39.1304347
K03641	39.1304347
K03642	78.2608694
K03643	39.1304347
K03644	99.9999996
K03645	0
K03646	39.1304347
K03647	98.6951702
K03648	98.9888773
K03649	32.3559149
K03650	56.5217389
K03651	39.1304347
K03652	30.5358946
K03653	0
K03654	40.8493425
K03655	148.4472044
K03656	39.1304347
K03657	146.631999
K03658	0
K03660	0
K03664	98.9888773
K03665	99.9999996
K03666	56.5217389
K03667	17.3913042
K03668	0
K03669	0
K03670	0
K03671	98.9888773
K03672	0
K03673	39.1304347
K03674	0
K03675	0
K03676	39.1304347
K03683	39.1304347
K03684	80.5864507
K03685	99.9999996
K03686	143.4782603
K03687	99.9999996
K03688	41.1526794
K03689	0
K03690	39.1304347
K03692	0
K03693	0
K03694	39.1304347
K03695	98.9888773
K03696	60.4554862
K03697	0
K03698	17.3913042
K03699	2.0222447
K03700	17.3913042
K03701	113.14459
K03702	100.4140783
K03703	99.9999996
K03704	215.869805
K03705	55.8139532
K03706	17.3913042
K03707	18.2194615
K03708	17.3913042
K03709	107.3811926
K03710	48.1679424
K03711	101.0111219
K03712	0
K03713	17.3913042
K03715	0
K03716	0
K03717	0
K03718	1.0111223
K03719	40.7867494
K03720	0
K03721	0
K03722	61.2836436
K03723	99.9999996
K03724	42.4671384
K03726	0
K03727	43.4782607
K03731	0
K03732	39.1304347
K03733	99.9999996
K03734	41.7978717
K03735	1.0111223
K03736	1.0111223
K03737	0
K03738	0
K03739	17.3913042
K03740	17.3913042
K03741	8.2334248
K03742	17.3913042
K03743	43.4782607
K03744	40.5556357
K03745	39.1304347
K03746	0
K03747	0
K03748	0
K03749	0
K03750	132.3559145
K03752	56.5217389
K03753	17.3913042
K03755	0
K03756	0.8281573
K03757	0
K03758	60.2725212
K03759	0
K03760	39.1304347
K03761	3.033367
K03762	29.7077373
K03763	17.3913042
K03764	0
K03765	0
K03767	9.1001011
K03768	99.9999996
K03769	39.1304347
K03770	39.1304347
K03771	39.1304347
K03772	2.0222447
K03773	39.1304347
K03774	39.1304347
K03775	39.1304347
K03776	1.0111223
K03777	6.0667341
K03778	33.1262937
K03779	0
K03780	1.0111223
K03781	105.286725
K03782	1.0111223
K03783	5.0556117
K03784	61.5725356
K03785	17.3913042
K03786	84.6309401
K03787	0
K03788	0
K03789	93.9332655
K03790	42.4671384
K03791	0
K03793	39.1304347
K03794	0
K03795	0
K03796	0
K03797	95.6521736
K03798	101.0111219
K03799	41.7978717
K03800	58.9725066
K03801	82.6086954
K03802	0
K03803	0
K03804	0
K03805	0
K03806	39.1304347
K03807	0
K03808	0
K03809	39.1304347
K03810	0
K03811	78.564206
K03812	0
K03813	0
K03814	39.1304347
K03815	0
K03816	17.3913042
K03817	56.1076602
K03818	0
K03819	0
K03820	82.6086954
K03821	0
K03822	0
K03823	63.9029319
K03824	6.0667341
K03825	0
K03826	0
K03827	0.8281573
K03828	1.0111223
K03829	0
K03830	0
K03831	0
K03832	0
K03833	2.0222447
K03834	0
K03835	0
K03836	0
K03837	31.3447926
K03838	0
K03839	0
K03840	0
K03841	39.1304347
K03851	0
K03852	0
K03855	0
K03856	0
K03862	6.0667341
K03863	7.0778564
K03867	0
K03885	74.9482397
K03886	0
K03887	0
K03888	0
K03889	42.4671384
K03890	42.4671384
K03891	43.4782607
K03892	28.3210553
K03893	19.4616976
K03894	0.4140787
K03895	0.4140787
K03896	0
K03897	1.0111223
K03918	0
K03919	51.5672394
K03921	0
K03923	0
K03924	1.0111223
K03925	60.8695649
K03926	0
K03928	33.9544511
K03929	66.5222203
K03930	0
K03931	0
K03932	62.6895852
K03933	0
K03969	0
K03970	0
K03971	0
K03972	39.1304347
K03973	0
K03974	0
K03975	79.5753284
K03976	17.3913042
K03977	99.5859209
K03978	56.5217389
K03979	99.9999996
K03980	82.6086954
K03981	39.1304347
K04013	0
K04014	0
K04015	0
K04016	0
K04017	0
K04018	0
K04019	0
K04020	0
K04021	0
K04022	0
K04023	0.4140787
K04024	0
K04025	0
K04026	0
K04027	0
K04028	0
K04029	0
K04030	0
K04031	0
K04032	0
K04033	0
K04034	0
K04035	0
K04036	0
K04037	0
K04038	0
K04039	0
K04040	0
K04041	16.9772255
K04042	99.5859209
K04043	99.9999996
K04044	41.1526794
K04045	0
K04046	0
K04047	55.2169095
K04049	0
K04050	0
K04051	0
K04052	0
K04053	0
K04054	0
K04056	0
K04057	0
K04058	0
K04059	0
K04060	0
K04061	0
K04062	0
K04063	1.0111223
K04064	0
K04065	0
K04066	99.9999996
K04067	0
K04068	17.9883479
K04069	80.2638544
K04070	0
K04071	0
K04072	14.0786748
K04073	1.0111223
K04074	17.3913042
K04075	99.9999996
K04076	0
K04077	144.4893826
K04078	97.9777549
K04079	39.1304347
K04080	0
K04081	0
K04082	39.1304347
K04083	56.5217389
K04084	39.1304347
K04085	39.1304347
K04086	14.4927535
K04087	0
K04088	0
K04090	2.0222447
K04091	7.0778564
K04092	0
K04093	42.4671384
K04094	17.3913042
K04095	4.0444894
K04096	97.1495976
K04097	0.4140787
K04098	3.033367
K04099	0
K04100	0
K04101	0
K04102	0
K04103	20.4246712
K04105	0
K04107	0
K04108	0
K04109	0
K04110	0
K04112	0
K04113	0
K04114	0
K04115	0
K04116	0
K04117	1.0111223
K04118	0
K04126	0
K04127	0
K04128	0
K04333	0
K04334	0
K04335	0
K04336	0
K04337	0
K04338	0
K04343	0
K04477	0
K04478	16.5631469
K04480	0
K04485	98.9888773
K04486	0
K04487	124.4691602
K04488	99.9999996
K04516	0
K04517	60.8695649
K04518	60.8695649
K04561	69.974481
K04562	0
K04564	113.2505171
K04565	31.3447926
K04566	0
K04567	131.9418359
K04568	39.1304347
K04618	0
K04641	0
K04651	14.1557128
K04652	12.1334681
K04653	18.2002022
K04654	12.1334681
K04655	12.1334681
K04656	12.1334681
K04691	39.1304347
K04708	0
K04712	0
K04718	0
K04719	1.0111223
K04720	0
K04744	39.1304347
K04747	0
K04748	0
K04749	17.3913042
K04750	46.2997734
K04751	78.564206
K04752	0
K04753	5.8837691
K04754	0
K04755	44.1860464
K04756	34.3781596
K04757	17.3913042
K04758	15.7349895
K04759	21.6187586
K04760	0
K04761	82.6086954
K04762	82.6086954
K04763	111.1801237
K04764	39.1304347
K04765	0
K04766	16.5631469
K04767	0
K04768	17.5742692
K04769	0
K04770	0
K04771	0
K04772	0
K04773	40.3726707
K04774	39.1304347
K04775	0
K04780	0
K04781	0
K04782	0
K04783	4.8726467
K04784	0.8281573
K04785	0
K04786	0
K04787	0
K04788	1.0111223
K04789	0
K04790	0
K04791	0
K04792	0
K04793	3.033367
K04794	0
K04835	0
K04844	0
K04940	0
K05020	17.8053829
K05245	0
K05275	0
K05281	0
K05286	0
K05296	0
K05297	39.1304347
K05299	0
K05301	0
K05303	0
K05304	0
K05305	0
K05306	0.4140787
K05311	17.3913042
K05337	18.4024265
K05338	17.3913042
K05339	17.3913042
K05340	15.7349895
K05341	0
K05342	6.0667341
K05343	37.4115266
K05344	0
K05345	0
K05346	32.3559149
K05348	0
K05349	6.8948914
K05350	5.0556117
K05351	0
K05352	27.743271
K05356	0
K05358	0
K05362	17.3913042
K05363	0
K05364	2.0222447
K05365	39.1304347
K05366	56.5217389
K05367	0
K05368	0
K05369	0
K05370	0
K05371	0
K05372	0
K05373	0
K05374	0
K05375	3.033367
K05376	0
K05377	0
K05378	0
K05379	0
K05380	0
K05381	0
K05382	0
K05383	0
K05384	0
K05385	0
K05386	0
K05394	0
K05396	0.4140787
K05499	0.8281573
K05501	0
K05515	0
K05516	0
K05517	0
K05518	0
K05519	0
K05520	28.2825363
K05521	2.2533584
K05522	45.5005054
K05523	14.6757185
K05524	39.1304347
K05525	0
K05526	0
K05527	39.1304347
K05539	39.1304347
K05540	39.1304347
K05541	39.1304347
K05548	12.1334681
K05549	6.0667341
K05550	6.0667341
K05551	0
K05552	0
K05553	0
K05554	0
K05555	0
K05556	0
K05558	0
K05559	0
K05560	0
K05561	0
K05562	0
K05563	0
K05564	0
K05565	102.5278053
K05566	34.3685297
K05567	103.5389276
K05568	103.5389276
K05569	102.5278053
K05570	103.124849
K05571	103.124849
K05572	0
K05573	0
K05574	0
K05575	0
K05576	0
K05577	16.1490682
K05578	0
K05579	0
K05580	0
K05581	0
K05582	0
K05583	0
K05584	0
K05585	0
K05586	0
K05587	0
K05588	0
K05589	41.1526794
K05590	0
K05591	0
K05592	43.8923394
K05593	1.242236
K05594	0
K05595	39.1304347
K05596	38.422649
K05597	0
K05599	0
K05600	0
K05601	0
K05602	43.4782607
K05603	0
K05606	31.3447926
K05685	0
K05708	1.0111223
K05709	0
K05710	2.0222447
K05711	1.0111223
K05712	3.033367
K05713	1.0111223
K05714	0
K05715	0
K05739	0
K05772	0
K05773	0
K05774	0
K05775	0
K05776	0
K05777	0
K05778	0
K05779	0
K05780	0
K05781	0
K05782	7.0778564
K05783	6.0667341
K05784	6.0667341
K05785	0
K05786	104.044489
K05787	0
K05788	39.1304347
K05789	0
K05790	0
K05791	0
K05792	0
K05793	0
K05794	43.4782607
K05795	0
K05796	0
K05797	0
K05798	0
K05799	0.8281573
K05800	0
K05801	0
K05802	0
K05803	0
K05804	0
K05805	0
K05806	0
K05807	39.1304347
K05808	0
K05809	0
K05810	99.5859209
K05811	0
K05812	0
K05813	6.0667341
K05814	6.0667341
K05815	6.0667341
K05816	5.0556117
K05817	0
K05818	0
K05819	0
K05820	0
K05822	14.4927535
K05823	0
K05824	0
K05825	0
K05826	0
K05827	0
K05828	0
K05829	0
K05830	0
K05831	0
K05832	46.2082911
K05833	46.2082911
K05834	0
K05835	0
K05836	39.1304347
K05837	16.9772255
K05838	43.4782607
K05839	0
K05841	0
K05844	0
K05845	70.585969
K05846	120.9302318
K05847	69.160768
K05851	0
K05873	0.8281573
K05874	0
K05875	0
K05876	0
K05877	0
K05878	44.6916074
K05879	44.6916074
K05880	0
K05881	27.3003032
K05882	2.0222447
K05883	0
K05884	0
K05885	1.6563147
K05886	0
K05887	0
K05888	0
K05889	0
K05893	0
K05895	31.3447926
K05896	99.9999996
K05897	0
K05898	1.0111223
K05899	0
K05900	0
K05903	2.0222447
K05905	1.0111223
K05910	0
K05911	0
K05912	0.4140787
K05913	0
K05915	0
K05916	27.9166063
K05917	0
K05918	0
K05919	0
K05921	0
K05922	0
K05926	2.0222447
K05927	0
K05928	0
K05929	0
K05934	1.0111223
K05936	31.3447926
K05937	13.7897828
K05939	0
K05941	0
K05942	2.0222447
K05944	0
K05945	0
K05946	17.3913042
K05949	0
K05951	0
K05952	39.1304347
K05956	0
K05957	0
K05962	0
K05964	0
K05966	0
K05967	0
K05968	0
K05970	0
K05971	0
K05972	0
K05973	0
K05977	0
K05978	0
K05979	0
K05982	0
K05984	0
K05985	17.3913042
K05986	0
K05988	0
K05989	0
K05991	0
K05992	0
K05994	0
K05995	6.0667341
K05996	0
K05997	0
K05998	0
K05999	0
K06001	0
K06006	0
K06011	0
K06012	0
K06013	0
K06015	0
K06016	3.033367
K06017	0
K06019	0
K06020	0
K06021	0
K06022	0
K06023	17.3913042
K06024	99.1718423
K06026	0
K06027	0
K06033	0
K06034	0
K06036	0
K06039	0
K06041	39.1304347
K06042	31.3447926
K06044	9.1001011
K06045	0
K06046	0
K06048	45.5005054
K06049	0
K06073	0
K06074	0
K06075	0
K06076	39.1304347
K06077	0
K06078	0
K06079	0
K06080	0
K06113	0
K06118	2.0222447
K06120	0
K06121	0
K06122	0
K06125	0
K06131	78.6749478
K06132	0
K06133	40.7867494
K06134	0
K06135	0
K06136	0
K06137	0
K06138	0
K06139	0
K06140	0
K06141	0
K06142	0
K06143	0
K06144	0
K06145	0
K06146	0
K06147	184.2794541
K06148	37.4115266
K06149	39.1304347
K06151	0
K06152	0
K06153	102.0222443
K06155	0
K06156	0
K06157	0
K06158	56.1076602
K06159	0
K06160	0
K06161	0
K06162	0
K06163	0
K06164	0
K06165	0
K06166	0
K06167	0
K06168	94.9443879
K06169	39.1304347
K06173	99.9999996
K06175	39.1304347
K06176	39.1304347
K06177	121.7391301
K06178	97.9777549
K06179	47.2194134
K06180	134.782608
K06181	39.1304347
K06182	0
K06183	58.5439836
K06186	39.1304347
K06187	99.9999996
K06188	1.0111223
K06189	39.1304347
K06190	39.1304347
K06191	43.4782607
K06192	0
K06193	76.1760314
K06194	39.1304347
K06195	0
K06196	43.4782607
K06197	0
K06198	15.7349895
K06199	95.2188352
K06200	35.389282
K06201	1.242236
K06202	0
K06203	0
K06204	39.1304347
K06205	0
K06206	0
K06207	99.9999996
K06208	0
K06209	17.3913042
K06211	39.1304347
K06212	0
K06213	44.6916074
K06214	0
K06215	60.8695649
K06216	15.7349895
K06217	99.9999996
K06218	0
K06219	39.1304347
K06221	9.1001011
K06222	0
K06223	41.5667581
K06236	0
K06237	0
K06281	12.1334681
K06282	12.1334681
K06283	0
K06284	0
K06285	0
K06286	17.3913042
K06287	82.6086954
K06288	0
K06289	0
K06290	0
K06291	0
K06292	0
K06293	0
K06294	0
K06295	0
K06296	0
K06297	0
K06298	0
K06299	0
K06300	0
K06301	0
K06302	0
K06303	0
K06304	0
K06305	0
K06306	0
K06307	0
K06308	0
K06309	0
K06310	0
K06311	0
K06312	0
K06313	0
K06314	0
K06315	0
K06317	0
K06318	0
K06319	0
K06320	0
K06321	0
K06322	0
K06323	0
K06324	0
K06325	0
K06326	0
K06327	0
K06328	0
K06329	0
K06330	0
K06331	0
K06332	0
K06333	0
K06334	0
K06335	0
K06336	0
K06337	0
K06338	0
K06339	0
K06340	0
K06341	0
K06342	0
K06343	0
K06344	0
K06345	0
K06346	1.0111223
K06347	17.3913042
K06348	0
K06349	0
K06350	0
K06351	0
K06352	0
K06353	0
K06354	0
K06355	0
K06356	0
K06357	0
K06358	0
K06359	0
K06360	0
K06361	0
K06362	0
K06363	0
K06364	0
K06365	0
K06366	0
K06367	0
K06368	0
K06369	0
K06370	0
K06371	0
K06372	0
K06373	0
K06374	0
K06375	0
K06376	0
K06377	1.6563147
K06378	0
K06379	0
K06380	0
K06381	0
K06382	0
K06383	0
K06384	0.8281573
K06385	0
K06386	0
K06387	0
K06388	0
K06389	0
K06390	0
K06391	0
K06392	0
K06393	0
K06394	0
K06395	0
K06396	0
K06397	0
K06398	0
K06399	0
K06400	5.7971014
K06401	0
K06402	0
K06403	0
K06404	0
K06405	0
K06406	0
K06407	0
K06408	0
K06409	0
K06410	0
K06411	0
K06412	16.5631469
K06413	0
K06414	0
K06415	0
K06416	0
K06417	0
K06418	0
K06419	0
K06420	0
K06421	0
K06422	0
K06423	0
K06424	0
K06425	0
K06426	0
K06427	0
K06428	0
K06429	0
K06430	0
K06431	0
K06432	0
K06433	0
K06434	0
K06435	0
K06436	0
K06437	0
K06438	0
K06439	0
K06440	0
K06441	0
K06442	43.4782607
K06443	5.0556117
K06444	0
K06445	0
K06446	0
K06447	0
K06518	55.6935816
K06580	0
K06595	0
K06596	0
K06597	0
K06598	0
K06599	0
K06600	0
K06601	0
K06602	0
K06603	0
K06604	0
K06605	3.033367
K06606	0
K06607	0
K06608	0
K06609	0
K06610	0
K06714	0
K06718	0
K06720	0
K06726	22.0328372
K06857	0
K06858	0
K06859	0
K06860	42.4671384
K06861	39.1304347
K06864	2.850402
K06866	0
K06867	20.2224468
K06871	1.8392797
K06872	39.5445134
K06873	0
K06876	0
K06877	42.4671384
K06878	16.5631469
K06879	39.1304347
K06880	0
K06881	54.8028308
K06882	0
K06883	0
K06884	0
K06885	17.3913042
K06886	64.9140543
K06887	0
K06888	1.0111223
K06889	46.4249601
K06890	16.9772255
K06891	81.5975731
K06892	0
K06893	0
K06894	0
K06895	56.2280319
K06896	40.141557
K06897	0
K06898	5.2867254
K06899	0
K06900	0
K06901	98.9888773
K06902	7.0778564
K06903	0
K06904	10.3904858
K06905	0
K06906	0
K06907	0
K06908	0
K06909	5.3830227
K06910	57.3258219
K06911	70.4752273
K06912	0
K06915	0.8281573
K06916	39.1304347
K06917	0
K06918	0
K06919	9.4275121
K06920	56.5217389
K06921	0
K06922	0
K06923	39.1304347
K06925	93.9332655
K06926	2.850402
K06927	0
K06928	0
K06929	0
K06931	0
K06933	0
K06934	13.6645962
K06936	0
K06937	0
K06938	0
K06940	0
K06941	90.8998985
K06942	103.0333666
K06944	0
K06945	0
K06946	0
K06947	0
K06948	17.3913042
K06949	99.9999996
K06950	73.9130431
K06951	0
K06952	0
K06953	0
K06954	0
K06955	0
K06956	17.3913042
K06957	0
K06958	89.1858055
K06959	97.9777549
K06960	0
K06962	16.5631469
K06966	142.6982516
K06967	17.3913042
K06968	0
K06969	17.3913042
K06970	0
K06971	0
K06972	39.1304347
K06973	17.3913042
K06974	0
K06975	104.6415326
K06976	0
K06977	0
K06978	15.9179545
K06979	4.0444894
K06980	82.6086954
K06983	0
K06985	0
K06986	9.1001011
K06987	0
K06988	12.1334681
K06989	2.0222447
K06990	0
K06991	0
K06992	0
K06993	0
K06994	125.5813948
K06995	0
K06996	62.6895852
K06997	97.9777549
K06998	25.5091722
K06999	56.2906252
K07000	39.1304347
K07001	3.3126294
K07002	17.8053829
K07003	0
K07004	10.7564158
K07005	4.0444894
K07006	7.0778564
K07007	95.6521736
K07008	39.1304347
K07009	60.8695649
K07010	2.2533584
K07011	4.0444894
K07012	57.3306369
K07013	0
K07014	0
K07015	17.3913042
K07016	0.8281573
K07017	0.4140787
K07018	39.1304347
K07019	39.1304347
K07020	0
K07021	0
K07023	17.3913042
K07024	237.7533811
K07025	54.2250466
K07026	0
K07027	43.4782607
K07028	0
K07029	37.8159754
K07030	58.8473202
K07031	0
K07032	21.8017236
K07033	0.4140787
K07034	0
K07035	94.1354899
K07037	0
K07038	34.7826084
K07039	39.1304347
K07040	99.5859209
K07041	0
K07042	99.9999996
K07043	82.6086954
K07044	0
K07045	10.6697481
K07046	5.4696904
K07047	3.033367
K07048	2.0222447
K07050	0
K07051	0
K07052	165.1451673
K07053	39.1304347
K07054	80.5864507
K07056	99.9999996
K07057	0
K07058	114.1557124
K07061	0
K07062	40.141557
K07063	0
K07064	0
K07065	0
K07066	0
K07067	6.0667341
K07068	0
K07069	0.4140787
K07070	39.1304347
K07071	58.8473202
K07074	0
K07075	1.0111223
K07076	0
K07077	5.8837691
K07078	14.9068322
K07079	0
K07080	0
K07081	0
K07082	82.6086954
K07083	0
K07084	87.8665315
K07085	73.811931
K07086	0
K07088	91.4969422
K07089	35.023352
K07090	186.1668824
K07091	39.1304347
K07092	0
K07093	47.2194134
K07094	17.3913042
K07095	17.8053829
K07096	0
K07097	0
K07098	0
K07099	0
K07100	0
K07101	37.4115266
K07102	39.1304347
K07104	40.2041501
K07105	0.4140787
K07106	16.5631469
K07107	173.498964
K07109	0
K07110	45.5005054
K07112	40.4160044
K07113	79.5753284
K07114	13.1445904
K07115	39.1304347
K07116	0
K07117	0
K07118	6.2978477
K07119	37.5656024
K07120	65.9251766
K07121	0
K07122	0
K07123	0
K07124	63.7199669
K07125	0
K07126	39.1304347
K07127	1.0111223
K07129	0
K07130	0
K07131	0
K07132	2.484472
K07133	14.1557128
K07136	0
K07137	0
K07138	0
K07139	17.3913042
K07140	1.0111223
K07141	1.0111223
K07145	73.2052574
K07146	92.3973225
K07147	0
K07148	2.8985507
K07149	4.0444894
K07150	0
K07152	39.1304347
K07153	0
K07154	7.0778564
K07155	0
K07156	43.8923394
K07157	0
K07160	29.5247723
K07161	0
K07162	0
K07164	41.456016
K07165	0
K07166	43.4782607
K07167	0
K07168	0
K07169	0
K07170	17.3913042
K07171	18.6335402
K07172	0.4140787
K07173	19.4135489
K07175	9.1001011
K07176	0
K07177	43.4782607
K07178	0
K07180	0
K07181	0
K07182	41.456016
K07183	0.4140787
K07184	0
K07185	3.0815157
K07186	0
K07190	0
K07192	3.033367
K07212	0
K07213	56.1076602
K07214	9.1001011
K07215	39.1304347
K07216	0
K07217	1.0111223
K07218	0
K07219	0
K07220	17.3913042
K07221	0
K07222	10.1112234
K07223	40.141557
K07224	58.0817562
K07225	0
K07226	0
K07227	0
K07228	0.8281573
K07229	0
K07230	0
K07231	0
K07232	0
K07233	0
K07234	78.2608694
K07235	39.1304347
K07236	39.1304347
K07237	0
K07238	11.2186431
K07239	0
K07240	6.0667341
K07241	14.9068322
K07242	0
K07243	17.9401992
K07245	44.489383
K07246	1.0111223
K07248	2.0703934
K07250	11.5364244
K07251	0
K07255	0
K07256	0
K07257	0
K07258	56.4591455
K07259	44.489383
K07260	0
K07261	0
K07262	39.1304347
K07263	0
K07264	0
K07265	0
K07266	0
K07267	0
K07268	0
K07269	0
K07270	39.1304347
K07271	0
K07272	0
K07273	0.4140787
K07274	39.1304347
K07275	0
K07276	0
K07277	39.1304347
K07278	0
K07279	0
K07280	0
K07281	0
K07282	2.8985507
K07283	0
K07284	27.5025276
K07285	0
K07286	0
K07287	0
K07288	0
K07289	0
K07290	0
K07300	45.1971688
K07301	4.0444894
K07302	0
K07303	0
K07304	125.2684283
K07305	99.5859209
K07306	2.0222447
K07307	2.0222447
K07308	2.0222447
K07309	0
K07310	0
K07311	0
K07312	0
K07313	2.484472
K07314	0
K07315	15.7349895
K07316	53.2861475
K07317	0
K07318	0
K07319	1.0111223
K07320	39.1304347
K07321	0
K07322	15.7349895
K07323	0
K07326	0
K07334	6.0667341
K07335	0
K07336	0
K07337	0
K07338	0
K07339	0
K07340	39.1304347
K07341	2.4363234
K07343	0
K07344	0
K07345	0
K07346	0
K07347	0
K07348	0
K07349	0
K07350	0
K07351	0
K07352	0
K07353	0
K07354	0
K07355	0
K07356	0
K07357	0
K07358	0
K07386	43.4782607
K07387	0
K07389	0
K07390	39.1304347
K07391	78.564206
K07393	26.2891809
K07394	39.1304347
K07395	0
K07396	0
K07397	78.564206
K07399	60.6673405
K07400	39.1304347
K07401	0
K07402	2.0222447
K07403	0
K07404	0
K07405	0
K07406	0
K07407	0
K07442	43.4782607
K07443	0
K07444	17.3913042
K07445	0
K07447	99.9999996
K07448	2.0222447
K07449	0
K07451	0
K07452	0
K07453	0.4140787
K07454	0
K07455	11.7771678
K07456	17.3913042
K07457	16.1490682
K07458	0.4140787
K07459	0
K07460	69.464105
K07461	16.9772255
K07462	58.5439836
K07464	0
K07465	42.4671384
K07467	2.8985507
K07470	0
K07471	0
K07473	0
K07474	17.8053829
K07476	15.3209108
K07478	99.5859209
K07479	0
K07480	0
K07481	0
K07482	8.0023111
K07483	24.1802686
K07484	0
K07485	8.3682411
K07486	0
K07487	0
K07488	0
K07489	0
K07490	0
K07491	50.7246375
K07492	2.0222447
K07493	0
K07494	2.0222447
K07495	0
K07496	0
K07497	18.4794645
K07498	5.2867254
K07499	0
K07501	39.1304347
K07502	0
K07503	43.4782607
K07504	4.0444894
K07505	0
K07506	0
K07507	1.425201
K07516	16.9290769
K07518	0
K07519	0
K07533	17.3913042
K07534	0
K07535	1.0111223
K07536	0
K07537	0
K07538	0
K07539	0
K07540	0
K07543	0
K07544	0
K07545	0
K07546	0
K07547	0
K07548	0
K07549	0
K07550	0
K07552	79.5464391
K07559	0
K07560	99.5859209
K07566	91.0973082
K07567	57.1187826
K07568	56.5217389
K07570	0
K07571	17.3913042
K07574	56.5217389
K07576	0
K07577	0
K07578	0
K07584	15.3209108
K07586	17.3913042
K07588	35.389282
K07589	0
K07590	16.1490682
K07591	0
K07592	0
K07636	56.5217389
K07637	0
K07638	39.1304347
K07639	39.1304347
K07640	0
K07641	0
K07642	0
K07643	0
K07644	0
K07645	0
K07646	20.6557849
K07647	0
K07648	0
K07649	0
K07650	0
K07651	17.3913042
K07652	17.3913042
K07653	41.456016
K07654	43.4782607
K07657	55.3083922
K07658	17.3913042
K07659	39.1304347
K07660	0
K07661	39.1304347
K07662	0
K07663	0
K07664	0
K07665	0
K07666	0
K07667	20.6557849
K07668	17.3913042
K07669	41.456016
K07670	43.4782607
K07671	0
K07673	39.1304347
K07674	0
K07675	0
K07676	0
K07677	0
K07678	39.1304347
K07679	0
K07680	0
K07681	17.3913042
K07683	16.5631469
K07684	39.1304347
K07685	0
K07686	0
K07687	0
K07688	0
K07689	0
K07690	0
K07691	0
K07692	0
K07693	5.0556117
K07694	17.3913042
K07695	0
K07696	16.9772255
K07697	0
K07698	0
K07699	0
K07700	0
K07701	0
K07702	0
K07703	0
K07704	16.9772255
K07705	16.5631469
K07706	16.9772255
K07707	17.3913042
K07708	0
K07709	0
K07710	0
K07711	0
K07712	0
K07713	0
K07714	0
K07715	0
K07716	0
K07717	0
K07718	0
K07719	0
K07720	14.9068322
K07722	0
K07723	0
K07724	0
K07726	0
K07727	8.9652848
K07729	23.3232219
K07733	0
K07734	5.3830227
K07735	78.564206
K07736	43.4782607
K07737	5.0556117
K07738	99.9999996
K07739	0
K07740	0
K07741	8.0504598
K07742	58.4332415
K07746	0
K07749	0
K07751	0
K07757	0
K07768	43.4782607
K07769	0
K07770	0
K07771	0
K07772	0
K07773	0
K07774	0
K07775	16.9772255
K07776	43.4782607
K07777	0
K07778	23.1787759
K07780	0
K07781	0
K07782	0
K07783	0
K07784	34.7152003
K07785	0
K07786	0
K07787	0
K07788	0
K07789	0
K07790	0
K07791	38.1048677
K07792	31.3447926
K07793	5.4696904
K07794	4.458568
K07795	4.0444894
K07796	0
K07797	0
K07798	0
K07799	0
K07800	16.1490682
K07801	0
K07802	0
K07803	0
K07804	0
K07805	0
K07806	0
K07807	0
K07810	0
K07811	0
K07812	0
K07813	17.3913042
K07814	0
K07816	16.9772255
K07821	0
K07823	0
K07824	0
K07862	39.1304347
K07978	0
K07979	8.6956521
K07991	0
K08068	0
K08070	0.8281573
K08076	0
K08077	0
K08078	0
K08081	0
K08082	0
K08083	0
K08084	39.1304347
K08085	0
K08086	0
K08087	0
K08088	0
K08092	0
K08093	18.6335402
K08094	17.8053829
K08095	0
K08097	0
K08100	0
K08137	0
K08138	0
K08139	0.4140787
K08151	0
K08152	0
K08153	17.3913042
K08154	0
K08156	43.1123307
K08159	0
K08160	0
K08161	0
K08162	0
K08163	0
K08164	0.4140787
K08166	0
K08167	33.781116
K08168	0.4140787
K08169	0
K08170	46.3286625
K08172	0
K08173	0
K08174	0
K08177	1.0111223
K08178	0
K08191	0
K08194	0
K08195	0
K08196	0
K08217	6.0667341
K08218	39.1304347
K08219	0
K08220	0
K08221	0
K08222	0
K08223	0
K08224	30.7477489
K08225	0
K08226	0
K08227	0
K08234	0
K08252	0
K08253	0.8281573
K08255	9.1097308
K08256	43.4782607
K08258	14.0786748
K08259	12.8364388
K08261	0
K08262	0
K08276	0
K08277	0
K08278	0
K08279	0
K08280	0
K08281	42.4671384
K08282	0
K08286	0
K08289	43.4782607
K08295	0
K08296	42.1638017
K08297	0
K08298	0
K08299	0
K08300	81.5975731
K08301	39.1304347
K08302	0
K08303	56.5217389
K08304	0
K08305	0
K08306	0
K08307	39.1304347
K08308	0
K08309	39.1304347
K08310	0
K08311	39.1304347
K08312	0
K08313	0
K08314	0
K08315	0
K08316	82.6086954
K08317	0
K08318	0
K08319	0
K08320	0
K08321	0
K08322	0
K08323	1.0111223
K08324	0
K08325	0
K08326	0
K08344	0
K08348	0
K08349	0
K08350	0
K08351	0
K08352	0
K08353	0
K08354	0
K08355	0
K08356	0
K08357	0
K08358	0
K08359	0
K08363	0
K08364	0
K08365	0
K08368	0
K08369	40.4448937
K08372	43.4782607
K08384	0
K08475	0
K08476	0
K08477	0
K08478	0
K08479	0
K08480	0
K08481	0
K08482	0
K08483	56.8250755
K08484	0
K08485	0
K08566	0
K08567	0
K08586	0
K08587	0
K08589	0
K08590	17.3913042
K08591	18.4024265
K08597	0
K08598	0
K08599	0
K08600	14.0786748
K08602	17.3913042
K08603	0
K08604	0
K08605	0
K08641	0
K08642	0
K08643	0
K08646	0
K08651	0
K08652	0
K08659	0
K08675	0
K08676	0
K08677	0
K08679	0.4140787
K08680	17.3913042
K08681	57.8361979
K08682	0
K08685	0
K08686	0
K08687	0
K08688	1.0111223
K08689	0
K08690	0
K08691	0
K08692	0
K08693	0
K08696	0
K08697	0
K08698	0
K08699	0
K08700	0
K08710	0
K08713	0
K08714	0
K08715	0
K08717	18.5853915
K08720	0
K08721	0
K08722	0
K08723	0
K08724	0
K08728	0
K08738	0
K08777	0
K08838	0
K08884	148.42313
K08900	0
K08902	0
K08903	0
K08904	0
K08906	0
K08918	0
K08919	0
K08920	0
K08921	0
K08922	0
K08923	0
K08924	0
K08925	0
K08926	0
K08927	0
K08928	0
K08929	0
K08930	0
K08939	0
K08961	0
K08963	0
K08964	0
K08965	0
K08966	0
K08967	0
K08969	0
K08970	0
K08972	10.1112234
K08973	39.1304347
K08974	58.4332415
K08976	17.3913042
K08977	0
K08978	0
K08980	0
K08981	40.6471181
K08982	0.4140787
K08983	0
K08984	0
K08985	0
K08986	0
K08987	19.7313302
K08988	0
K08989	0
K08990	0
K08992	0
K08993	0
K08994	39.1304347
K08995	0
K08996	16.9772255
K08997	39.1304347
K08998	78.3523517
K08999	38.422649
K09000	0
K09001	39.1304347
K09002	2.0703934
K09003	0
K09004	0
K09005	0
K09007	17.3913042
K09008	0
K09009	41.456016
K09011	0
K09012	0
K09013	60.8695649
K09014	60.8695649
K09015	60.4554862
K09016	0
K09017	3.033367
K09018	0
K09019	3.033367
K09020	0
K09021	0
K09022	0
K09023	0
K09024	39.1304347
K09065	0
K09116	0
K09117	74.5197167
K09118	43.4782607
K09120	0
K09121	5.2867254
K09122	0
K09123	0
K09124	0
K09125	41.6582404
K09126	0
K09127	0
K09128	0
K09129	0
K09131	0
K09132	0
K09134	11.1801241
K09136	52.3953968
K09137	0
K09138	0
K09141	0
K09143	0
K09144	0
K09145	9.1097308
K09146	41.456016
K09153	6.0667341
K09154	0
K09155	0.4140787
K09157	43.4782607
K09158	39.1304347
K09159	39.1304347
K09160	39.1304347
K09161	2.0222447
K09162	60.4554862
K09163	0
K09164	6.0667341
K09165	0
K09166	0
K09167	40.6471181
K09181	0
K09190	0
K09251	0
K09252	0
K09384	6.4808127
K09386	0
K09388	0
K09456	1.0111223
K09457	17.3913042
K09458	56.5217389
K09459	0
K09461	0
K09469	0
K09470	0
K09471	0
K09472	0
K09473	0
K09474	0
K09475	0
K09476	0
K09477	0
K09483	0
K09516	0
K09607	0
K09612	0
K09650	0
K09680	17.3913042
K09681	5.0556117
K09682	0.8281573
K09683	0
K09684	11.5364244
K09685	16.9772255
K09686	301.3192728
K09687	294.395492
K09688	0
K09689	0
K09690	45.5005054
K09691	42.4671384
K09692	35.6107657
K09693	35.6107657
K09694	0
K09695	0
K09696	0
K09697	0
K09698	17.3913042
K09699	17.3913042
K09700	0
K09701	0
K09702	0
K09703	0
K09704	0
K09705	16.5631469
K09706	0
K09707	0
K09709	0
K09710	99.9999996
K09711	0
K09712	0
K09720	0
K09726	0
K09729	0
K09732	0
K09740	0
K09744	0
K09747	99.9999996
K09748	99.9999996
K09749	0
K09758	0
K09759	0
K09760	2.0222447
K09761	99.9999996
K09762	60.8695649
K09763	17.3913042
K09764	1.0111223
K09765	56.5217389
K09766	0
K09767	39.1304347
K09768	56.5217389
K09769	17.3913042
K09770	0
K09771	15.3209108
K09772	60.8695649
K09773	61.673648
K09774	39.1304347
K09775	0
K09776	0
K09777	0
K09778	0
K09779	0
K09780	67.8559389
K09781	81.5975731
K09785	0
K09786	0
K09787	16.9772255
K09788	39.1304347
K09789	0
K09790	85.3820595
K09791	40.4448937
K09792	39.1304347
K09793	17.5742692
K09794	39.1304347
K09795	39.1304347
K09796	42.4671384
K09797	0
K09798	0
K09799	39.1304347
K09800	39.1304347
K09801	39.1304347
K09802	0
K09803	0
K09804	0
K09805	39.1304347
K09806	0
K09807	1.0111223
K09808	39.1304347
K09809	12.4223601
K09810	39.1304347
K09811	43.4782607
K09812	43.4782607
K09813	17.3913042
K09814	17.3913042
K09815	57.7639749
K09816	56.5217389
K09817	56.5217389
K09818	0
K09819	6.0667341
K09820	5.0556117
K09822	16.1490682
K09823	39.1304347
K09824	0
K09825	17.3913042
K09826	0
K09833	0
K09834	0
K09835	0
K09836	0
K09844	0
K09845	0
K09846	0
K09847	0
K09857	0
K09858	62.3862486
K09859	0
K09860	0
K09861	82.6086954
K09862	39.1304347
K09879	0
K09880	0
K09882	0
K09883	0
K09888	56.5217389
K09889	39.1304347
K09890	0
K09891	0
K09892	0
K09893	0
K09894	0
K09895	39.1304347
K09896	0
K09897	0
K09898	0
K09899	0
K09900	0
K09901	0
K09902	39.1304347
K09903	99.9999996
K09904	0
K09906	39.1304347
K09907	0
K09908	0
K09909	39.1304347
K09910	0
K09911	0
K09912	0
K09913	0
K09914	0
K09915	0
K09916	39.1304347
K09917	0
K09918	0
K09919	0
K09920	0
K09921	0
K09922	0
K09923	0
K09924	0
K09925	0
K09926	39.1304347
K09927	0
K09928	39.1304347
K09929	0
K09930	0
K09931	0
K09932	0
K09933	0
K09934	0
K09935	0
K09936	40.2330394
K09937	0
K09938	0
K09939	0
K09940	16.9772255
K09941	0
K09942	0
K09943	0
K09944	0
K09945	0
K09946	18.2002022
K09947	0
K09948	0
K09949	0
K09950	0
K09951	9.5623284
K09952	7.4919351
K09953	0
K09954	0
K09955	0
K09956	6.0667341
K09957	1.0111223
K09958	0
K09959	0
K09960	0
K09961	0
K09962	0
K09963	16.5631469
K09964	0
K09965	0
K09966	0
K09967	2.0222447
K09968	1.242236
K09969	0
K09970	0
K09971	0
K09972	0
K09973	0
K09974	0
K09975	1.0111223
K09976	17.3913042
K09977	0
K09978	0
K09979	0
K09980	0
K09981	0
K09982	0
K09983	0
K09984	0
K09985	0
K09986	39.1304347
K09987	0
K09988	0
K09989	0
K09990	0
K09991	0
K09992	0
K09994	0
K09996	0
K09997	0
K09998	0
K09999	0
K10000	0
K10001	0
K10002	0
K10003	0
K10004	0
K10005	30.3336703
K10006	28.3114256
K10007	29.3225479
K10008	29.3225479
K10009	16.5631469
K10010	16.5631469
K10011	0
K10012	0
K10013	0
K10014	0
K10015	0
K10016	0
K10017	0
K10018	0
K10019	0
K10020	0
K10021	0
K10022	0
K10023	0
K10024	0
K10025	0
K10026	56.5217389
K10027	1.0111223
K10036	0
K10037	0
K10038	0
K10039	0
K10040	0
K10041	0
K10094	0
K10107	0
K10108	0
K10109	0
K10110	0
K10111	0
K10112	16.3320332
K10117	5.0556117
K10118	5.0556117
K10119	5.0556117
K10120	0
K10121	0
K10122	0
K10123	0
K10124	0
K10125	0
K10126	0
K10187	0
K10188	0
K10189	0
K10190	0
K10191	0
K10192	0
K10193	0
K10194	0
K10195	0
K10200	0
K10201	0
K10202	0
K10206	0
K10208	14.4927535
K10209	14.4927535
K10210	14.0786748
K10211	14.0786748
K10212	7.0393374
K10213	0
K10215	1.0111223
K10216	0
K10217	0
K10218	0
K10219	0
K10220	0
K10221	0
K10222	0
K10227	0
K10228	0
K10229	0
K10230	0
K10231	0
K10232	0
K10233	0
K10234	0
K10235	0
K10236	0
K10237	0
K10238	0
K10239	0
K10240	0
K10241	0
K10242	0
K10243	0
K10253	0
K10254	17.3431555
K10255	0
K10257	0
K10297	0
K10353	0
K10439	5.8837691
K10440	5.8837691
K10441	5.8837691
K10530	0
K10531	2.0222447
K10533	0
K10536	0
K10537	0
K10538	0
K10539	0
K10540	0
K10541	0
K10542	0
K10543	0
K10544	0
K10545	0
K10546	0
K10547	0
K10548	0
K10549	0
K10550	0
K10551	0
K10552	0
K10553	0
K10554	0
K10555	0
K10556	0
K10557	0
K10558	0
K10559	0
K10560	0
K10561	0
K10562	0
K10563	103.0333666
K10564	0
K10565	0
K10616	0
K10617	0
K10618	0
K10619	0
K10620	0
K10621	0
K10622	0
K10623	0
K10670	0
K10671	0
K10672	0
K10673	1.0111223
K10674	0
K10676	3.033367
K10677	0
K10678	39.1304347
K10679	0
K10680	0
K10681	16.1490682
K10682	16.1490682
K10697	0
K10700	0
K10701	0
K10702	0
K10704	0
K10708	0
K10709	0
K10710	0
K10711	0
K10713	0
K10714	0
K10715	0
K10716	83.6198177
K10748	0
K10762	0
K10763	39.1304347
K10764	39.1304347
K10773	99.9999996
K10774	0
K10775	0
K10778	0
K10780	0
K10783	0
K10793	0
K10794	0
K10795	0
K10796	0
K10797	0
K10798	0
K10799	0
K10800	0
K10804	0
K10805	80.5864507
K10806	0
K10810	2.484472
K10811	0
K10814	0
K10815	0
K10816	0
K10817	0
K10819	0
K10822	0
K10823	57.7639749
K10824	16.1490682
K10826	0
K10829	0
K10831	0
K10834	0
K10843	43.4782607
K10844	0
K10850	16.9772255
K10851	16.5631469
K10852	0
K10854	0
K10855	0
K10856	0
K10857	0
K10906	0
K10907	0
K10908	0
K10911	0
K10912	0
K10913	0
K10914	0
K10915	0
K10916	0
K10917	0
K10918	0
K10921	0
K10922	0
K10924	0
K10925	0
K10926	0
K10927	0
K10930	0
K10931	0
K10932	0
K10934	0
K10938	0
K10939	0
K10940	0
K10941	0
K10942	0
K10943	0
K10947	33.887043
K10948	0
K10953	0
K10954	0
K10960	0
K10962	0
K10965	0
K10972	0
K10973	0
K10974	0
K10975	0.4140787
K10979	0
K10984	0
K10985	0
K10986	0
K11003	0
K11004	0
K11005	0
K11006	0
K11007	0
K11008	0
K11009	0
K11010	0
K11011	0
K11012	0
K11013	0
K11014	0
K11015	0
K11016	0
K11017	0
K11018	0
K11020	0
K11021	0
K11023	0
K11024	0
K11025	0
K11026	0
K11027	0
K11028	0
K11029	0
K11031	0
K11032	12.0082815
K11033	0
K11034	0
K11035	0
K11036	0
K11037	0
K11038	94.4099371
K11039	11.1801241
K11040	65.0103514
K11041	14.4927535
K11042	13.2505175
K11043	2.0703934
K11044	0
K11045	0
K11046	0
K11047	0
K11048	0
K11049	0
K11050	4.0444894
K11051	4.0444894
K11052	0
K11053	0
K11054	0
K11055	0
K11056	0
K11058	0
K11059	0
K11060	0
K11061	0
K11062	0
K11063	0
K11065	55.8139532
K11066	0
K11068	59.8584426
K11069	18.4024265
K11070	17.9883479
K11071	17.5742692
K11072	18.8165052
K11073	0
K11074	0
K11075	0
K11076	0
K11077	0
K11078	0
K11079	0
K11080	0
K11081	0
K11082	0
K11083	0
K11084	0
K11085	56.5217389
K11089	0
K11102	16.5631469
K11103	27.3003032
K11104	1.6563147
K11105	39.1304347
K11106	0
K11107	39.1304347
K11130	0
K11139	0
K11144	17.3913042
K11145	17.3913042
K11159	0
K11175	98.5747986
K11177	1.0111223
K11178	1.0111223
K11179	39.1304347
K11180	0
K11181	0
K11183	0
K11184	0
K11189	56.8250755
K11191	0
K11192	0
K11194	0
K11195	0
K11196	0
K11198	0
K11199	0
K11200	0
K11201	0
K11202	0
K11203	0
K11208	0
K11209	39.1304347
K11210	12.4223601
K11211	0
K11212	0
K11214	0
K11216	0
K11249	0
K11250	39.1304347
K11258	0
K11261	0
K11263	54.6006065
K11264	0
K11275	0
K11311	0
K11312	0
K11325	0
K11327	0
K11328	0
K11329	0
K11330	0
K11331	0
K11332	0
K11333	0
K11334	0
K11335	0
K11336	0
K11337	0
K11354	0
K11355	0
K11356	0
K11357	0
K11358	0
K11381	0
K11382	0
K11383	0
K11384	0
K11385	0
K11386	0
K11387	43.4782607
K11391	0
K11392	0
K11434	0
K11440	0
K11441	0
K11442	9.1097308
K11443	0
K11444	0
K11472	0
K11473	0.8281573
K11474	0
K11475	0
K11476	17.3913042
K11477	0
K11520	0
K11521	0
K11522	0
K11523	0
K11524	0
K11525	0
K11526	0
K11527	0
K11528	0
K11529	0
K11530	0
K11531	0
K11532	0
K11533	43.4782607
K11534	0
K11535	17.3913042
K11537	0
K11601	4.0444894
K11602	4.0444894
K11603	1.0111223
K11604	39.1304347
K11605	39.1304347
K11606	39.1304347
K11607	41.1526794
K11608	0
K11609	0
K11610	0
K11611	0
K11614	0
K11615	0
K11616	0
K11617	0
K11618	0
K11619	0
K11620	0
K11621	0
K11622	0
K11623	0
K11624	0
K11625	0
K11626	0
K11629	17.3913042
K11630	17.3913042
K11631	33.1262937
K11632	33.1262937
K11633	0
K11634	0
K11635	0
K11636	0
K11637	0
K11638	0
K11639	0
K11640	0
K11641	0
K11645	0
K11646	0
K11685	0
K11686	0
K11688	0
K11689	0
K11690	0
K11691	0
K11692	0
K11693	17.3913042
K11694	17.3913042
K11695	17.3913042
K11704	17.3913042
K11705	17.3913042
K11706	18.4024265
K11707	52.5783618
K11708	31.3447926
K11709	31.3447926
K11710	31.3447926
K11711	0
K11712	0
K11717	60.8695649
K11719	39.1304347
K11720	39.1304347
K11731	0
K11732	1.0111223
K11733	18.4024265
K11734	0
K11735	2.0222447
K11736	0
K11737	37.7678268
K11738	22.2446915
K11739	0
K11740	0
K11741	11.3149405
K11742	0
K11743	0
K11744	0
K11745	0
K11746	0
K11747	39.1304347
K11748	0
K11749	56.5217389
K11750	0
K11751	0
K11752	99.9999996
K11753	99.9999996
K11754	100.4140783
K11755	54.4513455
K11777	0
K11779	0
K11780	0
K11781	0
K11811	0
K11814	0
K11815	0
K11889	0
K11890	0
K11891	0
K11892	0
K11893	0
K11894	0
K11895	0
K11896	0
K11897	0
K11898	0
K11899	0
K11900	0
K11901	0
K11902	0
K11903	0
K11904	0
K11905	0
K11906	0
K11907	0
K11908	0
K11909	0
K11910	0
K11911	0
K11912	0
K11913	0
K11914	0
K11915	0
K11916	0
K11917	0
K11918	0
K11919	0
K11920	0
K11921	0
K11922	0
K11923	0
K11924	0
K11925	0
K11926	0
K11927	0
K11928	61.6977222
K11929	0
K11930	0
K11931	0
K11932	0
K11933	0
K11934	0
K11935	0
K11936	15.3209108
K11937	0
K11938	0
K11939	27.3003032
K11940	0
K11941	0
K11942	0
K11945	0
K11950	0
K11951	0
K11952	0
K11953	0
K11954	0
K11955	0
K11956	0
K11957	0
K11958	0
K11959	5.0556117
K11960	5.0556117
K11961	5.0556117
K11962	5.0556117
K11963	5.0556117
K11964	0
K11987	0
K11991	37.796716
K11996	124.6569402
K12048	0
K12049	0
K12050	0
K12051	0
K12052	0
K12053	0
K12054	0
K12055	0
K12056	0
K12057	0
K12058	0
K12059	0
K12060	0
K12061	0
K12062	0
K12063	0
K12064	0
K12065	0
K12066	0
K12067	0
K12068	0
K12069	0
K12070	0
K12071	0
K12072	0
K12073	0
K12078	0
K12079	0
K12080	0
K12081	0
K12082	0
K12083	0
K12084	0
K12085	0
K12086	0
K12087	0
K12088	0
K12089	0
K12090	0
K12091	0
K12092	0
K12093	0
K12094	0
K12095	0
K12096	0
K12097	0
K12098	0
K12099	0
K12100	0
K12101	0
K12102	0
K12103	0
K12104	0
K12105	0
K12106	0
K12107	0
K12108	0
K12109	0
K12110	0
K12111	0
K12112	0
K12113	0
K12136	0
K12137	0
K12138	0
K12139	0
K12140	0
K12141	0
K12142	0
K12143	0
K12144	0
K12145	0
K12146	0
K12147	0
K12148	0
K12149	0
K12151	0
K12152	0
K12203	0
K12204	0
K12205	0
K12206	0
K12207	0
K12209	0
K12212	0
K12213	0
K12214	0
K12217	0
K12218	0
K12222	0
K12228	0
K12234	0
K12238	0
K12239	0
K12240	0
K12241	0
K12242	0
K12243	0
K12246	0
K12247	0
K12248	0
K12251	0
K12252	0
K12253	0
K12254	0
K12255	0
K12256	0
K12257	17.3913042
K12262	39.1304347
K12263	0
K12264	0
K12265	0
K12266	0
K12267	39.1304347
K12268	15.7349895
K12269	16.1490682
K12270	15.7349895
K12276	0
K12277	0
K12278	0
K12279	0
K12280	0
K12281	0
K12282	0
K12283	0
K12284	0
K12285	0
K12286	0
K12287	0
K12288	0
K12289	0
K12290	0
K12291	0
K12292	0.4140787
K12293	0
K12294	0
K12295	0
K12296	0
K12297	39.1304347
K12299	0
K12308	0.8281573
K12339	39.1304347
K12340	0
K12342	0
K12343	0
K12368	0
K12369	0
K12370	0
K12371	0
K12372	0
K12373	1.6563147
K12410	29.5247723
K12415	0
K12420	0
K12421	0
K12428	42.4671384
K12429	0
K12436	0
K12437	42.4671384
K12443	0
K12452	0
K12453	0
K12454	0
K12455	0
K12500	0
K12503	43.4782607
K12506	0
K12507	0
K12508	1.0111223
K12509	0
K12510	43.4782607
K12511	0
K12512	0
K12513	0
K12514	0
K12515	0
K12516	0
K12517	0
K12518	0
K12519	0
K12520	0
K12521	0
K12522	0
K12523	0
K12524	0
K12525	0
K12526	0
K12527	0
K12528	0
K12529	0
K12530	0
K12531	0
K12532	0
K12533	0
K12534	0
K12535	0
K12536	0
K12537	0
K12538	0
K12539	0
K12540	0
K12541	0
K12542	0
K12543	0
K12544	0
K12545	0
K12547	0
K12548	0
K12549	0
K12551	16.9772255
K12552	17.3913042
K12553	17.3913042
K12554	0
K12555	0
K12556	0
K12573	56.5217389
K12574	77.2497468
K12582	0
K12583	43.4782607
K12600	0
K12658	0
K12660	0
K12661	0
K12673	0
K12674	0
K12675	0
K12676	0
K12678	0
K12680	0
K12681	0
K12682	0
K12683	0
K12684	0
K12685	0
K12686	40.141557
K12687	0
K12688	0
K12689	0
K12690	0
K12700	2.484472
K12784	0
K12785	0
K12786	0
K12787	0
K12788	0
K12789	0
K12790	0
K12809	0
K12940	0
K12941	0
K12942	96.3214402
K12943	0
K12944	0
K12945	0
K12949	1.0111223
K12950	0
K12952	0
K12953	0
K12955	0
K12956	0
K12957	0
K12960	0
K12961	0
K12962	0
K12963	0
K12972	0
K12973	0
K12974	0
K12975	0
K12976	0
K12977	0
K12979	0
K12980	0
K12981	0
K12982	0
K12983	0
K12984	0
K12985	0
K12986	0
K12987	0
K12988	0
K12989	0
K12990	0
K12991	0
K12992	0
K12993	0
K12994	0
K12995	0
K12996	0
K12997	0
K12998	0
K12999	0
K13000	0
K13001	0
K13002	0
K13004	0
K13005	0
K13006	0
K13007	0
K13008	0
K13009	0
K13010	0
K13011	0
K13012	14.9068322
K13013	0
K13014	0
K13015	0
K13016	0
K13017	0
K13018	0
K13019	0
K13020	0
K13021	0
K13028	0
K13037	0
K13038	99.9999996
K13039	0
K13040	0
K13041	0
K13042	0
K13043	0
K13049	0
K13051	0
K13052	17.3913042
K13053	0
K13057	0
K13058	0
K13059	0
K13060	0
K13061	0
K13062	0
K13063	0
K13069	0
K13075	0
K13085	0
K13086	0
K13238	0
K13243	0
K13244	0
K13245	0
K13252	0
K13255	0
K13256	0.4140787
K13274	0
K13275	0
K13276	0
K13277	0
K13280	1.0111223
K13281	0
K13282	0
K13283	0
K13284	0
K13285	0
K13286	0
K13287	0
K13288	83.6198177
K13292	56.5217389
K13300	0
K13301	0
K13317	0
K13318	0
K13378	39.1304347
K13381	0
K13408	0
K13409	0
K13419	0
K13421	0
K13444	0
K13450	0
K13451	0
K13452	0
K13454	0
K13455	0
K13461	0
K13472	0
K13478	0
K13479	0
K13480	0
K13481	1.0111223
K13482	1.0111223
K13483	1.0111223
K13485	0
K13486	0
K13487	0
K13488	0
K13489	0
K13490	0
K13491	0
K13497	0
K13498	37.4115266
K13500	0
K13503	0
K13522	39.1304347
K13525	0
K13527	42.4671384
K13529	0
K13530	0
K13531	0
K13532	0
K13533	0
K13540	30.3336703
K13541	0
K13542	43.4782607
K13543	0
K13570	43.4782607
K13571	86.9565214
K13572	5.0556117
K13573	43.4782607
K13574	0
K13580	35.389282
K13581	0
K13582	0
K13583	0
K13584	0
K13585	0
K13586	0
K13587	0
K13588	0
K13589	0
K13590	0
K13591	0
K13592	0
K13593	0
K13598	0
K13599	0
K13607	0
K13611	0
K13612	0
K13613	0
K13614	0
K13615	0
K13620	0
K13622	0
K13623	0
K13626	0
K13628	54.8654242
K13629	0
K13630	0
K13631	0
K13632	0
K13633	0
K13634	0
K13635	39.1304347
K13636	0
K13637	0
K13638	0
K13639	1.0111223
K13640	43.4782607
K13641	0
K13642	0
K13643	39.1304347
K13650	0
K13651	0
K13652	0
K13653	3.033367
K13654	0
K13655	0
K13656	0
K13657	0
K13658	0
K13659	0
K13660	0
K13661	0
K13662	0
K13663	0
K13664	0
K13665	0
K13668	43.4782607
K13669	0
K13670	0
K13671	60.6673405
K13678	0
K13683	0
K13684	0
K13686	43.4782607
K13687	38.422649
K13688	0
K13689	0
K13693	33.3670373
K13694	0
K13695	0
K13713	0
K13714	17.3913042
K13715	13.6645962
K13727	0
K13730	0
K13731	0
K13732	13.2505175
K13733	10.3519668
K13734	0
K13735	0
K13739	0
K13740	0
K13741	0
K13743	0
K13745	40.141557
K13746	0
K13747	39.1304347
K13766	0
K13767	0
K13770	0
K13771	46.2082911
K13772	0
K13774	0
K13775	1.0111223
K13776	0
K13777	0
K13778	0
K13779	0
K13786	0
K13787	43.4782607
K13788	82.6086954
K13789	22.4469159
K13790	0
K13792	0
K13793	0
K13794	0
K13795	0
K13796	0
K13797	0
K13799	0
K13810	0
K13815	0
K13816	0
K13818	0
K13819	0
K13820	0
K13821	52.2750251
K13829	0
K13831	0
K13832	0
K13853	17.3913042
K13873	0
K13874	0
K13875	0
K13876	0
K13877	0
K13888	0
K13889	0
K13890	0
K13891	0
K13892	0
K13893	0
K13894	0
K13895	0
K13896	0
K13918	0
K13919	0
K13920	0
K13921	0
K13922	0
K13923	0
K13924	0
K13925	0
K13926	0
K13927	0
K13928	0
K13929	1.0111223
K13930	2.0222447
K13931	0
K13932	2.0222447
K13933	2.0222447
K13934	1.0111223
K13935	2.0222447
K13936	0
K13938	0
K13940	1.0111223
K13950	38.422649
K13953	55.3517258
K13954	0
K13955	0
K13963	0
K13979	6.0667341
K13990	0
K13991	0
K13992	0
K13993	2.0222447
K13994	0
K13995	0
K14028	0
K14029	0
K14048	0
K14051	0
K14052	0
K14053	0
K14054	0
K14055	0
K14056	0
K14057	0
K14058	39.1304347
K14059	0
K14060	0
K14061	0
K14062	0
K14063	0
K14064	0
K14065	0
K14067	0
K14080	0
K14083	0
K14084	0
K14086	0
K14087	0
K14088	0
K14089	0
K14090	0
K14091	0
K14136	43.4782607
K14138	0
K14153	5.0556117
K14155	26.5202946
K14159	39.1304347
K14160	0
K14161	24.2669362
K14162	24.2669362
K14164	0
K14165	0
K14166	0.8281573
K14170	39.1304347
K14187	0
K14188	17.3913042
K14189	0
K14192	13.2505175
K14193	13.2505175
K14194	39.7034038
K14195	10.3519668
K14196	12.8364388
K14197	14.4927535
K14198	9.1097308
K14199	36.4389231
K14200	12.8364388
K14201	14.0786748
K14202	6.2111801
K14203	11.1801241
K14204	10.7660455
K14205	17.3913042
K14231	0
K14257	0
K14260	82.6086954
K14261	0
K14266	0
K14267	29.3225479
K14268	0
K14269	0
K14287	0
K14326	0
K14330	0
K14331	0
K14333	0
K14335	0
K14337	43.4782607
K14338	0
K14339	43.4782607
K14340	0
K14347	43.4782607
K14348	0
K14358	0
K14366	0
K14367	0
K14368	0
K14369	0
K14370	0
K14387	0
K14392	0
K14393	81.5975731
K14414	0
K14415	17.1890798
K14441	39.1304347
K14445	92.6910295
K14446	0
K14447	0
K14448	0
K14449	0
K14450	0
K14451	0
K14470	0
K14472	0
K14475	0
K14518	0
K14519	3.033367
K14520	0
K14534	0
K14540	17.3913042
K14578	0
K14579	0
K14580	0
K14581	0
K14582	0
K14583	0
K14584	0
K14585	0
K14587	0
K14588	0
K14591	0
K14596	0
K14605	0
K14606	0
K14623	2.0222447
K14645	18.2002022
K14647	0
K14648	0
K14652	99.9999996
K14657	0
K14658	0
K14659	0
K14660	0
K14661	0
K14665	0
K14666	0
K14667	0
K14668	0
K14669	0
K14670	0
K14671	0
K14672	0
K14673	0
K14680	0
K14681	0
K14682	39.1304347
K14683	6.0667341
K14698	0
K14699	0
K14727	0
K14728	0
K14733	0
K14742	39.1304347
K14743	31.3447926
K14744	0
K14745	0
K14746	0
K14747	0
K14748	0
K14749	0
K14751	0
K14761	1.0111223
K14762	0
K14941	0
K14949	42.4671384
K14952	0
K14953	0
K14954	0
K14955	0
K14956	1.0111223
K14974	0
K14977	0.4140787
K14978	0
K14979	0
K14980	0
K14981	0
K14982	0
K14983	0
K14986	0
K14987	0
K14988	0
K14989	0
K14998	0
K15011	0
K15012	0
K15016	0
K15022	0
K15023	0
K15024	0
K15034	3.033367
K15045	0
K15051	0
K15054	0
K15058	0
K15059	0
K15060	0
K15061	0
K15062	0
K15063	0
K15064	0
K15065	0
K15066	0
K15067	0
K15125	0
K15126	0
K15226	0
K15228	0
K15229	0
K15236	0
K15237	0
K15238	0
K15242	0
K15253	0
K15256	39.958592
K15257	39.1304347
K15268	0
K15269	2.0222447
K15270	0
K15311	0
K15312	0
K15313	0
K15314	0
K15315	0
K15320	0
K15327	0
K15328	0
K15329	0
K15337	0
K15342	67.8559389
K15344	0
K15345	0
K15346	0
K15347	0
K15349	0
K15350	0
K15351	0
K15352	0
K15353	0
K15354	0
K15355	0
K15357	0
K15358	0
K15359	0
K15367	0
K15368	0
K15371	0
K15372	10.1112234
K15373	0
K15383	0
K15396	39.1304347
K15408	0
K15431	0
K15460	0
K15461	39.1304347
K15466	0
K15467	0
K15468	0
K15469	0
K15470	0
K15471	0
K15495	0
K15496	0
K15497	0
K15509	1.0111223
K15510	0
K15511	0
K15512	0
K15513	0
K15514	0
K15515	0
K15518	17.3913042
K15519	17.3913042
K15520	43.4782607
K15521	43.4782607
K15524	0
K15525	43.4782607
K15526	44.489383
K15527	0
K15531	0
K15532	0
K15533	0
K15534	0
K15536	0
K15539	0
K15540	0
K15545	0
K15546	0
K15547	0
K15548	0
K15549	0
K15550	0
K15551	1.0111223
K15552	1.0111223
K15553	4.0444894
K15554	4.0444894
K15555	4.0444894
K15556	0
K15557	0
K15558	0
K15576	44.1860464
K15577	42.1638017
K15578	44.1860464
K15579	0
K15580	95.1273529
K15581	95.5895802
K15582	97.6118249
K15583	58.1780536
K15584	16.1490682
K15585	16.1490682
K15586	16.1490682
K15587	16.1490682
K15598	1.0111223
K15599	1.0111223
K15600	0
K15629	2.850402
K15632	0
K15633	56.5217389
K15634	151.456497
K15635	0
K15640	0
K15642	0
K15643	0
K15644	0
K15645	0
K15646	0
K15647	0
K15648	0
K15649	0
K15650	0
K15651	0
K15652	0
K15654	0
K15655	0
K15656	0
K15657	0
K15658	0
K15659	0
K15660	0
K15661	0
K15662	0
K15663	0
K15664	0
K15665	0
K15666	0
K15667	0
K15668	0
K15669	0
K15670	0
K15671	0
K15672	0
K15673	0
K15674	0
K15675	0
K15676	0
K15677	0
K15678	0
K15679	0
K15721	0
K15722	0
K15723	0
K15724	39.1304347
K15725	0
K15726	0
K15727	0
K15733	12.1334681
K15735	0
K15736	0
K15737	0
K15738	57.5328612
K15739	0
K15746	0
K15750	0
K15758	0
K15760	0
K15761	0
K15762	0
K15763	0
K15764	0
K15765	0
K15770	46.4345898
K15771	45.4234674
K15772	46.4345898
K15773	0
K15778	0
K15780	0
K15781	0
K15782	0
K15783	0
K15784	0
K15785	0
K15786	0
K15790	0
K15792	0
K15827	0
K15828	0
K15829	0
K15830	0
K15831	0
K15832	0
K15833	0
K15834	0
K15835	0
K15836	0
K15842	0
K15843	0
K15844	0
K15845	0
K15846	0
K15847	0
K15848	0
K15850	0
K15852	0
K15853	0
K15854	0
K15855	0
K15860	0
K15861	0
K15862	0
K15864	0
K15866	4.0444894
K15868	0
K15876	18.2002022
K15878	0
K15879	0
K15894	0
K15895	0
K15896	0
K15897	0
K15898	0
K15899	0
K15907	0
K15910	0
K15912	0
K15913	0
K15914	0
K15915	0
K15916	0
K15918	0
K15921	0
K15922	0
K15923	0
K15924	0
K15973	15.7349895
K15974	0
K15975	19.6446626
K15976	0
K15977	68.4963163
K15981	0
K15982	0
K15983	0
K15984	39.1304347
K15986	17.3913042
K15987	0
K15997	0
K16011	0
K16012	94.1162305
K16013	94.1162305
K16014	0
K16015	0
K16016	0
K16017	0
K16018	0
K16019	0
K16020	0
K16021	0
K16022	0
K16023	0
K16041	0
K16042	0
K16043	0
K16044	0
K16047	0
K16048	0
K16049	0
K16050	0
K16051	0
K16052	39.1304347
K16053	0
K16055	0
K16066	0
K16074	0
K16076	0
K16077	0
K16078	0
K16079	0
K16080	0
K16081	0
K16087	117.3913041
K16088	0
K16089	0
K16090	0
K16091	0
K16092	0
K16119	0
K16120	0
K16121	0
K16122	0
K16123	0
K16124	0
K16127	0
K16128	0
K16129	0
K16130	0
K16131	0
K16132	0
K16133	0
K16134	0
K16135	0
K16136	0
K16137	0
K16138	0
K16139	0
K16140	0
K16146	2.0222447
K16147	40.4448937
K16148	40.4448937
K16149	0
K16150	0
K16152	0
K16153	0
K16157	0
K16158	0
K16161	0
K16163	6.0667341
K16164	26.2891809
K16165	0
K16167	0
K16168	0
K16169	17.3913042
K16170	0
K16171	39.1304347
K16173	0
K16176	0
K16188	0
K16190	0
K16191	0
K16192	0
K16193	0
K16199	0
K16200	0
K16201	0
K16202	0
K16203	0
K16209	0
K16210	0
K16211	0.8281573
K16212	0
K16213	0
K16214	0
K16215	0
K16216	0
K16217	0
K16218	0
K16239	0
K16242	0
K16243	0
K16244	0
K16245	0
K16246	1.0111223
K16247	0
K16248	0
K16249	0
K16254	0
K16255	0
K16256	0
K16257	0
K16258	0
K16259	0
K16260	0
K16263	0
K16264	75.7763971
K16267	0
K16268	0
K16269	0
K16270	0
K16291	0
K16293	0
K16294	0
K16299	0
K16300	0
K16301	57.6676776
K16303	0
K16317	0
K16318	0
K16319	0
K16320	0
K16321	0
K16322	0
K16323	17.3913042
K16324	0
K16325	0
K16326	0
K16327	0
K16328	0
K16329	14.0786748
K16331	0
K16345	0
K16346	0
K16347	0
K16348	0
K16363	0
K16370	0
K16371	0
K16421	0
K16422	0
K16423	0
K16473	0
K16509	17.3913042
K16511	17.3913042
K16514	0
K16515	0
K16516	0
K16517	0
K16552	0
K16553	0
K16554	0
K16555	0
K16556	0
K16557	0
K16558	0
K16559	0
K16560	0
K16562	0
K16563	0
K16564	0
K16565	0
K16566	0
K16567	0
K16568	0
K16592	0
K16593	0
K16619	0
K16623	0
K16624	0
K16625	0
K16626	0
K16635	0
K16636	0
K16637	0
K16638	0
K16644	0
K16645	0
K16647	43.4782607
K16648	42.4671384
K16649	42.4671384
K16650	43.4782607
K16651	0
K16652	43.4782607
K16653	43.4782607
K16654	0
K16692	0
K16693	0
K16694	0
K16695	0
K16696	0
K16697	0
K16698	0
K16699	0
K16700	0
K16701	0
K16702	0
K16703	0
K16704	0
K16705	0
K16706	0
K16707	0
K16708	0
K16709	0
K16710	0
K16711	0
K16783	40.4448937
K16784	43.4782607
K16785	128.9229132
K16786	130.3481142
K16787	130.3481142
K16788	0
K16789	0
K16792	0
K16793	0
K16838	0
K16839	0
K16840	2.0222447
K16841	0
K16842	0
K16843	0
K16844	0
K16845	0
K16846	0
K16849	0
K16850	0
K16856	0
K16868	0
K16869	17.3913042
K16870	43.4782607
K16871	0
K16872	39.1304347
K16873	0
K16874	0
K16875	0
K16876	0
K16877	0
K16878	0
K16879	0
K16880	0
K16881	0
K16898	17.3913042
K16899	17.3913042
K16901	0
K16902	0
K16905	0
K16906	0
K16907	0
K16915	0
K16916	11.1801241
K16917	11.5942028
K16918	0
K16919	0
K16920	0
K16921	0
K16922	2.4363234
K16923	23.2558139
K16924	11.1801241
K16925	59.6754776
K16926	15.6290625
K16927	5.0556117
K16929	0
K16936	0
K16937	16.9772255
K16950	0
K16951	0
K16953	0
K16956	0
K16957	0.8281573
K16958	0.8281573
K16959	0.8281573
K16960	0.8281573
K16961	0
K16962	0
K16963	0
K16968	0
K16969	0
K17048	0
K17049	0
K17050	0
K17051	0
K17052	0
K17060	0
K17061	0
K17062	0
K17063	0
K17067	0
K17070	0
K17071	0
K17073	0
K17074	0
K17076	0
K17103	39.1304347
K17105	0
K17108	0
K17195	0
K17202	0
K17203	0
K17204	0
K17205	0
K17206	0
K17207	0
K17208	0
K17209	0
K17210	0
K17213	0
K17214	0
K17215	0
K17216	16.9772255
K17217	16.9772255
K17218	7.4534161
K17222	0
K17223	0
K17224	0
K17225	0
K17226	0
K17227	0
K17228	0
K17229	0
K17230	0
K17234	0
K17235	0
K17236	0
K17237	0
K17238	0
K17239	0
K17240	0
K17241	0
K17242	0
K17243	0
K17244	0
K17245	0
K17246	0
K17247	0
K17248	0
K17249	0
K17250	0
K17251	0
K17266	0
K17285	0
K17292	0
K17315	0
K17316	0
K17317	0
K17318	1.6563147
K17319	1.6563147
K17320	1.6563147
K17321	0
K17322	0
K17323	0
K17324	0
K17325	0
K17329	0
K17330	0
K17331	0
K17363	0
K17364	0
K17398	0
K17462	0.4140787
K17463	0
K17464	0
K17465	0
K17466	0
K17467	0
K17468	0
K17472	16.5631469
K17473	0
K17474	2.850402
K17476	0
K17485	0.8281573
K17486	0
