function.	skin_17
K00001	40.8549783
K00002	0.487013
K00003	97.7272727
K00004	0
K00005	6.4935065
K00007	0
K00008	72.8896104
K00009	82.9545454
K00010	7.7922078
K00011	0
K00012	11.2012987
K00013	89.2857143
K00014	99.7294372
K00015	0
K00016	193.0735931
K00018	0
K00019	4.2207792
K00020	2.7597403
K00021	0
K00023	0
K00024	25.8116883
K00027	126.9480519
K00028	0
K00029	0
K00030	0
K00031	97.7272727
K00032	0
K00033	98.7012987
K00034	14.7727273
K00035	0
K00036	95.4545454
K00038	0
K00039	0
K00040	9.4155845
K00041	2.7597403
K00042	2.2727273
K00043	0
K00045	0
K00046	5.3030304
K00048	4.5454546
K00050	0
K00052	96.7532467
K00053	97.7272727
K00054	84.4155844
K00055	0
K00057	103.0844156
K00058	109.2532468
K00059	219.1558441
K00060	6.3311688
K00064	0
K00065	0.487013
K00066	0
K00067	5.0324676
K00068	4.8701299
K00073	6.4935065
K00074	6.6558442
K00075	102.2727273
K00076	0
K00077	191.5043289
K00082	0
K00086	0
K00087	0
K00088	112.8787878
K00090	0
K00091	0
K00094	0
K00096	14.1774892
K00097	4.2207792
K00098	0
K00099	15.5844156
K00100	2.2727273
K00101	0.487013
K00102	0
K00103	0
K00104	2.1103896
K00105	0
K00106	0
K00108	82.3051948
K00111	101.2445888
K00112	6.3311688
K00113	6.3311688
K00114	0
K00116	187.8246752
K00117	0
K00118	0
K00119	0
K00121	2.1103896
K00122	63.3116883
K00123	84.4155844
K00124	0
K00126	0
K00127	0
K00128	265.9090908
K00129	0
K00130	83.2792207
K00131	0
K00132	0
K00133	97.7272727
K00134	188.6363636
K00135	18.3441558
K00137	0
K00138	0
K00140	6.8181818
K00141	0
K00145	84.7402597
K00146	0
K00147	11.3636364
K00148	0
K00150	0
K00151	0
K00152	0
K00153	0.487013
K00154	0
K00155	0
K00156	5.8441558
K00158	89.1233766
K00161	108.1168831
K00162	108.1168831
K00163	6.8181818
K00164	95.4545454
K00166	88.6363636
K00167	88.6363636
K00169	2.2727273
K00170	0
K00171	0
K00172	2.2727273
K00174	95.4545454
K00175	95.4545454
K00176	0
K00177	0
K00179	0
K00180	0
K00184	0
K00185	0
K00194	0
K00196	0
K00197	0
K00198	0
K00200	0
K00201	0
K00202	0
K00207	0
K00208	95.4545454
K00209	0
K00210	0
K00211	0
K00214	0
K00215	103.0844155
K00216	0
K00217	0
K00218	0
K00219	0
K00220	0
K00221	2.1103896
K00224	0
K00226	107.3051948
K00228	0
K00230	0.487013
K00231	101.2987012
K00232	0
K00239	102.2727272
K00240	102.2727272
K00241	102.2727272
K00242	0
K00243	90.9090909
K00244	8.4415584
K00245	0
K00246	0
K00247	0
K00248	1.5151515
K00249	0
K00252	73.8636363
K00253	0
K00254	0
K00255	0
K00256	0
K00257	30.0324675
K00258	0
K00259	175.8116882
K00260	90.7467532
K00261	2.2727273
K00262	10.8766234
K00263	6.3311688
K00265	92.8571428
K00266	101.7857143
K00270	0
K00271	0
K00273	0
K00274	6.3311688
K00275	0.487013
K00276	0
K00278	5.8441559
K00279	0
K00280	0.487013
K00281	6.8181818
K00282	88.6363636
K00283	90.7467532
K00284	0.7575758
K00285	0.487013
K00286	100.487013
K00287	108.4415584
K00290	0.7575758
K00292	0
K00293	0
K00294	88.6363636
K00297	9.0909091
K00298	0
K00299	66.3961039
K00301	0
K00302	0
K00303	0
K00304	0
K00305	0
K00309	0
K00311	0
K00313	5.3571428
K00314	0
K00315	0
K00316	0
K00317	35.8766234
K00318	94.9675324
K00320	0
K00322	0
K00324	6.8181818
K00325	6.8181818
K00329	0
K00330	6.8181818
K00331	6.8181818
K00332	12.1753246
K00333	12.6623376
K00334	6.8181818
K00335	6.8181818
K00336	9.0909091
K00337	6.8181818
K00338	12.1753246
K00339	6.8181818
K00340	6.8181818
K00341	6.8181818
K00342	6.8181818
K00343	6.8181818
K00344	0
K00346	0
K00347	0
K00348	0
K00349	0
K00350	0
K00351	0
K00353	0
K00354	0
K00355	0
K00356	0
K00358	8.4415584
K00359	4.2207792
K00360	0
K00362	86.525974
K00363	87.012987
K00364	86.525974
K00365	0
K00366	0
K00367	0
K00368	6.8181818
K00370	88.1493506
K00371	92.3701298
K00372	0
K00373	92.8571428
K00374	92.3701298
K00375	101.4610389
K00376	0
K00378	5.0324676
K00380	86.525974
K00381	16.8831169
K00382	206.1688311
K00383	18.9935065
K00384	188.6363636
K00385	0
K00386	0
K00387	0
K00389	0
K00390	19.3722944
K00392	0.974026
K00394	0
K00395	0
K00397	0
K00404	0
K00405	0
K00406	0
K00407	0
K00410	0
K00411	0
K00412	0
K00413	0
K00423	0
K00425	91.2337662
K00426	95.4545454
K00427	0
K00428	0
K00432	162.3917748
K00433	0
K00435	0
K00436	0
K00437	0
K00441	0
K00446	0
K00448	0
K00449	0
K00450	0
K00451	0
K00452	0
K00453	0
K00455	0
K00456	0
K00457	0
K00459	75.9740259
K00462	0
K00464	0
K00466	0
K00467	0
K00468	0
K00469	0
K00470	0
K00471	0
K00472	0
K00476	0
K00477	0
K00478	0
K00479	0
K00480	0
K00481	0
K00483	0
K00484	0
K00485	0
K00486	0
K00491	88.6363636
K00492	14.7727273
K00493	0
K00494	0
K00495	0
K00496	0
K00499	0
K00500	0
K00504	0
K00505	0
K00507	0
K00508	0
K00510	61.2012987
K00514	0
K00517	0.487013
K00518	0
K00520	6.3311688
K00523	0
K00524	0
K00525	102.9220779
K00526	98.2142857
K00527	96.9155844
K00528	4.5454546
K00529	0
K00530	0
K00531	0
K00532	0
K00533	0
K00534	0
K00535	0
K00537	10.551948
K00538	0
K00539	0
K00540	122.4025974
K00543	0
K00547	91.2337662
K00548	6.4935065
K00549	89.1233766
K00554	97.8896104
K00555	0
K00556	0
K00557	0
K00558	26.839827
K00559	0
K00560	102.7056277
K00561	37.987013
K00563	6.8181818
K00564	6.8181818
K00566	97.8896104
K00567	96.2662337
K00568	0
K00569	0
K00570	0
K00571	50.6493506
K00573	0.487013
K00574	0
K00575	2.2727273
K00577	0
K00584	0
K00587	0
K00588	0
K00590	0
K00594	0
K00595	9.0909091
K00596	0
K00598	0.487013
K00599	12.6082252
K00600	97.7272727
K00602	100
K00603	0
K00604	100
K00605	95.4545454
K00606	88.961039
K00607	0
K00608	0
K00609	100
K00610	2.2727273
K00611	186.2554112
K00612	0
K00613	4.8701299
K00614	0
K00615	114.1233768
K00616	100.487013
K00617	0
K00619	0
K00620	86.8506494
K00624	0
K00625	93.1818182
K00626	170.8333333
K00627	108.603896
K00631	0
K00632	37.987013
K00633	4.2207792
K00634	6.3311688
K00635	0
K00638	0
K00639	88.6363636
K00640	99.7294372
K00641	88.4740259
K00643	8.4415584
K00645	98.2142857
K00646	0.487013
K00647	0
K00648	96.9696969
K00651	3.6255411
K00652	81.3311688
K00653	0
K00654	0
K00655	97.7813853
K00656	93.5064936
K00657	25.3246753
K00658	95.4545454
K00661	6.8181818
K00662	0
K00663	0
K00666	0.487013
K00672	0
K00673	0
K00674	19.4805195
K00675	0
K00676	0
K00677	0
K00680	32.1428571
K00681	82.3051948
K00683	0
K00684	6.8181818
K00685	0
K00686	0
K00687	0
K00688	13.6363637
K00689	2.1103896
K00690	0.7575758
K00691	0
K00692	0
K00693	0
K00694	0.974026
K00695	0
K00696	0
K00697	6.3311688
K00698	0
K00700	12.3376624
K00701	0
K00702	0
K00703	6.8181819
K00705	15.6385282
K00712	160.3896103
K00713	0
K00720	0
K00721	8.0627706
K00737	0
K00745	0
K00748	0
K00752	0
K00754	4.7077922
K00756	91.0714286
K00757	2.2727273
K00758	6.3311688
K00759	97.7272727
K00760	98.4848485
K00761	100
K00762	99.2424242
K00763	100
K00764	100
K00765	88.5281385
K00766	86.525974
K00767	5.8441559
K00768	3.2467533
K00769	0
K00772	0
K00773	100
K00776	0
K00777	0
K00782	6.8181818
K00783	84.5779221
K00784	91.3961039
K00785	0
K00786	0
K00788	108.008658
K00789	101.9480519
K00790	188.6363636
K00791	100
K00793	95.7251082
K00794	97.2402597
K00795	0
K00796	96.4285714
K00797	2.2727273
K00798	6.8181818
K00799	4.2207792
K00800	97.7272727
K00801	2.1103896
K00803	0.974026
K00805	96.2121212
K00806	100
K00808	0
K00809	0
K00810	0
K00812	2.2727273
K00813	0
K00817	174.8376623
K00818	5.6818182
K00819	155.0324675
K00820	100
K00821	2.7597403
K00822	0
K00823	83.2792207
K00824	88.6363636
K00826	100.487013
K00829	0
K00830	0
K00831	9.0909091
K00832	0.974026
K00833	84.9567099
K00835	0
K00836	0
K00837	0
K00839	44.3181818
K00840	0
K00841	90.7467532
K00842	0
K00843	0
K00844	0
K00845	104.8160174
K00847	96.3744589
K00848	4.7619048
K00849	26.1363637
K00850	108.6038961
K00851	91.5584415
K00852	105.8441558
K00853	87.012987
K00854	26.7857144
K00855	0
K00856	0
K00857	95.2380952
K00858	100
K00859	100
K00860	16.8831169
K00862	0
K00863	8.6038961
K00864	102.2727273
K00865	185.7683982
K00867	6.8181818
K00868	103.5714285
K00869	85.3896104
K00870	0
K00872	94.9675324
K00873	100
K00874	28.7337663
K00875	0
K00876	99.025974
K00878	97.8896104
K00879	0
K00880	0
K00881	0
K00882	97.7272728
K00883	0
K00884	0
K00885	0
K00886	6.8181818
K00887	0
K00891	101.7857143
K00892	0
K00895	6.8181818
K00897	7.0887446
K00899	2.2727273
K00901	88.7987013
K00903	2.1103896
K00906	0
K00912	0
K00917	88.7987013
K00918	0
K00919	97.8896104
K00924	4.2207792
K00925	94.1558442
K00926	168.6688311
K00927	100
K00928	181.3852813
K00929	6.3311688
K00930	87.3376623
K00931	10.6060606
K00932	0
K00934	0
K00936	72.5108225
K00937	33.2251083
K00938	85.3896104
K00939	100
K00940	97.2402597
K00941	95.2922078
K00942	99.2424242
K00943	97.7272727
K00945	100
K00946	6.8181818
K00947	0
K00948	98.8636364
K00949	12.987013
K00950	93.3441558
K00951	100
K00952	0
K00954	100
K00955	0
K00956	0.487013
K00957	2.4891775
K00958	16.8831169
K00960	0
K00962	100
K00963	104.0584415
K00965	12.987013
K00966	0
K00968	0
K00969	100
K00970	6.8181818
K00971	4.491342
K00972	8.1168831
K00973	12.3376624
K00974	93.1818182
K00975	15.909091
K00978	1.2445888
K00979	0
K00980	89.1233766
K00981	100
K00982	6.8181818
K00983	2.0021645
K00984	59.0909091
K00985	0
K00986	0
K00988	0
K00989	9.0909091
K00990	0
K00991	157.2510822
K00992	0
K00995	117.6948052
K00996	0
K00997	97.7272727
K00998	0
K00999	0
K01000	100
K01002	2.1103896
K01003	0
K01004	0
K01005	0
K01006	32.4675325
K01007	0.974026
K01008	1.5151515
K01011	1.9480519
K01012	99.4047619
K01013	0
K01014	0
K01023	0
K01026	4.2207792
K01027	0
K01028	2.1103896
K01029	2.1103896
K01031	0
K01032	0
K01034	0
K01035	0
K01036	0
K01039	0
K01040	0
K01041	0.487013
K01042	0
K01043	0
K01046	88.4740259
K01048	4.8701299
K01051	2.2727273
K01053	0
K01054	0
K01055	0.487013
K01056	100
K01057	6.8181818
K01058	0
K01060	5.3571428
K01061	0
K01066	2.0021645
K01067	0
K01069	4.2207792
K01070	0
K01071	0
K01073	0
K01075	0
K01076	0
K01077	86.525974
K01078	0
K01079	6.3311688
K01081	6.9805195
K01082	0
K01083	0
K01085	0
K01087	6.3311688
K01089	0
K01090	50.9199134
K01091	101.2445889
K01092	96.9696969
K01093	0
K01095	0
K01096	0
K01101	2.1103896
K01103	0
K01104	322.4567099
K01112	2.1103896
K01113	0
K01114	65.4220779
K01115	0
K01117	0
K01118	82.3051948
K01119	10.3896104
K01120	0
K01121	0
K01126	411.9588743
K01128	0
K01129	11.3636364
K01130	0
K01133	0
K01138	2.1103896
K01139	0
K01141	0
K01142	11.3636364
K01143	0
K01144	0
K01145	0
K01146	0
K01147	0
K01150	0
K01151	100
K01152	0
K01153	106.0064935
K01154	150.6493507
K01155	2.1103896
K01156	1.2445888
K01157	0
K01158	0
K01159	9.0909091
K01160	0
K01161	0
K01163	0.7575758
K01166	0
K01167	0.974026
K01169	0
K01173	0
K01174	86.525974
K01175	28.8961039
K01176	0.487013
K01178	0
K01179	9.1991342
K01180	0
K01181	0.7575758
K01182	7.6298702
K01183	0
K01184	0
K01185	0
K01186	4.5454545
K01187	101.5151515
K01190	12.8246754
K01191	13.7445888
K01192	6.8722944
K01193	98.8636364
K01194	0
K01195	11.3636364
K01197	0.487013
K01198	15.1515153
K01199	0
K01200	0
K01201	0
K01202	0
K01205	0
K01206	12.8787879
K01207	19.2099567
K01208	0
K01209	16.9372295
K01210	2.2727273
K01212	2.4891775
K01214	0
K01215	0
K01216	0
K01218	0
K01219	0
K01220	86.525974
K01222	10.8766234
K01223	101.7316019
K01224	5.3030304
K01225	0
K01226	86.6883117
K01227	17.3701299
K01230	0
K01232	4.2207792
K01233	0
K01234	0
K01235	2.2727273
K01236	1.461039
K01238	2.1103896
K01239	97.564935
K01240	0
K01241	0
K01243	99.025974
K01246	90.0974026
K01247	10.7142857
K01249	0
K01250	0.487013
K01251	0.487013
K01252	0
K01253	0
K01255	92.3701298
K01256	12.1753246
K01258	93.6688312
K01259	11.038961
K01261	71.7532467
K01262	40.9090909
K01263	4.2207792
K01264	0
K01265	108.3333333
K01266	0
K01267	0.7575758
K01269	44.9675325
K01270	2.2727273
K01271	94.9675324
K01273	2.7597403
K01274	0
K01277	0
K01278	0
K01281	0
K01283	0
K01284	0.974026
K01286	0
K01289	0
K01295	0.487013
K01297	2.7597403
K01299	6.8181819
K01301	0
K01303	0
K01304	90.6385281
K01305	0
K01308	2.2727273
K01317	0
K01318	56.9805195
K01322	0.974026
K01325	0
K01338	0.7575758
K01342	0
K01343	0
K01347	0
K01354	0
K01355	0
K01356	101.6233766
K01358	108.9285714
K01361	0.487013
K01362	53.2467532
K01364	0
K01372	3.7337663
K01376	0
K01387	0
K01390	0
K01392	0
K01399	0
K01400	0
K01401	80.1948052
K01406	0
K01407	0
K01408	0
K01409	102.1103896
K01412	0
K01414	0
K01415	0
K01416	0
K01417	48.1601731
K01419	88.6363636
K01420	4.7077922
K01421	104.9242425
K01422	0
K01423	14.7727273
K01424	100
K01425	0
K01426	2.9220779
K01428	84.4155844
K01429	86.525974
K01430	86.525974
K01431	0
K01432	0
K01433	8.4415584
K01434	0
K01436	16.8831169
K01437	0
K01438	19.4805195
K01439	193.1818181
K01442	95.4545455
K01443	99.512987
K01444	0
K01446	14.7727273
K01447	23.2142857
K01448	93.8311689
K01449	2.2727273
K01451	3.5714286
K01452	0
K01453	0.487013
K01454	0
K01455	8.4415584
K01457	0
K01458	0
K01459	0
K01460	0
K01461	0
K01462	192.4242424
K01463	2.1103896
K01464	0
K01465	100
K01466	6.9805195
K01467	16.8831169
K01468	83.4415584
K01469	0
K01470	1.5151515
K01471	0
K01473	0
K01474	0
K01476	78.5714285
K01477	0
K01478	103.5714285
K01479	84.4155844
K01480	2.1103896
K01481	0
K01482	0
K01483	0
K01484	0
K01485	0
K01486	2.2727273
K01487	0
K01488	15.2597402
K01489	99.512987
K01491	100
K01492	0
K01493	97.2402597
K01494	7.4675325
K01495	9.0909091
K01496	6.8181818
K01497	0
K01498	0
K01499	0
K01500	0
K01501	0
K01502	0
K01503	0
K01504	0
K01505	0
K01506	0
K01507	7.3051948
K01512	89.935065
K01515	100
K01518	0
K01520	67.8571429
K01521	0
K01523	6.8181818
K01524	32.4675325
K01525	0
K01529	2.5974026
K01531	4.5454546
K01533	108.9285714
K01534	28.2467533
K01535	0
K01537	4.5454546
K01539	0
K01541	0
K01545	12.6623377
K01546	100.3246753
K01547	102.4350649
K01548	100.3246753
K01550	0
K01551	9.2532467
K01552	3.5173161
K01553	0
K01554	0
K01555	0
K01556	0
K01560	4.2207792
K01561	0
K01563	0
K01564	0
K01565	0
K01567	0
K01568	0
K01569	0
K01571	9.0909091
K01572	2.7597403
K01573	0
K01574	2.1103896
K01575	155.5194805
K01576	0
K01577	0
K01578	0
K01579	86.8506494
K01580	1.461039
K01581	4.2207792
K01582	4.2207792
K01583	0
K01584	0
K01585	0
K01586	173.2683983
K01588	100
K01589	93.3441558
K01590	0
K01591	100
K01593	0
K01594	0
K01595	2.2727273
K01596	0.487013
K01597	85.3896104
K01598	0
K01599	95.4545454
K01601	0
K01602	0
K01607	4.3290043
K01608	0
K01609	97.7272727
K01610	93.1818182
K01611	0
K01612	0
K01613	0
K01615	0
K01616	0
K01617	0
K01618	0
K01619	171.3744588
K01620	85.0649351
K01621	0
K01622	0
K01623	95.4545454
K01624	110.0649352
K01625	31.8181819
K01626	11.3636364
K01627	0
K01628	7.5216451
K01629	4.2748918
K01630	0
K01631	0
K01632	2.2727273
K01633	97.2402597
K01635	86.525974
K01636	0
K01637	0
K01638	0
K01639	86.525974
K01640	0
K01641	84.4155844
K01643	2.2727273
K01644	8.6038961
K01646	2.2727273
K01647	109.0909091
K01649	103.5714285
K01652	177.9220779
K01653	84.5779221
K01654	2.0021645
K01655	0
K01657	92.0995671
K01658	90.9090909
K01659	0
K01661	95.4545454
K01662	15.5844156
K01664	90.5844155
K01665	84.4155844
K01666	0
K01667	4.8701299
K01668	0
K01669	84.4155844
K01671	0
K01673	7.7922078
K01674	0
K01676	0
K01677	2.2727273
K01678	2.2727273
K01679	95.4545454
K01681	97.7272727
K01682	0
K01684	4.2207792
K01685	2.7597403
K01686	14.1233767
K01687	96.482684
K01689	103.2467533
K01690	0
K01692	6.8181818
K01693	89.2857143
K01695	97.7272727
K01696	95.6168831
K01697	0.974026
K01698	96.2121212
K01699	0.974026
K01703	102.1103896
K01704	96.2662337
K01706	2.2727273
K01707	0
K01708	2.2727273
K01709	0.7575758
K01710	6.0064936
K01711	2.2727273
K01712	84.9025974
K01713	0
K01714	109.9025974
K01715	2.2727273
K01716	0
K01719	94.9675324
K01720	0
K01721	0
K01724	0
K01725	0
K01726	0
K01727	87.1753246
K01728	0
K01729	0
K01730	0
K01731	0
K01732	0
K01733	97.7272727
K01734	5.3030304
K01735	99.512987
K01736	97.7272727
K01737	101.2987013
K01738	176.6233766
K01739	41.3419913
K01740	18.5606061
K01743	0
K01744	7.3051948
K01745	81.8181818
K01746	0
K01749	95.4545454
K01750	99.8376623
K01751	0
K01752	203.5714286
K01753	2.5974026
K01754	162.5
K01755	100
K01756	100
K01758	0
K01759	7.0887446
K01760	88.6363636
K01761	0
K01766	0
K01768	0
K01769	0
K01770	15.0974026
K01771	65.4220779
K01772	94.9675324
K01774	0
K01775	192.8571428
K01776	98.4848485
K01777	0
K01778	11.3636364
K01779	2.7597403
K01780	0
K01781	0
K01782	0
K01783	108.7662338
K01784	176.2445887
K01785	95.9415585
K01786	25.1623377
K01787	0
K01788	90.1515151
K01790	5.0324676
K01791	229.3831168
K01792	5.8441558
K01795	0
K01796	0
K01797	0
K01798	0
K01799	0.487013
K01800	0
K01801	0
K01802	2.9220779
K01803	100.974026
K01804	6.0064936
K01805	0.487013
K01807	88.6363636
K01808	22.8896104
K01809	179.5454545
K01810	100
K01811	5.3030304
K01812	15.0974026
K01813	3.7878788
K01814	89.2857143
K01815	2.2727273
K01816	0.974026
K01817	96.2121212
K01818	9.2532467
K01819	173.051948
K01820	0
K01821	84.4155844
K01822	0
K01823	97.7272727
K01825	0
K01826	4.2207792
K01828	0
K01829	0
K01834	196.8073592
K01835	103.7878788
K01838	0
K01839	93.1818182
K01840	4.8701299
K01841	0.7575758
K01843	0
K01844	0
K01845	187.6082251
K01846	0.487013
K01847	13.6363636
K01848	0
K01849	0
K01851	0
K01854	5.0324676
K01856	0
K01857	0.487013
K01858	0.487013
K01860	0
K01865	0
K01866	100
K01867	100
K01868	108.4415584
K01869	102.1103896
K01870	99.512987
K01872	98.4848485
K01873	100
K01874	101.7857143
K01875	100
K01876	100
K01878	2.2727273
K01879	2.2727273
K01880	97.2402597
K01881	101.5151515
K01883	100
K01884	0
K01885	20.4545455
K01886	9.0909091
K01887	102.1103896
K01889	100
K01890	100
K01892	100
K01893	93.1818182
K01894	0
K01895	175.6493506
K01896	0
K01897	90.5844155
K01902	94.4805194
K01903	94.4805194
K01904	0
K01905	0
K01906	73.8636363
K01907	0
K01908	0
K01909	0
K01910	2.2727273
K01911	95.4545454
K01912	0
K01913	0
K01914	2.2727273
K01915	113.961039
K01916	89.1233766
K01917	0
K01918	88.961039
K01919	2.2727273
K01920	0
K01921	107.3593074
K01922	0
K01923	97.8896104
K01924	100
K01925	101.5151515
K01926	87.7705627
K01928	11.3636364
K01929	100
K01932	0
K01933	99.2424242
K01934	29.8701299
K01935	84.9567099
K01937	99.512987
K01938	97.4025974
K01939	102.7597403
K01940	97.7272727
K01941	1.5151515
K01945	100
K01947	0
K01950	12.8787879
K01951	101.461039
K01952	198.538961
K01953	7.5216451
K01955	102.8679654
K01956	100
K01957	0
K01958	89.6103896
K01959	0
K01960	0
K01961	177.2727272
K01962	90.9090909
K01963	90.9090909
K01965	0
K01966	6.8181818
K01968	0
K01969	0
K01970	0
K01971	4.7077922
K01972	99.512987
K01974	0
K01975	0.974026
K01976	0
K01989	7.3051949
K01990	595.8874458
K01991	0
K01992	487.9329003
K01993	0
K01994	0
K01995	6.0064936
K01996	6.0064936
K01997	6.0064936
K01998	6.0064936
K01999	6.0064936
K02000	7.9545454
K02001	7.9545454
K02002	13.6363636
K02003	371.4826842
K02004	275.0541129
K02005	42.6948053
K02006	8.3333333
K02007	8.3333333
K02008	7.5757576
K02009	6.8181818
K02010	7.8463204
K02011	9.95671
K02012	85.9307359
K02013	309.9567098
K02014	0
K02015	895.7251078
K02016	673.8095235
K02017	95.995671
K02018	95.995671
K02019	0
K02020	95.995671
K02021	0.487013
K02022	0
K02023	7.4675325
K02024	0
K02025	50.3246753
K02026	13.0952381
K02027	10.1190476
K02028	101.0822511
K02029	103.3008658
K02030	101.6774892
K02031	107.8463204
K02032	129.7619048
K02033	232.9545454
K02034	260.8766233
K02035	250.9740259
K02036	100
K02037	100
K02038	100
K02039	100
K02040	97.8896104
K02041	84.5779221
K02042	167.0454545
K02043	0
K02044	82.9545454
K02045	2.0021645
K02046	2.0021645
K02047	2.0021645
K02048	2.7597403
K02049	31.6558441
K02050	81.1147186
K02051	34.9025974
K02052	0
K02053	0
K02054	0
K02055	0
K02056	12.6082252
K02057	28.7337664
K02058	1.2445888
K02062	0.487013
K02063	0.487013
K02064	0.487013
K02065	0
K02066	0
K02067	0
K02068	88.6363636
K02069	95.4545454
K02071	178.0844156
K02072	180.1948052
K02073	199.1883116
K02074	8.1168831
K02075	10.3896104
K02076	88.6363636
K02077	8.1168831
K02078	102.7597403
K02079	0
K02080	0
K02081	3.2467533
K02082	10.7142857
K02083	4.8701299
K02086	88.6363636
K02092	0
K02093	0
K02094	0
K02095	0
K02096	0
K02097	0
K02099	0
K02100	0
K02101	0
K02103	2.2727273
K02106	0
K02108	100.7575758
K02109	101.5151515
K02110	102.2727273
K02111	100.7575758
K02112	102.2727273
K02113	102.2727273
K02114	102.2727273
K02115	102.2727273
K02116	82.3051948
K02117	0.7575758
K02118	1.5151515
K02119	0.7575758
K02120	1.5151515
K02121	0
K02122	1.5151515
K02123	0.7575758
K02124	1.5151515
K02160	175.1623376
K02164	0
K02167	0
K02168	0.487013
K02169	0
K02170	0
K02171	29.5454545
K02172	31.6558441
K02173	0
K02182	1.2445888
K02188	3.2467533
K02189	2.2727273
K02190	0.7575758
K02191	0
K02192	0
K02193	0
K02194	0
K02195	0
K02196	0
K02197	0
K02198	0
K02199	0
K02200	0
K02203	2.0021645
K02204	0
K02205	0
K02217	94.6428571
K02221	97.7272727
K02224	9.0909091
K02225	0
K02226	0.7575758
K02227	9.0909091
K02228	5.8441558
K02229	0
K02230	9.2532467
K02231	3.7337663
K02232	9.0909091
K02233	9.0909091
K02234	0
K02236	88.6363636
K02237	100
K02238	99.2424242
K02239	0
K02240	88.6363636
K02241	0
K02242	88.6363636
K02243	90.7467532
K02244	86.525974
K02245	88.6363636
K02246	88.6363636
K02247	0
K02248	0
K02249	0
K02250	88.6363636
K02251	0
K02252	0
K02253	0
K02254	0
K02255	0
K02258	0
K02259	100.3246753
K02274	5.3571428
K02275	5.8441558
K02276	5.8441558
K02277	0
K02278	2.2727273
K02279	2.2727273
K02280	0
K02281	0
K02282	0
K02283	13.9069265
K02284	0
K02285	0
K02286	0
K02287	0
K02288	0
K02289	0
K02290	0
K02291	0
K02292	0
K02293	0
K02294	0
K02297	0
K02298	0
K02299	10.551948
K02300	0
K02301	94.4805194
K02302	1.5151515
K02303	110.2272727
K02304	88.6363636
K02305	0
K02313	100
K02314	100
K02315	2.2727273
K02316	100
K02317	0
K02334	31.8181818
K02335	100
K02336	0
K02337	104.2207792
K02338	99.025974
K02339	0
K02340	99.2424242
K02341	100
K02342	98.051948
K02343	99.025974
K02344	0
K02345	0
K02346	99.7294372
K02347	88.6363636
K02348	10.064935
K02351	5.8441558
K02352	82.7922078
K02355	101.1363637
K02356	99.512987
K02357	100
K02358	100
K02361	0
K02362	0
K02363	0.487013
K02364	0
K02371	10.7142857
K02372	90.6385281
K02377	1.5151515
K02379	86.525974
K02380	0
K02381	2.5974026
K02383	0
K02385	1.5151515
K02386	0
K02387	2.2727273
K02388	2.2727273
K02389	2.2727273
K02390	2.2727273
K02391	0
K02392	4.5454546
K02393	0
K02394	0
K02395	1.5151515
K02396	4.5454546
K02397	2.2727273
K02398	1.5151515
K02399	0
K02400	2.2727273
K02401	0.7575758
K02402	0
K02403	0
K02404	2.2727273
K02405	2.2727273
K02406	6.0606061
K02407	4.5454546
K02408	2.2727273
K02409	1.5151515
K02410	2.2727273
K02411	1.5151515
K02412	2.2727273
K02413	2.2727273
K02414	2.2727273
K02415	2.2727273
K02416	2.2727273
K02417	2.2727273
K02418	2.2727273
K02419	2.2727273
K02420	2.2727273
K02421	1.5151515
K02422	3.0303031
K02423	0
K02424	85.9307359
K02425	0
K02426	0
K02427	0
K02428	106.8181818
K02429	5.3571428
K02430	0
K02431	0.487013
K02433	100.487013
K02434	100
K02435	97.7272727
K02436	0
K02437	99.1883116
K02438	11.5800866
K02439	0
K02440	97.7272727
K02441	0
K02442	0
K02443	91.1255411
K02444	0
K02445	87.012987
K02446	2.1103896
K02448	0
K02450	0
K02451	0
K02452	0
K02453	0
K02454	0
K02455	0
K02456	0
K02457	0
K02458	0
K02459	0
K02460	0
K02461	0
K02462	0
K02463	0
K02464	0
K02465	0
K02466	0
K02467	0
K02468	0
K02469	109.0909091
K02470	109.0909091
K02471	0
K02472	75.9740259
K02473	0
K02474	2.1103896
K02475	0
K02476	0
K02477	0
K02478	0
K02479	4.2207792
K02480	0
K02481	0
K02482	0
K02483	5.6818182
K02484	8.7662338
K02485	0
K02486	2.1103896
K02487	0
K02488	0
K02489	0
K02490	0
K02491	0
K02492	95.4545454
K02493	100
K02494	0
K02495	101.5151515
K02496	0
K02497	86.525974
K02498	0
K02499	90.9090909
K02500	89.7727272
K02501	90.530303
K02502	2.2727273
K02503	99.512987
K02504	0
K02505	0
K02506	0
K02507	0
K02508	0
K02509	0
K02510	0
K02511	0
K02517	3.0844156
K02518	100
K02519	99.2424242
K02520	97.8896104
K02521	0
K02523	0
K02525	2.2727273
K02526	2.2727273
K02527	0
K02528	100.974026
K02529	234.8484852
K02530	86.525974
K02531	0
K02532	8.7662338
K02533	0
K02535	0
K02536	0
K02538	40.0974026
K02545	52.7597402
K02546	18.9935065
K02547	37.987013
K02548	95.4545454
K02549	95.9415584
K02550	0
K02551	95.4545454
K02552	101.7857142
K02553	0
K02554	0
K02556	1.5151515
K02557	0.7575758
K02558	0
K02560	0
K02562	0
K02563	100
K02564	102.3809524
K02565	0
K02566	6.3311688
K02567	0
K02568	0
K02569	0
K02570	0
K02571	0
K02572	0
K02573	0
K02574	0
K02575	6.3311688
K02584	0
K02585	0
K02586	0
K02587	0
K02588	0
K02589	1.5151515
K02590	1.5151515
K02591	0
K02592	0
K02593	0
K02594	0
K02595	0
K02596	0
K02597	0
K02598	0
K02600	100
K02601	102.2727273
K02609	0
K02610	0
K02611	0
K02612	0
K02613	0
K02614	0
K02615	0
K02616	0
K02617	0
K02618	0
K02619	90.0974025
K02621	88.6363636
K02622	88.6363636
K02623	0
K02624	0
K02625	0
K02626	0
K02628	0
K02629	0
K02630	0
K02631	0
K02632	0
K02634	0
K02635	0
K02636	0
K02637	0
K02638	0
K02639	0
K02640	0
K02641	0
K02642	0
K02643	0
K02647	11.0389611
K02650	0
K02651	0
K02652	0
K02653	0
K02654	10.443723
K02655	0
K02656	0
K02657	0
K02658	0
K02659	0
K02660	0
K02661	0
K02662	0
K02663	0
K02664	0
K02665	0
K02666	0
K02667	0
K02668	0
K02669	0.7575758
K02670	0
K02671	0
K02672	0
K02673	0
K02674	0
K02675	0
K02676	0
K02679	0
K02680	0
K02681	0
K02682	0
K02686	0
K02687	90.9090909
K02688	0
K02689	0
K02690	0
K02691	0
K02692	0
K02693	0
K02694	0
K02696	0
K02697	0
K02698	0
K02699	0
K02700	0
K02702	0
K02703	0
K02704	0
K02705	0
K02706	0
K02707	0
K02708	0
K02709	0
K02710	0
K02711	0
K02712	0
K02713	0
K02714	0
K02715	0
K02716	0
K02717	0
K02718	0
K02719	0
K02720	0
K02722	0
K02723	0
K02724	0
K02742	0
K02744	4.5454546
K02745	2.2727273
K02746	2.2727273
K02747	2.2727273
K02749	84.4155844
K02750	84.4155844
K02752	0
K02753	0
K02755	82.0346321
K02756	18.7229438
K02757	18.7229438
K02759	24.0800867
K02760	26.5151517
K02761	29.8160176
K02763	162.4999999
K02764	162.4999999
K02765	162.4999999
K02768	186.038961
K02769	186.8506493
K02770	186.8506493
K02771	0
K02773	87.1753247
K02774	93.1818182
K02775	79.7077922
K02777	98.8636363
K02778	5.3571428
K02779	5.3571428
K02781	16.0714286
K02782	10.7142857
K02783	21.4285714
K02784	2.2727273
K02786	84.4155844
K02787	84.4155844
K02788	84.4155844
K02790	75.9740259
K02791	75.9740259
K02793	22.0779222
K02794	31.1688314
K02795	33.1168834
K02796	24.3506495
K02798	87.3376623
K02799	89.6103896
K02800	89.6103896
K02802	0.487013
K02803	96.9155844
K02804	87.6623377
K02805	0
K02806	0
K02808	0
K02809	89.7727273
K02810	87.6623377
K02812	0
K02813	0
K02814	0
K02815	0
K02817	0
K02818	86.6883117
K02819	86.6883117
K02821	100.1623378
K02822	93.9935066
K02823	16.7207793
K02824	90.9090909
K02825	96.7532467
K02826	88.6363636
K02827	88.6363636
K02828	78.0844156
K02829	88.6363636
K02834	99.512987
K02835	100
K02836	97.8896104
K02837	91.504329
K02838	97.8896104
K02839	0
K02840	0
K02841	0
K02843	0
K02844	0
K02846	0
K02847	0
K02848	0
K02849	0
K02850	0
K02851	97.7272727
K02852	0
K02853	4.2207792
K02854	0
K02855	0
K02856	0
K02858	0
K02859	0
K02860	97.8896104
K02862	0
K02863	100
K02864	97.9978355
K02867	100
K02871	100
K02874	99.512987
K02876	100
K02878	97.8896104
K02879	100
K02881	100
K02884	97.8896104
K02886	97.8896104
K02887	97.8896104
K02888	100
K02890	97.8896104
K02892	97.8896104
K02895	100
K02897	95.4545454
K02899	100
K02902	103.2467532
K02904	100
K02906	97.8896104
K02907	100
K02909	105.8441558
K02911	99.8917749
K02913	243.0194804
K02914	96.9155844
K02916	97.8896104
K02919	99.1341991
K02926	97.8896104
K02931	98.4848485
K02933	99.2424242
K02935	97.8896104
K02936	0
K02939	100
K02945	102.2727273
K02946	95.021645
K02948	100
K02950	99.512987
K02952	100
K02954	189.0151515
K02956	100
K02959	97.8896104
K02961	98.4848485
K02963	100
K02965	97.8896104
K02967	97.8896104
K02968	99.2424242
K02970	90.9090909
K02972	0
K02977	0
K02982	97.8896104
K02986	100
K02988	99.2424242
K02990	100
K02992	99.2424242
K02994	100
K02996	98.4848485
K03030	0
K03040	98.4848485
K03043	100
K03046	100
K03048	88.6363636
K03060	97.8896104
K03070	178.5714285
K03071	2.1103896
K03072	6.8181818
K03073	94.6428572
K03074	6.8181818
K03075	98.4848485
K03076	182.3051948
K03077	0
K03078	5.8441558
K03079	8.1168831
K03080	0
K03081	8.4415584
K03082	8.4415584
K03086	100
K03087	0.487013
K03088	37.6082254
K03089	0
K03090	88.7987013
K03091	99.2424243
K03092	0
K03093	0
K03095	88.6363636
K03098	0
K03100	202.9761905
K03101	103.6255411
K03106	100
K03110	100
K03111	275.1623376
K03112	0
K03113	0
K03116	91.3961039
K03117	9.0909091
K03118	91.3961039
K03119	0
K03146	0
K03147	18.1818182
K03148	2.2727273
K03149	27.8679654
K03150	6.0606061
K03151	95.2922078
K03152	1.5151515
K03153	24.3506493
K03154	28.8961039
K03168	99.2424242
K03169	94.534632
K03177	100
K03179	0
K03181	0
K03182	3.0303031
K03183	94.4805194
K03184	0
K03185	0
K03186	3.0303031
K03187	86.525974
K03188	86.525974
K03189	86.525974
K03190	86.525974
K03191	0
K03192	0
K03194	0
K03195	0
K03196	0
K03197	0
K03198	0
K03199	0
K03200	0
K03201	0
K03202	0
K03203	0
K03204	0
K03205	3.7878788
K03206	0
K03207	0
K03208	0
K03210	100
K03212	0
K03214	0
K03215	92.4242424
K03216	90.9090909
K03217	111.9047619
K03218	99.2424242
K03219	0
K03220	0
K03221	0
K03222	0
K03223	0
K03224	0
K03225	0
K03226	0
K03227	0
K03228	0
K03229	0
K03230	0
K03265	0
K03268	0
K03269	0
K03270	0
K03271	0.7575758
K03272	0
K03273	0.7575758
K03274	0
K03275	0
K03276	0
K03277	0
K03278	0
K03279	0
K03280	0
K03281	6.3311688
K03282	92.9112554
K03284	97.1320346
K03285	0
K03286	0
K03287	0
K03288	0
K03289	0
K03290	10.2272727
K03291	0
K03292	11.2554113
K03293	108.2792207
K03294	164.2316017
K03296	88.0411255
K03297	0
K03298	0.487013
K03299	95.9415584
K03300	78.2467532
K03301	0
K03303	175.6493506
K03304	0
K03305	115.5844156
K03306	95.4545454
K03307	99.1883116
K03308	96.1580087
K03309	2.1103896
K03310	182.3593073
K03311	245.4545453
K03312	85.0649351
K03313	6.3311688
K03314	0
K03315	97.8354978
K03316	85.8766233
K03317	2.1103896
K03318	0
K03319	82.7922078
K03320	83.9285714
K03321	12.8246753
K03322	90.7467532
K03324	79.1666667
K03325	0.487013
K03326	0.974026
K03327	0
K03328	71.7532467
K03329	0
K03331	0
K03332	0
K03333	0
K03335	7.3051948
K03336	6.3311688
K03337	5.8441558
K03338	5.8441558
K03339	0
K03340	0
K03342	0
K03343	0
K03346	88.6363636
K03365	0
K03366	90.7467532
K03367	89.1233766
K03379	0
K03380	0
K03381	0
K03382	0
K03383	0
K03384	0
K03385	0.487013
K03386	95.4545454
K03387	95.4545454
K03388	0
K03389	0
K03390	0
K03391	0
K03392	2.1103896
K03394	6.8181818
K03395	0
K03396	0
K03397	0
K03399	0
K03400	0
K03402	102.4350649
K03403	0
K03404	10.7142857
K03405	10.7142857
K03406	37.1212126
K03407	2.2727273
K03408	4.5454546
K03409	0
K03410	2.2727273
K03411	2.2727273
K03412	2.2727273
K03413	4.5454546
K03414	0
K03415	2.2727273
K03417	0
K03418	0
K03423	0
K03424	103.0303031
K03425	0
K03426	8.6038961
K03427	142.2619047
K03428	0
K03429	90.1515151
K03430	2.1103896
K03431	100
K03432	6.3311688
K03433	6.3311688
K03435	0
K03436	96.4826839
K03437	97.7272727
K03438	100.7575758
K03439	100
K03442	93.0194805
K03444	0
K03445	0
K03446	0
K03449	17.8571428
K03451	87.2835498
K03453	74.3506493
K03455	93.0194805
K03457	5.8441558
K03458	0
K03459	0
K03462	0
K03464	0
K03465	1.5151515
K03466	258.2251081
K03468	0
K03469	98.4848485
K03470	98.4848485
K03471	88.6363636
K03472	0
K03473	0
K03474	0
K03475	96.5909091
K03476	8.6038961
K03477	0
K03478	2.7597403
K03480	84.4155844
K03481	86.525974
K03482	0
K03483	78.0844156
K03484	94.534632
K03485	0
K03486	84.5779221
K03487	0
K03488	7.6298701
K03489	75.9740259
K03490	0
K03491	15.0432901
K03492	2.2727273
K03493	8.4415584
K03495	90.9090909
K03496	28.1385282
K03497	192.1536797
K03498	6.6558442
K03499	106.8181818
K03500	100
K03501	100
K03502	93.6688312
K03503	0.487013
K03516	0
K03517	5.8441559
K03518	1.5151515
K03519	0
K03520	0
K03521	8.3874459
K03522	9.1450217
K03523	101.3528138
K03524	96.9696969
K03525	4.5454546
K03526	14.0692641
K03527	15.0974026
K03528	0
K03529	94.1558442
K03530	101.4610389
K03531	96.3744589
K03532	0
K03533	0
K03534	0.487013
K03535	86.525974
K03536	97.8896104
K03537	0
K03543	0
K03544	102.2727273
K03545	100
K03546	89.2857143
K03547	89.2857143
K03548	0
K03549	8.6038961
K03550	100
K03551	100
K03553	100
K03554	0
K03555	90.9090909
K03556	0.7575758
K03557	0
K03558	0
K03559	0
K03560	0
K03561	0
K03562	0
K03563	2.2727273
K03564	96.2121212
K03565	100
K03566	0
K03567	0
K03568	0
K03569	6.8181819
K03570	91.0714286
K03571	90.9090909
K03572	86.6883117
K03573	0
K03574	90.2597402
K03575	99.512987
K03576	0
K03577	0
K03578	6.8181818
K03579	5.8441558
K03580	0
K03581	97.7272727
K03582	6.3311688
K03583	6.8181818
K03584	99.2424242
K03585	0
K03586	0
K03587	8.6038961
K03588	100
K03589	99.2424242
K03590	86.525974
K03591	0
K03592	0
K03593	93.3441558
K03594	0
K03595	97.8896104
K03596	99.2424242
K03597	0
K03598	0
K03599	0
K03600	0
K03601	100
K03602	97.8896104
K03603	0
K03604	0
K03605	0
K03606	0
K03607	0
K03608	3.7878788
K03609	3.7878788
K03610	2.2727273
K03611	0
K03612	2.2727273
K03613	2.2727273
K03614	0.7575758
K03615	2.2727273
K03616	0
K03617	2.2727273
K03618	0
K03619	0
K03620	0
K03621	93.1818182
K03623	0
K03624	102.2727273
K03625	100
K03628	99.512987
K03629	97.8896104
K03630	84.7402598
K03631	100
K03632	0
K03633	0
K03634	0
K03635	94.9675324
K03636	88.6363636
K03637	96.4826839
K03638	88.6363636
K03639	95.995671
K03640	0
K03641	0
K03642	0
K03643	0
K03644	95.4545454
K03645	0
K03646	0
K03647	90.7467532
K03648	97.7272727
K03649	0.487013
K03650	90.9090909
K03651	0
K03652	95.4545454
K03653	0
K03654	186.6341991
K03655	131.8181819
K03656	0
K03657	124.4047619
K03658	0
K03660	0
K03664	100
K03665	100
K03666	88.6363636
K03667	88.6363636
K03668	0
K03669	0
K03670	0
K03671	102.0562771
K03672	0.487013
K03673	0
K03674	0
K03675	0
K03676	0
K03683	0
K03684	9.0909091
K03685	100.2705628
K03686	106.8181818
K03687	100.487013
K03688	3.2467533
K03689	0
K03690	0
K03692	0
K03693	0
K03694	0
K03695	100.487013
K03696	97.8896104
K03697	0
K03698	90.9090909
K03699	10.6060606
K03700	90.9090909
K03701	104.7619048
K03702	102.1103896
K03703	99.2424242
K03704	258.2792207
K03705	97.7272727
K03706	90.9090909
K03707	93.3441558
K03708	88.6363636
K03709	97.4025973
K03710	28.4090911
K03711	103.5173161
K03712	0
K03713	88.6363636
K03715	0
K03716	0.7575758
K03717	0
K03718	0
K03719	10.6601732
K03720	0
K03721	0
K03722	101.3528138
K03723	100
K03724	3.7337663
K03726	0
K03727	6.8181818
K03731	0
K03732	0
K03733	95.4545454
K03734	11.9588745
K03735	1.2445888
K03736	1.2445888
K03737	11.8506494
K03738	0
K03739	89.1233766
K03740	89.1233766
K03741	31.6558441
K03742	89.3939394
K03743	8.6038961
K03744	7.3593074
K03745	0
K03746	0
K03747	0
K03748	0
K03749	0
K03750	101.7857142
K03752	90.9090909
K03753	88.6363636
K03755	0
K03756	4.2207792
K03757	0
K03758	96.1038961
K03759	0
K03760	0
K03761	5.8441558
K03762	91.7207792
K03763	94.6969697
K03764	0
K03765	0
K03767	1.461039
K03768	97.2402597
K03769	0
K03770	0
K03771	0
K03772	0
K03773	0
K03774	0
K03775	0
K03776	5.8441558
K03777	0.487013
K03778	169.5887445
K03779	1.5151515
K03780	1.5151515
K03781	101.2987012
K03782	0.487013
K03783	8.6038961
K03784	156.8181818
K03785	93.3982684
K03786	5.8441558
K03787	1.5151515
K03788	0
K03789	97.2402597
K03790	8.6038961
K03791	0
K03793	0
K03794	0
K03795	0
K03796	0
K03797	90.9090909
K03798	106.0606061
K03799	8.4415584
K03800	250.4870129
K03801	6.8181818
K03802	0
K03803	0
K03804	0
K03805	0
K03806	0
K03807	0
K03808	0
K03809	0
K03810	0
K03811	5.8441558
K03812	0
K03813	0
K03814	0
K03815	0
K03816	89.3939394
K03817	86.525974
K03818	0
K03819	0
K03820	6.8181818
K03821	0
K03822	0
K03823	97.7272727
K03824	0
K03825	0
K03826	3.0303031
K03827	4.2207792
K03828	0
K03829	0
K03830	0.487013
K03831	0
K03832	0
K03833	0
K03834	0
K03835	0
K03836	0
K03837	0
K03838	0
K03839	0
K03840	0
K03841	0
K03851	0
K03852	0
K03855	3.4090909
K03856	0
K03862	0
K03863	0
K03867	0
K03885	166.7207791
K03886	0
K03887	0
K03888	0
K03889	5.8441558
K03890	5.8441558
K03891	5.8441558
K03892	46.9155844
K03893	100.1623376
K03894	2.1103896
K03895	2.1103896
K03896	0
K03897	0
K03918	0
K03919	0
K03921	0
K03923	0
K03924	14.6103896
K03925	98.4848485
K03926	0
K03928	173.051948
K03929	87.012987
K03930	0
K03931	0
K03932	0
K03933	0
K03969	6.8181818
K03970	0.974026
K03971	0
K03972	0
K03973	0
K03974	0
K03975	9.0909091
K03976	90.9090909
K03977	97.8896104
K03978	93.1818182
K03979	100
K03980	9.0909091
K03981	0
K04013	0
K04014	0
K04015	0
K04016	0
K04017	0
K04018	0
K04019	0.7575758
K04020	0
K04021	0
K04022	0
K04023	2.1103896
K04024	0.974026
K04025	0
K04026	0
K04027	0
K04028	0
K04029	0.974026
K04030	0
K04031	0.974026
K04032	0
K04033	0
K04034	0
K04035	0
K04036	0
K04037	0
K04038	0
K04039	0
K04040	0
K04041	91.0714286
K04042	97.8896104
K04043	100.487013
K04044	0
K04045	1.5151515
K04046	0
K04047	98.051948
K04049	0
K04050	0
K04051	0
K04052	0
K04053	0
K04054	0
K04056	0
K04057	0
K04058	0
K04059	0
K04060	0
K04061	2.2727273
K04062	0
K04063	0.487013
K04064	0
K04065	0
K04066	98.4848485
K04067	0
K04068	96.9155844
K04069	94.9675325
K04070	4.5454546
K04071	0
K04072	74.025974
K04073	0
K04074	90.9090909
K04075	100
K04076	0
K04077	106.8181818
K04078	100.974026
K04079	4.5454546
K04080	0
K04081	0
K04082	0
K04083	90.9090909
K04084	0
K04085	0
K04086	73.8636363
K04087	0
K04088	0
K04090	0
K04091	0
K04092	6.8181818
K04093	0
K04094	90.9090909
K04095	2.7597403
K04096	94.2640692
K04097	2.1103896
K04098	0
K04099	0
K04100	0
K04101	0
K04102	0
K04103	88.6363636
K04105	0
K04107	0
K04108	0
K04109	0
K04110	0
K04112	0
K04113	0
K04114	0
K04115	0
K04116	0
K04117	0
K04118	0
K04126	0
K04127	0
K04128	0
K04333	0
K04334	0
K04335	0
K04336	0
K04337	0
K04338	0
K04343	0
K04477	2.2727273
K04478	84.4155844
K04480	0
K04485	96.9696969
K04486	4.5454546
K04487	189.6645021
K04488	100.7575758
K04516	0
K04517	97.2402597
K04518	90.5844155
K04561	29.5454545
K04562	2.2727273
K04564	162.9870129
K04565	0.7575758
K04566	0
K04567	104.2207792
K04568	0
K04618	0
K04641	0
K04651	4.5454546
K04652	4.5454546
K04653	0
K04654	0
K04655	0
K04656	0
K04691	0
K04708	0
K04712	0
K04718	0
K04719	0.487013
K04720	2.2727273
K04744	0
K04747	0
K04748	0
K04749	90.9090909
K04750	87.012987
K04751	3.7337663
K04752	0
K04753	4.2207792
K04754	0
K04755	0
K04756	0
K04757	88.6363636
K04758	95.6168832
K04759	100.8116884
K04760	0
K04761	6.3311688
K04762	6.8181818
K04763	160.0108225
K04764	0
K04765	0
K04766	84.4155844
K04767	1.2445888
K04768	84.4155844
K04769	0.7575758
K04770	0
K04771	0
K04772	0
K04773	7.7922078
K04774	0
K04775	0
K04780	0
K04781	0
K04782	0
K04783	4.2207792
K04784	4.2207792
K04785	0
K04786	0
K04787	0
K04788	0
K04789	0
K04790	0
K04791	0
K04792	0
K04793	0
K04794	0
K04835	0
K04844	0.7575758
K04940	0
K05020	90.7467532
K05245	0
K05275	0
K05281	0
K05286	0
K05296	0
K05297	0
K05299	0
K05301	0
K05303	0
K05304	0
K05305	0
K05306	2.1103896
K05311	88.6363636
K05337	89.3939394
K05338	88.6363636
K05339	88.6363636
K05340	80.1948052
K05341	5.8441558
K05342	6.3311688
K05343	5.8441558
K05344	0
K05345	0
K05346	0.487013
K05348	0
K05349	27.5974028
K05350	8.0627707
K05351	0.487013
K05352	141.3961038
K05356	0
K05358	0
K05362	88.6363636
K05363	0
K05364	1.7316017
K05365	0
K05366	90.9090909
K05367	0
K05368	0
K05369	0
K05370	0
K05371	0
K05372	0
K05373	0
K05374	0
K05375	0
K05376	0
K05377	0
K05378	0
K05379	0
K05380	0
K05381	0
K05382	0
K05383	0
K05384	0
K05385	0
K05386	0
K05394	0
K05396	2.1103896
K05499	4.2207792
K05501	0
K05515	3.0303031
K05516	2.2727273
K05517	0
K05518	0
K05519	0
K05520	87.6623376
K05521	9.0909091
K05522	5.8441558
K05523	69.6428571
K05524	0
K05525	0
K05526	0
K05527	0
K05539	0
K05540	0
K05541	0
K05548	0.487013
K05549	0
K05550	0
K05551	0
K05552	0
K05553	0
K05554	0
K05555	0
K05556	0
K05558	0
K05559	0
K05560	0
K05561	0
K05562	0
K05563	0
K05564	0
K05565	177.7597402
K05566	175.1623376
K05567	177.7597402
K05568	177.7597402
K05569	177.7597402
K05570	175.1623376
K05571	175.6493506
K05572	0
K05573	0
K05574	0
K05575	0
K05576	0
K05577	82.3051948
K05578	0
K05579	0
K05580	0
K05581	0
K05582	0
K05583	0
K05584	0
K05585	0
K05586	0
K05587	0
K05588	0
K05589	0
K05590	0
K05591	0
K05592	4.3831169
K05593	7.8463204
K05594	0
K05595	0
K05596	0.487013
K05597	0
K05599	0
K05600	0
K05601	0
K05602	6.8181818
K05603	0
K05606	6.8181818
K05685	0
K05708	0
K05709	0
K05710	6.8181818
K05711	0
K05712	0
K05713	0
K05714	0
K05715	0
K05739	0
K05772	0
K05773	0
K05774	0
K05775	0
K05776	0
K05777	0
K05778	0
K05779	0
K05780	0
K05781	0
K05782	0
K05783	0
K05784	0
K05785	0
K05786	89.1233766
K05787	0
K05788	0
K05789	0
K05790	0
K05791	0
K05792	0
K05793	0
K05794	7.7922078
K05795	1.5151515
K05796	0
K05797	0
K05798	0
K05799	4.2207792
K05800	0
K05801	0
K05802	0
K05803	0
K05804	0
K05805	0
K05806	0
K05807	0
K05808	4.5454546
K05809	0
K05810	95.8874459
K05811	0
K05812	0
K05813	2.7056277
K05814	1.9480519
K05815	2.7056277
K05816	0
K05817	0
K05818	0
K05819	0
K05820	0
K05822	73.8636363
K05823	0
K05824	0
K05825	0
K05826	0
K05827	0
K05828	0
K05829	0
K05830	0
K05831	0
K05832	7.3051949
K05833	7.3051949
K05834	0
K05835	0
K05836	0
K05837	91.0714286
K05838	6.8181818
K05839	0
K05841	0
K05844	0.974026
K05845	186.6883116
K05846	281.4935063
K05847	185.064935
K05851	0
K05873	4.2207792
K05874	0
K05875	0
K05876	0
K05877	0
K05878	97.7272727
K05879	98.2142857
K05880	0
K05881	5.3571428
K05882	0
K05883	0
K05884	0
K05885	8.4415584
K05886	0
K05887	0
K05888	0
K05889	0
K05893	0
K05895	4.8701299
K05896	94.1558442
K05897	0
K05898	0
K05899	0
K05900	0
K05903	0
K05905	0
K05910	0
K05911	0
K05912	2.1103896
K05913	0
K05915	0
K05916	90.7467532
K05917	0
K05918	0
K05919	2.2727273
K05921	0
K05922	0
K05926	0
K05927	0
K05928	0
K05929	0
K05934	2.2727273
K05936	9.0909091
K05937	8.9285714
K05939	0
K05941	0
K05942	0
K05944	0
K05945	0
K05946	95.4545455
K05949	0
K05951	0
K05952	0
K05956	0
K05957	0
K05962	0
K05964	2.2727273
K05966	2.2727273
K05967	0
K05968	0
K05970	4.5454546
K05971	0
K05972	0
K05973	0
K05977	0
K05978	0
K05979	0
K05982	0
K05984	0
K05985	88.6363636
K05986	0
K05988	0
K05989	7.3051949
K05991	0.974026
K05992	0
K05994	0
K05995	0.974026
K05996	0
K05997	0
K05998	0
K05999	0
K06001	2.4891775
K06006	0
K06011	0
K06012	2.2727273
K06013	0
K06015	0
K06016	5.3571428
K06017	0
K06019	0.487013
K06020	0
K06021	0
K06022	0
K06023	90.9090909
K06024	89.935065
K06026	0
K06027	0
K06033	0
K06034	0
K06036	0
K06039	0
K06041	2.7597403
K06042	7.3051948
K06044	1.461039
K06045	0
K06046	0
K06048	0
K06049	0
K06073	0
K06074	0
K06075	0
K06076	0
K06077	0
K06078	0
K06079	0
K06080	0
K06113	0
K06118	0.487013
K06120	0
K06121	0
K06122	0
K06125	0
K06131	193.0194805
K06132	0
K06133	14.3398268
K06134	0
K06135	0
K06136	0
K06137	0
K06138	0
K06139	0
K06140	0
K06141	0
K06142	0
K06143	0
K06144	0
K06145	0
K06146	0
K06147	342.9112558
K06148	2.9761905
K06149	0
K06151	0
K06152	0
K06153	102.7597403
K06155	0
K06156	0
K06157	0
K06158	93.3441559
K06159	0
K06160	0
K06161	0
K06162	0
K06163	0
K06164	0
K06165	0
K06166	0
K06167	0.487013
K06168	99.512987
K06169	0
K06173	100.7575758
K06175	0
K06176	0
K06177	6.3311688
K06178	97.7272727
K06179	1.5151515
K06180	281.060606
K06181	0
K06182	2.2727273
K06183	90.9090909
K06186	0
K06187	100
K06188	0
K06189	0
K06190	0
K06191	0
K06192	0
K06193	8.4415584
K06194	0
K06195	0
K06196	5.8441558
K06197	0.487013
K06198	80.1948052
K06199	183.8744588
K06200	7.1428572
K06201	14.9350649
K06202	0
K06203	0
K06204	6.8181818
K06205	0
K06206	0
K06207	100
K06208	0
K06209	90.9090909
K06211	0
K06212	0
K06213	90.9090909
K06214	0
K06215	96.4826839
K06216	80.1948052
K06217	97.7272727
K06218	0
K06219	0
K06221	5.3571428
K06222	0
K06223	2.1103896
K06236	0
K06237	0
K06281	0
K06282	0
K06283	0.7575758
K06284	0.7575758
K06285	0
K06286	88.6363636
K06287	11.3636364
K06288	0
K06289	0
K06290	0
K06291	0
K06292	0
K06293	0
K06294	0
K06295	0
K06296	0
K06297	0
K06298	0
K06299	0
K06300	0
K06301	0
K06302	0
K06303	0
K06304	0
K06305	0
K06306	0
K06307	0
K06308	0
K06309	0
K06310	2.2727273
K06311	0
K06312	0
K06313	0
K06314	0
K06315	0
K06317	1.5151515
K06318	0
K06319	0
K06320	0
K06321	0
K06322	0
K06323	0
K06324	0
K06325	0
K06326	0
K06327	0
K06328	0
K06329	0
K06330	0
K06331	0
K06332	0
K06333	2.2727273
K06334	2.2727273
K06335	0
K06336	0
K06337	0
K06338	0
K06339	0
K06340	0
K06341	0
K06342	0
K06343	0
K06344	0
K06345	0
K06346	10.8766234
K06347	88.6363636
K06348	0
K06349	0
K06350	0
K06351	0
K06352	0
K06353	0
K06354	0
K06355	0
K06356	0
K06357	0
K06358	0
K06359	0
K06360	0
K06361	0
K06362	0
K06363	0
K06364	0
K06365	0
K06366	0
K06367	0
K06368	0
K06369	0
K06370	0
K06371	0
K06372	0
K06373	2.2727273
K06374	1.5151515
K06375	0
K06376	0
K06377	8.4415584
K06378	0.7575758
K06379	2.2727273
K06380	0
K06381	2.2727273
K06382	2.2727273
K06383	0.7575758
K06384	4.978355
K06385	2.2727273
K06386	0
K06387	2.2727273
K06388	0
K06389	0
K06390	2.2727273
K06391	1.5151515
K06392	2.2727273
K06393	2.2727273
K06394	2.2727273
K06395	2.2727273
K06396	2.2727273
K06397	0.7575758
K06398	2.2727273
K06399	1.5151515
K06400	31.0606061
K06401	0
K06402	0
K06403	2.2727273
K06404	2.2727273
K06405	2.2727273
K06406	1.5151515
K06407	2.2727273
K06408	0
K06409	3.7878788
K06410	2.2727273
K06411	2.2727273
K06412	86.6883117
K06413	0
K06414	0
K06415	0
K06416	2.2727273
K06417	0
K06418	0
K06419	0
K06420	0
K06421	0
K06422	0
K06423	0
K06424	0
K06425	0
K06426	0
K06427	0
K06428	0
K06429	0
K06430	0
K06431	0
K06432	0
K06433	0
K06434	0
K06435	0
K06436	0
K06437	0
K06438	2.2727273
K06439	0
K06440	0
K06441	0
K06442	9.3614719
K06443	0
K06444	0
K06445	0
K06446	0
K06447	0
K06518	86.6883117
K06580	0
K06595	0
K06596	0
K06597	0
K06598	0
K06599	0
K06600	0
K06601	0
K06602	0
K06603	1.5151515
K06604	0
K06605	4.8701299
K06606	0
K06607	0
K06608	0
K06609	0
K06610	0.487013
K06714	0
K06718	0
K06720	0
K06726	92.3701298
K06857	0
K06858	0
K06859	0
K06860	0
K06861	0
K06864	8.0086581
K06866	0
K06867	0
K06871	13.5822511
K06872	4.3831169
K06873	0
K06876	0
K06877	6.8181818
K06878	84.4155844
K06879	0
K06880	0
K06881	95.4545455
K06882	0
K06883	0
K06884	0
K06885	88.6363636
K06886	88.6363636
K06887	0
K06888	6.8181818
K06889	31.6017317
K06890	86.525974
K06891	6.3311688
K06892	0
K06893	0
K06894	0
K06895	91.7207792
K06896	0
K06897	0
K06898	10.8766234
K06899	0
K06900	0
K06901	98.4848485
K06902	8.6038961
K06903	0
K06904	17.3701299
K06905	0
K06906	0
K06907	0
K06908	0
K06909	27.4350649
K06910	72.2402597
K06911	9.0909091
K06912	0
K06915	5.952381
K06916	0
K06917	0
K06918	0
K06919	30.1948052
K06920	88.6363636
K06921	0.7575758
K06922	0
K06923	2.2727273
K06925	100
K06926	4.978355
K06927	0
K06928	0
K06929	0
K06931	0
K06933	0
K06934	69.6428571
K06936	0
K06937	0
K06938	0
K06940	2.2727273
K06941	100
K06942	100
K06944	0
K06945	0
K06946	0
K06947	0
K06948	88.6363636
K06949	100.7575758
K06950	191.6666667
K06951	0
K06952	0.7575758
K06953	0
K06954	0
K06955	0
K06956	88.6363636
K06957	0
K06958	34.5779221
K06959	90.9090909
K06960	11.3636364
K06962	86.6883117
K06966	97.6731601
K06967	90.9090909
K06968	0
K06969	93.1818182
K06970	0
K06971	2.2727273
K06972	4.5454546
K06973	93.1818182
K06974	0
K06975	96.1038961
K06976	6.8181818
K06977	0
K06978	78.2467532
K06979	0
K06980	6.8181818
K06983	0
K06985	0
K06986	0
K06987	0
K06988	0.487013
K06989	0.7575758
K06990	0.974026
K06991	0
K06992	0
K06993	0
K06994	96.9155844
K06995	0
K06996	0.487013
K06997	100
K06998	6.8181818
K06999	82.3051948
K07000	0
K07001	17.3701299
K07002	90.7467532
K07003	1.5151515
K07004	9.9025974
K07005	4.491342
K07006	0
K07007	95.4545455
K07008	0
K07009	97.7272727
K07010	8.6038961
K07011	0
K07012	5.465368
K07013	0
K07014	0
K07015	93.1818182
K07016	4.2207792
K07017	2.1103896
K07018	0
K07019	0
K07020	0
K07021	0
K07023	90.9090909
K07024	642.7489177
K07025	192.9112554
K07026	0
K07027	6.0606061
K07028	0
K07029	195.1298701
K07030	91.6666667
K07031	0.7575758
K07032	80.6818181
K07033	2.1103896
K07034	0
K07035	178.7878787
K07037	2.2727273
K07038	177.2727272
K07039	0
K07040	96.3744589
K07041	0
K07042	100
K07043	10.8225108
K07044	0
K07045	36.0389611
K07046	2.5974026
K07047	10.6060606
K07048	5.8441558
K07050	1.5151515
K07051	0
K07052	427.1645021
K07053	11.3636364
K07054	3.4090909
K07056	100
K07057	0
K07058	99.1883117
K07061	0
K07062	0.974026
K07063	0
K07064	0
K07065	0.487013
K07066	0
K07067	8.6038961
K07068	0
K07069	2.1103896
K07070	0
K07071	94.4805194
K07074	0.487013
K07075	2.9220779
K07076	0
K07077	4.2207792
K07078	75.9740259
K07079	6.8181819
K07080	0.7575758
K07081	0
K07082	11.3636364
K07083	0
K07084	89.1233766
K07085	6.3311688
K07086	0
K07088	95.8333334
K07089	16.5584416
K07090	282.9545454
K07091	0
K07092	0
K07093	0
K07094	88.6363636
K07095	99.0800866
K07096	0
K07097	0
K07098	2.4891775
K07099	0
K07100	0
K07101	6.3311688
K07102	0
K07104	168.8311688
K07105	4.3831169
K07106	90.2597402
K07107	272.8896103
K07109	0
K07110	0
K07112	82.7922078
K07113	0.487013
K07114	16.0714285
K07115	0
K07116	0
K07117	0
K07118	8.2792208
K07119	83.4415584
K07120	88.6363636
K07121	0
K07122	0
K07123	0
K07124	109.7943723
K07125	0
K07126	0.7575758
K07127	0
K07129	0
K07130	0
K07131	0.974026
K07132	12.6623377
K07133	20.887446
K07136	0
K07137	9.0909092
K07138	3.0303031
K07139	90.9090909
K07140	0.487013
K07141	0
K07145	177.7597402
K07146	84.4155844
K07147	0
K07148	14.7727273
K07149	0
K07150	2.7597403
K07152	0
K07153	0
K07154	0.487013
K07155	0
K07156	2.1103896
K07157	0
K07160	94.4805194
K07161	0
K07162	0
K07164	9.0909091
K07165	0
K07166	5.5194806
K07167	0
K07168	0
K07169	0
K07170	88.6363636
K07171	101.6774892
K07172	2.1103896
K07173	96.7532467
K07175	6.6017316
K07176	0
K07177	6.8181818
K07178	0
K07180	0
K07181	1.5151515
K07182	0
K07183	9.6861472
K07184	0
K07185	11.3095238
K07186	0
K07190	0
K07192	1.7316017
K07212	0
K07213	86.525974
K07214	0.974026
K07215	0
K07216	1.5151515
K07217	0
K07218	0
K07219	0
K07220	88.6363636
K07221	0
K07222	0
K07223	0.974026
K07224	76.4610389
K07225	0
K07226	0
K07227	0
K07228	4.2207792
K07229	0
K07230	0
K07231	0
K07232	0
K07233	0
K07234	0
K07235	0
K07236	0
K07237	0
K07238	24.8917749
K07239	0
K07240	1.5151515
K07241	75.9740259
K07242	0
K07243	76.4610389
K07245	5.8441558
K07246	0
K07248	11.038961
K07250	3.0844156
K07251	0
K07255	0
K07256	0
K07257	0
K07258	103.8961039
K07259	6.8181818
K07260	0
K07261	0
K07262	0
K07263	0
K07264	0
K07265	0
K07266	0
K07267	0
K07268	0
K07269	0
K07270	0
K07271	5.3030304
K07272	0
K07273	2.5974026
K07274	0
K07275	0
K07276	0
K07277	0
K07278	0
K07279	0
K07280	0
K07281	0
K07282	22.6731602
K07283	0
K07284	90.3679653
K07285	0
K07286	0
K07287	0
K07288	0
K07289	0
K07290	0
K07300	0.487013
K07301	3.0303031
K07302	0
K07303	0
K07304	270.12987
K07305	93.3441558
K07306	4.8701299
K07307	5.3571428
K07308	5.3571428
K07309	0
K07310	0
K07311	0
K07312	0
K07313	17.2077923
K07314	0
K07315	80.1948052
K07316	1.2445888
K07317	0
K07318	0
K07319	0
K07320	0
K07321	0
K07322	80.1948052
K07323	0
K07326	0
K07334	1.461039
K07335	12.8787879
K07336	0
K07337	0
K07338	0
K07339	0.487013
K07340	0
K07341	4.8701299
K07343	0
K07344	0
K07345	0
K07346	0
K07347	0
K07348	0
K07349	0
K07350	0
K07351	0
K07352	0
K07353	0
K07354	0
K07355	0
K07356	0
K07357	0
K07358	0
K07386	6.3311688
K07387	0
K07389	0
K07390	0
K07391	9.8484849
K07393	1.461039
K07394	0
K07395	0
K07396	0
K07397	0
K07399	6.3311688
K07400	0.487013
K07401	0
K07402	2.2727273
K07403	0
K07404	2.7597403
K07405	0
K07406	0
K07407	10.9848486
K07442	6.8181818
K07443	4.5454546
K07444	90.9090909
K07445	0
K07447	100
K07448	2.2186147
K07449	0
K07451	0
K07452	0
K07453	2.1103896
K07454	0
K07455	54.8701298
K07456	90.9090909
K07457	82.7922078
K07458	6.1147186
K07459	0.487013
K07460	9.8484849
K07461	86.525974
K07462	93.1818182
K07464	0.7575758
K07465	0
K07467	14.7727273
K07470	0
K07471	0
K07473	2.2727273
K07474	90.7467532
K07476	78.0844156
K07478	98.8636364
K07479	0
K07480	0
K07481	0
K07482	25.3246753
K07483	25.3246753
K07484	0.7575758
K07485	16.8831169
K07486	0
K07487	0
K07488	0
K07489	0
K07490	0
K07491	63.6363637
K07492	0
K07493	0
K07494	0
K07495	0
K07496	0
K07497	17.3701299
K07498	6.3311688
K07499	0
K07501	0
K07502	2.2727273
K07503	6.8181818
K07504	0.974026
K07505	0
K07506	0
K07507	7.3593074
K07516	75.9740259
K07518	0
K07519	0
K07533	95.4545455
K07534	0
K07535	0
K07536	0
K07537	0
K07538	0
K07539	0
K07540	0
K07543	0
K07544	0
K07545	0
K07546	0
K07547	0
K07548	0
K07549	0
K07550	0
K07552	83.2792207
K07559	0
K07560	94.8593073
K07566	76.7857143
K07567	90.8008658
K07568	93.1818182
K07570	0
K07571	88.6363636
K07574	93.1818182
K07576	3.2467533
K07577	0
K07578	0
K07584	80.3571429
K07586	88.6363636
K07588	7.3051948
K07589	0
K07590	82.3051948
K07591	0
K07592	0
K07636	90.9090909
K07637	0
K07638	0
K07639	0
K07640	0
K07641	0
K07642	0
K07643	0
K07644	0
K07645	0
K07646	101.569264
K07647	0
K07648	0
K07649	0
K07650	0
K07651	88.6363636
K07652	88.6363636
K07653	6.8181818
K07654	6.8181818
K07657	0
K07658	90.9090909
K07659	0
K07660	0
K07661	0
K07662	0
K07663	0
K07664	0
K07665	0
K07666	0
K07667	101.569264
K07668	88.6363636
K07669	6.8181818
K07670	6.8181818
K07671	0
K07673	0
K07674	0
K07675	0.487013
K07676	0
K07677	0
K07678	0
K07679	0
K07680	0
K07681	88.6363636
K07683	84.4155844
K07684	0
K07685	0
K07686	0
K07687	0
K07688	0
K07689	0
K07690	0
K07691	0
K07692	0
K07693	6.3311688
K07694	88.6363636
K07695	0
K07696	86.525974
K07697	0
K07698	0
K07699	2.2727273
K07700	0
K07701	0
K07702	0
K07703	0
K07704	88.7987013
K07705	84.4155844
K07706	86.525974
K07707	88.6363636
K07708	0
K07709	0
K07710	0
K07711	0
K07712	0
K07713	0
K07714	0
K07715	0
K07716	0
K07717	0
K07718	10.6060607
K07719	0
K07720	86.5800867
K07722	0
K07723	0
K07724	0
K07726	0
K07727	17.5324676
K07729	109.1991342
K07733	0
K07734	27.9220779
K07735	6.8181818
K07736	11.3636364
K07737	4.004329
K07738	100
K07739	2.2727273
K07740	0
K07741	35.8766234
K07742	94.1558441
K07746	0
K07749	0
K07751	0
K07757	0
K07768	6.8181818
K07769	0
K07770	0
K07771	0
K07772	0
K07773	0
K07774	0
K07775	86.525974
K07776	6.8181818
K07777	2.2727273
K07778	73.7012987
K07780	0
K07781	0
K07782	0
K07783	0
K07784	74.3506493
K07785	0
K07786	0
K07787	0
K07788	0
K07789	0
K07790	0
K07791	30.6818181
K07792	0
K07793	2.1103896
K07794	2.1103896
K07795	0
K07796	0
K07797	0
K07798	0
K07799	0
K07800	82.3051948
K07801	0
K07802	0
K07803	0
K07804	0
K07805	0
K07806	0
K07807	0
K07810	0
K07811	0
K07812	0
K07813	95.4545455
K07814	1.5151515
K07816	86.525974
K07821	0
K07823	0
K07824	0
K07862	0
K07978	0
K07979	48.8636364
K07991	0
K08068	0
K08070	4.2207792
K08076	0
K08077	0
K08078	0
K08081	0
K08082	0
K08083	0
K08084	0
K08085	0
K08086	0
K08087	0
K08088	0
K08092	0
K08093	94.9675324
K08094	93.0194805
K08095	0
K08097	0
K08100	0
K08137	0
K08138	0
K08139	2.1103896
K08151	0
K08152	0
K08153	88.6363636
K08154	0
K08156	8.4415584
K08159	0
K08160	0
K08161	0
K08162	0
K08163	0
K08164	2.1103896
K08166	0
K08167	3.5714286
K08168	2.1103896
K08169	0
K08170	225.8116882
K08172	0
K08173	0
K08174	0
K08177	0
K08178	0
K08191	0
K08194	0.487013
K08195	0
K08196	0
K08217	2.4891775
K08218	0
K08219	0
K08220	0
K08221	0
K08222	0
K08223	0
K08224	2.5974026
K08225	0
K08226	0
K08227	0
K08234	0
K08252	0
K08253	4.2207792
K08255	46.4285714
K08256	0.974026
K08258	72.5108225
K08259	65.4220779
K08261	0
K08262	0
K08276	0
K08277	0
K08278	0
K08279	0
K08280	0
K08281	5.8441558
K08282	0
K08286	0
K08289	0
K08295	0
K08296	6.3311688
K08297	1.2445888
K08298	0.487013
K08299	0.7575758
K08300	6.8181818
K08301	2.2727273
K08302	0
K08303	93.1818182
K08304	0
K08305	0
K08306	0
K08307	0
K08308	0
K08309	2.2727273
K08310	0
K08311	0
K08312	0
K08313	0
K08314	2.2727273
K08315	0
K08316	9.0909091
K08317	0
K08318	0
K08319	0
K08320	0
K08321	0
K08322	0
K08323	0
K08324	0
K08325	0
K08326	0
K08344	0
K08348	0
K08349	0
K08350	0
K08351	0
K08352	0
K08353	0
K08354	0
K08355	0
K08356	0
K08357	0
K08358	0
K08359	0
K08363	0
K08364	0
K08365	0
K08368	5.8441558
K08369	8.1168831
K08372	9.0909091
K08384	4.5454546
K08475	0
K08476	0
K08477	0
K08478	0
K08479	0
K08480	0
K08481	0
K08482	0
K08483	100.7575758
K08484	0
K08485	4.3831169
K08566	0
K08567	0
K08586	0
K08587	0
K08589	0
K08590	88.6363636
K08591	95.4545455
K08597	0
K08598	0
K08599	0
K08600	80.0865802
K08602	90.9090909
K08603	0
K08604	0
K08605	0
K08641	0
K08642	0
K08643	0
K08646	0
K08651	0
K08652	0
K08659	2.7597403
K08675	0
K08676	6.3311688
K08677	0
K08679	2.1103896
K08680	88.6363636
K08681	95.7251082
K08682	0
K08685	0
K08686	0
K08687	0
K08688	0
K08689	0
K08690	0
K08691	0
K08692	0
K08693	0
K08696	0
K08697	0
K08698	0
K08699	0
K08700	0
K08710	0
K08713	0
K08714	0
K08715	0
K08717	84.4155844
K08720	0
K08721	0
K08722	0
K08723	0
K08724	0
K08728	0
K08738	0
K08777	0
K08838	0
K08884	109.4155844
K08900	0
K08902	0
K08903	0
K08904	0
K08906	0
K08918	0
K08919	0
K08920	0
K08921	0
K08922	0
K08923	0
K08924	0
K08925	0
K08926	0
K08927	0
K08928	0
K08929	0
K08930	0
K08939	0
K08961	0
K08963	4.5454546
K08964	0
K08965	0
K08966	0
K08967	0
K08969	0
K08970	0
K08972	3.2467533
K08973	0
K08974	90.04329
K08976	88.6363636
K08977	0
K08978	0.7575758
K08980	0
K08981	89.6103896
K08982	2.1103896
K08983	0
K08984	0
K08985	0
K08986	0
K08987	69.6428571
K08988	0
K08989	0
K08990	0.487013
K08992	0
K08993	0
K08994	0
K08995	0
K08996	91.3961038
K08997	0
K08998	94.4264069
K08999	11.3636364
K09000	0
K09001	0
K09002	11.3095238
K09003	0
K09004	0
K09005	2.2727273
K09007	88.6363636
K09008	0
K09009	6.8181818
K09011	0
K09012	0
K09013	100
K09014	98.4848485
K09015	93.3441558
K09016	0
K09017	0
K09018	0
K09019	0
K09020	0
K09021	0
K09022	2.2727273
K09023	0
K09024	0
K09065	0
K09116	0
K09117	6.4935065
K09118	1.461039
K09120	0
K09121	10.8766234
K09122	0
K09123	0
K09124	0.7575758
K09125	95.4545454
K09126	0
K09127	0
K09128	0
K09129	0
K09131	0
K09132	0
K09134	56.9805195
K09136	5.6818182
K09137	0
K09138	0.487013
K09141	0
K09143	0
K09144	0
K09145	46.4285714
K09146	0
K09153	2.7597403
K09154	0
K09155	2.5974026
K09157	5.5194806
K09158	0
K09159	0
K09160	0
K09161	0
K09162	87.5
K09163	0
K09164	0.487013
K09165	0
K09166	0
K09167	89.6103896
K09181	0.487013
K09190	0
K09251	0
K09252	0
K09384	2.1103896
K09386	0
K09388	0
K09456	0
K09457	88.6363636
K09458	97.9437229
K09459	0
K09461	0
K09469	0
K09470	0
K09471	0
K09472	0
K09473	0
K09474	0
K09475	0
K09476	0
K09477	0
K09483	0
K09516	0
K09607	0
K09612	0
K09650	0
K09680	88.6363636
K09681	0
K09682	4.2207792
K09683	0
K09684	4.8701299
K09685	86.525974
K09686	242.4242425
K09687	288.6363637
K09688	0
K09689	0
K09690	5.7900434
K09691	8.8203464
K09692	183.7662337
K09693	181.4935064
K09694	1.461039
K09695	0.974026
K09696	3.7878788
K09697	3.7878788
K09698	88.6363636
K09699	88.6363636
K09700	0
K09701	0
K09702	1.5151515
K09703	0.487013
K09704	8.3874459
K09705	84.4155844
K09706	2.2727273
K09707	0
K09709	5.8441558
K09710	98.7554112
K09711	0
K09712	0
K09720	0
K09726	0
K09729	0
K09732	0
K09740	0
K09744	0
K09747	100
K09748	100
K09749	2.2727273
K09758	0
K09759	2.2727273
K09760	9.0909091
K09761	96.2121212
K09762	100
K09763	89.1233766
K09764	0
K09765	92.4242424
K09766	2.2727273
K09767	3.2467533
K09768	93.939394
K09769	88.6363636
K09770	0.7575758
K09771	78.5714285
K09772	100
K09773	118.8311688
K09774	0
K09775	0
K09776	0
K09777	2.2727273
K09778	0
K09779	2.2727273
K09780	8.9285714
K09781	0.487013
K09785	0
K09786	0
K09787	87.2835498
K09788	0
K09789	0
K09790	76.7316017
K09791	6.3311688
K09792	0
K09793	84.4155844
K09794	0
K09795	0
K09796	0
K09797	0
K09798	0
K09799	0
K09800	0
K09801	0
K09802	0
K09803	0.7575758
K09804	0
K09805	0
K09806	0
K09807	0.974026
K09808	0
K09809	63.3116883
K09810	0
K09811	11.3636364
K09812	11.3636364
K09813	88.6363636
K09814	88.6363636
K09815	95.9415584
K09816	89.6103896
K09817	89.6103896
K09818	0
K09819	0.974026
K09820	0.974026
K09822	82.3051948
K09823	0
K09824	0
K09825	93.1818182
K09826	0
K09833	0
K09834	0
K09835	0
K09836	0
K09844	0
K09845	0
K09846	0
K09847	0
K09857	0
K09858	5.8441558
K09859	0
K09860	0
K09861	2.2186147
K09862	0
K09879	0
K09880	0
K09882	0
K09883	0
K09888	90.9090909
K09889	0
K09890	0
K09891	0
K09892	0
K09893	0
K09894	0
K09895	0
K09896	0
K09897	0
K09898	0
K09899	0
K09900	0
K09901	0
K09902	0
K09903	100
K09904	0
K09906	0
K09907	0
K09908	0
K09909	0
K09910	0
K09911	0
K09912	0
K09913	0
K09914	0
K09915	0
K09916	0
K09917	0
K09918	0
K09919	0
K09920	0
K09921	0
K09922	0
K09923	0
K09924	0
K09925	0
K09926	0
K09927	0.487013
K09928	0
K09929	0
K09930	0
K09931	0
K09932	0
K09933	0
K09934	0
K09935	1.2445888
K09936	88.7987013
K09937	0
K09938	0
K09939	0
K09940	86.525974
K09941	0
K09942	0
K09943	0
K09944	0
K09945	0
K09946	0
K09947	0
K09948	0
K09949	0
K09950	0
K09951	14.935065
K09952	5.1406927
K09953	0
K09954	0
K09955	9.3073594
K09956	0.487013
K09957	0
K09958	0
K09959	0
K09960	0
K09961	0
K09962	0
K09963	86.6883117
K09964	0
K09965	0
K09966	0
K09967	3.0303031
K09968	6.3311688
K09969	0
K09970	0
K09971	0
K09972	0
K09973	0
K09974	0
K09975	0
K09976	88.6363636
K09977	0
K09978	0
K09979	0
K09980	0
K09981	0
K09982	0
K09983	0
K09984	0
K09985	0
K09986	0
K09987	0
K09988	0
K09989	0
K09990	0
K09991	0
K09992	6.3311688
K09994	2.2727273
K09996	0
K09997	0
K09998	0
K09999	0
K10000	0
K10001	0
K10002	0
K10003	0
K10004	0
K10005	0.487013
K10006	0.974026
K10007	0.974026
K10008	0.974026
K10009	85.1731601
K10010	85.9307359
K10011	0
K10012	0
K10013	0
K10014	0
K10015	0
K10016	0
K10017	0
K10018	0
K10019	0
K10020	0
K10021	0
K10022	0
K10023	0
K10024	0
K10025	0
K10026	88.6363636
K10027	0
K10036	0
K10037	0
K10038	0
K10039	2.2727273
K10040	4.5454546
K10041	2.2727273
K10094	0
K10107	0
K10108	0
K10109	0
K10110	0
K10111	0
K10112	82.6298702
K10117	9.2532468
K10118	6.4935065
K10119	8.4956711
K10120	0
K10121	0
K10122	0
K10123	0
K10124	0
K10125	0
K10126	0
K10187	0
K10188	2.2727273
K10189	2.2727273
K10190	2.2727273
K10191	0
K10192	0.7575758
K10193	0.7575758
K10194	0.7575758
K10195	0
K10200	4.8701299
K10201	5.3571428
K10202	5.3571428
K10206	2.2727273
K10208	73.8636363
K10209	73.8636363
K10210	71.7532467
K10211	71.7532467
K10212	35.8766234
K10213	0
K10215	0
K10216	0
K10217	0
K10218	0
K10219	0
K10220	0
K10221	0
K10222	0
K10227	0
K10228	0
K10229	0
K10230	0
K10231	0
K10232	0.487013
K10233	0
K10234	0
K10235	0
K10236	0
K10237	0
K10238	0
K10239	0
K10240	4.8701299
K10241	4.8701299
K10242	5.8441558
K10243	0.487013
K10253	0
K10254	85.7142857
K10255	0
K10257	0
K10297	0
K10353	0
K10439	17.8030303
K10440	18.5606061
K10441	16.7748918
K10530	0
K10531	0
K10533	0
K10536	2.2727273
K10537	0
K10538	0
K10539	0
K10540	4.5454546
K10541	2.2727273
K10542	2.2727273
K10543	0
K10544	0
K10545	0
K10546	2.2727273
K10547	2.2727273
K10548	2.2727273
K10549	0
K10550	0
K10551	0
K10552	0.487013
K10553	0
K10554	0
K10555	0
K10556	0
K10557	0
K10558	0
K10559	0
K10560	0
K10561	0
K10562	0
K10563	96.4285714
K10564	0
K10565	0
K10616	0
K10617	0
K10618	0
K10619	0
K10620	0
K10621	0
K10622	0
K10623	0
K10670	0
K10671	0
K10672	0
K10673	0
K10674	0
K10676	0
K10677	0
K10678	0
K10679	0
K10680	0
K10681	82.3051948
K10682	82.3051948
K10697	0
K10700	0
K10701	0
K10702	0
K10704	0
K10708	0
K10709	2.2727273
K10710	2.2727273
K10711	0
K10713	0
K10714	0
K10715	0
K10716	5.6277056
K10748	0
K10762	0
K10763	0
K10764	0
K10773	100
K10774	0
K10775	0
K10778	0
K10780	0
K10783	0
K10793	0
K10794	0
K10795	0
K10796	0
K10797	7.4134199
K10798	0
K10799	0
K10800	0
K10804	0
K10805	6.8181818
K10806	0
K10810	12.6623377
K10811	0
K10814	0
K10815	0
K10816	0
K10817	0
K10819	0
K10822	0
K10823	104.8701299
K10824	82.3051948
K10826	0
K10829	0
K10831	0
K10834	0
K10843	5.8441558
K10844	0
K10850	86.525974
K10851	84.4155844
K10852	0
K10854	0
K10855	0
K10856	0
K10857	0
K10906	0
K10907	2.7597403
K10908	0
K10911	0
K10912	0
K10913	0
K10914	0
K10915	0
K10916	0
K10917	0
K10918	0
K10921	0
K10922	0
K10924	0
K10925	0
K10926	0
K10927	0
K10930	0
K10931	0
K10932	0
K10934	0
K10938	0
K10939	0
K10940	0
K10941	0
K10942	0
K10943	0
K10947	78.2467532
K10948	0
K10953	0
K10954	0
K10960	0
K10962	0
K10965	0
K10972	0
K10973	0
K10974	0
K10975	4.3831169
K10979	0
K10984	0
K10985	0
K10986	0
K11003	0
K11004	0
K11005	0
K11006	0
K11007	0
K11008	0
K11009	0
K11010	0
K11011	0
K11012	0
K11013	0
K11014	0
K11015	0
K11016	0
K11017	0
K11018	0
K11020	0
K11021	0
K11023	0
K11024	0
K11025	0
K11026	0
K11027	0
K11028	0
K11029	0
K11031	0
K11032	61.2012987
K11033	0
K11034	0
K11035	0
K11036	0
K11037	0
K11038	481.168831
K11039	56.9805195
K11040	331.3311687
K11041	73.8636363
K11042	67.5324675
K11043	10.551948
K11044	0
K11045	6.3311688
K11046	0
K11047	0
K11048	0
K11049	0
K11050	0
K11051	0
K11052	0
K11053	0
K11054	0
K11055	0
K11056	0
K11058	0
K11059	0
K11060	0
K11061	0
K11062	0
K11063	0
K11065	97.7272727
K11066	0
K11068	99.2424242
K11069	90.9090909
K11070	88.0411255
K11071	86.6883117
K11072	93.0194805
K11073	0
K11074	0
K11075	0
K11076	0
K11077	0
K11078	0
K11079	0
K11080	0
K11081	0
K11082	0
K11083	0
K11084	0
K11085	88.6363636
K11089	0.487013
K11102	84.4155844
K11103	0
K11104	10.7142857
K11105	6.3311688
K11106	0
K11107	0
K11130	0
K11139	0
K11144	88.6363636
K11145	90.9090909
K11159	0
K11175	97.8896104
K11177	0
K11178	0
K11179	0
K11180	0
K11181	0
K11183	0.487013
K11184	2.2727273
K11189	115.1515152
K11191	0
K11192	0
K11194	0
K11195	0
K11196	0
K11198	0
K11199	0
K11200	0
K11201	0
K11202	0
K11203	0
K11208	0
K11209	0
K11210	63.3116883
K11211	0
K11212	0
K11214	0
K11216	0
K11249	0
K11250	0
K11258	0
K11261	0
K11263	6.8181818
K11264	0
K11275	0
K11311	0
K11312	0
K11325	0
K11327	0
K11328	0
K11329	0
K11330	0
K11331	0
K11332	0
K11333	0
K11334	0
K11335	0
K11336	0
K11337	0
K11354	0
K11355	0
K11356	0
K11357	0
K11358	2.2727273
K11381	0.487013
K11382	0
K11383	0
K11384	0
K11385	0
K11386	0
K11387	0
K11391	0
K11392	0
K11434	0
K11440	0
K11441	0
K11442	46.4285714
K11443	0
K11444	0
K11472	0
K11473	4.2207792
K11474	0
K11475	0
K11476	88.6363636
K11477	0
K11520	0
K11521	0
K11522	0
K11523	0
K11524	0
K11525	0
K11526	0
K11527	0
K11528	0
K11529	0
K11530	0
K11531	0
K11532	0
K11533	0
K11534	0
K11535	88.6363636
K11537	0
K11601	0.487013
K11602	0.487013
K11603	0.487013
K11604	0
K11605	0
K11606	0
K11607	0
K11608	0
K11609	0
K11610	0
K11611	0
K11614	0
K11615	0
K11616	0
K11617	0
K11618	0
K11619	0
K11620	0
K11621	0
K11622	0
K11623	0
K11624	0
K11625	0
K11626	0
K11629	88.6363636
K11630	88.6363636
K11631	168.8311688
K11632	168.8311688
K11633	0
K11634	0
K11635	0
K11636	0
K11637	0
K11638	0
K11639	0
K11640	0
K11641	0
K11645	0.487013
K11646	0
K11685	0
K11686	0
K11688	0
K11689	0
K11690	1.5151515
K11691	0
K11692	0
K11693	88.6363636
K11694	88.6363636
K11695	88.6363636
K11704	88.6363636
K11705	88.6363636
K11706	88.6363636
K11707	0.974026
K11708	0.974026
K11709	0.974026
K11710	0.974026
K11711	0
K11712	0
K11717	98.4848485
K11719	0
K11720	0
K11731	0
K11732	0
K11733	94.4805194
K11734	0
K11735	0
K11736	0
K11737	185.7142856
K11738	11.6883117
K11739	0
K11740	0
K11741	43.1818182
K11742	0
K11743	0
K11744	0
K11745	0
K11746	0
K11747	0
K11748	0
K11749	93.1818182
K11750	0
K11751	0
K11752	97.2402597
K11753	100
K11754	102.1103896
K11755	80.3571429
K11777	0
K11779	0
K11780	0
K11781	0
K11811	0
K11814	0
K11815	0
K11889	0
K11890	0
K11891	0
K11892	0
K11893	0
K11894	0
K11895	0
K11896	0
K11897	0
K11898	0
K11899	0
K11900	0
K11901	0
K11902	0
K11903	0
K11904	0
K11905	0
K11906	0
K11907	0
K11908	0
K11909	0
K11910	0
K11911	0
K11912	0
K11913	0
K11914	0
K11915	0
K11916	0
K11917	0
K11918	0
K11919	0
K11920	0
K11921	0
K11922	2.2727273
K11923	0
K11924	0
K11925	0
K11926	0
K11927	2.2727273
K11928	94.8593073
K11929	0
K11930	0
K11931	0
K11932	0
K11933	0
K11934	0
K11935	0
K11936	78.0844156
K11937	0
K11938	0
K11939	6.8181818
K11940	0
K11941	0.487013
K11942	0
K11945	0
K11950	0
K11951	0
K11952	0
K11953	0
K11954	0
K11955	0
K11956	0
K11957	0
K11958	0
K11959	0
K11960	0
K11961	0
K11962	0
K11963	0
K11964	0
K11987	0
K11991	95.7792208
K11996	113.4740259
K12048	0
K12049	0
K12050	0
K12051	0
K12052	0
K12053	0
K12054	0
K12055	0
K12056	0
K12057	0
K12058	0
K12059	0
K12060	0
K12061	0
K12062	0
K12063	0
K12064	0
K12065	0
K12066	0
K12067	0
K12068	0
K12069	0
K12070	0
K12071	0
K12072	0
K12073	0
K12078	0
K12079	0
K12080	0
K12081	0
K12082	0
K12083	0
K12084	0
K12085	0
K12086	0
K12087	0
K12088	0
K12089	0
K12090	0
K12091	0
K12092	0
K12093	0
K12094	0
K12095	0
K12096	0
K12097	0
K12098	0
K12099	0
K12100	0
K12101	0
K12102	0
K12103	0
K12104	0
K12105	0
K12106	0
K12107	0
K12108	0
K12109	0
K12110	0
K12111	0
K12112	0
K12113	0
K12136	0
K12137	0
K12138	0
K12139	0
K12140	0
K12141	0
K12142	0
K12143	0
K12144	0
K12145	0
K12146	0
K12147	0
K12148	0
K12149	0
K12151	0
K12152	0
K12203	0
K12204	0
K12205	0
K12206	0
K12207	0
K12209	0
K12212	0
K12213	0
K12214	0
K12217	0
K12218	0
K12222	0
K12228	0
K12234	0
K12238	0
K12239	0
K12240	0
K12241	0
K12242	0
K12243	0
K12246	0
K12247	0
K12248	0
K12251	2.2727273
K12252	0
K12253	0
K12254	0
K12255	0
K12256	0
K12257	90.9090909
K12262	0
K12263	0
K12264	0
K12265	0
K12266	0
K12267	2.2727273
K12268	80.1948052
K12269	82.3051948
K12270	80.1948052
K12276	0
K12277	0
K12278	0
K12279	0
K12280	0
K12281	0
K12282	0
K12283	0
K12284	0
K12285	0
K12286	0
K12287	0
K12288	0
K12289	0
K12290	0
K12291	0
K12292	2.1103896
K12293	0
K12294	0
K12295	0
K12296	0
K12297	2.2727273
K12299	0
K12308	14.7186148
K12339	0
K12340	0
K12342	0
K12343	0
K12368	0
K12369	0
K12370	0
K12371	0
K12372	0
K12373	14.7727273
K12410	97.2402597
K12415	0
K12420	0
K12421	0
K12428	0
K12429	0
K12436	0
K12437	0
K12443	0
K12452	0
K12453	0
K12454	0
K12455	0
K12500	0
K12503	6.8181818
K12506	0
K12507	0
K12508	0
K12509	0
K12510	10.8766234
K12511	2.2727273
K12512	0
K12513	0
K12514	0
K12515	0
K12516	0
K12517	0
K12518	0
K12519	0
K12520	0
K12521	0
K12522	0
K12523	0
K12524	0
K12525	0
K12526	0
K12527	0
K12528	0
K12529	0
K12530	0
K12531	0
K12532	0
K12533	0
K12534	0
K12535	0
K12536	0
K12537	0
K12538	0
K12539	0
K12540	0
K12541	0
K12542	0
K12543	0
K12544	0
K12545	0
K12547	0
K12548	0
K12549	0
K12551	86.525974
K12552	88.6363636
K12553	88.6363636
K12554	0
K12555	0
K12556	0
K12573	90.9090909
K12574	188.6363636
K12582	0
K12583	6.3311688
K12600	0
K12658	0
K12660	0
K12661	0
K12673	0
K12674	0
K12675	0
K12676	0
K12678	0
K12680	0
K12681	0
K12682	0
K12683	0
K12684	0
K12685	0
K12686	0
K12687	0
K12688	0
K12689	0
K12690	0
K12700	12.6623377
K12784	0
K12785	0
K12786	0
K12787	0
K12788	0
K12789	0
K12790	0
K12809	0
K12940	0
K12941	0
K12942	80.1948052
K12943	0
K12944	0
K12945	0
K12949	0
K12950	0
K12952	0.487013
K12953	0
K12955	0
K12956	0
K12957	0
K12960	2.2727273
K12961	0
K12962	0
K12963	0
K12972	0
K12973	0
K12974	0
K12975	0
K12976	0
K12977	0
K12979	0
K12980	0
K12981	0
K12982	0
K12983	0
K12984	0
K12985	0
K12986	0
K12987	0
K12988	0
K12989	0
K12990	0
K12991	0
K12992	2.2727273
K12993	0
K12994	0
K12995	0
K12996	0
K12997	0
K12998	0
K12999	0
K13000	0
K13001	0
K13002	0
K13004	0
K13005	0
K13006	0
K13007	0
K13008	0
K13009	0
K13010	0
K13011	0
K13012	77.4891775
K13013	0
K13014	0
K13015	0
K13016	0
K13017	0
K13018	0
K13019	0
K13020	0
K13021	0
K13028	0
K13037	0
K13038	100
K13039	0
K13040	0
K13041	0
K13042	0
K13043	0
K13049	0
K13051	6.3311688
K13052	90.1515151
K13053	0
K13057	0
K13058	0
K13059	0
K13060	0
K13061	0
K13062	0
K13063	0
K13069	0
K13075	0
K13085	0
K13086	0
K13238	0
K13243	0
K13244	0
K13245	0
K13252	2.2727273
K13255	0
K13256	2.1103896
K13274	0
K13275	0
K13276	0
K13277	0
K13280	0
K13281	0
K13282	0.487013
K13283	0
K13284	0
K13285	0
K13286	0
K13287	0
K13288	6.8181818
K13292	93.6688312
K13300	0
K13301	0
K13317	0
K13318	0
K13378	0
K13381	0
K13408	0
K13409	0
K13419	0
K13421	0
K13444	0
K13450	0
K13451	0
K13452	0
K13454	0
K13455	0
K13461	0
K13472	0
K13478	0
K13479	0
K13480	0
K13481	0
K13482	0
K13483	0
K13485	0
K13486	0
K13487	0
K13488	0
K13489	0
K13490	0
K13491	0
K13497	0
K13498	0
K13500	0
K13503	0
K13522	0
K13525	0
K13527	0
K13529	0.487013
K13530	0
K13531	0
K13532	0
K13533	0
K13540	0
K13541	0.487013
K13542	6.8181818
K13543	0
K13570	0
K13571	0
K13572	0.974026
K13573	6.8181818
K13574	0
K13580	0
K13581	0.7575758
K13582	0
K13583	0
K13584	0
K13585	0
K13586	0
K13587	0
K13588	0
K13589	0
K13590	0
K13591	0
K13592	0
K13593	0
K13598	0
K13599	0
K13607	0
K13611	0
K13612	0
K13613	0
K13614	0
K13615	0
K13620	0
K13622	0
K13623	0
K13626	1.5151515
K13628	80.1948052
K13629	0
K13630	0
K13631	0
K13632	0
K13633	0
K13634	0
K13635	0
K13636	0
K13637	0
K13638	0
K13639	0
K13640	9.0909091
K13641	0
K13642	0
K13643	0
K13650	0
K13651	0
K13652	0
K13653	0
K13654	0
K13655	0
K13656	0
K13657	0
K13658	0
K13659	0
K13660	0
K13661	0
K13662	0
K13663	0
K13664	0
K13665	0
K13668	0
K13669	0
K13670	0
K13671	5.8441558
K13678	0
K13683	0
K13684	0
K13686	0
K13687	0
K13688	0
K13689	0
K13693	0
K13694	0
K13695	0
K13713	0
K13714	88.6363636
K13715	69.6428571
K13727	0
K13730	0
K13731	0
K13732	67.5324675
K13733	52.7597402
K13734	0
K13735	0
K13739	0
K13740	0
K13741	0
K13743	0
K13745	0
K13746	0
K13747	1.5151515
K13766	0
K13767	0
K13770	0
K13771	0
K13772	0
K13774	0
K13775	0
K13776	0
K13777	0
K13778	0
K13779	0
K13786	0
K13787	9.0909091
K13788	0.974026
K13789	90.9090909
K13790	0
K13792	0
K13793	0
K13794	0
K13795	0
K13796	0
K13797	0
K13799	0
K13810	0
K13815	0
K13816	0
K13818	0
K13819	0
K13820	0
K13821	5.3571428
K13829	0.974026
K13831	0
K13832	0
K13853	88.6363636
K13873	0
K13874	0
K13875	0
K13876	0
K13877	0
K13888	0
K13889	2.2727273
K13890	2.2727273
K13891	2.2727273
K13892	0
K13893	0
K13894	0
K13895	0
K13896	0
K13918	0
K13919	0.974026
K13920	0.974026
K13921	0
K13922	6.8181818
K13923	0
K13924	0
K13925	0
K13926	0
K13927	0
K13928	0
K13929	0
K13930	0
K13931	0
K13932	0
K13933	0
K13934	0
K13935	0
K13936	0
K13938	0
K13940	0
K13950	5.8441558
K13953	77.4350649
K13954	0
K13955	0
K13963	2.2727273
K13979	5.3571428
K13990	0
K13991	0
K13992	0
K13993	10.0649351
K13994	0
K13995	0
K14028	0
K14029	0
K14048	0
K14051	0
K14052	0
K14053	0
K14054	0
K14055	0
K14056	0
K14057	0
K14058	0
K14059	0
K14060	0
K14061	0
K14062	0
K14063	0
K14064	0
K14065	0
K14067	0
K14080	0
K14083	0
K14084	0
K14086	0
K14087	0
K14088	0
K14089	0
K14090	0
K14091	0
K14136	0
K14138	0
K14153	0
K14155	12.8246754
K14159	0
K14160	0
K14161	5.8441558
K14162	6.3311688
K14164	0.487013
K14165	0
K14166	4.2207792
K14170	2.2727273
K14187	0
K14188	89.1233766
K14189	0
K14192	67.5324675
K14193	67.5324675
K14194	192.0454545
K14195	52.7597402
K14196	65.4220779
K14197	73.8636363
K14198	46.4285714
K14199	185.7142856
K14200	65.4220779
K14201	71.7532467
K14202	31.6558441
K14203	56.9805195
K14204	54.8701298
K14205	88.6363636
K14231	0
K14257	0
K14260	0.487013
K14261	0
K14266	0
K14267	0.487013
K14268	0
K14269	0
K14287	0
K14326	0
K14330	0
K14331	0
K14333	0
K14335	6.3311688
K14337	2.9220779
K14338	0
K14339	0.487013
K14340	0.487013
K14347	6.8181818
K14348	0
K14358	0
K14366	0
K14367	0
K14368	0
K14369	0
K14370	0
K14387	0
K14392	0
K14393	0
K14414	0
K14415	1.461039
K14441	4.5454546
K14445	82.3051948
K14446	0
K14447	0
K14448	0
K14449	0
K14450	0
K14451	0
K14470	0
K14472	0
K14475	0
K14518	0
K14519	0
K14520	0
K14534	0
K14540	90.9090909
K14578	0
K14579	0
K14580	0
K14581	0
K14582	0
K14583	0
K14584	0
K14585	0
K14587	0
K14588	0
K14591	0
K14596	0
K14605	0
K14606	0
K14623	0
K14645	5.3571428
K14647	0
K14648	0
K14652	97.2402597
K14657	0
K14658	0
K14659	0
K14660	0
K14661	0
K14665	0
K14666	0
K14667	0
K14668	0
K14669	0
K14670	0
K14671	0
K14672	0
K14673	0
K14680	0
K14681	0
K14682	0
K14683	0
K14698	0
K14699	0
K14727	0
K14728	0
K14733	0
K14742	0
K14743	0
K14744	0
K14745	0
K14746	0
K14747	0
K14748	0
K14749	0
K14751	0
K14761	8.1168831
K14762	0
K14941	0
K14949	0
K14952	0
K14953	0
K14954	0
K14955	0
K14956	0
K14974	0
K14977	4.3831169
K14978	0
K14979	0
K14980	0
K14981	0
K14982	0
K14983	0
K14986	0
K14987	0
K14988	0.7575758
K14989	0
K14998	0
K15011	0
K15012	0
K15016	0
K15022	0
K15023	0
K15024	0
K15034	5.8441558
K15045	0
K15051	0
K15054	0
K15058	0
K15059	0
K15060	0
K15061	0
K15062	0
K15063	0
K15064	0
K15065	0
K15066	0
K15067	0
K15125	0
K15126	0
K15226	0
K15228	0
K15229	0
K15236	0
K15237	0
K15238	0
K15242	0
K15253	0
K15256	4.2207792
K15257	0
K15268	0
K15269	0
K15270	0
K15311	0.487013
K15312	0.487013
K15313	0.487013
K15314	0
K15315	0
K15320	0
K15327	0
K15328	0.487013
K15329	0.487013
K15337	0.487013
K15342	8.3333334
K15344	0
K15345	0
K15346	0
K15347	0
K15349	0
K15350	0
K15351	0
K15352	0
K15353	0
K15354	0
K15355	0
K15357	0
K15358	0
K15359	0
K15367	0
K15368	0
K15371	5.3571428
K15372	0.487013
K15373	0
K15383	0
K15396	0
K15408	0
K15431	0
K15460	0
K15461	0
K15466	0
K15467	0
K15468	0
K15469	0
K15470	0
K15471	0
K15495	0
K15496	0
K15497	0
K15509	0
K15510	0
K15511	0
K15512	0
K15513	0
K15514	0
K15515	0
K15518	88.6363636
K15519	88.6363636
K15520	0.974026
K15521	0.974026
K15524	4.5454546
K15525	1.461039
K15526	0.974026
K15527	0
K15531	0.7575758
K15532	2.2727273
K15533	7.1428572
K15534	0
K15536	0
K15539	0
K15540	0
K15545	0
K15546	0
K15547	0
K15548	0
K15549	0
K15550	0
K15551	0
K15552	0
K15553	0
K15554	0
K15555	0
K15556	0
K15557	0
K15558	0
K15576	0
K15577	0
K15578	0
K15579	0
K15580	94.8051948
K15581	103.6796536
K15582	105.1948052
K15583	106.9805195
K15584	82.3051948
K15585	82.3051948
K15586	82.3051948
K15587	82.3051948
K15598	0.487013
K15599	0
K15600	0
K15629	5.1948052
K15632	0
K15633	93.1818182
K15634	109.95671
K15635	0.7575758
K15640	0
K15642	0
K15643	0
K15644	0
K15645	0
K15646	0
K15647	0
K15648	0
K15649	0
K15650	0
K15651	0
K15652	0
K15654	0
K15655	0
K15656	0
K15657	0
K15658	0
K15659	0
K15660	0
K15661	0
K15662	0
K15663	0
K15664	0
K15665	0
K15666	0
K15667	0
K15668	0
K15669	0
K15670	0
K15671	0
K15672	0
K15673	0
K15674	0
K15675	0
K15676	0
K15677	0
K15678	0
K15679	0
K15721	0
K15722	0
K15723	0
K15724	0
K15725	0
K15726	0
K15727	0
K15733	0
K15735	0
K15736	0
K15737	0
K15738	90.9090909
K15739	0
K15746	0
K15750	0
K15758	0
K15760	0
K15761	0
K15762	0
K15763	0
K15764	0
K15765	0
K15770	85.1731602
K15771	82.6298701
K15772	82.1969697
K15773	0
K15778	0
K15780	0
K15781	0
K15782	0
K15783	0
K15784	0
K15785	0
K15786	0
K15790	0
K15792	0
K15827	0
K15828	0
K15829	0
K15830	0
K15831	0
K15832	0
K15833	0
K15834	0
K15835	0
K15836	0
K15842	0
K15843	0
K15844	0
K15845	0
K15846	0
K15847	0
K15848	0
K15850	0
K15852	0
K15853	0
K15854	0
K15855	0
K15860	0
K15861	0
K15862	0
K15864	0
K15866	0
K15868	0
K15876	0.487013
K15878	0
K15879	0
K15894	0
K15895	0
K15896	0
K15897	0
K15898	0
K15899	0
K15907	0
K15910	0
K15912	0
K15913	0
K15914	0
K15915	0
K15916	0
K15918	0
K15921	0
K15922	2.2727273
K15923	0.487013
K15924	0
K15973	80.1948052
K15974	0
K15975	94.9675324
K15976	0
K15977	76.4610389
K15981	0
K15982	0
K15983	0
K15984	0
K15986	93.1818182
K15987	6.3311688
K15997	0
K16011	0
K16012	90.2597402
K16013	90.2597402
K16014	0.487013
K16015	0
K16016	0
K16017	0
K16018	0
K16019	0
K16020	0
K16021	0
K16022	0
K16023	0
K16041	0
K16042	0
K16043	0
K16044	0
K16047	0
K16048	0
K16049	0
K16050	0
K16051	0
K16052	0
K16053	0
K16055	0
K16066	0
K16074	0
K16076	0
K16077	0
K16078	0
K16079	0
K16080	0
K16081	0
K16087	0
K16088	0
K16089	0
K16090	0
K16091	0
K16092	0
K16119	0
K16120	0
K16121	0
K16122	0
K16123	0
K16124	0
K16127	0
K16128	0
K16129	0
K16130	0
K16131	0
K16132	0
K16133	0
K16134	0
K16135	0
K16136	0
K16137	0
K16138	0
K16139	0
K16140	0
K16146	1.9480519
K16147	6.8181818
K16148	6.8181818
K16149	0
K16150	0
K16152	0
K16153	0
K16157	0
K16158	0
K16161	0.487013
K16163	6.8181818
K16164	0
K16165	0
K16167	0
K16168	0
K16169	88.6363636
K16170	0
K16171	0
K16173	0
K16176	0
K16188	0
K16190	0
K16191	0
K16192	0
K16193	0
K16199	0
K16200	0
K16201	0
K16202	0
K16203	0
K16209	0.974026
K16210	0.487013
K16211	4.7077922
K16212	2.2727273
K16213	2.2727273
K16214	0
K16215	0
K16216	0
K16217	0
K16218	0
K16239	0
K16242	0
K16243	0
K16244	0
K16245	0
K16246	0
K16247	0
K16248	0
K16249	0
K16254	0
K16255	0
K16256	0
K16257	0
K16258	0
K16259	0
K16260	0
K16263	0
K16264	170.9415584
K16267	0
K16268	0
K16269	0
K16270	0
K16291	0
K16293	0
K16294	0
K16299	0
K16300	0
K16301	74.3506493
K16303	0
K16317	0
K16318	0
K16319	0
K16320	0
K16321	0
K16322	0
K16323	88.6363636
K16324	0
K16325	0
K16326	0
K16327	0
K16328	1.5151515
K16329	71.7532467
K16331	0
K16345	0
K16346	0
K16347	0
K16348	0
K16363	0
K16370	6.3311688
K16371	0
K16421	0
K16422	0
K16423	0
K16473	0
K16509	88.6363636
K16511	93.1818182
K16514	0
K16515	0
K16516	0
K16517	0
K16552	0
K16553	0
K16554	0
K16555	0
K16556	0
K16557	0
K16558	0
K16559	0
K16560	0
K16562	0
K16563	0
K16564	0
K16565	0
K16566	0
K16567	0
K16568	0
K16592	0
K16593	0
K16619	0
K16623	0
K16624	0
K16625	0
K16626	0
K16635	0
K16636	0
K16637	0
K16638	0
K16644	0
K16645	0
K16647	0
K16648	0
K16649	0
K16650	0.487013
K16651	0
K16652	0.487013
K16653	0
K16654	0
K16692	0.7575758
K16693	0
K16694	0
K16695	0
K16696	0
K16697	0
K16698	0
K16699	0
K16700	0
K16701	0
K16702	0
K16703	0
K16704	0
K16705	1.461039
K16706	0
K16707	0
K16708	0
K16709	0
K16710	0
K16711	0
K16783	5.8441558
K16784	7.3051948
K16785	270.021645
K16786	272.6190476
K16787	272.6190476
K16788	0
K16789	2.2727273
K16792	0
K16793	0
K16838	0
K16839	0
K16840	0
K16841	0.487013
K16842	0
K16843	0
K16844	0
K16845	0
K16846	0
K16849	0
K16850	0
K16856	0
K16868	0
K16869	88.6363636
K16870	0
K16871	0
K16872	0
K16873	0
K16874	0
K16875	0
K16876	0
K16877	0
K16878	0
K16879	0
K16880	0
K16881	0
K16898	90.9090909
K16899	90.9090909
K16901	0
K16902	0
K16905	0
K16906	0
K16907	0
K16915	0
K16916	56.9805195
K16917	59.0909091
K16918	0
K16919	0
K16920	0
K16921	0
K16922	2.1103896
K16923	0.7575758
K16924	57.7380952
K16925	99.1883116
K16926	16.3419913
K16927	6.3311688
K16929	0
K16936	0
K16937	87.012987
K16950	0
K16951	0
K16953	0
K16956	0
K16957	4.2207792
K16958	4.2207792
K16959	4.2207792
K16960	4.978355
K16961	0
K16962	0
K16963	0
K16968	0
K16969	0
K17048	0
K17049	0
K17050	0
K17051	0
K17052	0
K17060	0
K17061	0
K17062	0
K17063	0
K17067	0
K17070	0
K17071	0
K17073	0
K17074	0
K17076	0
K17103	0
K17105	0
K17108	0
K17195	0
K17202	0
K17203	0
K17204	0
K17205	0
K17206	0
K17207	0
K17208	0
K17209	0
K17210	0
K17213	2.2727273
K17214	0
K17215	0
K17216	86.525974
K17217	86.525974
K17218	37.987013
K17222	0
K17223	0
K17224	0
K17225	0
K17226	0
K17227	0
K17228	0
K17229	0
K17230	0
K17234	2.2727273
K17235	2.2727273
K17236	2.2727273
K17237	0
K17238	0
K17239	0
K17240	0
K17241	0
K17242	0
K17243	0
K17244	0
K17245	0
K17246	0
K17247	0
K17248	0
K17249	0
K17250	0
K17251	0
K17266	0
K17285	0
K17292	0
K17315	5.8441558
K17316	5.3571428
K17317	5.3571428
K17318	16.7748919
K17319	14.5021646
K17320	14.5021646
K17321	0
K17322	0
K17323	0
K17324	0
K17325	0
K17329	0
K17330	0
K17331	0
K17363	0
K17364	0
K17398	0
K17462	2.1103896
K17463	0
K17464	0
K17465	0
K17466	0
K17467	0
K17468	0
K17472	84.4155844
K17473	0
K17474	4.2207792
K17476	0
K17485	4.2207792
K17486	0
