function.	oral_17
K00001	62.0203913
K00002	0
K00003	76.5187015
K00004	1.6528925
K00005	81.5370197
K00007	0
K00008	0
K00009	26.4604811
K00010	1.1019284
K00011	0
K00012	71.3924626
K00013	23.7567805
K00014	121.4421628
K00015	0
K00016	124.5321063
K00018	5.2341597
K00019	25.3045923
K00020	0.8264463
K00021	0
K00023	0
K00024	6.9978131
K00027	37.7069665
K00028	7.497657
K00029	6.060606
K00030	0
K00031	35.8325523
K00032	0
K00033	57.1071539
K00034	0
K00035	0
K00036	53.1396438
K00038	0
K00039	0
K00040	2.2038567
K00041	0.2754821
K00042	0
K00043	0
K00045	0
K00046	65.6044986
K00048	0
K00050	0
K00052	60.3078583
K00053	67.9702365
K00054	93.0021868
K00055	0
K00057	99.4490357
K00058	50.1633012
K00059	184.3458009
K00060	0
K00064	0
K00065	0
K00066	0
K00067	78.0068728
K00068	8.4348641
K00073	0
K00074	5.6232427
K00075	99.4490357
K00076	0
K00077	64.3350089
K00082	0
K00086	0
K00087	0
K00088	99.9999999
K00090	0
K00091	2.1498963
K00094	0
K00096	0.9372071
K00097	0
K00098	0
K00099	6.060606
K00100	12.6778563
K00101	4.9586776
K00102	0
K00103	0
K00104	0
K00105	39.6381812
K00108	0
K00111	7.7134985
K00112	6.060606
K00113	5.5096418
K00114	0
K00116	0.5509642
K00117	0
K00118	0
K00119	0
K00121	5.5664423
K00122	0
K00123	2.7548209
K00124	4.4077135
K00126	0
K00127	1.1019284
K00128	0
K00130	0
K00131	57.1696345
K00132	0
K00133	83.5165146
K00134	102.2038566
K00135	34.6766635
K00137	0
K00138	0
K00140	1.1019284
K00141	0
K00145	21.7744455
K00146	0
K00147	97.5746215
K00148	0
K00150	0
K00151	0
K00152	0
K00153	0
K00154	0
K00155	0
K00156	0
K00158	34.6198631
K00161	94.876601
K00162	94.876601
K00163	6.060606
K00164	6.060606
K00166	0
K00167	0
K00169	0
K00170	0
K00171	0
K00172	0
K00174	0
K00175	0
K00176	0
K00177	0
K00179	0
K00180	0
K00184	0
K00185	0
K00194	0
K00196	0
K00197	0
K00198	0
K00200	0
K00201	0
K00202	0
K00207	0
K00208	9.090909
K00209	0
K00210	0
K00215	73.2072363
K00216	0
K00217	0
K00218	0
K00219	0
K00220	0
K00221	0
K00224	0
K00226	163.9487659
K00228	0
K00230	1.1019284
K00231	0
K00232	0
K00239	0
K00240	0
K00241	0
K00242	0
K00243	93.0021868
K00244	41.3421941
K00245	6.060606
K00246	6.060606
K00247	6.060606
K00248	0
K00249	0
K00252	2.8116214
K00253	0
K00255	0
K00256	0
K00257	0
K00258	0
K00259	26.9574849
K00260	0
K00261	0
K00262	78.4470761
K00263	0
K00265	11.4651671
K00266	11.4651671
K00270	0
K00274	0
K00275	5.5096418
K00276	0
K00278	5.6232427
K00280	0
K00281	0
K00282	0
K00283	0
K00284	0
K00285	0
K00286	97.5746215
K00287	101.8744141
K00290	15.9325211
K00292	0
K00294	0
K00297	59.5353724
K00298	1.1019284
K00299	0
K00301	0
K00302	0
K00303	0
K00304	0
K00305	0
K00309	0
K00311	0
K00313	0
K00315	0
K00316	0
K00317	14.995314
K00318	0
K00322	0
K00324	6.060606
K00325	5.5096418
K00329	0
K00330	0
K00331	0
K00332	0
K00333	0
K00334	0
K00335	0
K00336	0
K00337	0
K00338	0
K00339	0
K00340	0
K00341	0
K00342	0
K00343	0
K00344	0
K00346	6.060606
K00347	6.060606
K00348	6.060606
K00349	6.060606
K00350	6.060606
K00351	6.060606
K00353	0
K00354	0
K00355	20.6185567
K00356	14.995314
K00358	3.3625855
K00359	27.2329669
K00362	0
K00363	0
K00364	80.8184942
K00365	0
K00366	0
K00367	0
K00368	0.5509642
K00370	0
K00371	0
K00372	0
K00373	0
K00374	0
K00375	8.9858283
K00376	0
K00378	0
K00380	0
K00381	0
K00382	101.8744141
K00383	101.2126891
K00384	191.5140154
K00385	0
K00387	0
K00389	0
K00390	0
K00392	0
K00394	0
K00395	0
K00404	0
K00405	0
K00406	0
K00407	0
K00411	0
K00412	0
K00413	0
K00423	0
K00425	19.4001873
K00426	19.4001873
K00427	0
K00428	1.1019284
K00432	79.605805
K00433	5.8987248
K00435	0
K00436	0
K00441	0
K00446	0
K00448	0
K00449	0
K00450	0
K00451	0
K00452	0
K00453	0
K00455	0
K00457	0
K00459	0
K00462	0
K00466	0
K00467	0
K00469	0
K00470	0
K00471	0
K00472	0
K00476	0
K00477	0
K00479	0
K00480	0
K00481	0
K00483	0.5509642
K00484	0.5509642
K00485	0
K00486	0
K00491	0
K00492	0
K00493	0
K00495	0
K00496	0
K00499	0
K00500	0
K00505	0
K00507	0
K00508	0
K00510	0
K00517	6.5604499
K00520	3.7488285
K00523	0
K00525	125.6908352
K00526	126.6280423
K00527	110.4200391
K00528	0
K00529	0
K00530	0
K00531	0
K00532	0
K00533	0
K00534	0
K00537	37.6501661
K00538	0
K00539	0
K00540	84.1214392
K00543	0
K00547	44.9859419
K00548	1.1019284
K00549	75.797336
K00554	100.6617249
K00556	0
K00557	10.1956774
K00558	91.6190962
K00559	0
K00560	99.9999999
K00561	8.4348641
K00563	63.0655192
K00564	99.9999999
K00566	99.4490357
K00567	81.9175825
K00568	1.1019284
K00569	0
K00570	0
K00571	58.4362841
K00573	0
K00574	13.0640993
K00575	0
K00584	0
K00588	0
K00590	0.9372071
K00595	0
K00596	0
K00598	0
K00599	113.4560222
K00600	99.4490357
K00602	97.8501036
K00603	24.3673852
K00604	99.0627928
K00605	0
K00606	2.8116214
K00607	0
K00608	0
K00609	93.0021868
K00610	0
K00611	103.8027888
K00612	0
K00613	0
K00614	19.6813496
K00615	216.2136831
K00616	76.3511402
K00619	0
K00620	21.2234813
K00624	0
K00625	92.0649797
K00626	86.2741756
K00627	100.937207
K00631	6.060606
K00632	1.4881713
K00633	0.5509642
K00634	0
K00638	6.5604499
K00639	1.4881713
K00640	107.1114139
K00641	5.5096418
K00643	0
K00645	99.3382749
K00646	0
K00647	6.060606
K00648	104.6860355
K00651	62.4605947
K00652	5.5096418
K00655	99.9999999
K00656	175.9137768
K00657	28.0594132
K00658	6.060606
K00661	47.1329982
K00662	0.9372071
K00663	0
K00666	0
K00672	0
K00673	0
K00674	71.719065
K00675	1.1019284
K00676	8.9858283
K00677	5.5096418
K00680	79.4950441
K00681	0
K00683	6.5604499
K00684	0
K00685	0
K00686	0
K00687	77.0696657
K00688	127.8407315
K00689	12.4591747
K00690	47.6868024
K00691	3.030303
K00692	5.6232427
K00694	3.7488285
K00696	0
K00697	0
K00700	73.1532759
K00701	3.7488285
K00702	0
K00703	73.042515
K00705	113.7286643
K00712	3.8027889
K00713	0
K00720	1.8744142
K00721	0
K00737	0
K00745	2.1498963
K00748	6.060606
K00752	29.0534208
K00754	8.9858283
K00756	64.8859731
K00757	38.9168157
K00758	0
K00759	99.9999999
K00760	101.5421316
K00761	100.937207
K00762	99.9999999
K00763	93.0021868
K00764	99.4490357
K00765	23.2058163
K00766	51.7622333
K00767	44.9859419
K00768	0.9372071
K00769	9.3663911
K00772	0
K00773	99.9999999
K00776	0
K00777	0
K00782	4.1322314
K00783	97.8501036
K00784	94.214876
K00785	4.9586776
K00786	28.2809349
K00788	77.3423077
K00789	122.4929708
K00790	193.0021867
K00791	99.4490357
K00793	41.3421941
K00794	41.3421941
K00795	6.060606
K00796	97.7393427
K00797	26.2417994
K00798	0
K00799	24.6400272
K00800	99.9999999
K00801	0
K00803	0
K00805	49.1153332
K00806	99.4490357
K00808	0
K00809	0
K00810	0
K00812	0.9372071
K00813	4.9586776
K00817	45.9714293
K00818	10.4739996
K00819	0
K00820	99.4490357
K00821	0.5509642
K00822	0
K00823	0
K00824	0
K00826	104.1350713
K00830	0
K00831	48.8398511
K00832	0
K00833	6.4468489
K00835	0
K00836	5.5096418
K00837	0.5509642
K00839	0.8264463
K00840	0
K00841	69.9582517
K00842	0
K00843	0
K00844	0
K00845	101.4370509
K00847	96.3647723
K00848	21.5557638
K00849	75.3571326
K00850	99.9999999
K00851	4.5184743
K00852	22.0470875
K00853	0
K00854	6.5576098
K00855	0
K00856	0
K00857	100.937207
K00858	99.9999999
K00859	99.9999999
K00860	0
K00862	0
K00863	40.6293488
K00864	78.6657578
K00865	81.4234188
K00867	99.4490357
K00868	150.665985
K00869	93.0021868
K00870	0
K00872	82.9655505
K00873	100.937207
K00874	98.2391866
K00875	0
K00876	108.434864
K00878	76.4051006
K00879	8.1565419
K00880	6.3389282
K00881	0
K00882	103.3086251
K00883	0
K00884	5.5096418
K00885	5.5096418
K00886	0
K00887	0
K00891	100.937207
K00892	0
K00895	0
K00897	11.4112067
K00899	0
K00901	98.1255857
K00903	0
K00906	0
K00912	6.060606
K00917	97.0832978
K00918	0
K00919	48.2349265
K00924	1.3774105
K00925	104.9047171
K00926	88.5319927
K00927	99.9999999
K00928	78.557837
K00929	0
K00930	20.8372383
K00931	98.5118286
K00932	0
K00934	0
K00936	73.4315981
K00937	1.8744142
K00938	93.9393939
K00939	99.0627928
K00940	103.1439038
K00941	52.4239583
K00942	99.9999999
K00943	101.2126891
K00945	100.5509641
K00946	6.060606
K00947	0
K00948	193.9393938
K00949	91.7894976
K00950	68.0809973
K00951	107.4976569
K00952	0
K00954	99.9999999
K00955	0
K00956	0
K00957	0
K00958	0
K00960	0
K00962	99.0627928
K00963	118.7441424
K00965	88.4780323
K00966	0
K00968	0
K00969	96.6942148
K00970	6.060606
K00971	0
K00972	0
K00973	80.4322512
K00974	99.7245178
K00975	135.7785918
K00978	0
K00979	6.060606
K00980	4.2429922
K00981	100.5509641
K00982	5.5096418
K00983	21.9931271
K00984	0.9372071
K00985	0
K00986	1.8744142
K00988	0
K00989	4.9586776
K00990	4.9586776
K00991	38.8628553
K00992	0
K00995	99.613757
K00996	2.2038567
K00997	93.9393939
K00998	6.060606
K01000	99.9999999
K01002	0
K01003	0
K01004	0
K01005	15.5462781
K01006	28.6671779
K01007	4.6860356
K01008	4.9586776
K01011	1.1019284
K01012	18.2442986
K01013	0
K01023	0
K01026	0.9372071
K01027	0
K01028	0
K01029	0
K01031	0
K01032	0
K01034	41.5665559
K01035	41.5665559
K01036	0
K01039	0
K01040	0
K01041	0
K01042	4.4077135
K01043	0
K01046	0
K01048	6.3360881
K01051	0
K01053	0
K01054	0
K01055	0
K01056	99.9999999
K01057	5.5096418
K01058	0
K01060	41.1263525
K01061	0
K01066	13.1208997
K01067	0
K01069	13.9445059
K01070	7.2193348
K01071	42.7252847
K01073	0
K01075	0
K01076	0
K01077	1.4881713
K01078	7.497657
K01079	65.5448581
K01081	51.8729942
K01082	6.060606
K01083	0
K01085	0.5509642
K01087	0
K01089	4.4077135
K01090	51.5435517
K01091	79.1627616
K01092	99.7245178
K01093	0
K01095	6.060606
K01096	12.6210559
K01101	38.3147312
K01103	0
K01104	156.3999886
K01112	0
K01113	0
K01114	0
K01115	0
K01117	0
K01118	34.889665
K01119	37.1531623
K01120	0
K01121	0
K01126	96.9668568
K01128	0
K01129	17.1423702
K01130	0
K01133	0
K01138	0.9372071
K01139	12.6210559
K01141	6.060606
K01142	103.7488284
K01143	0
K01144	0
K01146	0
K01147	5.5096418
K01150	0
K01151	1.1019284
K01152	0
K01153	128.3888556
K01154	188.4240718
K01155	25.6340348
K01156	18.3550594
K01157	0
K01158	0
K01159	6.060606
K01160	0.5509642
K01163	0.9372071
K01166	6.060606
K01167	0
K01169	0
K01173	0
K01174	0
K01175	6.4468489
K01176	82.0311834
K01178	0
K01179	0
K01180	0
K01181	0.2754821
K01182	2.8116214
K01183	3.030303
K01184	0
K01185	9.479992
K01186	39.9136633
K01187	6.7791315
K01190	37.6530061
K01191	66.320184
K01192	0
K01193	137.8234074
K01194	0
K01195	29.9906279
K01197	52.4835989
K01198	3.4165459
K01199	0
K01200	45.261424
K01201	0
K01202	0
K01205	0
K01206	38.0392491
K01207	60.0863366
K01208	2.8116214
K01209	1.4881713
K01210	0
K01212	0
K01214	0
K01215	44.7644202
K01216	0
K01218	2.8116214
K01219	0
K01220	91.846298
K01222	15.9325211
K01223	289.1425972
K01224	3.7488285
K01225	0
K01226	74.5903269
K01227	26.4065207
K01232	0
K01233	0
K01234	16.4834853
K01235	1.1019284
K01236	0
K01238	17.1452103
K01239	3.7488285
K01241	0
K01243	98.7873107
K01246	98.3471074
K01247	0.9372071
K01249	0
K01250	0
K01251	0
K01252	0
K01253	0
K01255	6.060606
K01256	85.9418931
K01258	99.4490357
K01259	0
K01261	93.6639118
K01262	94.7630001
K01263	0
K01264	0
K01265	99.9999999
K01266	0
K01267	0
K01269	30.927835
K01270	19.1815057
K01271	64.7212519
K01273	0
K01274	32.8022493
K01277	0
K01278	0
K01281	94.876601
K01284	0
K01286	20.6185567
K01289	0
K01295	0.5509642
K01297	0
K01299	0
K01301	0
K01303	0
K01304	68.9670841
K01305	0
K01308	0
K01318	0
K01322	0
K01338	6.060606
K01342	0
K01347	5.7851239
K01354	7.497657
K01355	0
K01356	6.060606
K01358	111.2464854
K01361	48.7347704
K01362	60.5861804
K01364	11.2464855
K01372	93.9393939
K01387	0
K01390	3.7488285
K01392	0
K01399	0
K01400	0
K01401	0
K01406	0
K01407	1.1019284
K01408	0
K01409	101.8744141
K01412	0
K01414	6.060606
K01415	0
K01417	49.2857346
K01419	6.060606
K01420	15.1003947
K01421	78.0608332
K01422	29.0534208
K01423	8.4348641
K01424	98.3471074
K01425	0
K01426	52.7022805
K01428	12.8425776
K01429	12.2916134
K01430	12.8425776
K01431	0
K01432	0
K01433	5.5096418
K01434	0
K01436	4.2997927
K01438	2.7548209
K01439	73.7042401
K01442	7.9918207
K01443	99.9999999
K01444	0
K01446	42.4498026
K01447	11.2464855
K01448	17.3070915
K01449	0
K01451	1.8744142
K01452	0
K01453	0
K01455	0
K01457	0
K01458	0
K01459	0
K01460	0.5509642
K01461	0
K01462	184.3486409
K01463	8.5995853
K01464	0
K01465	93.9393939
K01466	0
K01467	26.2957598
K01468	24.3673852
K01469	0
K01470	0
K01471	0
K01473	0
K01474	0
K01476	0
K01477	0
K01478	73.9825622
K01479	24.3673852
K01480	5.6232427
K01482	0
K01483	0
K01484	0
K01485	0.5509642
K01486	0
K01487	0
K01488	50.4416233
K01489	99.0627928
K01491	99.9999999
K01492	0
K01493	93.9393939
K01494	6.060606
K01495	95.6462468
K01496	16.8697282
K01497	4.9586776
K01499	0
K01500	0
K01501	0
K01502	0
K01503	0
K01504	0
K01505	0
K01506	0
K01507	24.5832268
K01512	92.3404617
K01515	100.3862428
K01518	5.6232427
K01520	105.3449205
K01521	0.9372071
K01523	16.8697282
K01524	7.3840561
K01525	6.060606
K01529	4.2997927
K01531	12.4023742
K01533	109.4260315
K01534	54.5766947
K01535	0
K01537	94.3256368
K01541	3.7488285
K01545	0
K01546	2.7008605
K01547	2.7008605
K01548	2.4253784
K01550	0
K01551	1.1019284
K01552	33.958138
K01554	0.2754821
K01555	0
K01556	0
K01560	1.1019284
K01561	0
K01563	0
K01564	0
K01567	7.111414
K01569	1.8744142
K01571	45.1506631
K01572	23.5948993
K01573	1.1019284
K01574	0
K01575	71.6651046
K01576	0
K01577	0
K01578	0
K01579	3.7488285
K01580	2.5900997
K01581	2.2038567
K01582	2.8116214
K01583	8.4348641
K01584	0
K01585	0
K01586	72.2700292
K01588	99.9999999
K01589	99.613757
K01590	1.1019284
K01591	100.275482
K01593	0
K01595	96.4187327
K01596	0
K01597	93.9393939
K01598	88.0406691
K01599	16.0972423
K01601	0
K01602	0
K01607	21.5529238
K01608	0
K01609	47.4652807
K01610	18.2442986
K01611	0
K01612	0
K01613	7.3840561
K01615	0
K01616	0
K01617	0
K01618	0
K01619	96.6374144
K01620	21.5557638
K01621	0.9372071
K01622	0
K01623	0
K01624	109.2613103
K01625	102.9791826
K01626	132.7454487
K01627	6.060606
K01628	28.3888557
K01629	4.6860356
K01630	0
K01631	0
K01632	0
K01633	70.009372
K01635	127.0739257
K01636	21.8312459
K01637	0
K01638	0
K01639	78.6117974
K01640	0
K01641	93.9393939
K01643	29.9877879
K01644	29.6015449
K01646	30.538752
K01647	35.006106
K01649	60.9695833
K01652	99.1139131
K01653	67.9702365
K01654	16.4834853
K01655	0
K01657	52.9749225
K01658	80.9803754
K01659	0
K01661	9.090909
K01662	15.1543551
K01664	6.6115702
K01665	4.9586776
K01666	0
K01667	1.1019284
K01668	0.5509642
K01669	20.6185567
K01671	0
K01673	95.8677685
K01674	12.7346568
K01676	0
K01677	0
K01678	0
K01679	6.060606
K01681	35.006106
K01682	0.5509642
K01684	0
K01685	0.2754821
K01686	33.3503734
K01687	76.1296185
K01689	102.5900996
K01690	0
K01692	0
K01693	19.349067
K01695	53.9121296
K01696	58.5981653
K01697	0
K01698	2.0391355
K01699	0.9372071
K01703	44.2645763
K01704	66.7575473
K01706	0
K01707	0
K01708	0
K01709	0
K01710	88.7535144
K01711	0
K01712	28.1162137
K01713	0
K01714	75.3571326
K01715	0
K01716	6.060606
K01719	2.5900997
K01720	0.9372071
K01721	0
K01724	0
K01725	0
K01726	0
K01727	45.923149
K01728	0
K01729	0
K01730	0
K01732	0
K01733	82.9655505
K01734	4.9586776
K01735	98.1255857
K01736	99.9999999
K01737	25.1909914
K01738	108.1025815
K01739	56.2835477
K01740	53.6394876
K01743	0
K01744	6.060606
K01745	29.0534208
K01746	14.0581068
K01749	2.0391355
K01750	1.4881713
K01751	0
K01752	180.6537728
K01753	0
K01754	63.0087188
K01755	58.2119223
K01756	99.9999999
K01758	0
K01759	101.8744141
K01760	31.9701229
K01761	0
K01766	6.060606
K01768	0
K01770	6.060606
K01771	0
K01772	47.3516798
K01774	0
K01775	99.9999999
K01776	99.1735536
K01777	0
K01778	6.060606
K01779	6.2281673
K01780	0
K01781	0
K01782	0.5509642
K01783	100.9911674
K01784	145.4261451
K01785	72.9857146
K01786	75.8030161
K01787	0
K01788	100.937207
K01790	84.5673227
K01791	40.2970662
K01792	5.5096418
K01795	0
K01796	0
K01797	0
K01798	0
K01799	0
K01800	0
K01801	0
K01802	3.7488285
K01803	104.6860355
K01804	0.2754821
K01805	7.3840561
K01807	100.275482
K01808	4.1890318
K01809	104.5781147
K01810	99.0627928
K01811	0.9372071
K01812	34.1228593
K01813	3.0871035
K01814	23.7567805
K01815	1.8744142
K01816	2.2038567
K01817	49.339695
K01818	29.3260628
K01819	210.8716026
K01820	0
K01821	89.8043225
K01822	0
K01823	93.9393939
K01825	0
K01826	0
K01828	0
K01829	0
K01834	116.5374456
K01835	92.3972622
K01838	12.1268921
K01839	97.6882224
K01840	12.6210559
K01841	4.6860356
K01843	0.5509642
K01844	0
K01845	2.0391355
K01846	0
K01847	0
K01848	0
K01849	0
K01851	0
K01854	29.1073812
K01856	0
K01857	0
K01858	0
K01860	0
K01865	0
K01866	101.32345
K01867	99.9999999
K01868	99.0627928
K01869	99.0627928
K01870	99.4490357
K01872	99.9999999
K01873	99.0627928
K01874	102.8116213
K01875	97.1883785
K01876	105.6232426
K01878	99.9999999
K01879	99.0627928
K01880	0
K01881	99.9999999
K01883	98.5118286
K01884	0
K01885	6.060606
K01886	6.060606
K01887	99.0627928
K01889	97.5746215
K01890	99.0627928
K01892	99.9999999
K01893	108.434864
K01894	0
K01895	0.2754821
K01897	33.5122546
K01902	4.4077135
K01903	5.5096418
K01904	0
K01905	0
K01906	0
K01907	0
K01908	0
K01910	32.4131663
K01911	8.8154269
K01912	0
K01913	0
K01914	91.8974183
K01915	99.4490357
K01916	93.0021868
K01917	0
K01918	3.7488285
K01919	41.9527988
K01920	0.9372071
K01921	106.5604498
K01922	89.2533583
K01923	103.1978642
K01924	99.7245178
K01925	99.9999999
K01926	93.0021868
K01928	98.9520319
K01929	99.0627928
K01932	4.6860356
K01933	96.4726931
K01934	81.3666183
K01935	15.3190763
K01937	100.937207
K01938	118.8577433
K01939	100.937207
K01940	62.6224758
K01941	0
K01945	98.5118286
K01947	0
K01950	0
K01951	117.8069352
K01952	104.5724346
K01953	11.5191275
K01955	99.7273579
K01956	99.7273579
K01958	3.030303
K01959	0
K01960	0
K01961	99.0627928
K01962	99.4490357
K01963	99.9999999
K01965	0
K01966	0
K01968	0
K01969	0
K01970	0
K01971	4.4077135
K01972	99.9999999
K01974	0
K01975	0
K01976	1.8744142
K01989	156.1273465
K01990	460.160177
K01991	1.6528925
K01992	499.630797
K01993	0
K01994	0
K01995	71.2277413
K01996	71.2277413
K01997	71.2277413
K01998	71.2277413
K01999	70.2905342
K02000	38.3686916
K02001	37.7069665
K02002	36.7697594
K02003	563.2501205
K02004	479.895487
K02005	108.3297833
K02006	14.3307489
K02007	14.3307489
K02008	13.7797847
K02009	0.9372071
K02010	56.9992331
K02011	69.0182045
K02012	88.0917894
K02013	191.070972
K02014	4.4077135
K02015	270.8414982
K02016	155.678623
K02017	7.7134985
K02018	7.7134985
K02019	5.5096418
K02020	9.3663911
K02021	13.3963818
K02022	0.9372071
K02023	0
K02024	0
K02025	118.1420578
K02026	47.4113203
K02027	55.5707023
K02028	374.6016868
K02029	419.2013858
K02030	519.9767116
K02031	22.9871347
K02032	33.8473772
K02033	47.0222373
K02034	46.0850302
K02035	121.8852062
K02036	232.0354433
K02037	141.458635
K02038	142.3958421
K02039	143.6113714
K02040	145.4261451
K02041	3.030303
K02042	6.060606
K02043	0
K02044	2.7548209
K02045	0
K02046	0
K02047	0
K02048	0
K02049	4.2997927
K02050	16.3727244
K02051	12.3484138
K02052	0
K02053	0.5509642
K02054	0.5509642
K02055	0.5509642
K02056	93.0021868
K02057	186.9415807
K02058	11.2464855
K02062	5.5096418
K02063	5.5096418
K02064	6.060606
K02065	6.060606
K02066	6.060606
K02067	6.060606
K02068	17.8069353
K02069	17.8069353
K02071	111.2464854
K02072	110.6955212
K02073	131.4191586
K02074	0
K02075	0
K02076	0
K02077	0
K02078	190.2473658
K02079	0
K02080	0
K02081	2.4253784
K02082	70.4552554
K02083	0
K02086	93.9393939
K02099	0
K02100	0
K02101	0
K02103	0.2754821
K02106	17.5854136
K02108	100.6617249
K02109	99.9999999
K02110	95.9756893
K02111	99.9999999
K02112	99.9999999
K02113	99.9999999
K02114	99.9999999
K02115	99.0627928
K02116	6.060606
K02117	34.6766635
K02118	35.6138707
K02119	35.6138707
K02120	36.5510778
K02121	35.6138707
K02122	33.7394564
K02123	35.6138707
K02124	34.6766635
K02160	99.9999999
K02164	0
K02167	0
K02168	4.4077135
K02169	5.5096418
K02170	0
K02171	0
K02172	0
K02173	0
K02182	0
K02188	0.9372071
K02189	0.9372071
K02190	0.9372071
K02191	0.9372071
K02192	0
K02193	6.060606
K02194	6.060606
K02195	6.060606
K02196	5.5096418
K02197	6.060606
K02198	5.5096418
K02199	12.121212
K02200	6.060606
K02203	0
K02204	0
K02205	0
K02217	11.0192836
K02221	92.5023429
K02224	0.9372071
K02225	0
K02226	1.4881713
K02227	0.9372071
K02228	0
K02229	0
K02230	0
K02231	0.9372071
K02232	0.9372071
K02233	0.9372071
K02234	0
K02236	90.1905654
K02237	98.6765498
K02238	100.2215216
K02239	0
K02240	91.5140155
K02241	0
K02242	92.0649797
K02243	91.7894976
K02244	92.7267047
K02245	91.1277725
K02246	89.6396012
K02247	0
K02248	92.0649797
K02249	0
K02250	0
K02251	0
K02252	0
K02253	0
K02254	0
K02255	0
K02258	0
K02259	0
K02274	0
K02275	0
K02276	0
K02277	0
K02278	0.5509642
K02279	0.5509642
K02280	0.5509642
K02281	0
K02282	0.5509642
K02283	0.5509642
K02291	0
K02293	0
K02297	0
K02298	0
K02299	0
K02300	0.2754821
K02301	0
K02302	0
K02303	0
K02304	0.9372071
K02305	0
K02313	99.9999999
K02314	105.4017209
K02315	25.5800744
K02316	98.1255857
K02317	0
K02334	18.7441425
K02335	99.9999999
K02336	0
K02337	100.3862428
K02338	99.9999999
K02339	6.060606
K02340	99.9999999
K02341	99.9999999
K02342	84.0674788
K02343	99.9999999
K02344	6.060606
K02345	0
K02346	95.9785294
K02347	0
K02348	32.0837238
K02351	0
K02352	0
K02355	99.1735536
K02356	99.0627928
K02357	99.0627928
K02358	106.4468488
K02361	0
K02362	0
K02363	0
K02364	0
K02371	97.2480191
K02372	105.5664422
K02377	0
K02379	5.5096418
K02380	5.5096418
K02381	0
K02383	0
K02385	0
K02386	0
K02387	0
K02388	0
K02389	0
K02390	0
K02391	0
K02392	0
K02393	0
K02394	0
K02395	0
K02396	0
K02397	0
K02398	0
K02399	0
K02400	0
K02401	0
K02402	0
K02403	0
K02404	0
K02405	0
K02406	0
K02407	0
K02408	0
K02409	0
K02410	0
K02411	0
K02412	0
K02413	0
K02414	0
K02415	0
K02416	0
K02417	0
K02418	0
K02419	0
K02420	0
K02421	0
K02422	0
K02423	0
K02424	70.7278975
K02425	0
K02426	6.060606
K02427	6.060606
K02428	98.5118286
K02429	2.7548209
K02430	4.9586776
K02431	20.8911987
K02433	93.9393939
K02434	91.7894976
K02435	93.0021868
K02436	0
K02437	0
K02438	4.4077135
K02439	6.060606
K02440	199.6705573
K02441	5.8958848
K02442	0
K02443	0
K02444	6.060606
K02445	31.4191587
K02446	4.4077135
K02448	0
K02450	0
K02451	0
K02452	0
K02453	0
K02454	0
K02455	0
K02456	0
K02457	0
K02458	0
K02459	0
K02460	0
K02461	0
K02462	0
K02463	0
K02464	0
K02465	0
K02466	0
K02467	0
K02468	0
K02469	99.4490357
K02470	99.9999999
K02471	7.1625344
K02472	1.1019284
K02473	0
K02474	0
K02475	15.9325211
K02476	16.8697282
K02477	2.8116214
K02478	2.8116214
K02479	0
K02480	0
K02481	0
K02482	0
K02483	0
K02484	3.030303
K02485	0
K02486	0
K02487	1.6528925
K02488	0
K02490	0
K02491	0
K02492	2.0391355
K02493	100.937207
K02494	6.060606
K02495	101.6528924
K02496	6.060606
K02497	0
K02498	6.060606
K02499	0
K02500	23.2058163
K02501	24.3077447
K02502	19.349067
K02503	99.9999999
K02504	6.060606
K02505	6.060606
K02506	6.060606
K02507	6.060606
K02508	0
K02509	0
K02510	0
K02511	0
K02517	5.5096418
K02518	98.1255857
K02519	99.9999999
K02520	99.9999999
K02521	5.5096418
K02523	6.060606
K02525	0.2754821
K02526	1.8744142
K02527	6.060606
K02528	99.9999999
K02529	346.2554313
K02530	103.0927835
K02531	58.1068416
K02532	3.0871035
K02533	0
K02535	6.060606
K02536	6.060606
K02538	8.4348641
K02545	0
K02546	0
K02547	0
K02548	17.912016
K02549	9.090909
K02550	0
K02551	9.090909
K02552	9.090909
K02553	6.060606
K02554	0
K02556	0
K02557	0
K02558	6.060606
K02560	6.060606
K02562	0
K02563	99.0627928
K02564	99.4490357
K02565	0
K02566	0
K02567	4.9586776
K02568	6.060606
K02569	6.060606
K02570	6.060606
K02571	0
K02572	5.5096418
K02573	6.060606
K02574	6.060606
K02575	0.9372071
K02584	0
K02585	0
K02586	0
K02587	0
K02588	0
K02589	0
K02590	0
K02591	0
K02592	0
K02593	0
K02594	0
K02595	0
K02596	0
K02597	0
K02598	0.9372071
K02600	99.9999999
K02601	99.0627928
K02609	0
K02610	0
K02611	0
K02612	0
K02613	0
K02614	21.5557638
K02615	0
K02616	0
K02617	0
K02618	0
K02619	4.9586776
K02621	99.4490357
K02622	101.32345
K02623	0
K02624	0
K02625	0
K02626	0
K02639	0
K02641	0
K02647	6.8898923
K02650	2.8116214
K02651	1.6528925
K02652	0.9372071
K02653	0.9372071
K02654	0.9372071
K02655	0
K02656	6.060606
K02657	0
K02658	0
K02659	0
K02660	0
K02661	0
K02662	0.9372071
K02663	0.9372071
K02664	0
K02665	0
K02666	0
K02667	0
K02668	0
K02669	0.9372071
K02670	0
K02671	0
K02672	0
K02673	0
K02674	0
K02675	0
K02676	0
K02679	6.060606
K02680	6.060606
K02681	6.060606
K02682	6.060606
K02686	6.060606
K02687	99.9999999
K02688	0
K02742	6.060606
K02744	75.527534
K02745	64.2810485
K02746	64.2810485
K02747	64.2810485
K02749	0
K02750	0
K02752	0
K02753	0
K02755	101.2694896
K02756	102.3174575
K02757	103.2546647
K02759	186.722899
K02760	190.0854846
K02761	248.7944107
K02763	0
K02764	0
K02765	0
K02768	116.0432818
K02769	111.3572462
K02770	122.8792138
K02771	1.8744142
K02773	84.348641
K02774	83.4114339
K02775	78.7253983
K02777	97.906904
K02778	130.0502684
K02779	130.9874755
K02781	8.4348641
K02782	8.4348641
K02783	16.8697282
K02784	6.060606
K02786	90.9090909
K02787	92.7835051
K02788	99.343955
K02790	0.9372071
K02791	0.9372071
K02793	203.9220697
K02794	219.4683479
K02795	214.7823123
K02796	203.9220697
K02798	26.4604811
K02799	27.1222061
K02800	27.1222061
K02802	0.5509642
K02803	1.1019284
K02804	1.1019284
K02805	1.1019284
K02806	23.8675413
K02808	94.214876
K02809	100.664565
K02810	102.5389792
K02812	0
K02813	0.9372071
K02814	0.9372071
K02815	0.9372071
K02817	74.0393627
K02818	74.0393627
K02819	74.0393627
K02821	100.4458834
K02822	152.3217176
K02823	63.948766
K02824	99.9999999
K02825	99.4490357
K02826	0
K02827	0
K02828	0
K02829	0
K02834	97.5746215
K02835	99.9999999
K02836	95.7002072
K02837	99.9999999
K02838	99.9999999
K02839	0
K02840	0.9372071
K02841	0.5509642
K02843	6.060606
K02844	0
K02846	0
K02847	0
K02848	0
K02849	0
K02850	0
K02851	17.3070915
K02852	1.1019284
K02853	1.1019284
K02854	0
K02855	0
K02856	0
K02858	4.9586776
K02859	0
K02860	102.8116213
K02862	0
K02863	98.1255857
K02864	99.0627928
K02867	99.9999999
K02871	99.9999999
K02874	99.9999999
K02876	99.0627928
K02878	99.9999999
K02879	99.9999999
K02881	98.1255857
K02884	99.9999999
K02886	99.0627928
K02887	99.9999999
K02888	97.1883785
K02890	99.9999999
K02892	99.0627928
K02895	99.9999999
K02897	6.060606
K02899	99.9999999
K02902	99.0627928
K02904	99.0627928
K02906	100.1107607
K02907	99.0627928
K02909	98.8412711
K02911	97.8501036
K02913	199.230354
K02914	95.3139643
K02916	97.1883785
K02919	68.1349577
K02926	100.937207
K02931	99.4490357
K02933	99.9999999
K02935	96.2511714
K02936	0
K02939	99.0627928
K02945	99.4490357
K02946	99.9999999
K02948	99.0627928
K02950	99.9999999
K02952	98.5118286
K02954	143.2762488
K02956	99.613757
K02959	99.0627928
K02961	99.0627928
K02963	98.1255857
K02965	99.9999999
K02967	97.1883785
K02968	97.1883785
K02970	98.1255857
K02972	0
K02977	0
K02982	99.9999999
K02986	99.0627928
K02988	99.9999999
K02990	99.0627928
K02992	99.7245178
K02994	99.9999999
K02996	99.9999999
K03030	0
K03040	99.9999999
K03043	101.8744141
K03046	99.9999999
K03048	93.0021868
K03060	99.9999999
K03070	118.3578994
K03071	6.9978131
K03072	5.5096418
K03073	96.2511714
K03074	6.060606
K03075	98.1255857
K03076	120.6185566
K03077	0
K03078	1.6528925
K03079	0
K03080	1.1019284
K03081	76.4647411
K03082	75.3060123
K03086	99.0627928
K03087	0
K03088	58.0983214
K03089	6.060606
K03090	0
K03091	0
K03092	0
K03093	0
K03095	86.4417369
K03098	0
K03100	222.2231688
K03101	99.4490357
K03106	99.9999999
K03110	99.7245178
K03111	214.8845529
K03112	0
K03113	6.060606
K03116	19.5677487
K03117	5.5096418
K03118	20.1187128
K03119	0
K03146	0
K03147	0
K03148	0
K03149	0
K03150	0
K03151	99.1735536
K03152	52.4835989
K03153	0
K03154	0
K03168	99.613757
K03169	20.4481553
K03177	101.8744141
K03179	2.9763426
K03181	0.5509642
K03182	4.8507569
K03183	3.8567493
K03184	1.1019284
K03185	0.5509642
K03186	4.8507569
K03187	11.9053704
K03188	12.8425776
K03189	12.8425776
K03190	12.8425776
K03191	8.4348641
K03192	0
K03194	0
K03195	0
K03196	0
K03197	0
K03198	0
K03199	0
K03200	0
K03201	0
K03202	0
K03203	0
K03204	0
K03205	38.9764562
K03206	0
K03207	0
K03208	0
K03210	137.1020419
K03212	4.9586776
K03214	5.5096418
K03215	100.3862428
K03216	101.8744141
K03217	194.3256367
K03218	99.9999999
K03219	0
K03220	0
K03221	0
K03222	0
K03223	0
K03224	0
K03225	0
K03226	0
K03227	0
K03228	0
K03229	0
K03230	0
K03268	0
K03269	6.060606
K03270	6.060606
K03271	13.7741045
K03272	6.060606
K03273	7.7134985
K03274	6.060606
K03275	0
K03276	0
K03277	0
K03278	0
K03279	0
K03280	0
K03281	0
K03282	96.6374144
K03284	107.2761352
K03285	1.6528925
K03286	6.060606
K03287	0
K03288	0
K03289	0
K03290	0
K03291	0.5509642
K03292	1.1019284
K03293	39.6921416
K03294	89.0318366
K03296	1.6528925
K03297	6.0634461
K03298	0
K03299	12.1240521
K03300	25.3045923
K03301	0
K03303	9.2584703
K03304	4.9586776
K03305	20.2862741
K03306	6.060606
K03307	11.9621709
K03308	26.0145976
K03309	0.9372071
K03310	100.2186815
K03311	100.1107607
K03312	6.6115702
K03313	6.060606
K03314	4.4077135
K03315	3.8567493
K03316	52.369998
K03317	26.6791627
K03319	4.9586776
K03320	26.846724
K03321	9.2045099
K03322	27.1761665
K03324	60.53222
K03325	1.6528925
K03326	3.8567493
K03327	58.5442049
K03328	4.9615177
K03329	0
K03331	0
K03332	6.5604499
K03333	0
K03335	1.1019284
K03336	1.1019284
K03337	1.1019284
K03338	1.1019284
K03339	0
K03340	0
K03342	72.2189088
K03343	0
K03346	93.0021868
K03365	0
K03366	41.3450342
K03367	93.9393939
K03379	0
K03380	0
K03381	0
K03382	0
K03383	0
K03384	0
K03385	6.060606
K03386	47.5732015
K03387	43.3302093
K03388	0
K03389	0
K03390	0
K03391	0
K03392	4.6860356
K03394	0.9372071
K03395	0
K03396	0
K03397	0
K03399	0.9372071
K03402	267.9787565
K03403	0
K03404	0
K03405	0
K03406	0
K03407	0
K03408	0
K03409	0
K03410	0
K03411	0
K03412	0
K03413	0
K03414	0
K03415	0
K03417	0
K03418	0
K03423	0
K03424	109.9173552
K03425	0
K03426	12.4563346
K03427	131.6406803
K03428	0
K03429	93.9393939
K03430	0
K03431	99.9999999
K03432	0
K03433	0
K03435	0
K03436	92.4512226
K03437	92.0649797
K03438	99.0627928
K03439	99.9999999
K03442	94.7658402
K03444	0
K03445	1.1019284
K03446	3.8567493
K03449	48.7347704
K03451	0
K03453	10.8602425
K03455	0
K03457	0.9372071
K03458	0.5509642
K03459	0
K03462	0
K03464	0
K03465	0
K03466	116.7050069
K03468	0
K03469	6.060606
K03470	99.9999999
K03471	93.9393939
K03472	0
K03473	0
K03474	0
K03475	154.4716139
K03476	76.4647411
K03477	0.5509642
K03478	0
K03480	0
K03481	0.9372071
K03482	0
K03483	25.5232739
K03484	91.3492942
K03485	0
K03486	80.1567692
K03487	0
K03488	88.9778762
K03489	0
K03490	0
K03491	74.3148448
K03492	37.2667632
K03493	75.9137769
K03495	98.1255857
K03496	10.4739996
K03497	101.4370509
K03498	100.3322824
K03499	150.00426
K03500	99.4490357
K03501	99.9999999
K03502	33.7934168
K03503	0
K03516	0
K03517	4.6860356
K03518	0
K03519	0
K03520	0
K03521	0
K03522	0
K03523	110.7523216
K03524	101.9283745
K03525	0
K03526	6.060606
K03527	6.060606
K03528	6.060606
K03529	93.9393939
K03530	92.6699042
K03531	99.0627928
K03532	0
K03533	0
K03534	0
K03535	0
K03536	99.9999999
K03537	0
K03543	4.9586776
K03544	99.0627928
K03545	99.9999999
K03546	13.6150634
K03547	11.4651671
K03548	5.5096418
K03549	34.9493056
K03550	99.9999999
K03551	99.4490357
K03553	100.937207
K03554	6.6115702
K03555	99.4490357
K03556	0.5509642
K03557	6.060606
K03558	5.5096418
K03559	6.6115702
K03560	6.060606
K03561	6.6115702
K03562	5.5096418
K03563	5.5096418
K03564	6.060606
K03565	99.0627928
K03566	6.060606
K03567	0
K03568	6.060606
K03569	6.060606
K03570	75.0816505
K03571	70.9465791
K03572	99.0627928
K03573	6.060606
K03574	352.8244013
K03575	98.1255857
K03576	5.5096418
K03577	0.9372071
K03578	5.5096418
K03579	0
K03580	5.5096418
K03581	99.9999999
K03582	5.5096418
K03583	6.060606
K03584	99.9999999
K03585	0
K03586	6.060606
K03587	6.060606
K03588	101.1019283
K03589	99.9999999
K03590	99.4490357
K03591	6.060606
K03592	5.5096418
K03593	6.060606
K03594	0.9372071
K03595	99.4490357
K03596	98.1255857
K03597	6.060606
K03598	5.5096418
K03599	6.060606
K03600	6.060606
K03601	99.4490357
K03602	96.6374144
K03603	6.060606
K03604	6.060606
K03605	0.9372071
K03606	0
K03607	6.060606
K03608	0
K03609	0
K03610	0
K03611	6.060606
K03612	6.060606
K03613	6.060606
K03614	6.060606
K03615	6.060606
K03616	6.060606
K03617	6.060606
K03618	0
K03619	0
K03620	0
K03621	94.6550793
K03623	0
K03624	99.9999999
K03625	99.9999999
K03628	6.060606
K03629	99.4490357
K03630	98.9520319
K03631	100.3862428
K03632	5.5096418
K03633	6.060606
K03634	6.060606
K03635	6.060606
K03636	6.060606
K03637	6.060606
K03638	0
K03639	6.060606
K03640	6.060606
K03641	6.060606
K03642	5.5096418
K03643	6.060606
K03644	6.060606
K03645	5.5096418
K03646	6.060606
K03647	122.0556076
K03648	98.5118286
K03649	0
K03650	99.7245178
K03651	6.060606
K03652	6.1742069
K03653	0
K03654	9.090909
K03655	112.126892
K03656	6.060606
K03657	103.7488284
K03658	0
K03660	0
K03664	99.9999999
K03665	94.3795972
K03666	6.060606
K03667	5.5096418
K03668	0
K03669	0
K03670	0
K03671	102.8116213
K03672	0
K03673	11.5702478
K03674	6.060606
K03675	0.5509642
K03676	0
K03683	6.060606
K03684	6.060606
K03685	99.9999999
K03686	99.4490357
K03687	99.9999999
K03688	16.0972423
K03690	1.1019284
K03692	0
K03693	93.0021868
K03694	0
K03695	12.8397375
K03696	93.0021868
K03697	91.1277725
K03698	93.0021868
K03699	93.9393939
K03700	93.9393939
K03701	98.5118286
K03702	99.4490357
K03703	99.4490357
K03704	67.2488709
K03705	93.9393939
K03706	93.9393939
K03707	41.1774729
K03708	93.9393939
K03709	88.3161512
K03710	134.7902644
K03711	7.4380165
K03712	0
K03713	91.7894976
K03715	0
K03716	0
K03717	0
K03718	6.060606
K03719	8.8154269
K03720	5.5096418
K03721	6.060606
K03722	97.5746215
K03723	99.9999999
K03724	0
K03726	0
K03727	0
K03731	1.6528925
K03732	5.5096418
K03733	5.5096418
K03734	116.1512026
K03735	0.9372071
K03736	0.9372071
K03737	5.8419244
K03738	0
K03739	93.0021868
K03740	91.1277725
K03741	1.1019284
K03742	89.9718838
K03743	0
K03744	99.1224333
K03745	6.060606
K03746	5.5096418
K03747	0
K03748	6.060606
K03749	0
K03750	6.060606
K03752	4.9586776
K03753	4.9586776
K03755	0
K03756	2.2038567
K03757	0
K03758	11.2976058
K03759	1.1019284
K03760	0.5509642
K03761	0
K03762	0
K03763	93.9393939
K03764	6.060606
K03765	0
K03767	49.8366987
K03768	99.7784782
K03769	0
K03770	6.060606
K03771	6.060606
K03772	3.3057851
K03773	1.1019284
K03774	0
K03775	6.060606
K03776	0
K03777	4.9586776
K03778	24.089063
K03779	0
K03780	0
K03781	4.9586776
K03782	0
K03783	91.4600551
K03784	96.2511714
K03785	96.7510153
K03786	6.060606
K03787	6.060606
K03788	28.9398199
K03789	102.0930958
K03790	0
K03791	3.3057851
K03793	0
K03794	0
K03795	0
K03796	0
K03797	6.060606
K03798	99.4490357
K03799	83.8487972
K03800	116.4323648
K03801	6.060606
K03802	0
K03803	6.060606
K03804	5.5096418
K03805	0
K03806	6.060606
K03807	0
K03808	5.5096418
K03809	0
K03810	33.0209309
K03811	61.3529862
K03812	0
K03813	2.7548209
K03814	5.5096418
K03815	0
K03816	77.0696657
K03817	2.8116214
K03818	0
K03819	0
K03820	6.060606
K03821	0
K03823	51.4895913
K03824	0
K03825	0
K03826	1.4881713
K03827	2.2038567
K03828	8.4348641
K03829	0
K03830	2.4793388
K03831	6.060606
K03832	6.6115702
K03833	4.9586776
K03834	12.6721762
K03835	7.7134985
K03836	0
K03837	5.5096418
K03838	0
K03839	6.060606
K03840	0
K03841	5.5096418
K03851	0
K03852	0
K03855	0
K03856	23.4301781
K03862	0
K03863	0
K03885	36.3238759
K03886	0
K03887	0
K03888	0
K03889	0
K03890	0
K03891	0
K03892	5.5124819
K03893	0
K03894	0
K03895	0
K03896	0
K03897	0
K03919	0
K03921	0
K03923	5.8958848
K03924	0
K03925	5.5096418
K03926	0
K03928	0
K03929	1.8744142
K03930	87.378944
K03931	0
K03932	0
K03933	3.030303
K03969	0
K03970	0
K03971	0
K03972	0.5509642
K03973	0
K03974	0
K03975	13.3395813
K03976	90.1905654
K03977	99.9999999
K03978	98.1255857
K03979	95.0384822
K03980	5.5096418
K03981	6.060606
K04013	6.060606
K04014	6.060606
K04015	4.9586776
K04016	6.060606
K04017	0.5509642
K04018	1.6528925
K04019	0.9372071
K04020	0
K04021	0
K04022	0
K04023	0.9372071
K04024	2.8116214
K04025	0
K04026	0.9372071
K04027	0
K04028	0.9372071
K04029	3.7488285
K04030	3.7488285
K04031	3.7488285
K04032	0
K04033	0
K04034	0
K04035	0
K04036	0
K04037	0
K04038	0
K04039	0
K04040	0
K04041	16.8129277
K04042	102.8116213
K04043	99.9999999
K04044	6.060606
K04045	1.8744142
K04046	0
K04047	94.3767572
K04049	0
K04050	0
K04051	0
K04052	0
K04053	0
K04054	0
K04056	0
K04057	0
K04058	0
K04059	0
K04060	0
K04061	0
K04062	0.5509642
K04063	3.030303
K04064	0
K04065	0
K04066	99.4490357
K04067	4.9586776
K04068	98.7873107
K04069	175.3628127
K04070	0
K04071	0
K04072	93.9393939
K04073	0
K04074	88.3161512
K04075	99.9999999
K04076	0
K04077	101.8744141
K04078	99.9999999
K04079	4.9586776
K04080	0
K04081	0
K04082	6.060606
K04083	99.7245178
K04084	6.060606
K04085	6.060606
K04086	89.0346767
K04087	6.060606
K04088	6.060606
K04090	0
K04091	0
K04092	3.7488285
K04093	0
K04094	93.0021868
K04095	24.6968277
K04096	99.0627928
K04097	0
K04098	0
K04099	0
K04100	0
K04101	0
K04102	0
K04103	1.1019284
K04110	0
K04116	0
K04117	0
K04118	0
K04127	0
K04128	0
K04333	0
K04334	0
K04335	0
K04336	0
K04337	0
K04338	0
K04477	0
K04478	0
K04480	0
K04485	98.5118286
K04486	19.349067
K04487	191.7894975
K04488	99.7245178
K04516	91.1277725
K04517	63.3978018
K04518	65.272216
K04561	0.5509642
K04562	0
K04564	99.9999999
K04565	1.6528925
K04566	0
K04567	99.9999999
K04568	6.060606
K04618	0
K04651	0.5509642
K04652	0.5509642
K04653	3.8567493
K04654	0.5509642
K04655	0.5509642
K04656	0.5509642
K04691	6.060606
K04719	0
K04720	0
K04744	4.9586776
K04748	0
K04749	0
K04750	27.3976882
K04751	26.6223622
K04752	0
K04753	5.5096418
K04754	6.060606
K04755	6.060606
K04756	0
K04757	0
K04758	40.2431058
K04759	40.5185879
K04760	5.5096418
K04761	6.060606
K04762	6.060606
K04763	13.5014625
K04764	6.060606
K04765	6.060606
K04766	0
K04767	71.2277413
K04768	0
K04769	0
K04770	6.060606
K04771	0.5509642
K04772	1.1019284
K04773	4.9586776
K04774	5.5096418
K04775	0
K04780	0
K04781	0
K04782	3.7488285
K04783	0.9372071
K04784	0.9372071
K04785	0
K04786	0
K04788	0
K04793	0
K04794	0
K04835	0
K04844	0.5509642
K04940	0
K05020	5.6232427
K05245	0
K05275	0
K05281	0
K05286	0
K05296	0
K05297	0
K05299	0
K05301	0
K05303	0
K05305	0
K05306	0
K05311	0
K05337	82.6929084
K05338	10.3092783
K05339	12.1836926
K05340	43.3302093
K05341	0
K05342	0
K05343	0
K05344	4.6860356
K05345	0
K05346	0
K05349	23.0439351
K05350	47.1358382
K05351	0
K05352	25.3045923
K05358	0
K05362	93.1129476
K05363	108.1082616
K05364	0
K05365	4.9586776
K05366	99.9999999
K05367	0
K05368	0
K05372	0
K05373	0
K05374	0
K05375	0
K05394	0
K05396	0
K05499	0
K05501	6.060606
K05515	6.060606
K05516	0
K05517	0
K05518	0
K05519	0
K05520	0
K05521	29.0534208
K05522	0
K05523	0
K05524	0
K05526	0
K05527	5.5096418
K05539	6.060606
K05540	8.5967453
K05541	4.4077135
K05548	0
K05549	0
K05550	0
K05559	0
K05560	0
K05561	0
K05562	0
K05563	0
K05564	0
K05565	0
K05566	0
K05567	0
K05568	0
K05569	0
K05570	0
K05571	0
K05576	0
K05577	0
K05589	6.060606
K05590	6.060606
K05591	0
K05592	99.9999999
K05593	21.5557638
K05594	0
K05595	15.1600352
K05596	0
K05597	0
K05599	0
K05600	0
K05601	0
K05602	0
K05603	0
K05606	0
K05685	1.1019284
K05708	0
K05709	0
K05710	0
K05711	0
K05712	0
K05713	0
K05714	0
K05715	0
K05739	0
K05772	0
K05773	0
K05774	0
K05775	0
K05776	0.5509642
K05777	0
K05778	0
K05779	0
K05780	0
K05781	0
K05782	0
K05783	0
K05784	0
K05785	0
K05786	28.1105335
K05787	6.060606
K05788	6.060606
K05789	0
K05790	0.5509642
K05791	0
K05792	0
K05793	0
K05794	0
K05795	0.5509642
K05796	0
K05797	0
K05798	0
K05799	2.8116214
K05800	0
K05801	6.060606
K05802	5.5096418
K05803	5.5096418
K05804	0.5509642
K05805	0
K05806	0
K05807	6.060606
K05808	92.0110193
K05809	6.060606
K05810	6.060606
K05811	0
K05812	0
K05813	0
K05814	0
K05815	0
K05816	0
K05817	0
K05818	0
K05819	0
K05820	6.9978131
K05822	0
K05823	65.272216
K05824	0
K05825	0
K05826	0
K05827	0
K05828	0
K05829	0
K05830	0
K05831	0
K05832	138.3204112
K05833	139.2576183
K05834	0
K05835	0
K05836	0
K05837	84.0674788
K05838	6.060606
K05839	0
K05841	0
K05844	6.060606
K05845	96.7510153
K05846	113.6207435
K05847	97.6882224
K05851	6.060606
K05873	1.8744142
K05874	0
K05875	0
K05876	0
K05877	0
K05878	38.8656954
K05879	40.6293488
K05880	0
K05881	0
K05882	0
K05883	0
K05884	0
K05885	0.9372071
K05886	0
K05887	0
K05888	0
K05893	0
K05895	0.9372071
K05896	93.9393939
K05898	0
K05899	0
K05900	0
K05903	0
K05905	0
K05910	6.5604499
K05911	0
K05912	0
K05913	0
K05916	0
K05918	0
K05919	0
K05921	0
K05922	0
K05926	0
K05927	0
K05929	0
K05934	0.9372071
K05936	0.9372071
K05937	0
K05939	0.5509642
K05942	0
K05945	0
K05946	7.7731391
K05949	0
K05951	0
K05952	6.060606
K05957	0
K05964	25.3045923
K05966	24.3673852
K05967	0
K05968	0
K05970	2.2038567
K05971	0
K05973	0
K05977	0
K05979	0
K05982	0
K05984	0
K05985	93.0021868
K05988	1.8744142
K05989	1.8744142
K05991	0
K05992	2.8116214
K05994	0
K05995	13.7797847
K05997	0
K05998	0
K05999	0
K06001	0
K06006	0
K06011	0
K06012	0
K06013	0
K06015	0
K06016	1.1019284
K06017	0
K06019	0
K06020	0
K06023	93.0021868
K06024	92.7267047
K06033	0
K06036	6.5604499
K06039	0.5509642
K06041	9.2584703
K06042	1.8744142
K06044	0
K06045	0
K06046	0
K06048	0
K06049	0
K06073	0
K06074	0
K06075	0
K06076	6.060606
K06077	5.5096418
K06078	0
K06079	0
K06080	0
K06113	0
K06118	0
K06120	0
K06121	0
K06122	0
K06131	96.1432506
K06132	0
K06133	11.4083666
K06134	0
K06135	0
K06136	0
K06137	0
K06138	0
K06139	0.9372071
K06140	0
K06141	0
K06142	4.9586776
K06143	0
K06144	0
K06145	0.5509642
K06146	0
K06147	700.5197236
K06148	146.198631
K06149	6.060606
K06151	0
K06152	0
K06153	93.0021868
K06155	0
K06156	0
K06157	0
K06158	98.5118286
K06159	0
K06160	0
K06161	0
K06162	0
K06163	0
K06164	0
K06165	0
K06166	0
K06167	0
K06168	6.060606
K06169	0
K06173	99.4490357
K06175	5.5096418
K06176	4.4077135
K06177	11.9564908
K06178	99.7245178
K06179	6.060606
K06180	287.8787877
K06181	8.5399448
K06182	0
K06183	186.7740194
K06186	5.5096418
K06187	100.937207
K06188	30.1553492
K06189	6.060606
K06190	6.060606
K06191	93.0021868
K06192	0
K06193	97.5746215
K06194	6.060606
K06195	0
K06196	87.4329044
K06197	0
K06198	91.7894976
K06199	59.8676549
K06200	2.2038567
K06201	86.055494
K06202	5.5096418
K06203	6.060606
K06204	6.060606
K06205	6.060606
K06206	5.5096418
K06207	100.937207
K06208	0
K06209	0
K06211	4.9586776
K06212	5.5096418
K06213	0.9372071
K06214	0
K06215	37.7609269
K06216	0.5509642
K06217	94.1041151
K06218	4.6292352
K06219	0
K06221	0.9372071
K06222	0
K06223	24.4185055
K06236	0
K06237	0
K06281	0.5509642
K06282	0.5509642
K06283	0
K06284	0
K06285	0
K06286	93.9393939
K06287	18.3578995
K06288	0
K06289	0
K06290	0
K06291	0
K06292	0
K06293	0
K06294	0
K06295	0
K06296	0
K06297	0
K06298	0
K06299	0
K06300	0
K06301	0
K06302	0
K06303	0
K06304	0
K06305	0
K06306	0
K06307	0
K06308	0
K06309	0
K06310	0
K06311	0
K06312	0
K06313	0
K06314	0
K06315	0
K06317	0
K06318	0
K06319	0
K06320	0
K06321	0
K06322	0
K06323	0
K06324	0
K06325	0
K06326	0
K06327	0
K06328	0
K06329	0
K06330	8.4348641
K06331	0
K06332	0
K06333	0
K06334	0
K06335	0
K06336	0
K06337	0
K06338	0
K06339	0
K06340	0
K06341	0
K06342	0
K06343	0
K06344	0
K06345	0
K06346	95.8138081
K06347	0
K06348	0
K06349	0
K06350	0
K06351	0
K06352	0
K06353	0
K06354	0
K06355	0
K06356	0
K06357	0
K06358	0
K06359	0
K06360	0
K06361	0
K06362	0
K06363	0
K06364	0
K06365	0
K06366	0
K06367	0
K06368	0
K06369	0
K06370	0
K06371	0
K06372	0
K06373	0
K06374	0
K06375	0
K06376	0
K06377	0
K06378	0
K06379	0
K06380	0
K06381	0
K06382	0
K06383	0
K06384	0.2754821
K06385	0
K06386	0
K06387	0
K06388	0
K06389	0
K06390	0
K06391	0
K06392	0
K06393	0
K06394	0
K06395	0
K06396	0
K06397	0
K06398	0
K06399	0
K06400	24.3673852
K06401	0
K06402	0
K06403	0
K06404	0
K06405	0
K06406	0
K06407	0
K06408	0
K06409	0
K06410	0
K06411	0
K06412	0
K06413	0
K06414	0
K06415	0
K06416	0
K06417	0
K06418	0
K06419	0
K06420	0
K06421	0
K06422	0
K06423	0
K06424	0
K06425	0
K06426	0
K06427	0
K06428	0
K06429	0
K06430	0
K06431	0
K06432	0
K06433	0
K06434	0
K06435	0
K06436	0
K06437	0
K06438	0
K06439	0
K06440	0
K06442	93.0021868
K06443	0
K06445	0
K06446	0
K06447	0
K06518	49.7770582
K06580	0
K06595	0
K06596	0
K06597	0
K06598	0
K06599	0
K06600	0
K06601	0
K06602	0
K06603	0
K06605	0
K06606	0
K06607	0
K06608	0
K06609	0
K06610	0.9372071
K06714	0
K06718	0
K06720	0
K06726	21.7716054
K06857	0
K06858	0
K06859	0
K06860	0
K06861	6.060606
K06864	0
K06866	6.060606
K06867	0
K06871	19.1275453
K06872	6.0066456
K06876	0
K06877	0
K06878	87.378944
K06879	6.060606
K06880	0
K06881	93.9393939
K06882	0
K06883	0
K06884	0
K06885	85.5045298
K06886	0
K06887	0
K06888	0
K06889	53.031723
K06890	99.9999999
K06891	0
K06892	0
K06893	5.6232427
K06894	0
K06895	0.5509642
K06896	88.6484337
K06897	0
K06898	0
K06899	6.060606
K06900	0
K06901	100.5509641
K06902	0
K06903	2.2038567
K06904	13.0640993
K06905	2.2038567
K06906	1.1019284
K06907	2.2038567
K06908	2.2038567
K06909	28.9398199
K06910	14.609071
K06911	6.060606
K06912	0
K06915	36.715799
K06916	0
K06917	0
K06918	6.060606
K06919	55.3463406
K06920	24.6400272
K06921	0
K06922	0
K06923	0
K06925	98.1255857
K06926	2.8116214
K06927	0
K06928	0
K06929	87.765187
K06931	0
K06933	0
K06934	0
K06936	0
K06937	0
K06938	0
K06940	53.2532447
K06941	95.7002072
K06942	100.937207
K06944	0
K06945	0
K06946	0
K06947	0
K06948	93.0021868
K06949	99.613757
K06950	181.2615375
K06951	0
K06952	0
K06953	0
K06954	0
K06955	0
K06956	3.3057851
K06957	5.5096418
K06958	99.4490357
K06959	97.1883785
K06960	91.1277725
K06962	60.918463
K06966	27.5624094
K06967	93.9393939
K06968	5.5096418
K06969	93.9393939
K06970	0
K06971	0
K06972	0
K06973	0
K06974	0
K06975	3.5812672
K06976	0
K06977	0
K06978	0.8264463
K06979	25.5232739
K06980	6.060606
K06985	0
K06986	0
K06987	0
K06988	2.7548209
K06989	0
K06990	0
K06991	0
K06992	1.1019284
K06993	0
K06994	3.7488285
K06995	0
K06996	0
K06997	99.9999999
K06998	6.7251711
K06999	14.0013064
K07000	0
K07001	2.7548209
K07002	0.5509642
K07003	0
K07004	42.1743205
K07005	2.9763426
K07006	29.0534208
K07007	97.5746215
K07008	5.5096418
K07009	93.0021868
K07010	137.1616824
K07011	1.8744142
K07012	21.5557638
K07013	0
K07014	5.5096418
K07015	93.9393939
K07016	1.8744142
K07017	4.5752748
K07018	0
K07019	0
K07020	0
K07021	93.6639118
K07023	8.4348641
K07024	740.9190305
K07025	171.6139842
K07026	0
K07027	0
K07028	0
K07029	136.5510777
K07030	96.4187327
K07031	1.1019284
K07032	16.1512027
K07033	0.9372071
K07034	0.5509642
K07035	48.7347704
K07037	0
K07038	0
K07039	0
K07040	92.5023429
K07042	99.9999999
K07043	0.5509642
K07044	0
K07045	5.6232427
K07046	0
K07047	0
K07048	0
K07050	0
K07051	0
K07052	439.1582175
K07053	6.060606
K07054	42.7252847
K07056	98.7873107
K07057	0
K07058	99.0627928
K07061	0
K07062	7.7134985
K07063	0
K07064	0
K07065	0
K07067	0
K07068	0.9372071
K07069	2.4793388
K07070	0
K07071	6.060606
K07074	0.9372071
K07075	5.2369998
K07076	0.5509642
K07077	0
K07078	31.1465167
K07079	0
K07080	0.5509642
K07081	0
K07082	98.1255857
K07083	0
K07084	5.5096418
K07085	5.5096418
K07086	0
K07088	50.5523842
K07089	94.6579194
K07090	31.0840361
K07091	6.060606
K07092	0
K07093	0
K07094	0
K07095	93.9393939
K07096	0
K07097	0
K07098	7.1625344
K07099	0
K07100	0
K07101	0
K07102	0
K07104	63.3978018
K07105	89.0346767
K07106	15.929681
K07107	12.6210559
K07109	5.5096418
K07110	0
K07112	14.5522706
K07113	1.1019284
K07114	0
K07115	5.5096418
K07116	0
K07117	0
K07118	47.7407628
K07119	0
K07120	6.5604499
K07121	6.060606
K07122	6.060606
K07123	0
K07124	101.9880151
K07125	1.1019284
K07126	16.9180085
K07127	0
K07129	0
K07130	0.9372071
K07131	0
K07132	3.3057851
K07133	11.9053704
K07136	0
K07137	3.030303
K07138	0
K07139	67.6975945
K07140	0.5509642
K07141	0
K07145	4.2997927
K07146	81.7557013
K07147	0.5509642
K07148	0
K07149	5.3449206
K07150	24.9183494
K07152	0
K07153	6.060606
K07154	9.3663911
K07155	0
K07156	0
K07157	0
K07160	4.4077135
K07161	0
K07162	0
K07164	0
K07165	0
K07166	63.3978018
K07167	0
K07168	0
K07169	0
K07170	93.9393939
K07171	12.5131351
K07172	3.7488285
K07173	99.9999999
K07175	0
K07177	93.9393939
K07178	0
K07180	0
K07181	0
K07182	0
K07183	0.9372071
K07184	6.060606
K07185	3.030303
K07186	1.6528925
K07190	0
K07192	20.0107921
K07212	0
K07213	11.5702478
K07214	0
K07215	0
K07216	0
K07217	0
K07218	0
K07219	0
K07220	6.060606
K07221	0
K07222	2.8116214
K07223	0
K07224	14.0581068
K07225	0
K07226	5.5096418
K07227	0.5509642
K07228	0
K07229	0
K07230	0.5509642
K07231	0
K07232	0
K07233	0
K07234	0.5509642
K07235	6.060606
K07236	5.5096418
K07237	6.060606
K07238	35.6138707
K07239	0
K07240	0
K07241	0
K07243	23.9811422
K07245	0
K07246	0
K07248	0
K07250	0
K07251	0.5509642
K07255	0
K07256	0
K07257	0
K07258	122.8792138
K07259	4.9586776
K07260	0
K07261	6.060606
K07262	4.9586776
K07263	3.3057851
K07264	0
K07265	1.1019284
K07266	1.1019284
K07267	0
K07268	6.060606
K07269	0
K07270	20.3856747
K07271	43.4381301
K07272	59.9244554
K07273	95.7030473
K07274	0
K07275	0
K07276	0
K07277	6.060606
K07278	6.060606
K07279	0.5509642
K07280	0
K07281	0
K07282	83.4114339
K07283	0
K07284	72.769873
K07285	4.9586776
K07286	6.060606
K07287	4.9586776
K07288	0
K07289	0
K07290	0
K07300	0.5509642
K07301	0.5509642
K07302	0
K07303	0
K07304	50.1093408
K07305	33.1856522
K07306	4.4077135
K07307	3.8567493
K07308	4.4077135
K07309	0
K07310	0
K07311	0
K07312	0
K07313	50.6091846
K07314	0
K07315	0
K07316	10.0877566
K07317	0.5509642
K07318	0
K07319	15.9325211
K07320	6.060606
K07321	0
K07322	4.7939564
K07323	6.060606
K07326	0.5509642
K07334	11.6838487
K07335	106.6740507
K07336	0
K07337	0
K07338	0
K07339	28.4456562
K07340	1.1019284
K07341	22.4929709
K07343	6.060606
K07344	0
K07345	5.5096418
K07346	0
K07347	5.5096418
K07348	0
K07349	0
K07350	0
K07351	0
K07352	0
K07353	0
K07354	0
K07355	0
K07356	0
K07357	0
K07358	0
K07386	112.1865326
K07387	0
K07389	0
K07390	6.060606
K07391	5.5096418
K07393	23.4301781
K07394	0
K07395	0
K07396	2.4253784
K07397	0
K07399	0
K07400	6.060606
K07401	0
K07402	0
K07403	0
K07404	48.953452
K07405	0
K07406	0
K07407	79.9380875
K07442	0
K07443	4.6292352
K07444	93.9393939
K07445	0
K07447	99.0627928
K07448	0
K07451	0
K07452	0
K07453	0
K07454	0
K07455	20.1187128
K07456	93.9393939
K07457	19.6813496
K07458	0.9372071
K07459	1.8744142
K07460	6.060606
K07461	88.3161512
K07462	99.4490357
K07464	15.9325211
K07465	0
K07467	17.1452103
K07470	0
K07471	0
K07473	43.7704126
K07474	25.5232739
K07476	0
K07478	99.9999999
K07479	6.060606
K07480	2.9763426
K07481	0
K07482	18.2442986
K07483	110.025276
K07484	16.8697282
K07485	14.0581068
K07486	10.3603987
K07487	3.7488285
K07488	0
K07489	0
K07490	0
K07491	93.6639118
K07492	21.5557638
K07493	3.030303
K07494	13.1208997
K07495	0
K07496	1.1019284
K07497	29.3743431
K07498	2.7008605
K07499	0
K07501	0
K07502	0
K07503	0
K07504	2.9763426
K07505	2.8116214
K07506	0
K07507	37.0424014
K07516	4.6860356
K07518	0
K07519	0
K07533	107.9975007
K07535	0
K07536	0
K07543	0
K07544	0
K07545	0
K07546	0
K07550	0
K07552	6.060606
K07559	0.9372071
K07560	99.7245178
K07566	105.1233988
K07567	60.3106983
K07568	99.0627928
K07570	90.8522904
K07571	0
K07574	98.7873107
K07576	0
K07577	0
K07584	72.1621084
K07586	93.0021868
K07588	0
K07589	0
K07590	0
K07591	0
K07592	0
K07636	47.5192411
K07637	0
K07638	0
K07639	0
K07640	1.6528925
K07641	0
K07642	0
K07643	0
K07644	0
K07645	5.5096418
K07646	2.7008605
K07647	0
K07648	4.4077135
K07649	0
K07650	0
K07651	0
K07652	93.9393939
K07653	0
K07654	0
K07657	4.4077135
K07658	43.1115276
K07659	0
K07660	0
K07661	0
K07662	6.060606
K07663	0
K07664	0
K07665	1.8744142
K07666	5.5096418
K07667	2.4253784
K07668	92.7267047
K07669	0
K07670	0
K07673	0
K07674	4.9586776
K07675	0.5509642
K07676	0
K07677	0
K07678	0
K07679	0
K07680	0
K07681	0
K07683	0
K07684	0
K07685	5.5096418
K07686	0
K07687	0
K07688	0
K07689	0
K07690	0
K07691	0
K07692	0
K07693	0
K07694	0
K07696	0
K07697	0
K07698	0
K07699	0
K07700	0
K07701	0
K07702	0
K07703	0
K07704	14.0581068
K07705	12.1836926
K07706	108.7160262
K07707	97.4695408
K07708	0
K07709	0
K07710	0
K07711	0
K07712	0
K07713	0
K07714	0
K07715	0
K07716	0
K07717	4.6860356
K07718	108.7160262
K07719	4.6860356
K07720	95.5951265
K07722	0
K07723	0
K07724	1.1019284
K07726	1.9283746
K07727	39.0304166
K07729	231.3765584
K07733	2.2038567
K07734	0
K07735	6.060606
K07736	0
K07737	2.8116214
K07738	98.1255857
K07739	0
K07740	0
K07741	15.6541989
K07742	93.0021868
K07746	0
K07749	0
K07751	5.5096418
K07757	0
K07768	0
K07770	0
K07771	0
K07772	0
K07773	6.060606
K07774	0
K07775	0
K07776	0
K07777	0
K07778	68.41612
K07780	0
K07781	0
K07782	0
K07783	0
K07784	0.5509642
K07785	0
K07786	0
K07787	0
K07788	0
K07789	0
K07790	0
K07791	0.5509642
K07792	11.0192836
K07793	0
K07794	0
K07795	0
K07796	0
K07797	0
K07798	0
K07799	0
K07800	0
K07801	0
K07802	0
K07803	0
K07804	0
K07805	0
K07806	0
K07807	0
K07810	0
K07811	0
K07812	2.2038567
K07813	0
K07814	0
K07816	93.6639118
K07821	3.3057851
K07823	0
K07824	0
K07862	86.6604186
K07978	0
K07979	0.9372071
K07991	0
K08068	0
K08070	0
K08077	0
K08082	0
K08083	0
K08084	0
K08085	0
K08086	0
K08087	0
K08088	0
K08092	1.6528925
K08093	0
K08094	3.7488285
K08097	0
K08100	0
K08137	0
K08138	0
K08139	0
K08151	3.3057851
K08152	35.6110306
K08153	3.030303
K08154	0
K08156	0.5509642
K08159	3.3057851
K08160	0
K08161	2.4793388
K08162	0
K08163	0
K08164	0
K08166	0.9372071
K08167	0
K08168	3.7488285
K08169	0
K08170	1.8744142
K08172	0
K08173	0
K08174	0
K08177	57.7205987
K08178	0
K08191	0
K08194	0
K08195	0
K08196	0
K08217	10.8602425
K08218	6.060606
K08219	0
K08220	0
K08221	0
K08222	0
K08223	0
K08224	0
K08225	0
K08226	0
K08227	0
K08234	67.6975945
K08252	0
K08253	0
K08255	0
K08256	0
K08258	0
K08259	0
K08261	0
K08276	0
K08277	0
K08278	0
K08279	0
K08280	0
K08281	0
K08282	0
K08289	1.1019284
K08295	0
K08296	6.6115702
K08297	0
K08298	0
K08299	0
K08300	6.060606
K08301	5.5096418
K08302	0
K08303	99.4490357
K08304	5.5096418
K08305	1.1019284
K08306	6.060606
K08307	0
K08308	0
K08309	6.060606
K08310	7.9350202
K08311	9.090909
K08312	1.6528925
K08313	0
K08314	0
K08315	0.5509642
K08316	58.5442049
K08317	2.4793388
K08318	0
K08319	2.2038567
K08320	0
K08321	0.5509642
K08322	0
K08323	0
K08324	0
K08325	0
K08326	0
K08344	0
K08348	2.7548209
K08349	0
K08350	3.3057851
K08351	0
K08352	0
K08353	0
K08354	0
K08355	0
K08356	0
K08357	0
K08358	0
K08359	0
K08363	3.8567493
K08364	4.4077135
K08365	1.8744142
K08368	0
K08369	0
K08372	0
K08384	0
K08475	0
K08476	0
K08477	0
K08478	0
K08481	0
K08482	0
K08483	99.0627928
K08484	0
K08485	0
K08566	0
K08567	0.5509642
K08586	0
K08587	0
K08589	0
K08590	16.8697282
K08591	99.0627928
K08598	0
K08600	29.9906279
K08602	93.9393939
K08603	0
K08604	0
K08605	0
K08641	0
K08642	0
K08643	20.6185567
K08651	0
K08652	18.7441425
K08659	51.1573087
K08675	0
K08676	0
K08677	0
K08679	0
K08680	9.090909
K08681	37.7609269
K08682	0
K08685	0
K08686	0
K08688	0
K08689	0
K08690	0
K08691	0
K08692	0
K08693	2.4253784
K08698	0
K08710	0
K08713	0
K08714	0
K08715	0
K08717	0
K08720	0
K08721	0
K08722	0.5509642
K08723	0
K08724	0
K08728	0.2754821
K08738	0
K08777	0
K08884	94.4903581
K08900	0
K08926	0
K08927	0
K08928	0
K08929	0
K08930	0
K08939	0
K08963	0
K08964	0
K08965	0
K08966	0
K08967	0
K08969	14.0581068
K08970	0
K08972	0
K08973	0
K08974	72.7159126
K08976	0
K08977	0
K08978	8.9858283
K08981	0.9372071
K08982	0.9372071
K08983	0
K08984	0.5509642
K08985	0
K08986	90.9090909
K08987	71.8298258
K08988	0
K08989	0
K08990	6.060606
K08992	6.060606
K08993	0
K08994	0
K08995	0
K08996	3.030303
K08997	0
K08998	92.8885859
K08999	0
K09000	0
K09001	1.6528925
K09002	6.5604499
K09003	0
K09004	0.5509642
K09005	0
K09007	0
K09008	0
K09009	0
K09011	0
K09013	93.9393939
K09014	101.4370509
K09015	93.9393939
K09016	0
K09017	0
K09018	0
K09019	0
K09020	0
K09021	0
K09022	5.5096418
K09023	0
K09024	0
K09116	0
K09117	0
K09118	0
K09120	0
K09121	0
K09122	0
K09123	0
K09124	0
K09125	6.060606
K09126	0
K09127	0
K09128	0
K09129	0
K09131	1.6528925
K09134	60.53222
K09136	7.6055778
K09137	0
K09138	0
K09141	0
K09144	0
K09145	0
K09146	0
K09153	57.7745591
K09154	0
K09155	57.499077
K09157	68.6348016
K09158	6.060606
K09159	6.060606
K09160	6.060606
K09161	0
K09162	0
K09163	0
K09164	0
K09165	0
K09166	0
K09167	0
K09181	0
K09190	0
K09251	0.2754821
K09252	0
K09384	4.6860356
K09386	0
K09388	0
K09456	0
K09457	42.1743205
K09458	93.9393939
K09459	0
K09461	0
K09469	0
K09470	0
K09471	4.9586776
K09472	0
K09473	0
K09474	0
K09475	0
K09476	0
K09477	0
K09483	0
K09516	0
K09607	0
K09612	0
K09680	0
K09681	0
K09682	0
K09683	0
K09684	0
K09685	93.9393939
K09686	232.9186901
K09687	351.5549117
K09688	1.1019284
K09689	0.5509642
K09690	0
K09691	0
K09692	2.4793388
K09693	2.4793388
K09694	5.6232427
K09695	5.6232427
K09696	0
K09697	0
K09698	93.9393939
K09699	0
K09700	0
K09701	0
K09702	15.9325211
K09703	3.7488285
K09704	68.1945983
K09705	27.1790066
K09706	0
K09707	4.6860356
K09709	0
K09710	99.9999999
K09711	0
K09712	0
K09720	0
K09726	0
K09729	0
K09740	0
K09744	0
K09747	98.1255857
K09748	98.1255857
K09749	0
K09758	0.5509642
K09759	0
K09760	98.1255857
K09761	99.9999999
K09762	92.0649797
K09763	0
K09764	0
K09765	79.7676861
K09766	0
K09767	6.060606
K09768	0
K09769	0
K09770	0
K09771	0
K09772	93.9393939
K09773	15.5462781
K09774	6.060606
K09775	3.030303
K09776	0
K09777	0
K09778	0
K09779	0
K09780	6.060606
K09781	0.5509642
K09785	0
K09786	0
K09787	93.9393939
K09788	0
K09789	5.5096418
K09790	49.5583766
K09791	1.6528925
K09792	0
K09793	0
K09794	0.5509642
K09795	0
K09796	0
K09797	0.5509642
K09798	5.5096418
K09799	4.1322314
K09800	6.060606
K09801	6.060606
K09802	6.060606
K09803	0.5509642
K09804	0
K09805	0
K09806	1.1019284
K09807	0
K09808	12.121212
K09809	0
K09810	6.060606
K09811	99.4490357
K09812	99.9999999
K09813	0
K09814	0
K09815	177.6774302
K09816	99.9999999
K09817	99.9999999
K09818	0
K09819	0
K09820	0
K09822	0
K09823	0
K09824	11.0192836
K09825	66.706427
K09826	0
K09835	0
K09836	0
K09844	0
K09845	0
K09846	0
K09857	0
K09858	4.9586776
K09859	0
K09860	0
K09861	96.4187327
K09862	6.060606
K09880	0
K09882	0
K09883	0
K09888	6.060606
K09889	6.060606
K09890	5.5096418
K09891	6.060606
K09892	6.060606
K09893	6.060606
K09894	6.060606
K09895	6.060606
K09896	6.060606
K09897	6.060606
K09898	5.5096418
K09899	5.5096418
K09900	6.060606
K09901	6.060606
K09902	6.060606
K09903	101.8744141
K09904	6.060606
K09906	6.060606
K09907	4.9586776
K09908	6.060606
K09909	5.5096418
K09910	6.060606
K09911	6.060606
K09912	0
K09913	0
K09914	0
K09915	0
K09916	0
K09917	6.060606
K09918	0
K09919	0
K09920	0
K09921	0.5509642
K09922	0
K09923	5.5096418
K09924	0
K09925	0
K09926	0
K09927	0.8264463
K09928	0
K09929	4.9586776
K09930	4.9586776
K09931	0
K09932	0
K09933	0
K09934	0
K09935	0.9372071
K09936	6.9438527
K09937	0
K09938	0
K09939	0
K09940	0
K09941	0
K09942	0
K09943	0
K09944	0
K09945	0
K09946	1.4881713
K09947	0
K09948	0
K09949	0
K09950	0
K09951	39.9136633
K09952	45.5369061
K09953	0
K09954	0
K09955	0
K09956	0
K09957	0
K09958	0
K09959	0
K09960	4.9586776
K09961	4.4077135
K09962	67.1466303
K09963	49.1721336
K09964	0
K09965	0
K09966	0
K09967	0
K09968	2.0391355
K09969	0
K09970	0
K09971	0
K09972	0
K09973	0
K09974	0
K09975	0
K09976	90.1905654
K09977	0
K09978	0
K09979	1.6528925
K09980	0
K09981	0
K09982	0
K09983	0
K09984	0
K09985	0
K09986	0
K09987	0
K09988	0
K09989	0
K09990	0
K09991	0
K09992	0
K09994	0
K09996	0
K09997	6.060606
K09998	6.060606
K09999	6.060606
K10000	6.060606
K10001	0
K10002	0
K10003	0
K10004	0
K10005	0
K10006	0
K10007	0
K10008	0
K10009	72.0513475
K10010	20.1187128
K10011	0
K10012	0
K10013	0
K10014	0
K10015	0
K10016	0
K10017	0
K10018	0
K10019	0
K10020	0
K10021	0
K10022	0
K10023	0
K10024	0
K10025	0
K10026	18.7441425
K10027	0
K10036	0
K10037	0
K10038	0
K10039	66.5417057
K10040	134.0206185
K10041	66.5417057
K10094	4.9586776
K10107	1.1019284
K10108	0.5509642
K10109	0.5509642
K10110	0.5509642
K10111	0.5509642
K10112	92.0649797
K10117	49.0102525
K10118	53.6962881
K10119	46.1986311
K10120	10.3092783
K10121	0.9372071
K10122	10.3092783
K10124	0
K10125	0
K10126	0
K10188	0
K10189	0
K10190	0
K10192	0
K10193	0
K10194	0
K10195	0
K10200	0
K10201	0
K10202	0
K10206	0
K10208	0
K10209	0
K10210	0
K10211	0
K10212	0
K10213	0
K10215	0
K10216	0
K10217	0
K10218	0
K10219	0
K10220	0
K10221	0
K10222	0
K10227	0
K10228	0
K10229	0
K10230	0
K10231	0
K10232	0
K10233	0
K10234	0
K10236	0
K10237	0
K10238	0
K10240	0
K10241	0
K10242	0
K10243	0
K10253	0
K10254	39.3058987
K10255	0
K10297	0
K10353	7.497657
K10439	34.8925051
K10440	19.621709
K10441	19.8971911
K10530	44.0487348
K10531	0
K10533	0
K10536	30.1553492
K10537	0
K10538	0
K10539	0
K10540	5.5096418
K10541	5.5096418
K10542	5.5096418
K10543	2.2038567
K10544	2.2038567
K10545	1.6528925
K10546	0
K10547	0
K10548	0
K10549	0
K10550	0
K10551	0
K10552	0
K10553	0
K10554	0
K10555	0.5509642
K10556	0.5509642
K10557	0.5509642
K10558	0
K10559	0
K10560	0
K10561	0
K10562	0
K10563	99.9999999
K10564	0
K10565	0
K10616	0
K10617	0
K10618	0
K10619	0
K10620	0
K10621	0
K10622	0
K10623	0
K10670	0.9372071
K10671	0
K10672	0
K10673	0
K10674	0
K10676	0
K10677	0
K10678	0
K10679	0
K10680	0
K10681	36.5510778
K10682	37.4882849
K10702	0
K10708	0
K10709	0
K10710	0
K10711	0
K10713	0
K10714	0
K10716	47.4113203
K10748	0
K10762	0
K10763	6.060606
K10764	0
K10773	98.1255857
K10778	0.5509642
K10780	0
K10783	0
K10793	0
K10794	0
K10795	0
K10796	0
K10797	0
K10798	0
K10800	0
K10804	0
K10805	4.4077135
K10806	5.5096418
K10810	0
K10811	0
K10814	0
K10815	0
K10816	0
K10819	32.8022493
K10822	0
K10823	98.5118286
K10824	9.3720712
K10826	0
K10831	0
K10834	0
K10843	0
K10844	0
K10850	0
K10851	0
K10852	0
K10854	0
K10855	0
K10856	0
K10857	0
K10906	0
K10907	0
K10908	0
K10914	6.060606
K10915	0
K10918	0
K10924	0
K10926	0
K10927	0
K10930	0
K10931	0
K10932	0
K10934	0
K10938	0
K10939	0
K10941	0
K10942	0
K10943	0
K10947	153.7559285
K10954	0.5509642
K10960	0
K10962	0
K10965	0
K10972	0
K10973	0
K10974	0.5509642
K10975	0
K10979	0
K10984	0
K10985	0
K10986	0
K11003	0
K11004	0.9372071
K11005	0
K11006	0
K11007	0
K11008	0
K11011	0
K11012	0
K11013	1.6528925
K11014	1.6528925
K11015	1.6528925
K11016	0.5509642
K11017	0.5509642
K11020	0
K11021	0
K11023	0
K11024	0
K11025	0
K11026	0
K11027	0
K11029	0
K11031	54.3580131
K11032	0
K11033	0
K11034	0
K11035	0
K11036	0
K11037	0
K11038	0
K11039	0
K11040	62.7928772
K11041	69.0210445
K11042	0
K11043	0
K11044	17.8069353
K11045	17.8069353
K11046	20.6185567
K11047	3.7488285
K11048	3.7488285
K11049	3.7488285
K11050	25.3045923
K11051	24.3673852
K11052	3.7488285
K11053	3.7488285
K11054	3.7488285
K11055	3.7488285
K11056	3.7488285
K11058	0
K11059	0
K11060	0
K11061	0
K11062	0
K11063	0
K11065	72.6562721
K11066	0
K11068	93.9393939
K11069	107.6595381
K11070	100.275482
K11071	99.7245178
K11072	99.3382749
K11073	0
K11074	0
K11075	0
K11076	0
K11081	0
K11082	0
K11083	0
K11084	0
K11085	6.060606
K11089	0
K11102	1.8744142
K11103	0
K11104	0
K11105	0
K11106	0
K11107	4.9586776
K11139	0
K11144	93.9393939
K11145	93.9393939
K11159	0
K11175	99.2843145
K11177	0
K11178	0
K11179	6.060606
K11183	4.9586776
K11184	0
K11189	90.1905654
K11191	0
K11192	0
K11194	0
K11195	0
K11196	0
K11198	0
K11199	0
K11200	0
K11201	0
K11202	0
K11203	0
K11208	0
K11209	58.1068416
K11210	0
K11211	6.060606
K11212	0
K11214	0
K11216	0.5509642
K11249	0
K11250	0
K11258	1.1019284
K11261	0
K11263	0
K11264	0
K11275	0
K11311	0
K11312	0
K11325	0
K11329	0
K11333	0
K11334	0
K11335	0
K11336	0
K11337	0
K11357	0
K11358	0
K11381	0
K11382	0
K11383	0
K11384	0
K11387	0
K11391	0
K11392	0
K11440	0
K11441	0
K11442	0
K11443	0
K11444	0
K11472	0
K11473	0
K11474	0
K11475	0
K11476	0
K11477	0
K11527	0
K11529	0
K11530	0.5509642
K11531	0.5509642
K11532	0
K11533	0
K11534	0
K11535	0
K11537	0
K11601	0
K11602	0
K11603	0
K11604	6.060606
K11605	6.060606
K11606	6.060606
K11607	5.5096418
K11614	0
K11615	0
K11616	0
K11617	92.0649797
K11618	92.1757405
K11619	0
K11620	0
K11621	0
K11622	0
K11623	2.8116214
K11624	0
K11625	0
K11626	0
K11629	0
K11630	0
K11631	0
K11632	0
K11633	0
K11634	0
K11635	0
K11636	0
K11637	0
K11638	0
K11639	0
K11640	0
K11641	0
K11645	0
K11646	0
K11685	0
K11686	0
K11688	0
K11689	0
K11690	0
K11691	0
K11692	0
K11693	0
K11694	0
K11695	0
K11704	73.0453551
K11705	71.446423
K11706	72.108148
K11707	14.0581068
K11708	14.0581068
K11709	14.0581068
K11710	14.0581068
K11711	0
K11712	0
K11717	93.9393939
K11719	5.5096418
K11720	6.060606
K11731	0
K11732	0
K11733	5.2341597
K11734	0
K11735	0
K11736	0.5509642
K11737	0
K11738	0
K11739	0
K11740	0
K11741	7.7163386
K11742	0
K11743	0
K11744	0
K11745	0
K11746	0
K11747	6.060606
K11748	0
K11749	100.937207
K11750	0
K11751	1.1019284
K11752	41.3421941
K11753	99.9999999
K11754	179.4978841
K11755	5.7851239
K11777	0
K11779	0
K11780	0
K11811	0
K11814	0
K11815	0
K11890	0
K11891	0
K11892	0
K11893	0
K11894	0
K11895	0
K11896	0
K11897	0
K11898	0
K11900	0
K11901	0
K11902	0
K11903	0
K11904	0
K11905	0
K11906	0
K11907	0
K11909	0
K11910	0
K11911	0
K11912	0
K11913	0
K11914	0
K11915	0
K11916	0
K11917	0
K11918	0
K11919	0
K11920	0
K11921	0
K11922	0
K11923	0
K11924	0
K11925	0
K11926	0
K11927	0
K11928	6.6115702
K11929	0
K11930	0
K11931	0
K11932	0
K11933	0
K11934	0
K11935	0
K11936	0.5509642
K11937	0
K11938	0
K11939	0
K11940	0
K11941	0
K11942	0
K11959	0
K11960	0
K11961	0
K11962	0
K11963	0
K11987	0
K11991	98.1255857
K11996	6.060606
K12054	0
K12055	2.2038567
K12056	0
K12057	0
K12058	0
K12059	0
K12060	0
K12061	0
K12062	0
K12063	0
K12064	0
K12065	0
K12066	0
K12067	0
K12068	0
K12069	0
K12070	0
K12071	0
K12072	0
K12078	0
K12079	0
K12080	0
K12081	0
K12082	0
K12083	0
K12084	0
K12085	0
K12106	0
K12111	0
K12112	0
K12113	0
K12136	0.5509642
K12137	0.5509642
K12138	0.5509642
K12139	0.5509642
K12140	0.5509642
K12141	0.5509642
K12142	0.5509642
K12143	0.5509642
K12144	0.5509642
K12145	0.5509642
K12146	0
K12147	0
K12148	0
K12149	0.5509642
K12151	0
K12152	0
K12203	0
K12204	0
K12206	0
K12207	0
K12209	0
K12212	0
K12213	0
K12214	0
K12217	0
K12218	0
K12234	0
K12238	0
K12239	0
K12240	0
K12241	0
K12242	0
K12243	0
K12246	0
K12247	1.6528925
K12248	0.5509642
K12251	26.2417994
K12252	0
K12253	0
K12254	0
K12255	0
K12256	0
K12257	0
K12262	0
K12263	0
K12264	0
K12265	0
K12266	0
K12267	111.4140467
K12268	20.6185567
K12269	20.6185567
K12270	20.6185567
K12276	0
K12278	0
K12279	0
K12280	0
K12281	0
K12282	0
K12283	0
K12284	0
K12285	0
K12286	0
K12287	0
K12288	0
K12289	0
K12290	0
K12291	0
K12292	16.8697282
K12293	18.7441425
K12294	16.8697282
K12295	16.8697282
K12296	130.4904717
K12297	5.5096418
K12299	0
K12308	55.8461844
K12339	0
K12340	0
K12342	0
K12343	0.2754821
K12368	12.121212
K12369	11.0192836
K12370	11.0192836
K12371	12.121212
K12372	12.121212
K12373	48.5132487
K12410	8.9290278
K12415	11.2464855
K12428	0
K12436	0
K12437	0
K12452	0
K12453	0
K12454	0
K12455	0
K12500	0
K12503	0
K12506	0
K12507	0
K12508	0
K12509	0.5509642
K12510	0.5509642
K12511	0.5509642
K12512	0.5509642
K12513	0.5509642
K12514	0.5509642
K12515	0.5509642
K12516	0
K12517	0
K12518	0
K12519	0
K12520	0
K12521	0
K12522	0
K12523	0
K12524	4.9586776
K12525	0
K12527	0
K12528	0
K12529	0
K12530	0
K12531	0
K12532	0
K12536	0
K12537	0
K12538	0
K12541	0
K12542	0
K12543	0.5509642
K12545	0
K12549	0
K12551	0
K12552	0
K12553	0
K12554	80.2135696
K12555	93.0021868
K12556	93.0021868
K12573	103.0303029
K12574	93.9393939
K12582	1.1019284
K12583	0
K12658	0
K12660	0
K12661	0
K12678	0
K12680	0
K12681	0
K12682	0
K12683	0
K12684	1.1019284
K12685	0.5509642
K12686	0
K12687	0
K12688	0
K12689	0
K12690	0
K12700	0.9372071
K12784	0
K12785	0
K12786	0
K12787	0
K12788	0
K12789	0
K12790	0
K12809	0
K12940	2.7548209
K12941	0
K12942	0
K12943	0
K12944	0
K12945	0
K12949	0
K12950	0
K12952	0
K12957	0
K12960	28.1162137
K12961	0
K12962	0
K12963	0
K12972	0
K12973	0
K12974	0
K12975	0
K12976	0
K12977	0
K12979	0
K12981	0
K12982	5.5096418
K12983	0
K12984	6.060606
K12985	0
K12986	0
K12987	0
K12988	0
K12989	0
K12990	2.7008605
K12991	0
K12992	2.8116214
K12993	0
K12994	0
K12995	0
K12996	81.0939763
K12997	68.6348016
K12998	14.995314
K12999	47.7975633
K13001	0
K13002	0
K13004	1.8744142
K13005	0
K13006	0
K13007	0
K13008	0
K13009	0
K13010	0
K13012	6.5604499
K13013	0
K13014	0
K13015	0
K13016	0
K13017	0
K13018	0
K13019	0
K13020	0
K13021	0
K13028	0
K13037	0
K13038	6.060606
K13039	0
K13040	0
K13041	0
K13043	0
K13049	0
K13051	0
K13052	89.6396012
K13053	0
K13057	0
K13059	0
K13060	0
K13061	0
K13063	0
K13069	0
K13075	0
K13085	0
K13243	0
K13244	0
K13252	3.9135497
K13255	0.5509642
K13256	7.4380165
K13274	0
K13275	0
K13276	0
K13277	0
K13280	0
K13281	0
K13282	0
K13283	1.1019284
K13284	0
K13285	0
K13286	0
K13287	0
K13288	6.060606
K13292	100.3862428
K13300	0
K13301	0
K13378	0
K13381	0
K13408	0
K13409	3.7488285
K13421	0
K13450	0
K13451	0
K13452	0
K13454	0
K13461	0
K13472	0
K13478	0
K13479	0
K13480	0
K13481	0
K13482	0
K13483	0
K13485	0
K13486	0
K13487	0
K13488	0
K13489	0
K13490	0
K13491	0
K13497	0
K13498	5.5096418
K13500	0
K13503	0
K13522	0
K13525	0
K13527	0
K13529	0
K13530	2.2038567
K13531	0
K13532	0
K13533	0
K13540	0
K13541	0
K13542	0.9372071
K13543	0
K13570	0
K13571	0
K13572	0
K13573	0
K13574	0
K13580	0
K13581	0.9372071
K13582	0
K13583	0
K13584	0
K13585	0
K13587	0
K13588	0
K13589	0
K13590	0
K13591	0
K13592	0
K13593	0
K13598	0
K13599	0
K13607	0
K13611	0
K13612	0
K13613	0
K13614	0
K13615	0
K13620	0
K13622	0
K13626	0
K13628	6.060606
K13629	0
K13630	0
K13631	0
K13632	0
K13633	0
K13634	6.060606
K13635	0
K13636	0
K13637	2.7548209
K13638	0
K13639	0
K13640	0
K13641	0
K13642	0
K13643	6.060606
K13650	0
K13651	0
K13652	0
K13653	20.6185567
K13654	0
K13655	0
K13657	0
K13660	0
K13662	0
K13663	0
K13668	0
K13670	0
K13671	0
K13678	25.3045923
K13683	0
K13684	0
K13686	0
K13687	0
K13688	0
K13689	0
K13693	0
K13694	4.4077135
K13695	6.060606
K13713	0
K13714	0
K13715	0
K13727	7.4408565
K13730	0
K13731	0
K13732	3.7488285
K13733	0
K13734	34.6766635
K13735	0
K13739	0
K13740	0
K13741	0
K13743	0
K13745	6.4468489
K13747	26.2417994
K13766	0
K13767	0
K13770	0
K13771	0.5509642
K13774	0
K13775	0
K13776	0
K13777	0
K13778	0
K13779	0
K13787	0
K13788	6.060606
K13789	93.9393939
K13790	0
K13792	0
K13793	0
K13794	0
K13795	0
K13796	0
K13810	0
K13816	0
K13818	1.1019284
K13819	0
K13820	0
K13821	1.1019284
K13829	0
K13832	0
K13853	0
K13873	0
K13874	0
K13875	0
K13876	0
K13877	0
K13888	1.1019284
K13889	0
K13890	0
K13891	0
K13892	0
K13893	0
K13894	0
K13895	0
K13896	0
K13918	0
K13919	0.9372071
K13920	0.9372071
K13921	0
K13922	0
K13923	0
K13924	0
K13925	13.1208997
K13926	0
K13927	4.9586776
K13928	0
K13929	0
K13930	0
K13931	0
K13932	0
K13933	0
K13934	0
K13935	0
K13936	0
K13938	0
K13940	29.0534208
K13950	0
K13953	83.0791514
K13954	0
K13955	0
K13963	0
K13979	0
K13990	0
K13991	0
K13992	0
K13993	0.9372071
K13995	0
K14028	0
K14029	0
K14048	0
K14051	0
K14052	0
K14053	0
K14054	0
K14055	4.9586776
K14056	0
K14057	0
K14058	5.5096418
K14059	0.5509642
K14060	0
K14061	0
K14062	0
K14063	0
K14064	0
K14065	0
K14067	0
K14080	0
K14083	0
K14084	0
K14086	0
K14087	0
K14088	0
K14089	0
K14090	0
K14091	0
K14136	0
K14138	0
K14153	0
K14155	75.5246939
K14159	0
K14160	0
K14161	0
K14162	0
K14164	0
K14165	0
K14166	0
K14170	6.060606
K14187	5.5096418
K14188	91.1277725
K14189	2.4793388
K14192	0
K14193	0
K14194	0
K14195	0
K14196	0
K14197	0
K14198	0
K14199	0
K14200	0
K14201	0
K14202	0
K14203	0
K14204	0
K14205	13.6718639
K14257	0
K14260	97.9608644
K14261	0
K14266	0
K14267	0
K14268	0
K14269	0
K14287	0
K14326	0
K14333	0
K14335	0
K14337	0
K14338	0
K14339	0
K14340	0
K14347	0
K14348	0
K14387	0
K14392	6.060606
K14393	0
K14414	0
K14415	0.9372071
K14441	3.8567493
K14445	6.060606
K14446	0
K14447	0
K14448	0
K14449	0
K14470	0
K14475	2.8116214
K14519	0
K14520	0
K14534	0
K14540	93.9393939
K14578	0
K14579	0
K14580	0
K14581	0
K14582	0
K14583	0
K14584	0
K14585	0
K14587	0
K14588	0
K14591	0
K14596	0
K14623	5.2369998
K14645	0
K14647	0
K14652	36.3835165
K14657	0
K14658	0
K14659	0
K14660	0
K14665	0
K14666	0
K14680	0
K14682	0.5509642
K14683	0
K14727	0
K14742	6.060606
K14743	0
K14744	0
K14745	13.1208997
K14761	0
K14762	0
K14941	0
K14949	0
K14956	0
K14974	0
K14977	0
K14978	0
K14979	0
K14980	0
K14981	0
K14982	91.1277725
K14983	90.3013263
K14986	0
K14987	0
K14988	21.5557638
K14989	14.995314
K14998	0
K15011	0
K15012	0
K15016	0.9372071
K15023	0
K15024	0
K15034	0
K15045	0
K15051	180.3271704
K15054	0
K15058	0
K15059	0
K15060	0
K15064	0
K15065	0
K15067	0
K15125	1.1019284
K15126	0
K15228	0
K15229	0
K15253	0
K15256	7.9350202
K15257	6.060606
K15268	0
K15269	0
K15270	0
K15311	0
K15312	0
K15313	0
K15327	0
K15328	0.9372071
K15329	0
K15337	0
K15342	22.4929709
K15344	0
K15345	0
K15346	0
K15347	0
K15349	0
K15350	0
K15351	0
K15352	0
K15353	0
K15354	0
K15355	0
K15357	0
K15358	0
K15359	0
K15367	0
K15368	0
K15371	0
K15372	0
K15373	0
K15383	24.3673852
K15396	5.5096418
K15408	0
K15431	0
K15460	6.060606
K15461	5.5096418
K15468	0
K15469	0
K15470	0
K15471	0
K15495	0
K15496	0
K15497	0
K15509	0
K15511	0
K15512	0
K15513	0
K15514	0
K15515	0
K15518	0
K15519	0
K15520	0
K15521	0
K15524	4.1890318
K15525	0
K15526	0
K15527	0
K15531	0.8264463
K15532	0
K15533	0
K15534	0
K15536	1.1019284
K15539	6.060606
K15540	2.2038567
K15545	1.1019284
K15546	0
K15547	0
K15548	0
K15549	0
K15550	0
K15551	0
K15552	0
K15553	2.8116214
K15554	2.8116214
K15555	5.6232427
K15556	0
K15557	0
K15558	0
K15576	0
K15577	0
K15578	0
K15580	124.0890629
K15581	98.5118286
K15582	101.32345
K15583	106.9466927
K15584	9.3720712
K15585	9.3720712
K15586	9.3720712
K15587	9.3720712
K15598	4.9586776
K15599	4.4077135
K15600	4.9586776
K15629	0
K15632	0
K15633	0
K15634	242.9524863
K15635	0
K15640	0
K15644	0
K15645	0
K15646	0
K15647	0
K15648	0
K15649	0
K15650	0
K15651	0
K15652	0
K15654	0
K15655	0
K15656	0
K15657	0
K15658	0
K15659	0
K15660	0
K15661	0
K15662	0
K15663	0
K15664	0
K15665	0
K15666	0
K15667	0
K15668	0
K15669	0
K15674	0
K15675	0
K15676	0
K15677	0
K15678	0
K15679	0
K15721	0
K15722	0
K15723	0
K15724	6.060606
K15725	0
K15726	0
K15727	0
K15733	0
K15735	0
K15736	0
K15737	0
K15738	98.5118286
K15739	0
K15746	0
K15750	0
K15758	0
K15760	0
K15761	0
K15762	0
K15763	0
K15764	0
K15765	0
K15770	105.1858794
K15771	104.2486722
K15772	104.2486722
K15773	1.1019284
K15778	0
K15780	0
K15782	0
K15783	0
K15784	0
K15785	0
K15786	0
K15790	0
K15792	0
K15827	0
K15828	0
K15829	0
K15830	0
K15831	0
K15832	0
K15833	0
K15834	0
K15835	0
K15836	0
K15855	0
K15860	1.8744142
K15861	0
K15862	0
K15864	0
K15866	0
K15876	0
K15878	0
K15879	0
K15894	0
K15895	0
K15896	0
K15897	0
K15898	0
K15899	0
K15910	0
K15912	0
K15913	0
K15914	0
K15915	0
K15916	0
K15921	0
K15922	0
K15923	0
K15924	0
K15973	0
K15974	0
K15975	16.9236886
K15976	0
K15977	9.9173553
K15982	0
K15983	0
K15984	6.060606
K15986	93.9393939
K15987	0
K16011	0
K16012	18.8492232
K16013	19.1247053
K16014	0
K16041	0
K16042	0
K16043	0
K16044	0
K16047	0
K16048	0
K16049	0
K16050	0
K16051	0
K16052	0
K16053	0
K16055	0
K16066	0.5509642
K16074	0
K16076	0
K16077	0
K16079	0
K16080	0
K16081	0
K16087	26.9972449
K16088	0
K16089	0.5509642
K16090	0
K16091	0
K16092	0.5509642
K16119	0
K16120	0
K16121	0
K16122	0
K16123	0
K16124	0
K16135	0
K16136	0
K16137	1.9283746
K16138	0
K16139	0
K16140	0
K16146	0
K16147	0
K16148	0
K16150	0
K16152	0
K16153	0
K16157	0
K16158	0
K16161	0
K16163	0
K16164	0
K16165	0
K16167	0
K16168	0
K16169	69.5720087
K16170	0
K16171	0
K16173	0
K16176	0
K16188	0
K16199	0
K16200	0
K16201	0
K16202	0
K16203	0
K16209	13.0640993
K16210	2.4793388
K16211	0
K16212	0
K16213	0
K16214	35.2276277
K16215	0
K16216	0
K16239	0
K16242	0
K16243	0
K16244	0
K16245	0
K16246	0
K16247	0
K16248	0
K16249	0
K16254	0
K16255	0
K16256	0
K16257	0
K16258	0
K16259	0
K16260	0
K16263	0
K16264	66.5388656
K16267	0
K16268	0
K16269	0
K16270	0
K16291	0
K16293	0
K16294	0
K16299	0
K16300	0
K16301	19.6813496
K16303	0
K16319	0
K16320	0
K16321	0
K16322	0
K16323	0
K16324	0
K16325	0
K16326	0
K16328	0
K16329	0.5509642
K16331	0
K16345	0
K16346	0
K16347	0
K16348	0
K16363	0
K16370	0
K16371	0
K16423	0
K16473	0.9372071
K16509	102.4253783
K16511	93.9393939
K16514	0
K16515	0
K16516	0
K16517	0
K16552	0
K16555	0
K16557	0
K16558	0
K16563	0
K16564	0
K16566	0
K16592	0
K16593	0
K16619	0
K16623	0
K16624	0
K16625	0
K16626	0
K16635	0
K16636	0
K16637	0
K16638	0
K16644	0
K16647	0
K16648	0
K16649	0
K16650	0
K16651	0.9372071
K16652	0
K16653	0
K16654	0
K16692	0.5509642
K16693	0
K16694	0
K16695	0
K16697	0
K16698	0
K16699	0
K16701	0
K16703	0
K16704	1.1019284
K16705	0
K16706	0
K16710	0
K16711	0
K16783	0
K16784	0
K16785	279.8358467
K16786	279.8358467
K16787	279.8358467
K16788	91.1277725
K16789	63.948766
K16792	0
K16793	0
K16838	0
K16839	0
K16840	0
K16841	0
K16842	0
K16843	0
K16844	0
K16845	0
K16846	0
K16849	0
K16850	0
K16856	0
K16868	62.1283121
K16869	0
K16870	0
K16871	0
K16872	0
K16873	0
K16874	0
K16875	0
K16876	0
K16877	0
K16878	0
K16879	0
K16880	0
K16881	0
K16898	93.9393939
K16899	93.0021868
K16901	0
K16902	0
K16905	0
K16906	0
K16907	0
K16915	5.5096418
K16916	5.6232427
K16917	5.6232427
K16918	0
K16919	0
K16920	0
K16921	0
K16922	1.8744142
K16923	26.2417994
K16924	68.0838374
K16925	29.9906279
K16926	105.9044049
K16927	0
K16929	0
K16936	0
K16937	0
K16950	0
K16951	0
K16956	0
K16957	14.995314
K16958	14.995314
K16959	14.995314
K16960	14.995314
K16961	0.9372071
K16962	0.9372071
K16963	0.9372071
K16968	0
K16969	0
K17060	0
K17061	0
K17070	0
K17071	0
K17073	89.5856408
K17074	89.5856408
K17076	89.5856408
K17103	1.8744142
K17195	17.8069353
K17202	0
K17203	0
K17204	0
K17205	0
K17206	0
K17207	0
K17208	0
K17209	0
K17210	0
K17213	1.6528925
K17214	1.1019284
K17215	1.1019284
K17216	0
K17217	0
K17218	0
K17222	0
K17223	0
K17224	0
K17225	0
K17226	0
K17227	0
K17228	0
K17229	0
K17230	0
K17234	0
K17235	0
K17236	0
K17237	0
K17238	0
K17239	0
K17240	0
K17241	0
K17242	0
K17243	0
K17244	0
K17245	0
K17246	0
K17247	0.5509642
K17248	0
K17249	0
K17250	0
K17251	0
K17285	0
K17292	0
K17315	0
K17316	0
K17317	0
K17318	106.5632898
K17319	107.9975007
K17320	108.162222
K17321	0
K17322	0
K17323	0
K17324	0
K17325	0
K17363	0
K17364	0
K17398	0
K17462	0
K17463	0
K17464	0
K17465	0
K17466	0
K17467	0
K17468	0
K17472	0
K17473	0
K17474	0
K17485	0
