function.	GI_2
K00001	36.2999674
K00002	0.1613554
K00003	99.1125454
K00004	0
K00005	27.7490924
K00007	0
K00008	3.5498184
K00009	1.2908431
K00010	2.2589754
K00011	0
K00012	100.0691523
K00013	98.7091569
K00014	159.3249967
K00015	0
K00016	116.166465
K00018	3.4806661
K00019	130.459863
K00020	100.6212184
K00021	0
K00023	94.0298509
K00024	63.7526653
K00027	41.2263009
K00028	0
K00029	165.5223883
K00030	3.0657523
K00031	118.0677693
K00032	0
K00033	3.5267677
K00034	21.9402986
K00035	0
K00036	3.0427015
K00038	0
K00039	0
K00040	56.2283179
K00041	35.4059817
K00042	17.2488907
K00043	8.3824123
K00045	0
K00046	159.3357538
K00048	36.6276724
K00050	0
K00052	131.60952
K00053	98.0637354
K00054	4.0298508
K00055	4.3525615
K00057	99.6772892
K00058	172.8801937
K00059	869.4721384
K00060	0
K00064	0
K00065	2.09762
K00066	0
K00067	101.9593154
K00068	2.5816861
K00073	0
K00074	216.99879
K00075	100
K00076	0.3227108
K00077	115.4315297
K00082	0
K00086	1.7749092
K00087	2.09762
K00088	90.4953994
K00090	0
K00091	0.3227108
K00094	0
K00096	24.310878
K00097	120.0685762
K00098	21.9402986
K00099	100
K00100	7.7796346
K00101	142.3880599
K00102	42.2509077
K00103	0
K00104	62.2428399
K00105	0
K00108	60.0000001
K00111	126.5160684
K00112	0
K00113	0
K00114	0
K00116	4.0298508
K00117	4.0298508
K00118	0
K00119	0
K00121	59.1770876
K00122	32.238806
K00123	115.4699477
K00124	88.2089553
K00126	46.1194031
K00127	104.3283584
K00128	257.841872
K00130	4.1912061
K00131	4.0338846
K00132	2.4203308
K00133	100.8067769
K00134	102.4203308
K00135	236.8656719
K00137	0
K00138	0
K00140	162.698669
K00141	4.0298508
K00145	123.5498185
K00146	17.9104478
K00147	98.2250908
K00148	0
K00150	0
K00151	34.0298508
K00152	0
K00153	0
K00154	0
K00155	0
K00156	44.2217484
K00158	0
K00161	44.8325938
K00162	44.8325938
K00163	134.3283584
K00164	58.2089553
K00166	21.9402986
K00167	21.9402986
K00169	34.126664
K00170	1.2908431
K00171	1.1294877
K00172	34.126664
K00174	10.430473
K00175	10.2691176
K00176	6.3735377
K00177	5.7281161
K00179	23.1544978
K00180	23.1544978
K00184	0.1613554
K00185	0.1613554
K00194	0.4840662
K00196	2.7430415
K00197	0.4840662
K00198	8.7131907
K00200	0
K00201	0
K00202	0
K00207	0
K00208	115.6958452
K00209	17.9104478
K00210	1.2793177
K00215	103.3884631
K00216	0
K00217	4.0298508
K00218	0
K00219	12.412263
K00220	0
K00221	0
K00224	0
K00226	105.1748977
K00228	58.2089553
K00230	1.7749092
K00231	1.7057569
K00232	0
K00239	65.385236
K00240	61.6780961
K00241	79.1044777
K00242	58.2089553
K00243	41.1456232
K00244	86.1153692
K00245	21.9402986
K00246	21.9402986
K00247	4.0298508
K00248	28.1834072
K00249	166.1194033
K00252	78.358209
K00253	46.1194031
K00255	0
K00256	0
K00257	129.2289519
K00258	0
K00259	3.0427015
K00260	1.9362646
K00261	58.5316661
K00262	96.3735377
K00263	0
K00265	60.3987784
K00266	141.0995216
K00270	0
K00274	7.2569584
K00275	59.9147122
K00276	0
K00278	62.9245663
K00280	0
K00281	61.1940299
K00282	3.0657523
K00283	2.9043969
K00284	11.9134059
K00285	326.8656721
K00286	121.0597591
K00287	98.2250908
K00290	13.8842467
K00292	0
K00294	12.5159915
K00297	97.3606869
K00298	1.4521985
K00299	46.1194031
K00301	0
K00302	28.3703106
K00303	46.6034692
K00304	28.2089552
K00305	28.2089552
K00309	0.1613554
K00311	62.2388061
K00313	0.6454215
K00315	0
K00316	0
K00317	0
K00318	17.9104478
K00322	0
K00324	104.3283584
K00325	54.1791045
K00329	34.0298508
K00330	61.3553853
K00331	60.9289461
K00332	58.3703107
K00333	58.3703107
K00334	64.5479168
K00335	64.282833
K00336	65.573676
K00337	61.3553853
K00338	61.3553853
K00339	61.3553853
K00340	61.1940299
K00341	61.3553853
K00342	61.3553853
K00343	61.3553853
K00344	84.1791046
K00346	2.9850746
K00347	2.9850746
K00348	2.9850746
K00349	2.9850746
K00350	2.9850746
K00351	2.9850746
K00353	0
K00354	0
K00355	22.5857201
K00356	34.1912062
K00358	0.5877946
K00359	0.4840662
K00362	40.4961679
K00363	21.9402986
K00364	0.4840662
K00365	0
K00366	2.4203308
K00367	0
K00368	17.9104478
K00370	25.9701493
K00371	25.9701493
K00372	22.7470755
K00373	25.9701493
K00374	25.9701493
K00375	268.2734977
K00376	21.9402986
K00378	76.8397394
K00380	58.2089553
K00381	62.2388061
K00382	266.9054345
K00383	66.2686568
K00384	137.7289229
K00385	5.1633723
K00387	0
K00389	1.6020285
K00390	64.3028103
K00392	0.3227108
K00394	1.4521985
K00395	1.4521985
K00404	38.0597015
K00405	54.1791045
K00406	46.1194031
K00407	54.1791045
K00411	58.2089553
K00412	58.2089553
K00413	58.2089553
K00423	0
K00425	161.6538929
K00426	161.6538929
K00427	0
K00428	41.5565033
K00432	86.7496495
K00433	20.3307786
K00435	0
K00436	0
K00441	0
K00446	4.0298508
K00448	4.0298508
K00449	4.0298508
K00450	47.9104478
K00451	58.2089553
K00452	17.9104478
K00453	58.2089553
K00455	34.0298508
K00457	58.2089553
K00459	148.2089554
K00462	0
K00466	0
K00467	0
K00469	0
K00470	4.0298508
K00471	0
K00472	0
K00476	0
K00477	38.0597015
K00479	0
K00480	74.3283583
K00481	0
K00483	0
K00484	0
K00485	4.0298508
K00486	0
K00491	0
K00492	17.9104478
K00493	0
K00495	0
K00496	0
K00499	0
K00500	0
K00505	0
K00507	58.2089553
K00508	0
K00510	0.8067769
K00517	4.0298508
K00520	17.9104478
K00523	68.0597016
K00525	68.9736645
K00526	63.8909699
K00527	65.2872702
K00528	156.8374345
K00529	96.2686568
K00530	0
K00531	0.8067769
K00532	1.1294877
K00533	0.3227108
K00534	0
K00537	112.9960239
K00538	0.3227108
K00539	0
K00540	37.575059
K00543	0
K00547	2.4203308
K00548	101.6135538
K00549	80.9560308
K00554	100
K00556	0
K00557	0.1613554
K00558	152.1026143
K00559	0
K00560	76.6572543
K00561	0
K00563	1.4521985
K00564	0.3227108
K00566	107.3186192
K00567	120.6978621
K00568	58.2089553
K00569	58.2089553
K00570	0
K00571	0.5877946
K00573	116.7406214
K00574	73.0617185
K00575	82.3477209
K00584	0
K00588	0.1613554
K00590	0
K00595	35.9361493
K00596	17.9104478
K00598	22.2630093
K00599	18.7133828
K00600	134.0298508
K00602	101.9823661
K00603	3.2040569
K00604	101.0718608
K00605	64.0984268
K00606	94.0338846
K00607	0
K00608	0
K00609	154.1791045
K00610	39.6934247
K00611	28.3447626
K00612	4.1912061
K00613	0
K00614	0
K00615	290.034
K00616	101.6711808
K00619	0
K00620	94.9173054
K00624	0
K00625	96.0738777
K00626	505.1579944
K00627	130.6413878
K00631	0
K00632	72.0895523
K00633	2.6162623
K00634	4.9904915
K00638	8.7362415
K00639	3.5728692
K00640	91.832344
K00641	58.2089553
K00643	4.0298508
K00645	101.6135538
K00646	0
K00647	23.2196162
K00648	140.7910255
K00651	30.5230603
K00652	63.0611422
K00655	185.1015195
K00656	52.1523654
K00657	28.636547
K00658	59.9147122
K00661	12.5396184
K00662	0.9681323
K00663	0
K00666	133.6264624
K00672	0
K00673	0
K00674	80.6373538
K00675	18.0718032
K00676	1.2332161
K00677	64.1791045
K00680	1.5559269
K00681	357.1883829
K00683	0
K00684	47.0299084
K00685	58.2089553
K00686	2.4203308
K00687	0
K00688	76.9319425
K00689	0
K00690	11.9134059
K00691	2.3511784
K00692	0.8067769
K00694	4.5139169
K00696	0
K00697	4.0298508
K00700	89.8426785
K00701	0
K00702	0
K00703	115.5869302
K00705	99.1019805
K00712	0
K00713	0
K00720	0
K00721	21.0299851
K00737	0
K00745	0
K00748	61.1940299
K00752	0
K00754	2.4203308
K00756	38.1605486
K00757	5.7281161
K00758	0
K00759	68.9390883
K00760	23.6116713
K00761	100.4264392
K00762	88.7320156
K00763	99.8962715
K00764	103.9647323
K00765	87.7638833
K00766	96.7728923
K00767	99.1932231
K00768	38.8405463
K00769	0
K00772	0.1613554
K00773	100
K00776	0
K00777	0
K00782	2.5586354
K00783	99.8386446
K00784	60.7733533
K00785	0
K00786	0.8067769
K00788	124.8986726
K00789	100.9681323
K00790	147.8983461
K00791	102.9850746
K00793	77.6253866
K00794	103.1193454
K00795	58.2089553
K00796	66.1960468
K00797	94.3081889
K00798	82.2509077
K00799	475.0746276
K00800	100.3227108
K00801	0
K00803	0
K00805	17.7221998
K00806	104.5179507
K00808	0
K00809	0
K00810	0
K00812	138.6768859
K00813	0
K00817	183.8563938
K00818	36.5884862
K00819	42.5159915
K00820	99.4698323
K00821	94.75595
K00822	76.1194031
K00823	83.3561921
K00824	109.4876968
K00826	160.9519968
K00830	46.1194031
K00831	113.5538524
K00832	104.4897137
K00833	84.4330472
K00835	0
K00836	46.2807584
K00837	40.1457962
K00839	0.6454215
K00840	0
K00841	0.4840662
K00842	0
K00843	0
K00844	2.0284677
K00845	90.0670392
K00847	54.2691945
K00848	26.0051096
K00849	38.563937
K00850	116.8328241
K00851	0.3227108
K00852	5.5321846
K00853	0.8067769
K00854	61.414741
K00855	0
K00856	58.8543768
K00857	18.1255882
K00858	99.8386446
K00859	100
K00860	4.1145623
K00862	0
K00863	2.4203308
K00864	98.4094969
K00865	82.5123418
K00867	0
K00868	61.7858584
K00869	0
K00870	0
K00872	4.19524
K00873	102.7430415
K00874	79.244511
K00875	0
K00876	80.8966748
K00878	58.3299717
K00879	0.74915
K00880	18.0718032
K00881	0
K00882	37.9991932
K00883	17.9104478
K00884	0
K00885	0
K00886	0
K00887	0
K00891	133.4812424
K00892	0
K00895	2.9850746
K00897	10.9452736
K00899	2.9043969
K00901	66.0923183
K00903	0
K00906	46.1194031
K00912	61.1940299
K00917	1.4521985
K00918	0.1613554
K00919	100
K00924	0.1613554
K00925	96.6155708
K00926	37.3537716
K00927	100.1613554
K00928	96.3041933
K00929	10.4074223
K00930	97.4183139
K00931	87.4411725
K00932	0
K00934	0.1613554
K00936	23.784552
K00937	109.4700244
K00938	0
K00939	100.1613554
K00940	63.3492768
K00941	159.8225091
K00942	89.3774371
K00943	63.2109722
K00945	99.5735608
K00946	61.1940299
K00947	0
K00948	102.9043969
K00949	40.511727
K00950	65.6428283
K00951	102.5586354
K00952	0
K00954	100
K00955	1.2908431
K00956	44.2793754
K00957	81.3137018
K00958	0
K00960	0
K00962	99.8386446
K00963	78.043566
K00965	36.5469947
K00966	1.0718608
K00968	0
K00969	99.8386446
K00970	61.2631822
K00971	36.2434929
K00972	32.8358209
K00973	69.7014924
K00974	96.3695039
K00975	73.739411
K00978	19.5161259
K00979	61.3553853
K00980	0.3227108
K00981	102.0284677
K00982	58.2089553
K00983	30.4729249
K00984	38.8664785
K00985	0
K00986	0.4264392
K00988	0
K00989	60.3065753
K00990	58.2089553
K00991	112.604929
K00992	0.3227108
K00995	135.2215755
K00996	0
K00997	63.533683
K00998	0
K01000	100
K01002	0
K01003	28.2089552
K01004	0
K01005	1.2793177
K01006	40.8229124
K01007	81.4441308
K01008	63.0160011
K01011	71.7547398
K01012	126.8925642
K01013	0
K01023	0.4264392
K01026	2.7430415
K01027	0
K01028	74.3283583
K01029	87.2246875
K01031	156.268657
K01032	152.2388062
K01034	3.8725292
K01035	1.7749092
K01036	0
K01039	22.2630093
K01040	22.4243647
K01041	0.8528785
K01042	32.904397
K01043	0
K01046	2.7430415
K01048	34.4493747
K01051	35.7286924
K01053	58.2089553
K01054	0
K01055	80.1492539
K01056	100
K01057	2.5586354
K01058	0
K01060	1.1294877
K01061	176.4179107
K01066	30.1116042
K01067	22.4243647
K01069	42.5736185
K01070	58.2089553
K01071	0.3227108
K01073	0
K01075	58.2089553
K01076	0
K01077	4.8060854
K01078	0
K01079	79.1044777
K01081	78.1478708
K01082	3.3077854
K01083	0
K01085	0
K01087	4.0298508
K01089	2.9850746
K01090	15.7283082
K01091	357.5366413
K01092	142.2040378
K01093	0
K01095	59.0618338
K01096	0
K01101	0
K01103	0
K01104	126.6159549
K01112	0
K01113	0
K01114	111.298911
K01115	17.9104478
K01117	0
K01118	63.7111739
K01119	56.7970956
K01120	0
K01121	0
K01126	166.2440692
K01128	0.1613554
K01129	99.5159338
K01130	92.9850747
K01133	8.0597015
K01138	0.4840662
K01139	16.119403
K01141	0
K01142	157.4021784
K01143	0
K01144	1.8671123
K01146	0
K01147	58.2089553
K01150	28.2089552
K01151	41.2032501
K01152	0
K01153	73.865614
K01154	139.8599665
K01155	1.2793177
K01156	29.7961928
K01157	0
K01158	0
K01159	61.8970784
K01160	0
K01163	17.2150828
K01166	0
K01167	0
K01169	0
K01173	12.0590099
K01174	0
K01175	8.5437677
K01176	2.5125338
K01178	0
K01179	25.7283082
K01180	0
K01181	16.1547475
K01182	67.2851956
K01183	7.79116
K01184	0
K01185	8.5437677
K01186	4.9674407
K01187	66.2978543
K01190	48.902207
K01191	47.2617607
K01192	24.7718934
K01193	2.2589754
K01194	0
K01195	33.8039532
K01197	4.5986284
K01198	125.3308746
K01199	0
K01200	4.34507
K01201	3.4806661
K01202	0.4264392
K01205	1.7057569
K01206	34.6952495
K01207	114.8715881
K01208	0
K01209	127.5667992
K01210	0
K01212	25.6247719
K01214	0
K01215	0
K01216	0.8528785
K01218	3.89558
K01219	0
K01220	0.4840662
K01222	4.19524
K01223	24.4991259
K01224	78.4379262
K01225	0
K01226	3.3884631
K01227	0.1613554
K01232	7.7450584
K01233	0.3227108
K01234	0.1613554
K01235	1.8210108
K01236	46.1194031
K01238	4.0298508
K01239	1.1294877
K01241	56.7377399
K01243	84.3070362
K01246	83.7336484
K01247	88.3541752
K01249	0
K01250	0.1613554
K01251	60.8828445
K01252	0
K01253	0
K01255	59.6611538
K01256	59.9147122
K01258	40.5002016
K01259	60.7906414
K01261	0
K01262	163.3492768
K01263	0
K01264	0
K01265	147.142665
K01266	58.5316661
K01267	12.5588275
K01269	6.9382815
K01270	47.0350947
K01271	22.8548378
K01273	46.0588947
K01274	0
K01277	2.9850746
K01278	5.1172707
K01281	0
K01284	6.3965884
K01286	10.6494553
K01289	0
K01295	76.4421139
K01297	107.2713653
K01299	33.4812424
K01301	0
K01303	0
K01304	23.1813903
K01305	3.8725292
K01308	36.0629286
K01318	0.1613554
K01322	4.0298508
K01338	117.3902687
K01342	0
K01347	0
K01354	0
K01355	0
K01356	97.3376362
K01358	105.9661154
K01361	0.4840662
K01362	60.9030139
K01364	0
K01372	3.8379531
K01387	2.5816861
K01390	0
K01392	0
K01399	0
K01400	0
K01401	0
K01406	0
K01407	0
K01408	0
K01409	100.3227108
K01412	0
K01414	58.2089553
K01415	0
K01417	21.2639505
K01419	54.1791045
K01420	41.7547398
K01421	95.7913136
K01422	1.7633838
K01423	0.1613554
K01424	108.3103786
K01425	9.8155938
K01426	207.1883827
K01428	32.4001614
K01429	32.238806
K01430	32.4001614
K01431	24.1791045
K01432	58.2089553
K01433	87.6972282
K01434	39.8507464
K01436	18.7172247
K01438	136.3568261
K01439	62.5655507
K01442	124.8297125
K01443	44.0269693
K01444	0
K01446	0.9681323
K01447	2.9389731
K01448	187.5929232
K01449	44.9374747
K01451	172.5494153
K01452	0
K01453	0
K01455	54.3404599
K01457	25.9701493
K01458	25.9701493
K01459	0
K01460	0
K01461	34.0298508
K01462	189.942181
K01463	26.7769262
K01464	30.1653893
K01465	172.4122631
K01466	38.3824123
K01467	33.1579554
K01468	21.1145047
K01469	54.1791045
K01470	44.5062333
K01471	0
K01473	128.5074628
K01474	124.4776121
K01476	65.8508616
K01477	0
K01478	8.3864461
K01479	58.6930215
K01480	76.7486891
K01482	0
K01483	73.8805971
K01484	0
K01485	41.9483663
K01486	37.515127
K01487	1.1294877
K01488	50.4183715
K01489	42.9205324
K01491	128.3703106
K01492	1.7057569
K01493	42.1137555
K01494	59.9838645
K01495	29.7660347
K01496	61.2747076
K01497	0
K01499	0.1613554
K01500	0
K01501	56.4542155
K01502	0
K01503	0
K01504	0
K01505	17.9104478
K01506	0.1613554
K01507	58.8543768
K01512	81.0528439
K01515	100.44949
K01518	0
K01520	78.8664784
K01521	0
K01523	61.1133522
K01524	97.5796692
K01525	58.2089553
K01529	0.1613554
K01531	33.9647323
K01533	140.0697287
K01534	99.7349162
K01535	4.0298508
K01537	51.1035554
K01541	0
K01545	0
K01546	58.8353599
K01547	54.8055092
K01548	58.8353599
K01550	0.1613554
K01551	3.6996484
K01552	14.1147544
K01554	0.1613554
K01555	76.1194031
K01556	54.1791045
K01560	61.5772489
K01561	21.9402986
K01563	0
K01564	0
K01567	0
K01569	1.6135538
K01571	54.2759177
K01572	40.5808793
K01573	0.8528785
K01574	4.5139169
K01575	0.8067769
K01576	0.1613554
K01577	0
K01578	54.1791045
K01579	94.19524
K01580	20.5105745
K01581	0
K01582	0.8067769
K01583	0
K01584	80.1492539
K01585	3.7918515
K01586	141.0342112
K01588	100.1613554
K01589	58.3703107
K01590	0.6454215
K01591	100
K01593	0
K01595	54.8245261
K01596	46.92618
K01597	0
K01598	0.1613554
K01599	67.2909583
K01601	30.1613554
K01602	0
K01607	108.2581303
K01608	0
K01609	96.7728923
K01610	37.6995332
K01611	23.2351755
K01612	0
K01613	84.4292054
K01615	0
K01616	0
K01617	0
K01618	0.1613554
K01619	21.1337136
K01620	115.9741832
K01621	0
K01622	0
K01623	0.1613554
K01624	102.5816861
K01625	63.8926986
K01626	171.613554
K01627	60.7675907
K01628	86.7312089
K01629	23.8152865
K01630	72.4122631
K01631	17.9104478
K01632	0
K01633	62.0008068
K01635	0
K01636	4.1912061
K01637	54.1791045
K01638	58.2089553
K01639	4.5410015
K01640	202.5494154
K01641	0
K01643	1.4521985
K01644	244.138766
K01646	1.2908431
K01647	282.1794505
K01649	135.4618798
K01652	624.7628659
K01653	97.7410246
K01654	31.5563111
K01655	0
K01657	85.6662633
K01658	96.6115369
K01659	42.0895523
K01661	2.9850746
K01662	103.0427015
K01664	1.4521985
K01665	20.4529476
K01666	23.7036824
K01667	1.2332161
K01668	0.1613554
K01669	26.1315047
K01671	0
K01673	125.2855415
K01674	0
K01676	53.1343284
K01677	58.4711577
K01678	58.4711577
K01679	58.3703107
K01681	217.8862446
K01682	54.1791045
K01684	18.0718032
K01685	75.4180834
K01686	39.5781709
K01687	360.9062798
K01689	133.4236155
K01690	0
K01692	273.1343287
K01693	95.7240823
K01695	115.490117
K01696	115.490117
K01697	0
K01698	74.8016674
K01699	0.3227108
K01703	197.7168215
K01704	213.8362245
K01706	0.1613554
K01707	21.9402986
K01708	4.1912061
K01709	19.0320597
K01710	113.0271422
K01711	55.7137094
K01712	39.0249525
K01713	0
K01714	377.3906533
K01715	83.4570391
K01716	0
K01719	61.1940299
K01720	54.1791045
K01721	8.0597015
K01724	58.3703107
K01725	4.1912061
K01726	8.3824123
K01727	0.3227108
K01728	22.2630093
K01729	4.0298508
K01730	0.74915
K01732	0
K01733	142.4122631
K01734	84.6040069
K01735	101.9362646
K01736	100
K01737	66.6801129
K01738	50.8615223
K01739	11.4293398
K01740	154.1766073
K01743	8.0597015
K01744	5.3593038
K01745	57.3618395
K01746	0.1613554
K01749	63.6950383
K01750	199.8980006
K01751	41.1254538
K01752	138.3219039
K01753	48.2331586
K01754	256.1263185
K01755	145.9580477
K01756	100.1613554
K01758	0
K01759	80.6219866
K01760	170.7624044
K01761	38.2412264
K01766	0
K01768	0
K01770	100
K01771	1.4406731
K01772	58.2089553
K01774	0
K01775	135.7886244
K01776	37.9723006
K01777	19.5240016
K01778	132.6744655
K01779	98.4700053
K01780	0
K01781	0
K01782	42.0895523
K01783	100.4840662
K01784	126.1599338
K01785	78.1190571
K01786	34.7720855
K01787	3.7342246
K01788	23.1813903
K01790	103.1349046
K01791	58.7754278
K01792	0
K01795	4.0298508
K01796	46.1194031
K01797	0
K01798	0
K01799	138.3582091
K01800	25.9701493
K01801	42.0895523
K01802	2.9850746
K01803	100
K01804	36.5354693
K01805	4.4372731
K01807	61.0441999
K01808	61.153691
K01809	63.1343283
K01810	146.119403
K01811	49.670566
K01812	38.563937
K01813	24.1379973
K01814	98.7091569
K01815	38.7713939
K01816	56.1315047
K01817	75.3664112
K01818	3.0427015
K01819	1.2908431
K01820	0
K01821	71.6930791
K01822	0
K01823	0.6454215
K01825	0
K01826	20.1492537
K01828	0
K01829	0
K01834	84.8018595
K01835	66.2632781
K01838	1.2908431
K01839	37.0310609
K01840	15.0746268
K01841	47.7527421
K01843	2.5125338
K01844	0.1613554
K01845	73.4531974
K01846	0.9681323
K01847	5.9701492
K01848	18.0718032
K01849	18.0718032
K01851	0
K01854	37.3422463
K01856	25.9701493
K01857	8.0597015
K01858	1.7057569
K01860	8.0597015
K01865	0
K01866	103.3884631
K01867	100
K01868	101.1294877
K01869	100
K01870	100
K01872	77.786742
K01873	100
K01874	101.5098254
K01875	102.09762
K01876	100.4840662
K01878	58.5316661
K01879	58.5316661
K01880	41.4683339
K01881	124.310878
K01883	118.2331586
K01884	0
K01885	99.6772892
K01886	96.7728923
K01887	100
K01889	100
K01890	100
K01892	100.6454215
K01893	42.4364662
K01894	50.1492538
K01895	182.1258574
K01897	253.2639892
K01902	59.9147122
K01903	59.9147122
K01904	0
K01905	8.0597015
K01906	0
K01907	0
K01908	46.1194031
K01910	1.2908431
K01911	2.9850746
K01912	141.8382989
K01913	8.0597015
K01914	40.5002016
K01915	156.8431971
K01916	0.4840662
K01917	0
K01918	98.2250908
K01919	48.7010892
K01920	58.2089553
K01921	90.6682802
K01922	0.3227108
K01923	100.1613554
K01924	99.8386446
K01925	121.8905473
K01926	19.9004974
K01928	42.5978216
K01929	43.2317178
K01932	0
K01933	89.0547264
K01934	45.8208954
K01935	83.088611
K01937	99.5159338
K01938	41.9524001
K01939	132.8358209
K01940	99.8386446
K01941	61.7412936
K01945	99.5159338
K01947	0
K01950	89.2160818
K01951	172.9424308
K01952	100
K01953	182.3383085
K01955	121.6137459
K01956	99.8386446
K01958	24.3444937
K01959	0
K01960	5.1172707
K01961	142.979312
K01962	96.5308592
K01963	96.5308592
K01965	4.0298508
K01966	1.7057569
K01968	54.1791045
K01969	58.2089553
K01970	0
K01971	35.80476
K01972	100.9681323
K01974	0
K01975	44.8325938
K01976	0
K01989	129.5280355
K01990	207.6979962
K01991	79.1044777
K01992	157.4692174
K01993	73.3769377
K01994	0
K01995	1227.3416718
K01996	1249.2819703
K01997	1275.413475
K01998	1327.1924182
K01999	1560.3872552
K02000	60.8252176
K02001	60.8252176
K02002	115.0043221
K02003	473.9605058
K02004	517.0343259
K02005	82.1875179
K02006	27.8606965
K02007	29.4742503
K02008	18.5289767
K02009	5.1633723
K02010	306.1866348
K02011	310.5391963
K02012	272.8223749
K02013	299.8407577
K02014	798.7420054
K02015	391.8436775
K02016	285.284581
K02017	84.2947425
K02018	86.2310072
K02019	58.6930215
K02020	140.5714671
K02021	0.1613554
K02022	0.3227108
K02023	13.3803953
K02024	0
K02025	172.6220249
K02026	60.2272421
K02027	78.9780826
K02028	357.7827084
K02029	615.178164
K02030	568.3810682
K02031	566.3560583
K02032	577.6549692
K02033	889.2416308
K02034	873.2835832
K02035	893.7595815
K02036	100.9681323
K02037	100.9681323
K02038	100.9681323
K02039	99.3545785
K02040	104.8637123
K02041	110.9076242
K02042	210.1734573
K02043	17.9104478
K02044	122.9971764
K02045	77.1991395
K02046	65.1095873
K02047	65.1095873
K02048	92.1742639
K02049	404.9455431
K02050	736.9678641
K02051	379.3067486
K02052	118.0314644
K02053	225.9257768
K02054	124.9818477
K02055	202.0693831
K02056	74.4345838
K02057	194.263816
K02058	34.0150599
K02062	0
K02063	0
K02064	0
K02065	115.3731344
K02066	115.3731344
K02067	103.2835822
K02068	3.3654123
K02069	25.3057108
K02071	116.3775717
K02072	116.2162163
K02073	249.3989514
K02074	58.2089553
K02075	58.6353945
K02076	0.1613554
K02077	58.5316661
K02078	187.0662133
K02079	0
K02080	0
K02081	0
K02082	1.4521985
K02083	0.3227108
K02086	0
K02099	0.3227108
K02100	0.1613554
K02101	0
K02103	35.0947963
K02106	115.110932
K02108	110.6225629
K02109	121.5678365
K02110	132.5131101
K02111	110.4612075
K02112	132.5131101
K02113	132.5131101
K02114	132.5131101
K02115	132.5131101
K02116	54.5018153
K02117	18.3445705
K02118	29.2898442
K02119	15.7859351
K02120	29.2898442
K02121	10.6264046
K02122	26.5698534
K02123	18.3445705
K02124	29.2898442
K02160	108.3461074
K02164	4.0298508
K02167	0.1613554
K02168	86.4179106
K02169	60.0760676
K02170	54.3404599
K02171	0
K02172	0
K02173	0.1613554
K02182	133.3454352
K02188	40.4541001
K02189	38.4832593
K02190	18.5059259
K02191	4.5179507
K02192	58.6930215
K02193	42.0895523
K02194	42.0895523
K02195	38.0597015
K02196	0
K02197	42.0895523
K02198	42.0895523
K02199	46.1194031
K02200	92.2388061
K02203	26.2431088
K02204	58.2089553
K02205	0.1613554
K02217	8.5172592
K02221	62.726906
K02224	40.7191839
K02225	0
K02226	17.5954205
K02227	40.7768109
K02228	0
K02229	0
K02230	2.1321961
K02231	40.6154555
K02232	40.4541001
K02233	40.6154555
K02234	0
K02236	0
K02237	92.9850747
K02238	82.2899018
K02239	0
K02240	0
K02241	2.09762
K02242	4.3565954
K02243	0
K02244	0
K02245	0
K02246	0
K02247	0
K02248	0
K02249	0
K02250	0
K02251	0
K02252	0
K02253	0
K02254	0
K02255	0
K02258	0
K02259	58.2089553
K02274	78.358209
K02275	58.2089553
K02276	54.1791045
K02277	0
K02278	92.0129085
K02279	77.5716016
K02280	100.2985076
K02281	0
K02282	58.3703107
K02283	169.3438215
K02291	58.2089553
K02293	0
K02297	96.2686568
K02298	108.3582091
K02299	108.3582091
K02300	108.3582091
K02301	58.2089553
K02302	80.0995026
K02303	4.0298508
K02304	5.1633723
K02305	4.0298508
K02313	99.8386446
K02314	101.8210108
K02315	38.9673255
K02316	95.9701492
K02317	0
K02334	71.9201291
K02335	100.1613554
K02336	0
K02337	100.4840662
K02338	99.8386446
K02339	58.2089553
K02340	89.0547264
K02341	100
K02342	127.1710944
K02343	100
K02344	0
K02345	0
K02346	89.7001479
K02347	0
K02348	20.4921339
K02351	34.0298508
K02352	0
K02355	154.4292053
K02356	100
K02357	100
K02358	162.2428399
K02361	2.9850746
K02362	0
K02363	0
K02364	0
K02371	48.5599031
K02372	87.0838856
K02377	44.7684358
K02379	46.92618
K02380	21.9402986
K02381	0
K02383	0
K02385	26.5698534
K02386	54.1791045
K02387	92.1782977
K02388	92.0169423
K02389	92.1782977
K02390	92.5010085
K02391	54.1791045
K02392	126.1476402
K02393	54.1791045
K02394	54.1791045
K02395	77.0377841
K02396	125.8208955
K02397	92.1782977
K02398	81.0716687
K02399	54.1791045
K02400	72.029044
K02401	54.1643136
K02402	54.1791045
K02403	54.1791045
K02404	75.736184
K02405	92.1782977
K02406	161.4226166
K02407	129.3666801
K02408	95.8854377
K02409	81.0716687
K02410	96.0467931
K02411	81.0716687
K02412	96.2081485
K02413	96.2081485
K02414	88.148447
K02415	95.0786608
K02416	92.1782977
K02417	92.3396531
K02418	96.2081485
K02419	79.9273901
K02420	79.7660347
K02421	61.0797365
K02422	107.3147775
K02423	58.2089553
K02424	96.7029717
K02425	0
K02426	3.14643
K02427	58.2089553
K02428	102.8237192
K02429	6.984383
K02430	0
K02431	0.9681323
K02433	319.068173
K02434	96.5308592
K02435	63.3723276
K02436	0
K02437	64.4211376
K02438	105.7861273
K02439	0
K02440	39.2900363
K02441	0
K02442	0
K02443	26.0857872
K02444	58.8543768
K02445	3.8149023
K02446	2.7430415
K02448	4.0298508
K02450	16.119403
K02451	0
K02452	25.9701493
K02453	42.0895523
K02454	30
K02455	30
K02456	26.2928601
K02457	25.9701493
K02458	25.9701493
K02459	25.9701493
K02460	25.9701493
K02461	25.9701493
K02462	25.9701493
K02463	25.9701493
K02464	0
K02465	0
K02466	0
K02467	0
K02468	0
K02469	134.126664
K02470	133.8039532
K02471	25.9701493
K02472	4.5871031
K02473	86.4179106
K02474	110.1215929
K02475	1.4521985
K02476	1.2908431
K02477	6.8650954
K02478	2.5816861
K02479	0
K02480	17.9104478
K02481	2.1321961
K02482	0
K02483	142.1016541
K02484	28.747767
K02485	0
K02486	0
K02487	34.0298508
K02488	0
K02490	0
K02491	0
K02492	62.0814845
K02493	99.1932231
K02494	58.2089553
K02495	173.2580341
K02496	58.2089553
K02497	0
K02498	58.2089553
K02499	5.6474384
K02500	117.1036709
K02501	127.403523
K02502	95.5627269
K02503	142.0895523
K02504	0
K02505	0
K02506	0
K02507	0
K02508	0
K02509	70.2985076
K02510	58.2089553
K02511	0
K02517	119.4029852
K02518	157.6211607
K02519	89.0547264
K02520	100.4840662
K02521	0
K02523	65.7079468
K02525	0.6454215
K02526	48.217023
K02527	60.7675907
K02528	100.4264392
K02529	418.4575193
K02530	1.4521985
K02531	0
K02532	0.6454215
K02533	38.0597015
K02535	58.2089553
K02536	79.4271885
K02538	0.1613554
K02545	0
K02546	0
K02547	0
K02548	4.7023569
K02549	0
K02550	0
K02551	3.4115138
K02552	0
K02553	0
K02554	4.0298508
K02556	110.7529918
K02557	118.3059606
K02558	58.2089553
K02560	0
K02562	0.1613554
K02563	100
K02564	55.663766
K02565	0
K02566	0.1613554
K02567	42.0895523
K02568	42.0895523
K02569	46.1194031
K02570	42.0895523
K02571	34.0298508
K02572	4.0298508
K02573	4.0298508
K02574	4.0298508
K02575	52.9084309
K02584	0
K02585	1.9362646
K02586	5.9701492
K02587	2.4203308
K02588	6.7769261
K02589	24.1495226
K02590	24.1495226
K02591	6.29286
K02592	0.1613554
K02593	0
K02594	4.19524
K02595	0
K02596	0
K02597	0
K02598	3.5498184
K02600	99.8386446
K02601	101.4521985
K02609	54.1791045
K02610	58.2089553
K02611	58.2089553
K02612	58.2089553
K02613	46.1194031
K02614	39.9268138
K02615	0
K02616	58.2089553
K02617	0
K02618	0
K02619	62.5424999
K02621	65.3892699
K02622	65.3892699
K02623	4.0298508
K02624	100.2985076
K02625	0
K02626	0
K02639	0
K02641	0
K02647	36.224284
K02650	4.0338846
K02651	59.8109838
K02652	6.29286
K02653	14.6752722
K02654	136.6384295
K02655	0
K02656	0
K02657	0
K02658	0
K02659	0
K02660	0
K02661	0
K02662	3.2271077
K02663	3.8725292
K02664	1.9362646
K02665	0
K02666	0
K02667	0
K02668	0
K02669	33.0348258
K02670	0
K02671	0
K02672	0
K02673	0
K02674	0
K02675	0
K02676	0
K02679	0
K02680	0
K02681	0
K02682	0
K02686	58.2089553
K02687	88.8785801
K02688	24.3404599
K02742	0
K02744	1.6135538
K02745	0.8067769
K02746	0.8067769
K02747	0.8067769
K02749	3.3884631
K02750	3.3884631
K02752	0.1613554
K02753	0.1613554
K02755	29.6356057
K02756	29.7969611
K02757	29.6356057
K02759	29.9583165
K02760	30.603738
K02761	19.3357536
K02763	4.19524
K02764	3.0657523
K02765	3.0657523
K02768	35.7402178
K02769	37.8378378
K02770	37.9991932
K02771	0
K02773	1.6135538
K02774	1.7749092
K02775	3.6420215
K02777	11.9402984
K02778	5.6474384
K02779	5.6474384
K02781	2.4203308
K02782	2.5816861
K02783	4.6793061
K02784	0
K02786	0.4840662
K02787	0.4840662
K02788	0.4840662
K02790	4.3565954
K02791	4.3565954
K02793	5.6474384
K02794	6.4542154
K02795	5.8087938
K02796	5.9701492
K02798	1.6135538
K02799	1.4521985
K02800	1.4521985
K02802	0
K02803	36.5469947
K02804	36.3856393
K02805	0.6454215
K02806	58.5316661
K02808	0.3227108
K02809	3.2271077
K02810	3.2271077
K02812	0
K02813	0
K02814	0
K02815	0
K02817	0
K02818	3.0657523
K02819	2.9043969
K02821	61.5974184
K02822	4.19524
K02823	42.1137555
K02824	40.9957932
K02825	6.7769261
K02826	0
K02827	0
K02828	0
K02829	0
K02834	100
K02835	100
K02836	87.9104477
K02837	77.786742
K02838	100
K02839	2.3511784
K02840	0
K02841	58.2089553
K02843	80.3106092
K02844	54.1791045
K02846	0
K02847	0
K02848	0
K02849	0
K02850	0
K02851	4.19524
K02852	0.8528785
K02853	0.4264392
K02854	0.1613554
K02855	0.1613554
K02856	1.2793177
K02858	59.338443
K02859	0
K02860	99.8386446
K02862	0
K02863	100
K02864	77.786742
K02867	100
K02871	99.8386446
K02874	100
K02876	100
K02878	100
K02879	100
K02881	100
K02884	100
K02886	100
K02887	100
K02888	100
K02890	100
K02892	99.8386446
K02895	99.8386446
K02897	67.970956
K02899	100
K02902	99.6772892
K02904	99.6772892
K02906	99.8386446
K02907	99.8386446
K02909	99.6772892
K02911	87.6140533
K02913	99.3545785
K02914	99.5159338
K02916	99.25085
K02919	76.4497974
K02926	100
K02931	77.9480973
K02933	89.0547264
K02935	99.8386446
K02936	0
K02939	100
K02945	136.8697055
K02946	88.893371
K02948	100
K02950	99.8386446
K02952	100
K02954	88.5706602
K02956	99.8386446
K02959	99.8386446
K02961	77.786742
K02963	100
K02965	99.8386446
K02967	100
K02968	88.7320156
K02970	99.4122054
K02972	0
K02977	0
K02982	100
K02986	104.0338846
K02988	88.893371
K02990	99.8386446
K02992	88.893371
K02994	100
K02996	78.1094527
K03030	0.1613554
K03040	78.3745366
K03043	100
K03046	100
K03048	0
K03060	96.6922146
K03070	122.4243647
K03071	58.3703107
K03072	63.2109722
K03073	98.9857662
K03074	63.2109722
K03075	77.9480973
K03076	100
K03077	1.9823661
K03078	0
K03079	0.8067769
K03080	0
K03081	0
K03082	0
K03086	101.4521985
K03087	0.4840662
K03088	1407.1372873
K03089	58.2089553
K03090	1.1294877
K03091	183.2459323
K03092	108.2855991
K03093	3.3884631
K03095	0
K03098	50.1492538
K03100	166.7358189
K03101	123.1813903
K03106	100
K03110	100
K03111	139.2854262
K03112	0
K03113	20.8955224
K03116	61.0903014
K03117	58.3703107
K03118	61.6780961
K03119	116.4179106
K03146	0.1613554
K03147	99.5159338
K03148	2.7430415
K03149	75.0437004
K03150	68.8219135
K03151	36.3856393
K03152	32.5630534
K03153	0
K03154	97.0956031
K03168	64.8756219
K03169	166.0396857
K03177	100
K03179	59.0157322
K03181	58.2089553
K03182	69.9610059
K03183	64.0984268
K03184	0
K03185	58.2089553
K03186	69.9610059
K03187	24.3404599
K03188	20.3106091
K03189	32.7228722
K03190	32.4001614
K03191	0.1613554
K03192	32.238806
K03194	4.0298508
K03195	8.0597015
K03196	8.0597015
K03197	20.1492537
K03198	28.2089552
K03199	28.2089552
K03200	20.1492537
K03201	16.119403
K03202	28.2089552
K03203	20.1492537
K03204	16.119403
K03205	62.144682
K03206	0
K03207	17.9104478
K03208	17.9104478
K03210	100.6454215
K03212	0
K03214	0
K03215	121.8905473
K03216	97.0149254
K03217	89.2160818
K03218	88.7320156
K03219	32.238806
K03220	28.2089552
K03221	32.238806
K03222	32.238806
K03223	32.238806
K03224	32.238806
K03225	32.238806
K03226	32.238806
K03227	32.238806
K03228	32.238806
K03229	32.238806
K03230	32.238806
K03268	4.0298508
K03269	61.1940299
K03270	61.7818245
K03271	70.9752397
K03272	0
K03273	70.3874451
K03274	58.6353945
K03275	0
K03276	0
K03277	0
K03278	0
K03279	0
K03280	0
K03281	20.8955224
K03282	87.7062564
K03284	111.6721412
K03285	0
K03286	76.9722816
K03287	0
K03288	0
K03289	0
K03290	0
K03291	0
K03292	26.1203634
K03293	1.1294877
K03294	25.0137343
K03296	233.8141341
K03297	59.1770876
K03298	0
K03299	22.4283985
K03300	18.394514
K03301	38.0597015
K03303	44.2257823
K03304	24.1791045
K03305	6.4772661
K03306	4.6677807
K03307	17.1687891
K03308	64.3270135
K03309	0
K03310	129.8476727
K03311	10.1653892
K03312	86.1545555
K03313	50.07261
K03314	0
K03315	15.4401736
K03316	62.7228722
K03317	3.0657523
K03319	0.8067769
K03320	84.6948655
K03321	143.8604277
K03322	25.6860485
K03324	142.8129622
K03325	48.283294
K03326	0
K03327	83.0490406
K03328	1.6020285
K03329	4.0298508
K03331	0
K03332	0.1613554
K03333	0
K03335	1.4521985
K03336	1.2908431
K03337	1.2908431
K03338	1.2908431
K03339	0
K03340	4.9213392
K03342	38.0597015
K03343	0
K03346	0
K03365	0
K03366	0
K03367	55.1472369
K03379	0
K03380	0
K03381	57.7611942
K03382	0.9681323
K03383	0
K03384	4.0298508
K03385	1.7057569
K03386	64.7899499
K03387	3.6881231
K03388	0
K03389	0
K03390	0
K03391	0
K03392	17.9104478
K03394	7.6182792
K03395	0
K03396	0
K03397	0
K03399	4.3565954
K03402	41.9524001
K03403	0
K03404	0
K03405	0
K03406	784.5838372
K03407	99.4352562
K03408	138.563937
K03409	4.5179507
K03410	38.1605486
K03411	96.3695039
K03412	94.4372731
K03413	177.1036709
K03414	54.1791045
K03415	36.3856393
K03417	46.1194031
K03418	21.9402986
K03423	0.3227108
K03424	173.591502
K03425	0
K03426	95.4860831
K03427	100.4775351
K03428	0
K03429	27.2152749
K03430	21.4372155
K03431	96.85357
K03432	0
K03433	0
K03435	0
K03436	24.310878
K03437	100
K03438	111.5906952
K03439	95.9701492
K03442	42.0561285
K03444	1.2793177
K03445	0
K03446	55.4584222
K03449	52.2468738
K03451	11.2679844
K03453	21.5899268
K03455	17.1030945
K03457	18.7172247
K03458	5.8087938
K03459	0
K03462	0
K03464	62.2388061
K03465	25.2790103
K03466	79.7230066
K03468	0
K03469	77.9480973
K03470	78.1094527
K03471	0
K03472	0
K03473	2.5586354
K03474	44.6481877
K03475	3.8725292
K03476	0.6454215
K03477	0
K03478	0.4840662
K03480	5.0020169
K03481	2.2589754
K03482	0
K03483	1.4521985
K03484	23.9881673
K03485	0
K03486	3.3884631
K03487	0
K03488	39.7741024
K03489	0
K03490	0.4264392
K03491	13.0428936
K03492	0.3227108
K03493	0
K03495	100
K03496	198.6761175
K03497	165.0448529
K03498	136.316487
K03499	137.6534316
K03500	151.0326746
K03501	100
K03502	35.8785224
K03503	2.5586354
K03516	0
K03517	62.9245663
K03518	93.4839317
K03519	78.5195644
K03520	42.0895523
K03521	165.2938013
K03522	185.9123302
K03523	122.7780019
K03524	89.5387925
K03525	91.5138593
K03526	78.1094527
K03527	99.8386446
K03528	0
K03529	96.85357
K03530	110.3227107
K03531	77.9480973
K03532	0
K03533	0
K03534	3.3077854
K03535	0
K03536	99.6772892
K03537	0.1613554
K03543	78.6780385
K03544	133.3198871
K03545	100
K03546	49.1015962
K03547	44.7490347
K03548	0
K03549	59.4997984
K03550	100
K03551	100
K03553	100
K03554	62.2388061
K03555	99.6772892
K03556	31.9214737
K03557	58.2089553
K03558	59.9147122
K03559	110.9168445
K03560	58.2089553
K03561	124.5202559
K03562	58.2089553
K03563	42.3517547
K03564	74.0755681
K03565	99.8386446
K03566	77.9104479
K03567	0
K03568	61.9662307
K03569	142.3517547
K03570	99.8386446
K03571	97.0149254
K03572	99.8386446
K03573	0.1613554
K03574	98.9396646
K03575	94.9979831
K03576	76.1194031
K03577	21.9402986
K03578	58.2089553
K03579	0
K03580	0
K03581	39.2324093
K03582	0
K03583	0
K03584	87.7638833
K03585	131.8123669
K03586	58.2089553
K03587	61.1940299
K03588	98.5593269
K03589	88.893371
K03590	66.0346914
K03591	0
K03592	61.5397914
K03593	97.4626866
K03594	115.3270329
K03595	100
K03596	88.893371
K03597	58.2089553
K03598	58.2089553
K03599	58.2089553
K03600	58.2089553
K03601	99.8386446
K03602	99.6772892
K03603	0
K03604	0
K03605	0.6454215
K03606	19.1897655
K03607	17.9104478
K03608	118.5827619
K03609	118.7441173
K03610	97.0149254
K03611	58.2089553
K03612	40.3388462
K03613	40.3388462
K03614	18.448299
K03615	40.3388462
K03616	58.3703107
K03617	40.3388462
K03618	0
K03619	0
K03620	0
K03621	97.1762808
K03623	1.1294877
K03624	137.9991932
K03625	100
K03628	100
K03629	41.6296893
K03630	171.0568778
K03631	99.8386446
K03632	0
K03633	0
K03634	58.2089553
K03635	58.2089553
K03636	58.2089553
K03637	84.6174533
K03638	58.2089553
K03639	106.5577519
K03640	58.2089553
K03641	58.2089553
K03642	58.2089553
K03643	58.2089553
K03644	62.1621622
K03645	0
K03646	54.1791045
K03647	0
K03648	97.7294992
K03649	0.3227108
K03650	100
K03651	58.2089553
K03652	62.8882614
K03653	0
K03654	85.4165465
K03655	170.6390825
K03656	58.2089553
K03657	266.6320904
K03658	0.8528785
K03660	5.8087938
K03664	100
K03665	100.1613554
K03666	63.3723276
K03667	58.2089553
K03668	0
K03669	0
K03670	0
K03671	152.8976737
K03672	0
K03673	58.2089553
K03674	0
K03675	0
K03676	58.2089553
K03683	0
K03684	0.4840662
K03685	110.9452736
K03686	100.4840662
K03687	100.1613554
K03688	62.5655507
K03690	54.1791045
K03692	0
K03693	0
K03694	60.2489484
K03695	99.6772892
K03696	41.7910447
K03697	0
K03698	38.3219039
K03699	31.8139034
K03700	33.8039532
K03701	183.5686433
K03702	100
K03703	92.1204787
K03704	382.5834153
K03705	97.0149254
K03706	37.9991932
K03707	19.2012909
K03708	5.3247277
K03709	0
K03710	316.985536
K03711	158.9709752
K03712	0
K03713	0
K03715	0
K03716	17.399489
K03717	21.9402986
K03718	10.3267446
K03719	197.9256231
K03720	0
K03721	2.09762
K03722	81.0676349
K03723	100
K03724	0.3227108
K03726	0
K03727	0
K03731	0
K03732	0
K03733	61.5167407
K03734	127.5689122
K03735	12.5588275
K03736	12.5588275
K03737	46.4703508
K03738	2.5816861
K03739	55.1472369
K03740	73.0576847
K03741	21.9904339
K03742	19.5777867
K03743	58.5316661
K03744	71.8703778
K03745	46.1194031
K03746	58.2089553
K03747	58.2089553
K03748	1.7057569
K03749	58.2089553
K03750	100.4477612
K03752	92.4969747
K03753	55.631303
K03755	0
K03756	0
K03757	0
K03758	18.8624445
K03759	0
K03760	4.0298508
K03761	73.8805971
K03762	25.9701493
K03763	94.0164044
K03764	0
K03765	0
K03767	0
K03768	80.4414222
K03769	114.9899154
K03770	59.9147122
K03771	61.6204691
K03772	0
K03773	2.9850746
K03774	58.2089553
K03775	2.9850746
K03776	74.3283583
K03777	28.2089552
K03778	19.3127028
K03779	43.8308458
K03780	43.8308458
K03781	122.0284679
K03782	4.3525615
K03783	41.3069785
K03784	3.3884631
K03785	56.8239882
K03786	83.4610731
K03787	86.1503295
K03788	0
K03789	39.2324093
K03790	41.0609116
K03791	0.1613554
K03793	0
K03794	0
K03795	0
K03796	0
K03797	106.085403
K03798	164.0849804
K03799	60.6638622
K03800	65.2394399
K03801	61.8394514
K03802	116.2605891
K03803	4.5064254
K03804	0
K03805	46.1194031
K03806	58.2089553
K03807	0
K03808	58.2089553
K03809	0.8067769
K03810	0.1613554
K03811	3.0427015
K03812	0
K03813	0.4840662
K03814	44.6481877
K03815	0
K03816	21.3526959
K03817	0
K03818	19.1897655
K03819	0
K03820	50.1492538
K03821	58.2089553
K03823	153.8638853
K03824	54.1791045
K03825	2.5816861
K03826	47.0082022
K03827	70.8488447
K03828	0.8067769
K03829	0
K03830	2.6854146
K03831	58.2089553
K03832	120.6823029
K03833	24.6833401
K03834	0
K03835	0
K03836	0
K03837	0
K03838	0
K03839	4.6908315
K03840	0
K03841	58.2089553
K03851	12.0895522
K03852	17.9104478
K03855	0.6454215
K03856	7.583703
K03862	17.9104478
K03863	94.0298509
K03885	65.6618453
K03886	0
K03887	0
K03888	0
K03889	0
K03890	0
K03891	0
K03892	68.7131908
K03893	46.1194031
K03894	0
K03895	0
K03896	0
K03897	38.0597015
K03919	58.2089553
K03921	0
K03923	0
K03924	49.8847461
K03925	76.0694597
K03926	58.2089553
K03928	35.982251
K03929	18.9823086
K03930	0
K03931	1.7057569
K03932	0
K03933	0
K03969	2.7430415
K03970	0
K03971	0
K03972	0
K03973	0
K03974	0
K03975	62.0123322
K03976	38.0798709
K03977	100
K03978	100
K03979	100
K03980	64.3404599
K03981	58.2089553
K04013	0
K04014	0
K04015	0
K04016	0
K04017	0
K04018	0
K04019	12.0747613
K04020	0
K04021	0
K04022	0
K04023	2.2589754
K04024	4.19524
K04025	0
K04026	0.9681323
K04027	1.2908431
K04028	3.2271077
K04029	4.3565954
K04030	3.5498184
K04031	4.19524
K04032	0.9681323
K04033	0
K04034	0.8067769
K04035	0
K04036	0
K04037	0
K04038	0
K04039	0
K04040	0
K04041	40.3388462
K04042	96.85357
K04043	100.4264392
K04044	58.2089553
K04045	22.8586796
K04046	21.9402986
K04047	82.6041608
K04049	0
K04050	0
K04051	0
K04052	0
K04053	32.238806
K04054	32.238806
K04056	32.238806
K04057	0
K04058	32.238806
K04059	12.0895522
K04060	0
K04061	96.0467931
K04062	58.2089553
K04063	38.0597015
K04064	0
K04065	0
K04066	78.1094527
K04067	0
K04068	43.8310378
K04069	54.83778
K04070	38.1605486
K04071	0
K04072	5.3247277
K04073	21.9402986
K04074	5.8087938
K04075	100
K04076	3.8725292
K04077	99.8386446
K04078	100.1613554
K04079	100.7952515
K04080	0
K04081	0
K04082	58.2089553
K04083	96.85357
K04084	76.1194031
K04085	36.2686567
K04086	0
K04087	58.5316661
K04088	58.5316661
K04090	114.1791046
K04091	4.0298508
K04092	21.9402986
K04093	0.1613554
K04094	0.8067769
K04095	51.3340633
K04096	79.3887704
K04097	54.1791045
K04098	0
K04099	0
K04100	0
K04101	0
K04102	44.3283583
K04103	0
K04110	21.9402986
K04116	0
K04117	0
K04118	0
K04127	0
K04128	0
K04333	0
K04334	0
K04335	0
K04336	0
K04337	0
K04338	0
K04477	6.0162507
K04478	0
K04480	0.1613554
K04485	88.893371
K04486	43.7849362
K04487	125.0369773
K04488	109.4123975
K04516	3.3077854
K04517	94.75595
K04518	4.1145623
K04561	25.9701493
K04562	37.6764824
K04564	123.7636144
K04565	67.3833536
K04566	0
K04567	100
K04568	0
K04618	0
K04651	37.6764824
K04652	37.8378378
K04653	3.5498184
K04654	3.7111738
K04655	4.0338846
K04656	3.5498184
K04691	4.0298508
K04719	0
K04720	39.8086786
K04744	58.2089553
K04748	21.9402986
K04749	1.6135538
K04750	56.4380799
K04751	92.2705008
K04752	58.2089553
K04753	4.0298508
K04754	58.2089553
K04755	132.5373136
K04756	58.2089553
K04757	0.6454215
K04758	83.2593786
K04759	83.5014117
K04760	58.2089553
K04761	60.3411514
K04762	49.1044776
K04763	114.9215313
K04764	58.2089553
K04765	0
K04766	0
K04767	11.4293398
K04768	0
K04769	16.5927121
K04770	0
K04771	0
K04772	54.1791045
K04773	3.14643
K04774	0
K04775	0
K04780	0
K04781	0
K04782	4.1912061
K04783	0.3227108
K04784	0.3227108
K04785	0
K04786	0
K04788	0
K04793	0
K04794	0
K04835	60.770472
K04844	11.106629
K04940	0
K05020	2.09762
K05245	0
K05275	0
K05281	0
K05286	0
K05296	0
K05297	0
K05299	0
K05301	0
K05303	0
K05305	0
K05306	52.6041607
K05311	4.3565954
K05337	16.2700013
K05338	0
K05339	0
K05340	0.74915
K05341	0
K05342	0
K05343	46.2807584
K05344	0
K05345	0
K05346	1.6135538
K05349	287.4200425
K05350	44.5878715
K05351	0
K05352	0.4840662
K05358	0
K05362	0
K05363	0
K05364	11.2679844
K05365	0
K05366	158.6353945
K05367	59.9147122
K05368	0
K05372	0
K05373	0
K05374	0
K05375	17.9104478
K05394	0
K05396	20.9560307
K05499	0
K05501	54.1791045
K05515	78.9162297
K05516	61.2516568
K05517	0
K05518	0
K05519	0
K05520	55.7350315
K05521	4.34507
K05522	0
K05523	0
K05524	58.2089553
K05526	0
K05527	58.2089553
K05539	58.2089553
K05540	38.7051231
K05541	0
K05548	8.0597015
K05549	4.0298508
K05550	34.0298508
K05559	58.2089553
K05560	58.2089553
K05561	58.2089553
K05562	58.2089553
K05563	58.2089553
K05564	58.2089553
K05565	0
K05566	0.4840662
K05567	0.4840662
K05568	0.9681323
K05569	0.4840662
K05570	0.1613554
K05571	0.3227108
K05576	0.1613554
K05577	0
K05589	58.3703107
K05590	0
K05591	54.1791045
K05592	41.3069785
K05593	23.1813903
K05594	0
K05595	125.9914713
K05596	54.1791045
K05597	0
K05599	0
K05600	0
K05601	0
K05602	0
K05603	0
K05606	3.0427015
K05685	21.9402986
K05708	0
K05709	0
K05710	104.3283584
K05711	0
K05712	137.910448
K05713	12.0895522
K05714	8.0597015
K05715	0
K05739	0.8067769
K05772	38.2049214
K05773	26.1153691
K05774	17.9104478
K05775	0
K05776	2.9850746
K05777	0
K05778	0
K05779	0
K05780	18.0718032
K05781	18.0718032
K05782	122.2388062
K05783	21.9402986
K05784	4.0298508
K05785	0
K05786	0.3227108
K05787	0
K05788	58.2089553
K05789	0
K05790	0
K05791	0
K05792	0.4840662
K05793	0
K05794	24.0379185
K05795	23.9881673
K05796	1.4521985
K05797	17.9104478
K05798	0
K05799	39.3545785
K05800	130.7249469
K05801	1.2793177
K05802	0
K05803	0
K05804	4.0298508
K05805	0
K05806	0
K05807	61.1940299
K05808	90.33827
K05809	0
K05810	77.9480973
K05811	0
K05812	12.5736184
K05813	124.6241766
K05814	113.5175475
K05815	120.271615
K05816	112.5494152
K05817	0
K05818	35.8208956
K05819	0
K05820	22.5857201
K05822	0
K05823	0.3227108
K05824	0
K05825	56.9221461
K05826	0
K05827	0
K05828	0
K05829	0
K05830	0
K05831	0
K05832	121.3069786
K05833	129.3666801
K05834	58.2089553
K05835	0
K05836	17.9104478
K05837	101.6711808
K05838	0
K05839	0
K05841	0.1613554
K05844	0
K05845	5.8087938
K05846	6.29286
K05847	5.6474384
K05851	0
K05873	4.3565954
K05874	50.1492538
K05875	30
K05876	0
K05877	0
K05878	1.7749092
K05879	2.09762
K05880	0
K05881	0
K05882	0
K05883	0
K05884	17.9104478
K05885	0
K05886	0
K05887	0
K05888	0
K05893	0
K05895	4.8406615
K05896	97.0149254
K05898	8.0597015
K05899	0
K05900	0
K05903	0
K05905	0
K05910	0
K05911	0
K05912	0
K05913	0
K05916	59.1770876
K05918	0
K05919	3.7111738
K05921	58.2089553
K05922	0
K05926	0
K05927	0
K05929	0
K05934	38.4832593
K05936	38.4832593
K05937	0
K05939	0
K05942	0
K05945	0.8528785
K05946	72.4370425
K05949	0.1613554
K05951	0
K05952	0
K05957	0
K05964	1.2908431
K05966	0.8067769
K05967	3.2271077
K05968	0
K05970	7.4684492
K05971	0
K05973	38.0597015
K05977	0
K05979	4.19524
K05982	1.1294877
K05984	4.0298508
K05985	4.5179507
K05988	0
K05989	36.0975047
K05991	0
K05992	0
K05994	0
K05995	22.5280932
K05997	0
K05998	0
K05999	0
K06001	26.0051096
K06006	0
K06011	1.1294877
K06012	38.4832593
K06013	58.3703107
K06015	79.0399356
K06016	219.0116986
K06017	0
K06019	0.9681323
K06020	34.0298508
K06023	96.85357
K06024	97.0149254
K06033	20.1492537
K06036	0
K06039	0
K06041	61.2516568
K06042	5.486083
K06044	46.1194031
K06045	0
K06046	0
K06048	58.2089553
K06049	0
K06073	0
K06074	0
K06075	62.2388061
K06076	34.8827293
K06077	58.2089553
K06078	0
K06079	0.4264392
K06080	0
K06113	2.1321961
K06118	0
K06120	0.8067769
K06121	0.8067769
K06122	0.8067769
K06131	210.1238979
K06132	100.2985076
K06133	48.8328627
K06134	58.2089553
K06135	0
K06136	0
K06137	50.1492538
K06138	0.4264392
K06139	0
K06140	38.0597015
K06141	0
K06142	64.6055437
K06143	0.4264392
K06144	0
K06145	39.8507464
K06146	0
K06147	709.3849284
K06148	45.605755
K06149	0
K06151	46.1194031
K06152	46.1194031
K06153	135.7402178
K06155	0.3227108
K06156	0
K06157	0.4840662
K06158	152.0255864
K06159	0
K06160	22.1016539
K06161	0
K06162	36.1436064
K06163	18.0718032
K06164	18.0718032
K06165	18.0718032
K06166	18.0718032
K06167	3.6304961
K06168	100
K06169	0
K06173	114.3337367
K06175	0
K06176	0
K06177	2.9850746
K06178	66.6801129
K06179	85.4242302
K06180	167.7961543
K06181	0
K06182	111.6982655
K06183	38.9673255
K06186	58.2089553
K06187	100
K06188	44.11802
K06189	58.2089553
K06190	58.2089553
K06191	28.2089552
K06192	58.2089553
K06193	19.3626463
K06194	58.6353945
K06195	58.2089553
K06196	4.19524
K06197	0
K06198	0
K06199	75.3664112
K06200	53.6506656
K06201	4.4372731
K06202	58.2089553
K06203	0
K06204	58.2089553
K06205	0
K06206	5.6474384
K06207	99.8386446
K06208	2.09762
K06209	38.1605486
K06211	0.1613554
K06212	0
K06213	98.2250908
K06214	0
K06215	26.0281603
K06216	0
K06217	95.6434046
K06218	0
K06219	0
K06221	0
K06222	46.1194031
K06223	27.6338385
K06236	0
K06237	0
K06281	2.7430415
K06282	2.7430415
K06283	16.4313567
K06284	17.2381336
K06285	0.4840662
K06286	0
K06287	158.2089553
K06288	0
K06289	0.1613554
K06290	0
K06291	0
K06292	0
K06293	0
K06294	0
K06295	4.6793061
K06296	3.0657523
K06297	2.9043969
K06298	0.8067769
K06299	0
K06300	0
K06301	0
K06302	0
K06303	0
K06304	0
K06305	0
K06306	2.2589754
K06307	0.1613554
K06308	0
K06309	0
K06310	35.5788624
K06311	0.1613554
K06312	0.1613554
K06313	0
K06314	0
K06315	0
K06317	26.8925642
K06318	0
K06319	0
K06320	0
K06321	0
K06322	0
K06323	0.1613554
K06324	0
K06325	0
K06326	0
K06327	0
K06328	0
K06329	0
K06330	0
K06331	0.6454215
K06332	0
K06333	38.3219039
K06334	38.1605486
K06335	0
K06336	0
K06337	0.1613554
K06338	0
K06339	0
K06340	0
K06341	0
K06342	0
K06343	0
K06344	0
K06345	0
K06346	38.8059701
K06347	0
K06348	0.3227108
K06349	0
K06350	0.8067769
K06351	8.8664784
K06352	0
K06353	0
K06354	0
K06355	0
K06356	0
K06357	0
K06358	0
K06359	0
K06360	0
K06361	0
K06362	0
K06363	0
K06364	0
K06365	0
K06366	0
K06367	0
K06368	0
K06369	0
K06370	0
K06371	0
K06372	0
K06373	38.1605486
K06374	27.5379857
K06375	0
K06376	0
K06377	0.1613554
K06378	47.8633858
K06379	38.4832593
K06380	0
K06381	39.4513916
K06382	38.6446147
K06383	16.4313567
K06384	16.1086459
K06385	38.1605486
K06386	0
K06387	38.3219039
K06388	0
K06389	0
K06390	38.3219039
K06391	27.3766303
K06392	38.3219039
K06393	38.1605486
K06394	38.4832593
K06395	38.4832593
K06396	38.4832593
K06397	16.5927121
K06398	38.3219039
K06399	27.5379857
K06400	24.8410457
K06401	0
K06402	4.5179507
K06403	33.1585317
K06404	33.1585317
K06405	38.8059701
K06406	27.8606965
K06407	39.612747
K06408	1.4521985
K06409	70.216485
K06410	33.9653086
K06411	33.9653086
K06412	39.612747
K06413	0
K06414	0
K06415	6.1274707
K06416	5.6474384
K06417	0
K06418	0
K06419	0
K06420	0
K06421	0.1613554
K06422	0
K06423	0.6454215
K06424	0
K06425	3.7111738
K06426	0
K06427	0
K06428	0
K06429	0
K06430	0
K06431	0
K06432	0
K06433	0
K06434	3.0657523
K06435	0
K06436	5.1633723
K06437	0
K06438	38.3219039
K06439	0.8067769
K06440	0.1613554
K06442	16.9154228
K06443	0
K06445	80.1492539
K06446	96.2686568
K06447	0
K06518	58.9523425
K06580	0.3227108
K06595	0
K06596	0
K06597	0
K06598	0
K06599	0
K06600	0
K06601	0
K06602	0
K06603	84.9401641
K06605	0
K06606	0
K06607	0
K06608	1.4521985
K06609	0
K06610	0.1613554
K06714	0.4840662
K06718	58.2089553
K06720	64.0298509
K06726	1.7749092
K06857	38.2049214
K06858	16.119403
K06859	0.3227108
K06860	28.2089552
K06861	61.1940299
K06864	27.6993411
K06866	0
K06867	76.4421139
K06871	61.1613744
K06872	84.021783
K06876	4.0298508
K06877	0.3227108
K06878	40.0996946
K06879	58.2089553
K06880	0
K06881	74.788221
K06882	0
K06883	0
K06884	0
K06885	2.6162623
K06886	90.4477613
K06887	0
K06888	4.19524
K06889	237.8138267
K06890	71.6930791
K06891	60.2489484
K06892	17.9104478
K06893	0.1613554
K06894	60.5601337
K06895	73.3803954
K06896	115.0544575
K06897	9.9348815
K06898	37.1924163
K06899	0
K06900	0
K06901	85.1284119
K06902	84.2759178
K06903	0.4840662
K06904	6.6576384
K06905	0.3227108
K06906	0.3227108
K06907	18.7172247
K06908	0.4840662
K06909	1.4521985
K06910	59.1770876
K06911	192.9948714
K06912	4.0298508
K06915	69.7420235
K06916	58.2089553
K06917	34.6752723
K06918	0
K06919	34.126664
K06920	64.9052037
K06921	12.6510305
K06922	0
K06923	93.7878177
K06925	112.0895522
K06926	13.1350967
K06927	1.7749092
K06928	2.4203308
K06929	1.1294877
K06931	0
K06933	0.1613554
K06934	1.3369446
K06936	0.3227108
K06937	0.4840662
K06938	58.2089553
K06940	117.660347
K06941	122.7470755
K06942	99.8386446
K06944	0
K06945	0
K06946	0
K06947	0
K06948	0
K06949	112.1784898
K06950	176.9684397
K06951	0
K06952	10.9452736
K06953	0
K06954	0
K06955	0
K06956	1.4521985
K06957	0
K06958	97.0149254
K06959	100
K06960	38.4832593
K06962	4.6793061
K06966	133.2987573
K06967	38.8059701
K06968	0
K06969	73.0133118
K06970	1.7057569
K06971	1.2908431
K06972	37.8378378
K06973	41.7910447
K06974	0
K06975	59.1465453
K06976	0.3227108
K06977	0.1613554
K06978	8.8088515
K06979	23.392497
K06980	58.2089553
K06985	0
K06986	0
K06987	139.1649861
K06988	0
K06989	114.0703818
K06990	0.5877946
K06991	58.2089553
K06992	0
K06993	0.1613554
K06994	1.2908431
K06995	108.3582091
K06996	1.2793177
K06997	142.2509077
K06998	135.143203
K06999	104.3283584
K07000	58.6353945
K07001	135.7235061
K07002	59.0157322
K07003	22.962408
K07004	0.1613554
K07005	19.8543959
K07006	108.5195645
K07007	177.4263816
K07008	22.1016539
K07009	5.1633723
K07010	3.7111738
K07011	7.1572638
K07012	14.4374652
K07013	0.1613554
K07014	0
K07015	34.126664
K07016	0
K07017	54.7668992
K07018	58.2089553
K07019	58.2089553
K07020	0
K07021	0
K07023	52.8438887
K07024	211.7234289
K07025	163.7622697
K07026	0
K07027	102.106072
K07028	0
K07029	120.346914
K07030	16.2700013
K07031	12.7662844
K07032	88.3703107
K07033	0.4840662
K07034	0.6454215
K07035	23.6654565
K07037	40.9842678
K07038	63.3723276
K07039	0
K07040	74.4789566
K07042	97.0149254
K07043	96.4463398
K07044	0
K07045	55.4123207
K07046	72.5373135
K07047	155.2709428
K07048	0.3227108
K07050	42.3826812
K07051	0
K07052	139.2990644
K07053	135.7056417
K07054	54.3404599
K07056	160.8713191
K07057	1.4521985
K07058	159.488273
K07061	0
K07062	16.119403
K07063	0
K07064	0
K07065	0
K07067	4.8406615
K07068	134.3283584
K07069	2.4203308
K07070	0
K07071	5.7356077
K07074	0.8067769
K07075	2.1321961
K07076	0.3227108
K07077	0
K07078	31.9748747
K07079	76.1251656
K07080	123.4946889
K07081	0
K07082	99.8386446
K07083	0
K07084	0.6454215
K07085	51.851553
K07086	0
K07088	230.4331625
K07089	44.9795424
K07090	401.3813178
K07091	61.1940299
K07092	0
K07093	64.0298509
K07094	0
K07095	68.9486927
K07096	0
K07097	0
K07098	77.979408
K07099	5.486083
K07100	0
K07101	58.3703107
K07102	58.2089553
K07104	16.119403
K07105	37.1924163
K07106	5.4630323
K07107	262.2578231
K07109	0
K07110	0
K07112	139.8144414
K07113	0
K07114	112.9723968
K07115	58.6353945
K07116	17.9104478
K07117	58.2089553
K07118	41.3790123
K07119	35.8208956
K07120	17.9104478
K07121	0
K07122	0
K07123	0
K07124	43.996235
K07125	0
K07126	30.5730037
K07127	4.0298508
K07129	2.7430415
K07130	55.1472369
K07131	0
K07132	4.0298508
K07133	159.0925679
K07136	0
K07137	96.8939088
K07138	15.2903436
K07139	41.8486716
K07140	54.1791045
K07141	62.2428399
K07145	109.164986
K07146	58.2089553
K07147	102.0895524
K07148	53.9872069
K07149	0.8067769
K07150	3.5498184
K07152	134.3283584
K07153	0
K07154	140.3561345
K07155	0
K07156	21.9402986
K07157	50.1492538
K07160	85.4699477
K07161	0
K07162	0.1613554
K07164	6.0508269
K07165	95.8208957
K07166	36.6507232
K07167	0
K07168	21.9402986
K07169	38.0597015
K07170	64.0984268
K07171	78.7683206
K07172	0
K07173	38.6330893
K07175	74.4098043
K07177	0
K07178	0
K07180	49.0238
K07181	24.7949442
K07182	0
K07183	35.3059029
K07184	0
K07185	13.7920436
K07186	0
K07190	0
K07192	13.8842467
K07212	0
K07213	59.338443
K07214	19.6162047
K07215	17.9104478
K07216	25.7630765
K07217	14.509883
K07218	21.9402986
K07219	16.7688584
K07220	4.6677807
K07221	3.8379531
K07222	43.8805971
K07223	35.7356077
K07224	0
K07225	54.1791045
K07226	0
K07227	0
K07228	0.3227108
K07229	0
K07230	58.2089553
K07231	58.2089553
K07232	66.2686568
K07233	72.0895523
K07234	54.1791045
K07235	0
K07236	0
K07237	0
K07238	116.376227
K07239	0
K07240	176.9144625
K07241	0.1613554
K07243	58.2089553
K07245	21.9402986
K07246	100.459863
K07248	0.5877946
K07250	31.2908431
K07251	0
K07255	0
K07256	0
K07257	2.9504984
K07258	154.8567971
K07259	61.1940299
K07260	0.3227108
K07261	0
K07262	58.2089553
K07263	62.9574137
K07264	0
K07265	28.2089552
K07266	36.2686567
K07267	0.4264392
K07268	0
K07269	0
K07270	0.4264392
K07271	80.9619854
K07272	0
K07273	4.2759177
K07274	16.119403
K07275	58.2089553
K07276	0
K07277	60.7675907
K07278	0
K07279	0
K07280	0
K07281	0
K07282	67.7423692
K07283	0
K07284	14.3337367
K07285	0
K07286	0
K07287	58.2089553
K07288	0
K07289	58.2089553
K07290	58.2089553
K07300	33.2069383
K07301	102.9391652
K07302	74.3283583
K07303	70.2985076
K07304	85.9004207
K07305	87.4062123
K07306	0.1613554
K07307	0.1613554
K07308	0
K07309	0
K07310	0
K07311	0
K07312	0
K07313	66.752723
K07314	0
K07315	33.9445629
K07316	19.6503967
K07317	0.3227108
K07318	0.1613554
K07319	4.45629
K07320	58.2089553
K07321	1.4521985
K07322	28.4751916
K07323	76.1194031
K07326	36.2686567
K07334	0.4264392
K07335	62.8978658
K07336	58.2089553
K07337	17.9104478
K07338	46.1194031
K07339	51.1173861
K07340	0
K07341	37.5110932
K07343	4.2989684
K07344	12.0895522
K07345	164.7761196
K07346	17.9104478
K07347	138.3582091
K07348	0
K07349	0
K07350	0
K07351	0
K07352	0
K07353	0
K07354	0
K07355	0
K07356	0
K07357	12.0895522
K07358	0
K07386	4.7599838
K07387	40.6183369
K07389	28.2089552
K07390	58.2089553
K07391	69.7270405
K07393	0.3227108
K07394	0
K07395	21.9402986
K07396	17.9104478
K07397	130.9439292
K07399	58.2089553
K07400	0
K07401	54.1791045
K07402	151.3553853
K07403	34.1912062
K07404	52.5211779
K07405	1.7057569
K07406	1.6135538
K07407	88.9606023
K07442	0
K07443	35.3483547
K07444	95.4860831
K07445	12.0895522
K07447	100
K07448	11.106629
K07451	0
K07452	0
K07453	0
K07454	0
K07455	56.4219443
K07456	41.7910447
K07457	0.1613554
K07458	12.3859467
K07459	4.0298508
K07460	69.5656851
K07461	5.1057454
K07462	100.1613554
K07464	13.4693329
K07465	0
K07467	0.1613554
K07470	0
K07471	0
K07473	33.3198871
K07474	8.0061084
K07476	0
K07478	100.4840662
K07479	0
K07480	0
K07481	21.9402986
K07482	0
K07483	163.0052442
K07484	15.7819013
K07485	64.477612
K07486	4.0298508
K07487	0.3227108
K07488	0
K07489	0.3227108
K07490	0
K07491	122.9205325
K07492	0
K07493	0.1613554
K07494	0
K07495	0
K07496	3.8725292
K07497	90.2702703
K07498	0
K07499	0
K07501	58.2089553
K07502	34.9334409
K07503	0
K07504	0.3227108
K07505	0.1613554
K07506	34.0298508
K07507	125.2559597
K07516	118.2089554
K07518	0
K07519	0
K07533	72.4485679
K07535	12.0895522
K07536	0
K07543	21.9402986
K07544	21.9402986
K07545	0
K07546	17.9104478
K07550	4.0298508
K07552	158.9425462
K07559	0.9681323
K07560	30.8457711
K07566	161.3553853
K07567	137.7258496
K07568	102.9850746
K07570	0
K07571	5.0020169
K07574	50.2501008
K07576	81.8596209
K07577	0
K07584	38.3219039
K07586	0
K07588	21.0568778
K07589	0
K07590	4.3565954
K07591	0
K07592	0
K07636	99.5735608
K07637	0
K07638	104.3283584
K07639	0
K07640	17.9104478
K07641	0
K07642	0
K07643	0
K07644	145.9701495
K07645	4.0298508
K07646	70.7487658
K07647	0
K07648	0
K07649	206.4179107
K07650	2.4203308
K07651	0.3227108
K07652	0.9681323
K07653	0
K07654	0
K07657	58.2089553
K07658	38.8059701
K07659	86.4179106
K07660	0
K07661	0
K07662	17.9104478
K07663	0
K07664	0
K07665	151.8671125
K07666	4.0298508
K07667	68.0287751
K07668	0.9681323
K07669	0
K07670	0
K07673	21.9402986
K07674	0
K07675	0
K07676	0
K07677	57.7611942
K07678	0
K07679	58.2089553
K07680	0
K07681	0
K07683	0
K07684	21.9402986
K07685	0
K07686	0
K07687	39.8507464
K07688	0
K07689	0
K07690	58.2089553
K07691	0
K07692	0
K07693	0
K07694	0
K07696	0.1613554
K07697	0
K07698	0
K07699	38.4832593
K07700	0
K07701	0
K07702	0
K07703	0
K07704	0
K07705	2.09762
K07706	4.3565954
K07707	4.0338846
K07708	58.2089553
K07709	0
K07710	0.1613554
K07711	0
K07712	58.2089553
K07713	0.4264392
K07714	0.3227108
K07715	0
K07716	0
K07717	2.4203308
K07718	165.0127739
K07719	2.9043969
K07720	164.6900631
K07722	0
K07723	3.8725292
K07724	4.0298508
K07726	36.7527229
K07727	44.0500201
K07729	58.4068075
K07733	38.0597015
K07734	90.4477613
K07735	60.7675907
K07736	35.2561517
K07737	55.1912252
K07738	96.6922146
K07739	0
K07740	0
K07741	1.2908431
K07742	38.3219039
K07746	0
K07749	56.1315047
K07751	0
K07757	0
K07768	0
K07770	2.5816861
K07771	0
K07772	0
K07773	0
K07774	156.268657
K07775	0
K07776	0
K07777	34.126664
K07778	0
K07780	0
K07781	0
K07782	17.9104478
K07783	0.4264392
K07784	0.3227108
K07785	0
K07786	0
K07787	23.2196162
K07788	72.0895523
K07789	76.1194031
K07790	0
K07791	2.1321961
K07792	0.9105054
K07793	62.2388061
K07794	58.2089553
K07795	58.2089553
K07796	0
K07797	0
K07798	23.2196162
K07799	58.2089553
K07800	0
K07801	0
K07802	0
K07803	0
K07804	0
K07805	0
K07806	0
K07807	0
K07810	0
K07811	0
K07812	24.3404599
K07813	109.6409842
K07814	22.8586796
K07816	4.6793061
K07821	0
K07823	0
K07824	0
K07862	0.3227108
K07978	0
K07979	40.5808793
K07991	0
K08068	0
K08070	0.1613554
K08077	0
K08082	0
K08083	0
K08084	0
K08085	0
K08086	58.2089553
K08087	0
K08088	0
K08092	0
K08093	0.8067769
K08094	0.9681323
K08097	0
K08100	0
K08137	0
K08138	2.9850746
K08139	0
K08151	18.7172247
K08152	0
K08153	0.4840662
K08154	0
K08156	81.4285715
K08159	0
K08160	0
K08161	0
K08162	0
K08163	0
K08164	4.1912061
K08166	21.9402986
K08167	58.2089553
K08168	0
K08169	122.5799575
K08170	0.3227108
K08172	0
K08173	0
K08174	0
K08177	0.6454215
K08178	0
K08191	2.9850746
K08194	18.7172247
K08195	25.9701493
K08196	0
K08217	26.3969726
K08218	62.0469084
K08219	0
K08220	0
K08221	0
K08222	0.74915
K08223	25.1443555
K08224	42.2509077
K08225	0
K08226	0
K08227	0
K08234	1.9362646
K08252	0
K08253	0
K08255	0
K08256	0
K08258	10.9452736
K08259	0
K08261	0
K08276	0
K08277	0
K08278	0
K08279	0
K08280	0
K08281	38.3662767
K08282	0
K08289	61.1940299
K08295	58.2089553
K08296	0
K08297	11.106629
K08298	0
K08299	11.106629
K08300	58.2089553
K08301	99.8386446
K08302	3.5498184
K08303	106.0064541
K08304	58.2089553
K08305	58.2089553
K08306	0
K08307	61.1940299
K08308	0
K08309	64.0177491
K08310	0.1613554
K08311	58.2089553
K08312	0
K08313	0.1613554
K08314	1.9362646
K08315	0
K08316	0.4840662
K08317	0.1613554
K08318	30
K08319	0
K08320	0
K08321	0
K08322	0
K08323	22.2630093
K08324	0
K08325	2.6162623
K08326	0
K08344	0
K08348	0
K08349	0
K08350	0
K08351	30
K08352	0
K08353	0
K08354	0
K08355	0
K08356	0
K08357	34.0298508
K08358	34.0298508
K08359	34.0298508
K08363	18.0718032
K08364	17.9104478
K08365	17.9104478
K08368	0
K08369	9.0278338
K08372	0
K08384	72.7712787
K08475	0
K08476	0
K08477	0
K08478	0
K08481	0
K08482	0
K08483	107.7988436
K08484	0
K08485	0
K08566	0
K08567	0
K08586	0
K08587	1.9362646
K08589	0
K08590	4.2759177
K08591	126.9463494
K08598	0
K08600	56.1785666
K08602	35.9015732
K08603	0
K08604	0
K08605	0
K08641	2.5586354
K08642	0
K08643	0
K08651	0
K08652	0
K08659	32.8358209
K08675	0
K08676	2.1321961
K08677	0
K08679	2.0284677
K08680	0
K08681	13.7920436
K08682	0
K08685	0
K08686	0
K08688	0
K08689	0
K08690	4.0298508
K08691	0
K08692	0
K08693	0.3227108
K08698	0
K08710	0
K08713	0
K08714	0
K08715	0
K08717	1.7057569
K08720	0
K08721	21.9402986
K08722	0.8067769
K08723	0
K08724	0
K08728	0
K08738	112.3880598
K08777	0
K08884	75.2953379
K08900	0
K08926	0
K08927	0
K08928	0
K08929	0
K08930	0
K08939	0
K08963	36.3856393
K08964	0
K08965	0
K08966	0
K08967	0
K08969	0
K08970	0
K08972	58.5316661
K08973	58.2089553
K08974	45.8210876
K08976	0
K08977	0
K08978	14.2184828
K08981	1.7749092
K08982	2.2589754
K08983	46.1194031
K08984	55.1472369
K08985	0
K08986	2.2589754
K08987	0.4840662
K08988	0
K08989	17.9104478
K08990	0
K08992	0
K08993	0
K08994	72.0895523
K08995	46.1194031
K08996	8.0597015
K08997	0
K08998	77.1413204
K08999	2.9850746
K09000	1.1294877
K09001	58.3703107
K09002	11.5906952
K09003	4.0298508
K09004	18.394514
K09005	62.5615168
K09007	58.5316661
K09008	58.2089553
K09009	0
K09011	3.3077854
K09013	38.7252924
K09014	15.0598359
K09015	2.9850746
K09016	0
K09017	8.5437677
K09018	0
K09019	24.1791045
K09020	0
K09021	0
K09022	32.9971763
K09023	0
K09024	4.0298508
K09116	0.6454215
K09117	99.5159338
K09118	4.19524
K09120	0
K09121	36.8697055
K09122	0
K09123	52.5494151
K09124	11.7981521
K09125	61.1940299
K09126	0.4840662
K09127	1.1294877
K09128	44.4897136
K09129	0
K09131	0
K09134	0.3227108
K09136	0.3227108
K09137	4.6752723
K09138	0.4840662
K09141	0
K09144	0
K09145	0.1613554
K09146	0
K09153	0.8067769
K09154	0
K09155	4.1376131
K09157	36.973434
K09158	58.2089553
K09159	58.2089553
K09160	0
K09161	0
K09162	0
K09163	0.3227108
K09164	0
K09165	54.1791045
K09166	0
K09167	1.7749092
K09181	63.0916845
K09190	0
K09251	0.6454215
K09252	0
K09384	0.1613554
K09386	34.0298508
K09388	0
K09456	54.1791045
K09457	3.6304961
K09458	120.0228587
K09459	1.8671123
K09461	42.0895523
K09469	1.4406731
K09470	0
K09471	0
K09472	46.1194031
K09473	0
K09474	0.8528785
K09475	0
K09476	0
K09477	0
K09483	0
K09516	0
K09607	0.4840662
K09612	0
K09680	1.6596554
K09681	0
K09682	0
K09683	0
K09684	0.4840662
K09685	5.1633723
K09686	378.9544553
K09687	326.107301
K09688	36.2686567
K09689	54.1791045
K09690	69.5161259
K09691	130.7074666
K09692	34.126664
K09693	0.4840662
K09694	24.1791045
K09695	32.238806
K09696	25.1176549
K09697	25.1176549
K09698	0.3227108
K09699	21.9402986
K09700	0.1613554
K09701	4.0298508
K09702	27.7223919
K09703	18.2331586
K09704	14.1493305
K09705	40.8027431
K09706	34.2880194
K09707	0.9681323
K09709	66.2686568
K09710	84.5367756
K09711	0.1613554
K09712	4.0298508
K09720	0
K09726	0
K09729	1.1294877
K09740	0
K09744	0
K09747	96.85357
K09748	99.5735608
K09749	93.14643
K09758	23.1083962
K09759	36.8697055
K09760	60.7675907
K09761	78.1094527
K09762	38.6446147
K09763	0
K09764	4.5179507
K09765	80.092011
K09766	37.8378378
K09767	54.3404599
K09768	95.4903091
K09769	0.8067769
K09770	15.9472905
K09771	22.2630093
K09772	38.6446147
K09773	61.5974184
K09774	58.2089553
K09775	1.2908431
K09776	0.9681323
K09777	38.1605486
K09778	0.3227108
K09779	39.1286809
K09780	102.6986689
K09781	17.9104478
K09785	0
K09786	57.0835015
K09787	16.9154228
K09788	90.7704721
K09789	1.7057569
K09790	54.7607523
K09791	58.2089553
K09792	0.1613554
K09793	1.7057569
K09794	62.2388061
K09795	0
K09796	72.0895523
K09797	1.6020285
K09798	0
K09799	0.3227108
K09800	58.2089553
K09801	58.2089553
K09802	0
K09803	47.2139304
K09804	0
K09805	4.3525615
K09806	58.2089553
K09807	2.4088054
K09808	65.4699476
K09809	0
K09810	62.484873
K09811	100.8067769
K09812	99.8386446
K09813	0
K09814	0
K09815	9.6006453
K09816	8.69014
K09817	9.1165792
K09818	0
K09819	0
K09820	0
K09822	0
K09823	58.2089553
K09824	0
K09825	40.0276609
K09826	0
K09835	0.3227108
K09836	0
K09844	0
K09845	0
K09846	0
K09857	58.2089553
K09858	50.1492538
K09859	17.9104478
K09860	0
K09861	73.4301466
K09862	0
K09880	0
K09882	0
K09883	0
K09888	99.25085
K09889	54.1791045
K09890	0.1613554
K09891	0
K09892	0
K09893	0
K09894	0
K09895	0
K09896	0
K09897	0
K09898	0
K09899	0
K09900	0
K09901	0
K09902	0
K09903	100
K09904	0
K09906	0
K09907	0
K09908	0
K09909	0
K09910	0
K09911	0
K09912	0
K09913	2.5816861
K09914	0
K09915	0
K09916	0
K09917	0
K09918	0
K09919	54.1791045
K09920	0
K09921	58.2089553
K09922	2.8813461
K09923	4.0298508
K09924	1.7057569
K09925	0
K09926	34.0298508
K09927	0
K09928	0
K09929	4.0298508
K09930	32.8842275
K09931	1.6135538
K09932	58.2089553
K09933	58.2089553
K09934	0
K09935	13.0428936
K09936	15.0020168
K09937	0
K09938	0
K09939	56.3113007
K09940	1.2793177
K09941	46.1194031
K09942	0
K09943	72.0895523
K09944	0
K09945	0
K09946	36.4300121
K09947	54.1791045
K09948	0
K09949	0
K09950	0
K09951	0.74915
K09952	11.9595075
K09953	0
K09954	58.2089553
K09955	62.7941374
K09956	0
K09957	1.6135538
K09958	16.119403
K09959	17.9104478
K09960	25.9701493
K09961	25.9701493
K09962	0
K09963	4.8406615
K09964	0.4264392
K09965	58.2089553
K09966	0
K09967	61.6915423
K09968	0
K09969	204.6268659
K09970	78.358209
K09971	78.358209
K09972	128.5074628
K09973	1.3945715
K09974	0.9681323
K09975	38.0597015
K09976	0
K09977	0
K09978	0
K09979	0
K09980	0
K09981	0
K09982	0
K09983	35.8208956
K09984	17.9104478
K09985	0
K09986	0
K09987	0
K09988	0.4840662
K09989	58.3703107
K09990	76.1194031
K09991	0
K09992	0
K09994	0.4264392
K09996	0
K09997	0
K09998	0
K09999	0
K10000	0
K10001	118.2089554
K10002	118.2089554
K10003	102.0895524
K10004	106.1194032
K10005	0
K10006	0
K10007	0
K10008	0
K10009	85.7576981
K10010	96.7029717
K10011	8.0597015
K10012	0.1613554
K10013	0
K10014	0
K10015	0
K10016	0
K10017	0
K10018	0
K10019	0
K10020	0
K10021	0
K10022	0
K10023	0
K10024	0
K10025	0
K10026	2.9043969
K10027	0
K10036	58.2089553
K10037	58.2089553
K10038	58.2089553
K10039	0.4840662
K10040	0.9681323
K10041	0.4840662
K10094	0
K10107	58.2089553
K10108	0
K10109	0
K10110	0
K10111	0
K10112	36.8697055
K10117	75.0302541
K10118	40.7422347
K10119	62.3100712
K10120	0.1613554
K10121	0.1613554
K10122	0.1613554
K10124	0
K10125	21.9402986
K10126	21.9402986
K10188	33.6425978
K10189	33.6425978
K10190	33.4812424
K10192	11.106629
K10193	11.106629
K10194	11.106629
K10195	0
K10200	0.4840662
K10201	0.4840662
K10202	0.4840662
K10206	38.022244
K10208	0
K10209	0
K10210	0
K10211	0
K10212	0
K10213	0.1613554
K10215	0
K10216	0
K10217	39.8507464
K10218	8.0597015
K10219	0
K10220	0
K10221	0
K10222	0
K10227	0
K10228	0
K10229	0
K10230	0
K10231	0.4840662
K10232	0
K10233	0
K10234	0
K10236	0
K10237	0
K10238	0
K10240	0
K10241	0
K10242	0.1613554
K10243	0
K10253	17.9104478
K10254	36.3856393
K10255	0
K10297	0
K10353	0.1613554
K10439	89.5282276
K10440	86.0857873
K10441	60.5997042
K10530	0
K10531	17.9104478
K10533	0
K10536	53.0052441
K10537	0.4840662
K10538	0
K10539	0.1613554
K10540	68.5760387
K10541	34.2880194
K10542	34.2880194
K10543	1.1294877
K10544	0.3227108
K10545	0.3227108
K10546	1.6135538
K10547	1.4521985
K10548	1.6135538
K10549	0
K10550	0
K10551	0
K10552	0
K10553	0
K10554	0
K10555	0
K10556	0
K10557	0
K10558	0
K10559	0.3227108
K10560	0.3227108
K10561	0.3227108
K10562	0.3227108
K10563	59.2231891
K10564	0
K10565	0
K10616	0
K10617	0
K10618	0
K10619	0
K10620	0
K10621	17.9104478
K10622	17.9104478
K10623	0
K10670	4.6793061
K10671	0
K10672	0
K10673	0
K10674	46.1194031
K10676	21.9402986
K10677	0
K10678	0
K10679	0
K10680	40.2985075
K10681	0
K10682	0
K10702	0
K10708	0.1613554
K10709	0.8067769
K10710	0.8067769
K10711	0.1613554
K10713	0
K10714	0
K10716	68.4897905
K10748	0
K10762	0
K10763	58.2089553
K10764	0
K10773	100.1613554
K10778	46.5458423
K10780	0
K10783	0
K10793	3.0657523
K10794	2.7430415
K10795	0.9681323
K10796	1.2908431
K10797	14.6564475
K10798	0
K10800	0
K10804	58.3703107
K10805	0
K10806	58.2089553
K10810	0
K10811	1.2908431
K10814	0
K10815	0
K10816	0
K10819	0.4840662
K10822	0
K10823	44.1266639
K10824	0
K10826	0
K10831	18.2331586
K10834	0
K10843	0
K10844	0.3227108
K10850	0
K10851	0
K10852	40.438541
K10854	0
K10855	0
K10856	0
K10857	0
K10906	0
K10907	38.9673255
K10908	0
K10914	0.3227108
K10915	0
K10918	0
K10924	0
K10926	0
K10927	0
K10930	0
K10931	0
K10932	0
K10934	0
K10938	17.9104478
K10939	0
K10941	0
K10942	0
K10943	0
K10947	41.1456232
K10954	0
K10960	0
K10962	0
K10965	0
K10972	0
K10973	0
K10974	1.7749092
K10975	0
K10979	38.8664785
K10984	0.3227108
K10985	0.3227108
K10986	0.3227108
K11003	28.3703106
K11004	20.3106091
K11005	24.1791045
K11006	0
K11007	0
K11008	20.1492537
K11011	0
K11012	0
K11013	0
K11014	0
K11015	0
K11016	0
K11017	0
K11020	0
K11021	0
K11023	28.2089552
K11024	12.0895522
K11025	16.119403
K11026	16.119403
K11027	16.119403
K11029	24.1791045
K11031	1.4521985
K11032	0.1613554
K11033	0
K11034	0
K11035	0
K11036	0
K11037	0
K11038	0
K11039	0
K11040	0
K11041	1.9362646
K11042	0
K11043	0
K11044	0
K11045	0
K11046	1.6135538
K11047	0
K11048	0
K11049	0
K11050	0.3227108
K11051	0.4840662
K11052	0
K11053	0
K11054	0
K11055	0
K11056	0
K11058	0.1613554
K11059	0.4840662
K11060	0.4840662
K11061	0.3227108
K11062	0.3227108
K11063	0.3227108
K11065	5.7281161
K11066	58.2089553
K11068	71.7222766
K11069	40.3964732
K11070	29.4511995
K11071	41.2032501
K11072	40.8805393
K11073	58.2089553
K11074	58.2089553
K11075	58.2089553
K11076	58.2089553
K11081	0
K11082	0
K11083	0
K11084	0
K11085	60.5025068
K11089	0
K11102	1.6135538
K11103	21.9402986
K11104	32.8358209
K11105	5.7281161
K11106	0
K11107	0
K11139	0
K11144	0
K11145	38.8059701
K11159	0
K11175	92.5280931
K11177	4.0298508
K11178	4.0298508
K11179	0
K11183	0
K11184	33.1585317
K11189	186.5133791
K11191	0
K11192	0
K11194	0
K11195	0
K11196	0
K11198	0.1613554
K11199	0.1613554
K11200	0.1613554
K11201	0
K11202	0.4840662
K11203	0.4840662
K11208	54.1791045
K11209	4.0298508
K11210	0
K11211	58.2089553
K11212	0
K11214	0
K11216	0
K11249	0
K11250	0
K11258	0
K11261	2.09762
K11263	0
K11264	0
K11275	0
K11311	0
K11312	0
K11325	0
K11329	0
K11333	0
K11334	0
K11335	0
K11336	0
K11337	0
K11357	0
K11358	37.8378378
K11381	37.8493633
K11382	0
K11383	0
K11384	0
K11387	0
K11391	0
K11392	0
K11440	0
K11441	0
K11442	0
K11443	0
K11444	21.9402986
K11472	58.2089553
K11473	76.1194031
K11474	42.0895523
K11475	39.8507464
K11476	0
K11477	0
K11527	2.7199908
K11529	0
K11530	0.3227108
K11531	0
K11532	0
K11533	0
K11534	0.3227108
K11535	0.8067769
K11537	2.9850746
K11601	0
K11602	0
K11603	0
K11604	0
K11605	0
K11606	0
K11607	0
K11614	0.1613554
K11615	0.1613554
K11616	0.1613554
K11617	0
K11618	0
K11619	0
K11620	0
K11621	0.6454215
K11622	0
K11623	0.6454215
K11624	0.6454215
K11625	0
K11626	0
K11629	0
K11630	0
K11631	0
K11632	0
K11633	0
K11634	0
K11635	1.9362646
K11636	1.9362646
K11637	0
K11638	0
K11639	0
K11640	0
K11641	0
K11645	3.14643
K11646	0.1613554
K11685	0
K11686	0
K11688	16.119403
K11689	4.0298508
K11690	43.9922012
K11691	0
K11692	0
K11693	0
K11694	0
K11695	0.4264392
K11704	0
K11705	0
K11706	0
K11707	0
K11708	0
K11709	0
K11710	0
K11711	4.0298508
K11712	4.0298508
K11717	15.2211913
K11719	58.2089553
K11720	61.1940299
K11731	55.9701493
K11732	0
K11733	50.7987092
K11734	0
K11735	17.9104478
K11736	0
K11737	1.7749092
K11738	0
K11739	0
K11740	17.9104478
K11741	97.568144
K11742	0
K11743	0
K11744	0
K11745	0
K11746	0
K11747	21.9402986
K11748	0
K11749	97.7410246
K11750	0
K11751	0
K11752	99.5159338
K11753	100
K11754	100.3227108
K11755	36.7890278
K11777	0
K11779	0
K11780	0
K11811	76.1194031
K11814	0
K11815	0
K11890	60.0000001
K11891	68.0597016
K11892	68.0597016
K11893	68.0597016
K11894	0
K11895	64.0298509
K11896	68.0597016
K11897	60.0000001
K11898	38.0597015
K11900	64.0298509
K11901	64.0298509
K11902	60.0000001
K11903	64.0298509
K11904	0
K11905	4.0298508
K11906	60.0000001
K11907	68.0597016
K11909	0
K11910	4.0298508
K11911	0
K11912	0
K11913	0
K11914	0
K11915	0
K11916	0
K11917	0
K11918	4.0298508
K11919	0
K11920	0
K11921	17.9104478
K11922	0
K11923	0
K11924	0
K11925	0
K11926	0
K11927	70.9249122
K11928	23.020035
K11929	0
K11930	0.1613554
K11931	50.1492538
K11932	0
K11933	0
K11934	0.8528785
K11935	17.9104478
K11936	50.63332
K11937	17.9104478
K11938	0
K11939	46.1194031
K11940	0
K11941	0
K11942	0
K11959	39.8507464
K11960	39.8507464
K11961	39.8507464
K11962	39.8507464
K11963	39.8507464
K11987	0
K11991	92.8237193
K11996	0.5877946
K12054	0
K12055	25.9701493
K12056	0
K12057	0
K12058	0
K12059	0
K12060	0
K12061	0
K12062	0
K12063	0
K12064	0
K12065	0
K12066	0
K12067	0
K12068	0
K12069	0
K12070	0
K12071	0
K12072	0
K12078	12.0895522
K12079	12.0895522
K12080	12.0895522
K12081	12.0895522
K12082	12.0895522
K12083	12.0895522
K12084	12.0895522
K12085	12.0895522
K12106	0
K12111	0.3227108
K12112	0
K12113	0
K12136	0
K12137	0.3227108
K12138	0
K12139	0
K12140	0.3227108
K12141	0.3227108
K12142	0
K12143	0
K12144	0
K12145	0
K12146	0
K12147	0
K12148	0
K12149	0
K12151	0
K12152	0
K12203	0
K12204	0
K12206	0
K12207	0
K12209	0
K12212	0
K12213	0
K12214	0
K12217	0
K12218	0
K12234	0
K12238	0
K12239	0
K12240	0
K12241	0
K12242	0
K12243	17.9104478
K12246	0
K12247	0
K12248	0
K12251	36.466317
K12252	0
K12253	0
K12254	0
K12255	0
K12256	0
K12257	36.6276724
K12262	25.9701493
K12263	0
K12264	0
K12265	0
K12266	21.9402986
K12267	3.1003284
K12268	0
K12269	0
K12270	0
K12276	0
K12278	0
K12279	0
K12280	0
K12281	0
K12282	0
K12283	0
K12284	0
K12285	0
K12286	0
K12287	0
K12288	0
K12289	0
K12290	0
K12291	0
K12292	0
K12293	0
K12294	0
K12295	0
K12296	0
K12297	0
K12299	0
K12308	84.6846846
K12339	58.2089553
K12340	80.2985075
K12342	0
K12343	2.5586354
K12368	0
K12369	0
K12370	0
K12371	0
K12372	0
K12373	22.8202614
K12410	41.4683339
K12415	0
K12428	0
K12436	0
K12437	0
K12452	2.24745
K12453	0
K12454	1.0142338
K12455	0
K12500	0
K12503	0
K12506	0
K12507	4.1912061
K12508	0
K12509	0
K12510	151.3513515
K12511	97.8822107
K12512	0
K12513	0
K12514	0
K12515	0
K12516	0
K12517	0
K12518	0
K12519	0
K12520	0
K12521	0
K12522	0
K12523	0
K12524	2.9850746
K12525	0
K12527	2.09762
K12528	0
K12529	0
K12530	0
K12531	0
K12532	0
K12536	0
K12537	0
K12538	0
K12541	38.0597015
K12542	38.0597015
K12543	38.0597015
K12545	0
K12549	0
K12551	0
K12552	0
K12553	0
K12554	0
K12555	0
K12556	0
K12573	95.8087939
K12574	38.8059701
K12582	0
K12583	0
K12658	4.0298508
K12660	0
K12661	0
K12678	0
K12680	0
K12681	16.119403
K12682	12.0895522
K12683	4.0298508
K12684	0
K12685	0
K12686	0
K12687	0
K12688	20.1492537
K12689	0
K12690	0
K12700	0.1613554
K12784	0
K12785	0
K12786	0
K12787	0
K12788	0
K12789	0
K12790	0
K12809	0
K12940	0.9681323
K12941	18.7172247
K12942	3.9532069
K12943	0
K12944	0
K12945	0
K12949	0
K12950	0.3227108
K12952	0
K12957	0
K12960	35.2561517
K12961	0
K12962	17.9104478
K12963	0
K12972	96.2686568
K12973	54.1791045
K12974	0
K12975	0
K12976	17.9104478
K12977	4.0298508
K12979	84.1791046
K12981	17.9104478
K12982	0
K12983	0
K12984	0
K12985	0
K12986	0
K12987	0
K12988	0
K12989	0
K12990	0.4840662
K12991	0
K12992	33.4812424
K12993	0
K12994	0
K12995	0.4264392
K12996	0.3227108
K12997	0.4264392
K12998	0
K12999	0
K13001	0.4264392
K13002	0.4264392
K13004	0.4264392
K13005	0
K13006	0.1613554
K13007	21.9402986
K13008	0
K13009	0
K13010	0
K13012	22.0519027
K13013	0
K13014	0
K13015	3.0657523
K13016	17.9104478
K13017	58.2089553
K13018	58.5316661
K13019	39.1730537
K13020	40.2985075
K13021	0
K13028	0
K13037	0
K13038	99.5159338
K13039	0
K13040	0
K13041	0
K13043	2.9850746
K13049	0.1613554
K13051	58.6353945
K13052	22.0519027
K13053	0
K13057	0
K13059	0
K13060	0
K13061	0
K13063	0
K13069	72.0895523
K13075	0.3227108
K13085	0
K13243	4.0298508
K13244	0
K13252	0.1613554
K13255	17.9104478
K13256	0
K13274	0
K13275	0.1613554
K13276	0
K13277	0
K13280	1.6135538
K13281	2.5816861
K13282	3.8725292
K13283	0
K13284	0
K13285	0
K13286	0
K13287	0
K13288	58.2089553
K13292	98.1444131
K13300	0
K13301	0
K13378	2.9850746
K13381	0
K13408	17.9104478
K13409	17.9104478
K13421	0
K13450	0
K13451	0
K13452	0
K13454	0
K13461	0
K13472	0
K13478	0
K13479	2.09762
K13480	0
K13481	0
K13482	0
K13483	4.0298508
K13485	0
K13486	21.9402986
K13487	21.9402986
K13488	21.9402986
K13489	21.9402986
K13490	21.9402986
K13491	21.9402986
K13497	0
K13498	0
K13500	0
K13503	0.1613554
K13522	0
K13525	0
K13527	0
K13529	17.9104478
K13530	0.3227108
K13531	0
K13532	0
K13533	0
K13540	0
K13541	0
K13542	5.486083
K13543	0
K13570	0
K13571	0
K13572	0
K13573	0
K13574	0
K13580	0
K13581	28.8557214
K13582	0
K13583	0
K13584	0
K13585	0
K13587	0
K13588	0
K13589	0
K13590	0
K13591	0
K13592	0
K13593	0
K13598	0
K13599	0
K13607	1.2908431
K13611	0.1613554
K13612	0
K13613	0
K13614	0
K13615	0
K13620	0
K13622	0
K13626	27.0539195
K13628	58.2089553
K13629	0
K13630	0
K13631	0
K13632	0
K13633	0
K13634	58.2089553
K13635	17.9104478
K13636	0
K13637	0
K13638	0.4840662
K13639	32.238806
K13640	0
K13641	0
K13642	0
K13643	58.2089553
K13650	0
K13651	28.2089552
K13652	62.4387714
K13653	12.7470753
K13654	0
K13655	24.1791045
K13657	0
K13660	0
K13662	0
K13663	0
K13668	0
K13670	0
K13671	0
K13678	0.6454215
K13683	0
K13684	0
K13686	0
K13687	0
K13688	0
K13689	0
K13693	0
K13694	1.2793177
K13695	0
K13713	0
K13714	0
K13715	0
K13727	0
K13730	2.5816861
K13731	0
K13732	0
K13733	0
K13734	0
K13735	17.9104478
K13739	0
K13740	0
K13741	0
K13743	0
K13745	0
K13747	58.7279817
K13766	54.1791045
K13767	0
K13770	0
K13771	58.5316661
K13774	30
K13775	0
K13776	0
K13777	0
K13778	35.8208956
K13779	17.9104478
K13787	0
K13788	0
K13789	41.6296893
K13790	0
K13792	0
K13793	0
K13794	25.9701493
K13795	58.2089553
K13796	62.2388061
K13810	0
K13816	17.9104478
K13818	0
K13819	0
K13820	3.5498184
K13821	59.0618338
K13829	0
K13832	0
K13853	0.1613554
K13873	0
K13874	0
K13875	0
K13876	0
K13877	0
K13888	17.9104478
K13889	58.3703107
K13890	58.3703107
K13891	58.3703107
K13892	76.1194031
K13893	0
K13894	0
K13895	0
K13896	0
K13918	0
K13919	0
K13920	0.3227108
K13921	0.1613554
K13922	1.4521985
K13923	0
K13924	0
K13925	0
K13926	21.9402986
K13927	0
K13928	0
K13929	0
K13930	0
K13931	0
K13932	0
K13933	0
K13934	0
K13935	0
K13936	0
K13938	0
K13940	2.2589754
K13950	0.1613554
K13953	40.0121017
K13954	2.09762
K13955	0
K13963	33.4812424
K13979	0.4264392
K13990	0
K13991	0
K13992	0
K13993	10.2345415
K13995	0
K14028	0
K14029	0
K14048	0
K14051	17.9104478
K14052	0
K14053	0
K14054	0
K14055	0
K14056	0
K14057	0
K14058	58.2089553
K14059	20.3106091
K14060	4.0298508
K14061	0
K14062	0
K14063	0
K14064	0
K14065	0
K14067	0
K14080	2.4203308
K14083	0
K14084	0
K14086	0
K14087	0
K14088	0
K14089	0
K14090	0.1613554
K14091	0
K14136	0
K14138	0.4840662
K14153	0
K14155	78.533971
K14159	0
K14160	46.1194031
K14161	42.0895523
K14162	46.1194031
K14164	0
K14165	0
K14166	0
K14170	93.465107
K14187	0
K14188	55.1472369
K14189	0.4840662
K14192	0
K14193	0
K14194	0
K14195	0
K14196	0
K14197	0
K14198	0
K14199	0
K14200	0
K14201	0
K14202	0
K14203	0
K14204	0
K14205	0.9681323
K14257	0
K14260	0.1613554
K14261	58.2089553
K14266	0
K14267	50.1492538
K14268	0
K14269	0
K14287	58.2089553
K14326	0
K14333	54.1791045
K14335	0
K14337	0
K14338	0
K14339	0
K14340	0
K14347	58.2089553
K14348	0
K14387	0
K14392	0.1613554
K14393	58.2089553
K14414	4.0298508
K14415	6.2196738
K14441	95.9701492
K14445	1.0142338
K14446	0.1613554
K14447	0
K14448	0
K14449	17.9104478
K14470	32.238806
K14475	1.4521985
K14519	24.1791045
K14520	17.9104478
K14534	0.8067769
K14540	38.8059701
K14578	0
K14579	0
K14580	0
K14581	0
K14582	0
K14583	0
K14584	0
K14585	0
K14587	0
K14588	0
K14591	17.9104478
K14596	0
K14623	1.2793177
K14645	0
K14647	0
K14652	99.5159338
K14657	0
K14658	0
K14659	0
K14660	0
K14665	0.1613554
K14666	0
K14680	0
K14682	54.1791045
K14683	0
K14727	0
K14742	38.5437677
K14743	0
K14744	0
K14745	0
K14761	56.0669625
K14762	0
K14941	0
K14949	0
K14956	0
K14974	36.2686567
K14977	0.3227108
K14978	0
K14979	0
K14980	0
K14981	0
K14982	0
K14983	0
K14986	0
K14987	0
K14988	11.106629
K14989	0.1613554
K14998	54.1791045
K15011	54.1791045
K15012	54.1791045
K15016	0
K15023	0.4840662
K15024	1.1294877
K15034	58.2089553
K15045	0
K15051	0.1613554
K15054	4.0298508
K15058	21.9402986
K15059	21.9402986
K15060	0
K15064	0
K15065	0
K15067	21.9402986
K15125	126.7164181
K15126	12.0895522
K15228	17.9104478
K15229	17.9104478
K15253	4.0298508
K15256	0.4840662
K15257	0
K15268	58.3703107
K15269	22.1016539
K15270	34.0298508
K15311	0
K15312	0
K15313	0
K15327	0
K15328	0.3227108
K15329	0.1613554
K15337	0
K15342	25.5325688
K15344	0
K15345	0
K15346	0
K15347	0
K15349	0
K15350	0
K15351	0
K15352	0
K15353	0
K15354	0
K15355	0
K15357	62.2388061
K15358	0
K15359	0
K15367	0
K15368	0
K15371	0
K15372	0.9681323
K15373	0
K15383	1.1294877
K15396	0
K15408	4.0298508
K15431	0
K15460	3.14643
K15461	46.2807584
K15468	0
K15469	0
K15470	0
K15471	0
K15495	0
K15496	0
K15497	0
K15509	17.9104478
K15511	21.9402986
K15512	21.9402986
K15513	21.9402986
K15514	4.0298508
K15515	0
K15518	0
K15519	0
K15520	0
K15521	0
K15524	0.6454215
K15525	0
K15526	0
K15527	0
K15531	11.2679844
K15532	36.9619086
K15533	33.4812424
K15534	0
K15536	0
K15539	0
K15540	0
K15545	0
K15546	21.9402986
K15547	21.9402986
K15548	0
K15549	21.9402986
K15550	0
K15551	18.394514
K15552	34.3525616
K15553	38.8664785
K15554	52.4243648
K15555	49.2012909
K15556	0
K15557	0
K15558	0
K15576	17.9104478
K15577	17.9104478
K15578	17.9104478
K15580	39.7741024
K15581	17.2381336
K15582	60.907624
K15583	39.2900363
K15584	0
K15585	0
K15586	0
K15587	0
K15598	0.4840662
K15599	0.4840662
K15600	0.3227108
K15629	2.2589754
K15632	1.2908431
K15633	41.7910447
K15634	155.590772
K15635	14.8984805
K15640	0
K15644	0
K15645	0
K15646	0
K15647	0
K15648	0
K15649	0
K15650	0
K15651	0
K15652	0
K15654	0
K15655	0
K15656	0
K15657	0
K15658	0
K15659	0
K15660	0
K15661	0
K15662	0
K15663	0
K15664	0
K15665	0
K15666	0
K15667	0
K15668	0
K15669	0.9105054
K15674	0
K15675	0
K15676	0
K15677	0
K15678	0
K15679	0
K15721	0
K15722	0
K15723	0
K15724	58.2089553
K15725	24.4989339
K15726	26.2046908
K15727	24.4989339
K15733	0
K15735	0
K15736	0
K15737	4.0298508
K15738	99.0318677
K15739	0.1613554
K15746	0
K15750	0
K15758	0
K15760	0
K15761	0
K15762	28.2089552
K15763	0
K15764	0
K15765	28.2089552
K15770	111.2276456
K15771	66.8011295
K15772	88.6916768
K15773	16.119403
K15778	58.3703107
K15780	0
K15782	0
K15783	0
K15784	0
K15785	0
K15786	0
K15790	17.9104478
K15792	58.2089553
K15827	0
K15828	0
K15829	0
K15830	0
K15831	0
K15832	0
K15833	0
K15834	0
K15835	0
K15836	0
K15855	0
K15860	0
K15861	0
K15862	0
K15864	8.0597015
K15866	162.5373136
K15876	1.7057569
K15878	0
K15879	0
K15894	0
K15895	0
K15896	0
K15897	0
K15898	3.4345646
K15899	0
K15910	0
K15912	0
K15913	0
K15914	0
K15915	0
K15916	0
K15921	0.8067769
K15922	0.1613554
K15923	2.6738892
K15924	0.8067769
K15973	0.1613554
K15974	0
K15975	0
K15976	2.4203308
K15977	171.3646057
K15982	0
K15983	0
K15984	0.1613554
K15986	38.6446147
K15987	6.0508269
K16011	4.1912061
K16012	58.3703107
K16013	58.3703107
K16014	0
K16041	0
K16042	0
K16043	0
K16044	0
K16047	0
K16048	0
K16049	0
K16050	4.0298508
K16051	0
K16052	1.5559269
K16053	57.1641791
K16055	0.4264392
K16066	0
K16074	0
K16076	0
K16077	0
K16079	0
K16080	0
K16081	0
K16087	146.4179107
K16088	165.6716421
K16089	77.3560767
K16090	110.1492539
K16091	19.1897655
K16092	36.2686567
K16119	0
K16120	0
K16121	0
K16122	0
K16123	0
K16124	0
K16135	20.1492537
K16136	0
K16137	66.752723
K16138	0
K16139	0
K16140	0
K16146	0
K16147	34.0298508
K16148	0
K16150	0
K16152	0
K16153	0
K16157	0
K16158	0
K16161	0
K16163	0
K16164	0
K16165	84.1791046
K16167	0
K16168	0
K16169	0.1613554
K16170	0
K16171	17.9104478
K16173	0
K16176	0
K16188	0.1613554
K16199	0
K16200	0
K16201	0
K16202	0
K16203	46.4421138
K16209	0
K16210	1.4521985
K16211	2.5586354
K16212	36.3049617
K16213	35.774794
K16214	0
K16215	0
K16216	0.1613554
K16239	17.9104478
K16242	0
K16243	0
K16244	0
K16245	0
K16246	0
K16247	0
K16248	0
K16249	0
K16254	0
K16255	0
K16256	0
K16257	0
K16258	0
K16259	0
K16260	0
K16263	0
K16264	20.9531493
K16267	58.2089553
K16268	4.0298508
K16269	0
K16270	0
K16291	0
K16293	0
K16294	0
K16299	0
K16300	0
K16301	0
K16303	0
K16319	114.1791046
K16320	68.0597016
K16321	0
K16322	58.2089553
K16323	0
K16324	0
K16325	0
K16326	0
K16328	24.310878
K16329	1.7749092
K16331	0
K16345	24.9253732
K16346	0
K16347	0
K16348	0
K16363	2.9850746
K16370	1.6135538
K16371	0.1613554
K16423	0
K16473	0
K16509	0
K16511	66.9624849
K16514	0
K16515	24.1791045
K16516	0
K16517	0
K16552	0
K16555	0
K16557	0
K16558	0
K16563	0
K16564	0
K16566	0
K16592	1.2793177
K16593	0
K16619	0.8067769
K16623	1.1294877
K16624	0.4840662
K16625	0.4840662
K16626	0.4840662
K16635	0
K16636	0
K16637	0
K16638	0
K16644	0
K16647	0
K16648	0
K16649	0
K16650	0
K16651	3.0657523
K16652	0
K16653	0
K16654	0
K16692	28.8557214
K16693	0
K16694	0
K16695	0
K16697	0
K16698	0.74915
K16699	0
K16701	0
K16703	0
K16704	0
K16705	0
K16706	0
K16710	0.5877946
K16711	0
K16783	58.2089553
K16784	58.2089553
K16785	65.3758235
K16786	65.2144681
K16787	65.2144681
K16788	3.2271077
K16789	38.3219039
K16792	0
K16793	0
K16838	0
K16839	0
K16840	0
K16841	0
K16842	0
K16843	21.9402986
K16844	42.0895523
K16845	21.9402986
K16846	21.9402986
K16849	0.3227108
K16850	0.3227108
K16856	0
K16868	0
K16869	0
K16870	0
K16871	40.2985075
K16872	0
K16873	0
K16874	0
K16875	0
K16876	0
K16877	0
K16878	0
K16879	0
K16880	0
K16881	2.5816861
K16898	38.8059701
K16899	38.6446147
K16901	0
K16902	0
K16905	0.3227108
K16906	0.3227108
K16907	0.3227108
K16915	0
K16916	0
K16917	0
K16918	0
K16919	0
K16920	0
K16921	0
K16922	22.2630093
K16923	12.2361167
K16924	11.7520506
K16925	1.6135538
K16926	12.2361167
K16927	0.3227108
K16929	0
K16936	1.7057569
K16937	2.0284677
K16950	5.1633723
K16951	5.1633723
K16956	0
K16957	0.4840662
K16958	0.8067769
K16959	0.8067769
K16960	11.7520506
K16961	4.8406615
K16962	5.3247277
K16963	3.3884631
K16968	16.119403
K16969	16.119403
K17060	0
K17061	0
K17070	0
K17071	0
K17073	0.3227108
K17074	0.3227108
K17076	0.3227108
K17103	66.5187576
K17195	0
K17202	0
K17203	0
K17204	0
K17205	0
K17206	0
K17207	0
K17208	0
K17209	0
K17210	0
K17213	34.126664
K17214	0.8067769
K17215	0.8067769
K17216	0.3227108
K17217	0.3227108
K17218	35.8208956
K17222	17.9104478
K17223	17.9104478
K17224	17.9104478
K17225	17.9104478
K17226	17.9104478
K17227	17.9104478
K17228	0
K17229	0
K17230	0
K17234	33.1585317
K17235	33.1585317
K17236	33.1585317
K17237	0
K17238	0
K17239	0
K17240	0
K17241	0.1613554
K17242	0.1613554
K17243	0.1613554
K17244	0
K17245	0
K17246	0
K17247	58.2089553
K17248	0
K17249	0
K17250	0
K17251	0
K17285	0
K17292	0
K17315	0
K17316	0
K17317	0
K17318	129.7566222
K17319	95.952669
K17320	95.952669
K17321	54.1791045
K17322	42.0895523
K17323	54.1791045
K17324	42.0895523
K17325	54.1791045
K17363	0.1613554
K17364	0
K17398	0
K17462	0
K17463	0
K17464	0.1613554
K17465	0.1613554
K17466	0.1613554
K17467	0.1613554
K17468	0
K17472	0
K17473	0
K17474	0
K17485	0
