function.	GI_5
K00001	37.2511611
K00002	0.4764051
K00003	115.4396269
K00004	0
K00005	10.037173
K00007	0
K00008	14.1363451
K00009	1.3488795
K00010	1.9696881
K00011	0
K00012	105.9118537
K00013	96.1887593
K00014	106.6254782
K00015	0
K00016	89.3610114
K00018	5.3300443
K00019	99.1726433
K00020	83.658124
K00021	0
K00023	52.1305285
K00024	68.5496189
K00027	38.3864024
K00028	0
K00029	151.4015522
K00030	2.3681448
K00031	97.6487557
K00032	0
K00033	5.8142687
K00034	5.2130529
K00035	0
K00036	5.4403511
K00038	0
K00039	0
K00040	15.0019257
K00041	12.0850807
K00042	21.7246858
K00043	10.6753841
K00045	0
K00046	91.3161429
K00048	13.2078152
K00050	0
K00052	116.2955229
K00053	95.226067
K00054	5.2130529
K00055	5.4623313
K00057	99.7507214
K00058	169.8762837
K00059	666.3954526
K00060	2.1586699
K00064	0
K00065	1.9574186
K00066	0
K00067	82.2488786
K00068	1.9942272
K00073	0
K00074	152.6368799
K00075	97.6165906
K00076	0.2492784
K00077	93.9682459
K00082	0
K00086	1.3710312
K00087	1.8450489
K00088	99.6092182
K00090	0
K00091	0.7134139
K00094	0
K00096	8.4309985
K00097	114.3411244
K00098	5.2130529
K00099	99.9999998
K00100	21.428935
K00101	114.6871627
K00102	31.4029563
K00103	0
K00104	57.0534125
K00105	0
K00108	31.2783171
K00111	70.4759263
K00112	0.7035317
K00113	0.7035317
K00114	0
K00116	5.2130529
K00117	5.2130529
K00118	0
K00119	0
K00121	52.8783637
K00122	41.7044228
K00123	79.1929064
K00124	67.7696871
K00125	0
K00126	36.4913699
K00127	88.6218984
K00128	227.4975943
K00130	5.3376921
K00131	3.11598
K00132	1.869588
K00133	100.6231958
K00134	101.8695878
K00135	213.7351668
K00137	0
K00138	0
K00140	140.9894358
K00141	5.2130529
K00145	106.0941565
K00146	0
K00147	95.4630759
K00148	0
K00150	0
K00151	20.8522114
K00152	0
K00153	0
K00154	0
K00155	0
K00156	37.1899937
K00158	0
K00161	35.2040875
K00162	35.2040875
K00163	104.261057
K00164	53.9374325
K00166	5.2130529
K00167	5.2130529
K00169	54.6648591
K00170	35.1799616
K00171	46.449605
K00172	54.6648591
K00174	45.6059462
K00175	45.5936766
K00176	34.3605794
K00177	34.5655543
K00178	0
K00179	32.4181505
K00180	32.7699163
K00183	0
K00184	2.2833091
K00185	2.2833091
K00192	0
K00193	0
K00194	0.5986569
K00195	0
K00196	24.9074317
K00197	0.5986569
K00198	29.7438214
K00200	0
K00201	0
K00202	0
K00203	0
K00207	0
K00208	131.3279096
K00209	0
K00210	1.829685
K00215	125.4059883
K00216	0
K00217	5.2130529
K00218	0
K00219	15.8884369
K00220	0
K00221	0
K00224	0
K00226	110.2486552
K00228	52.1305285
K00230	1.3710312
K00231	5.2537069
K00232	0
K00239	69.2703561
K00240	64.3212386
K00241	63.8349513
K00242	52.1305285
K00243	21.0312728
K00244	64.0523046
K00245	5.2130529
K00246	5.2130529
K00247	5.2130529
K00248	12.0135014
K00249	99.0480041
K00252	78.1957927
K00253	36.4913699
K00255	0
K00256	0
K00257	145.9257981
K00258	0
K00259	7.1991804
K00260	1.4956704
K00261	52.3798069
K00262	99.6367155
K00263	0
K00265	58.1579936
K00266	115.7989908
K00270	0
K00271	0
K00274	7.7058369
K00275	58.4876077
K00276	0
K00278	52.1075623
K00280	0
K00281	61.3725903
K00282	4.1269741
K00283	4.0023349
K00284	3.4447068
K00285	260.6526425
K00286	123.531418
K00287	98.1648331
K00290	11.1029432
K00292	0
K00293	0
K00294	18.3596487
K00297	96.2435245
K00298	1.1217528
K00299	36.4913699
K00301	0
K00302	36.6160091
K00303	36.8652875
K00304	36.4913699
K00305	36.4913699
K00309	0.1246392
K00311	57.6953472
K00313	0.4985568
K00315	0
K00316	0
K00317	0
K00318	0.7035317
K00320	0
K00322	0
K00324	91.0696026
K00325	48.5492784
K00329	20.8522114
K00330	61.8489953
K00331	59.8320369
K00332	54.0620717
K00333	54.0620717
K00334	106.2374659
K00335	105.7522101
K00336	95.4674107
K00337	61.8489953
K00338	61.4972295
K00339	61.8489953
K00340	61.7243561
K00341	61.8489953
K00342	61.8489953
K00343	61.4972295
K00344	62.5566342
K00346	9.1939871
K00347	9.1939871
K00348	9.1939871
K00349	9.1939871
K00350	8.8422212
K00351	8.8422212
K00353	0
K00354	0
K00355	6.0633755
K00356	20.9768506
K00358	1.0863001
K00359	0.3739176
K00362	5.7116097
K00363	5.2130529
K00364	0.3739176
K00365	0
K00366	1.869588
K00367	0
K00368	0
K00370	10.4261057
K00371	10.4261057
K00372	5.8362489
K00373	10.4261057
K00374	10.4261057
K00375	194.9608586
K00376	5.5648187
K00378	53.430338
K00380	54.2891984
K00381	59.5022512
K00382	211.3893303
K00383	62.5566342
K00384	166.9707568
K00385	3.9884544
K00387	0
K00389	2.0789634
K00390	63.0362412
K00392	0.9528101
K00394	1.4588618
K00395	1.4588618
K00404	26.0652642
K00405	46.9174757
K00406	36.4913699
K00407	46.9174757
K00411	52.1305285
K00412	52.1305285
K00413	52.1305285
K00423	0
K00425	146.6649044
K00426	146.6649044
K00427	0
K00428	9.8113027
K00432	69.5648716
K00433	1.869588
K00435	0
K00436	0
K00441	0
K00442	0
K00446	5.2130529
K00448	5.2130529
K00449	5.2130529
K00450	15.6391585
K00451	52.1305285
K00452	0
K00453	52.1305285
K00455	20.8522114
K00456	0
K00457	52.1305285
K00459	99.0480041
K00462	0
K00466	0
K00467	0
K00469	0
K00470	5.2130529
K00471	0
K00472	0
K00476	0
K00477	26.0652642
K00478	0
K00479	0
K00480	72.9827399
K00481	0
K00483	0
K00484	0
K00485	5.2130529
K00486	0
K00491	0
K00492	0
K00493	0
K00495	0
K00496	0
K00499	0
K00500	0
K00505	0
K00507	52.1305285
K00508	0
K00510	0.623196
K00511	0
K00517	5.2130529
K00518	0
K00519	0
K00520	0
K00523	41.7044228
K00525	94.3871295
K00526	58.9773635
K00527	54.9020025
K00528	145.1901561
K00529	78.1957927
K00530	0
K00531	0.9749619
K00532	12.2667571
K00533	0.2492784
K00534	0
K00537	77.7332624
K00538	0.2492784
K00539	0
K00540	50.3188881
K00543	0
K00545	0
K00547	1.869588
K00548	99.1357966
K00549	58.079147
K00554	99.9999998
K00556	1.0552976
K00557	0.1246392
K00558	118.5939249
K00559	0
K00560	92.6832593
K00561	0
K00563	1.3464921
K00564	11.6435611
K00566	109.6514319
K00567	138.1516391
K00568	52.1305285
K00569	52.1305285
K00570	0
K00571	0.7345342
K00573	104.5103354
K00574	45.6806077
K00575	159.5092972
K00584	0
K00588	0.1246392
K00590	0
K00595	15.039161
K00596	0
K00598	5.4623313
K00599	11.8695611
K00600	118.8205679
K00602	103.1475618
K00603	6.268522
K00604	123.8970169
K00605	65.8390607
K00606	92.3776624
K00607	0
K00608	0
K00609	146.5657096
K00610	20.6130517
K00611	36.0007643
K00612	5.3376921
K00613	0
K00614	0
K00615	213.4331196
K00616	73.7278448
K00619	0.3517659
K00620	88.4821714
K00622	0
K00624	0
K00625	94.2192925
K00626	418.5563954
K00627	76.7838711
K00631	0
K00632	46.9174757
K00633	3.8875281
K00634	6.1034501
K00635	0
K00638	12.2062211
K00639	13.1424887
K00640	102.2435665
K00641	54.6409642
K00643	5.2130529
K00645	101.2463918
K00646	0
K00647	8.8015672
K00648	187.7793273
K00651	40.3022904
K00652	86.0218431
K00655	161.4857995
K00656	56.0932214
K00657	17.3861112
K00658	56.7287784
K00661	31.2757647
K00662	1.0996011
K00663	0.3517659
K00666	103.7789698
K00672	0
K00673	0
K00674	56.6757237
K00675	0.2370089
K00676	12.7397433
K00677	70.2148115
K00680	1.4823694
K00681	276.8928453
K00683	0
K00684	62.4224177
K00685	52.1305285
K00686	1.869588
K00687	0
K00688	57.8081797
K00689	0
K00690	3.4447068
K00691	3.2899027
K00692	0.623196
K00693	0
K00694	5.5869705
K00696	0
K00697	5.2130529
K00700	88.0659542
K00701	0
K00702	11.3942827
K00703	107.3475902
K00705	55.1334296
K00712	0
K00713	0
K00720	0
K00721	43.202415
K00729	0
K00737	0
K00745	0
K00748	63.1314196
K00752	0
K00754	1.869588
K00756	23.7103608
K00757	12.1140979
K00758	11.3942827
K00759	87.8434838
K00760	44.9906638
K00761	98.4512249
K00762	74.4900238
K00763	95.3701182
K00764	105.00043
K00765	93.4918877
K00766	91.9579139
K00767	99.0250379
K00768	42.2299017
K00769	0
K00772	22.9132045
K00773	99.6482339
K00776	0
K00777	0
K00782	6.8252628
K00783	99.5235947
K00784	24.3824538
K00785	0
K00786	12.0174787
K00788	109.0865806
K00789	100.8602047
K00790	192.3849755
K00791	108.7298514
K00793	93.5434641
K00794	103.5403652
K00795	52.1305285
K00796	91.0491801
K00797	39.5207829
K00798	82.6795927
K00799	359.7006467
K00800	123.0378435
K00801	1.806904
K00803	0
K00805	54.0706969
K00806	103.4898974
K00808	0
K00809	0
K00810	0
K00812	161.2130785
K00813	0
K00817	183.3370916
K00818	39.4715974
K00819	33.6470414
K00820	95.2243587
K00821	75.1563455
K00822	52.1305285
K00823	84.5084467
K00824	94.7074257
K00826	154.1370251
K00830	36.4913699
K00831	94.8278374
K00832	88.7465376
K00833	89.4854768
K00835	1.806904
K00836	36.6160091
K00837	28.5181453
K00839	2.3054608
K00840	0
K00841	0.3739176
K00842	0
K00843	0
K00844	3.0406243
K00845	68.0812633
K00847	54.4173869
K00848	12.3920247
K00849	22.1239865
K00850	102.7160541
K00851	0.2492784
K00852	6.1143637
K00853	1.7908632
K00854	24.1492997
K00855	0
K00856	52.6290853
K00857	15.0044514
K00858	99.8753606
K00859	99.311125
K00860	5.8452711
K00862	0
K00863	1.869588
K00864	90.4838655
K00865	84.3085557
K00867	0.3517659
K00868	58.0614642
K00869	0
K00870	0
K00872	3.7047547
K00873	77.4591019
K00874	34.7374733
K00875	0
K00876	65.7163455
K00878	16.3174096
K00879	2.6660774
K00880	0.1246392
K00881	0
K00882	12.6409176
K00883	0
K00884	0
K00885	0
K00886	0
K00887	0
K00891	131.8272154
K00892	0
K00893	0
K00895	8.4904554
K00897	2.6968716
K00899	2.2435056
K00901	61.7595342
K00903	0
K00906	36.4913699
K00912	63.4831854
K00917	24.2474271
K00918	0.1246392
K00919	99.9999998
K00924	0.1246392
K00925	93.8303656
K00926	12.4941266
K00927	100.124639
K00928	104.7851042
K00929	12.8167951
K00930	95.5434116
K00931	92.7784738
K00932	0
K00934	0.1246392
K00936	61.120591
K00937	77.7499389
K00938	0
K00939	100.124639
K00940	83.4348926
K00941	126.6065609
K00942	97.2006407
K00943	81.6304537
K00945	98.6865731
K00946	64.1867172
K00947	0
K00948	102.692984
K00949	41.4187554
K00950	92.9407923
K00951	106.7771879
K00952	0
K00954	99.8876302
K00955	25.5925829
K00956	35.4988782
K00957	84.6650744
K00958	0
K00960	0
K00962	99.8753606
K00963	98.4602076
K00965	11.7439041
K00966	25.7039211
K00968	2.5104357
K00969	99.0594592
K00970	57.4899146
K00971	16.7166872
K00972	8.2029846
K00973	40.8307144
K00974	110.5855855
K00975	70.0129741
K00978	37.6177914
K00979	63.6078246
K00980	1.5293153
K00981	102.6888582
K00982	52.1305285
K00983	39.0179562
K00984	26.6884602
K00985	0
K00986	0.609895
K00988	0
K00989	78.3463074
K00990	52.1305285
K00991	107.3393274
K00992	0.2492784
K00995	126.6196198
K00996	0
K00997	58.1628957
K00998	0
K00999	0
K01000	100.1123695
K01002	0
K01003	36.4913699
K01004	0
K01005	1.829685
K01006	47.1216361
K01007	56.2436221
K01008	35.2195588
K01011	66.794367
K01012	129.6814753
K01013	0
K01023	0.609895
K01026	2.568345
K01027	0
K01028	72.9827399
K01029	89.2450944
K01031	109.4741099
K01032	104.261057
K01034	4.7501701
K01035	3.1298605
K01036	0
K01039	5.4623313
K01040	5.5869705
K01041	1.21979
K01042	17.8826641
K01043	0
K01046	2.2312361
K01048	9.5617462
K01051	35.1229244
K01053	52.1305285
K01054	0
K01055	57.3435814
K01056	99.9999998
K01057	5.4181993
K01058	1.0552976
K01060	23.6610397
K01061	135.5393741
K01066	15.9444882
K01067	5.5869705
K01069	31.6522347
K01070	52.4822944
K01071	0.2492784
K01073	0
K01075	52.1305285
K01076	0
K01077	11.5614528
K01078	0
K01079	60.269218
K01081	58.7368861
K01082	5.9256069
K01083	0
K01085	1.4070634
K01087	5.2130529
K01089	7.0833919
K01090	29.9247258
K01091	314.31874
K01092	118.9377467
K01093	0
K01095	53.7020844
K01096	0
K01101	0
K01103	0
K01104	156.7201984
K01112	0
K01113	0
K01114	72.3234642
K01115	0
K01117	0
K01118	34.1450187
K01119	18.5974492
K01120	0
K01121	0
K01126	90.3098356
K01128	0.1246392
K01129	109.8526976
K01130	54.752474
K01133	10.4261057
K01138	0.3739176
K01139	20.8522114
K01141	0
K01142	150.6914309
K01143	0
K01144	3.9712827
K01146	0
K01147	52.1305285
K01150	36.4913699
K01151	31.9982565
K01152	0
K01153	44.4696525
K01154	74.5027512
K01155	15.1432413
K01156	40.165843
K01157	0
K01158	0
K01159	87.1108353
K01160	0
K01163	35.6268799
K01166	0
K01167	0
K01169	0
K01173	20.2609903
K01174	0
K01175	22.5460718
K01176	6.6285093
K01178	0
K01179	146.283871
K01180	0
K01181	54.940332
K01182	18.8053714
K01183	29.3678409
K01184	0
K01185	11.8553209
K01186	11.030635
K01187	33.1945102
K01190	43.2609838
K01191	15.6533953
K01192	11.989492
K01193	2.5315364
K01194	0.7035317
K01195	9.8937477
K01197	8.3778586
K01198	35.8779889
K01199	0
K01200	5.365497
K01201	6.2729722
K01202	0.609895
K01205	3.4948776
K01206	39.8080555
K01207	93.9770659
K01208	0
K01209	63.8354751
K01210	0
K01212	13.0969124
K01213	0
K01214	0
K01215	0
K01216	1.21979
K01218	29.3216798
K01219	0
K01220	0.3739176
K01222	3.2406192
K01223	13.3913037
K01224	34.1112082
K01225	34.182848
K01226	2.6174232
K01227	0.1246392
K01232	5.9826816
K01233	0.2492784
K01234	0.1246392
K01235	3.1352924
K01236	36.4913699
K01238	5.2130529
K01239	0.8724744
K01241	53.3909726
K01243	53.1639886
K01246	65.0805425
K01247	90.2299385
K01249	0
K01250	0.1246392
K01251	83.4791463
K01252	0
K01253	0
K01255	53.2522813
K01256	55.6254061
K01258	23.7466835
K01259	54.4765216
K01261	0
K01262	148.8522039
K01263	0
K01264	0
K01265	115.7153668
K01266	52.3798069
K01267	3.9432636
K01269	7.2787593
K01270	56.5520246
K01271	4.0997926
K01273	45.7578758
K01274	0
K01277	9.5457529
K01278	16.4646524
K01281	0
K01283	0
K01284	18.6461033
K01286	31.0147525
K01289	0
K01295	52.3798069
K01297	92.0686956
K01299	8.5891717
K01301	0
K01303	0
K01304	6.7426227
K01305	15.1868679
K01308	33.7090732
K01318	0.1246392
K01322	8.0271797
K01338	141.025122
K01342	0
K01347	0
K01354	0.3517659
K01355	0
K01356	88.5448554
K01358	129.3849187
K01361	0.5986569
K01362	34.2115957
K01364	0
K01372	10.0620112
K01376	0
K01387	1.9942272
K01389	0
K01390	0
K01392	0
K01399	0
K01400	0
K01401	0
K01406	0
K01407	0
K01408	0
K01409	100.3616478
K01412	0
K01414	53.9374325
K01415	0
K01417	14.8679261
K01419	46.9174757
K01420	98.2371152
K01421	28.6057902
K01422	2.5553685
K01423	0.1246392
K01424	64.0438122
K01425	15.6344719
K01426	198.3452867
K01428	65.7852945
K01429	53.8022372
K01430	65.321159
K01431	31.2783171
K01432	52.1305285
K01433	91.506881
K01434	5.2130529
K01436	12.0174787
K01438	109.7640423
K01439	56.2823744
K01442	71.3001069
K01443	46.9460029
K01444	0
K01446	0.7478352
K01447	30.778576
K01448	159.4277541
K01449	63.3527945
K01451	130.8027263
K01452	0
K01453	0
K01455	47.0421148
K01457	10.4261057
K01458	10.4261057
K01459	0
K01460	0
K01461	20.8522114
K01462	166.3926427
K01463	11.0493017
K01464	14.0038339
K01465	148.9736578
K01466	26.3145426
K01467	32.7534439
K01468	8.3791172
K01469	46.9174757
K01470	34.389325
K01471	0
K01473	119.9002155
K01474	114.6871627
K01476	39.1625269
K01477	0
K01478	8.9300771
K01479	52.5044461
K01480	99.258039
K01482	0
K01483	26.2900035
K01484	0
K01485	6.8333625
K01486	13.0975582
K01487	12.6185229
K01488	40.7668237
K01489	69.1471018
K01491	136.616009
K01492	2.43958
K01493	47.415218
K01494	76.8666302
K01495	42.2001612
K01496	56.5303166
K01497	0
K01499	0.1246392
K01500	0
K01501	26.4391818
K01502	0
K01503	0
K01504	0
K01505	0
K01506	0.1246392
K01507	54.1338615
K01512	46.651773
K01515	93.3164982
K01518	0
K01520	93.0120769
K01521	0
K01523	54.711143
K01524	94.1632746
K01525	52.1305285
K01529	0.1246392
K01531	19.8236874
K01533	103.5822814
K01534	95.3578486
K01535	5.2130529
K01537	75.8834527
K01541	0
K01545	0
K01546	56.8662609
K01547	51.653208
K01548	56.8662609
K01550	0.1246392
K01551	4.4028047
K01552	5.425633
K01554	0.1246392
K01555	52.1305285
K01556	46.9174757
K01560	79.1806368
K01561	5.2130529
K01563	0
K01564	0
K01565	0
K01567	0
K01569	1.246392
K01571	60.7744458
K01572	47.2516575
K01573	1.21979
K01574	5.5869705
K01575	0.623196
K01576	0.1246392
K01577	0
K01578	46.9174757
K01579	92.7270409
K01580	28.8606027
K01581	0
K01582	0.623196
K01583	22.7885653
K01584	57.3435814
K01585	10.2170236
K01586	107.5551051
K01588	100.124639
K01589	52.9586994
K01590	23.2871221
K01591	99.9999998
K01593	0
K01595	47.4160325
K01596	61.8224049
K01597	0
K01598	1.9315432
K01599	83.5361237
K01601	15.7637977
K01602	0
K01607	108.0315014
K01608	0
K01609	96.1482271
K01610	20.2816298
K01611	27.0140286
K01612	0
K01613	68.3975235
K01615	0
K01616	0
K01617	0
K01618	0.1246392
K01619	64.2410017
K01620	72.5645283
K01621	0
K01622	0
K01623	1.5317026
K01624	101.1636687
K01625	24.9816658
K01626	108.3059028
K01627	62.8732904
K01628	63.6492803
K01629	9.4661575
K01630	47.1667541
K01631	0
K01632	0
K01633	85.0880427
K01635	0
K01636	5.3376921
K01637	46.9174757
K01638	52.1305285
K01639	9.7815032
K01640	146.090119
K01641	0
K01643	1.1217528
K01644	199.2177611
K01646	0.9971136
K01647	171.6363464
K01649	167.9632522
K01652	532.2621754
K01653	95.5532938
K01654	39.2938365
K01655	0
K01657	91.0556767
K01658	96.5666752
K01659	31.2783171
K01661	10.6491252
K01662	104.6097926
K01664	1.4735187
K01665	31.4319145
K01666	7.9931606
K01667	6.2058878
K01668	0.1246392
K01669	10.5507449
K01671	0
K01673	92.3169425
K01674	0
K01676	53.4088456
K01677	62.4475572
K01678	62.3351876
K01679	52.7193032
K01681	178.5866108
K01682	46.9174757
K01684	0.1246392
K01685	17.4227728
K01686	18.3979062
K01687	249.5200578
K01689	111.2085581
K01690	0
K01692	260.6526425
K01693	89.1053674
K01695	94.6127532
K01696	94.5003835
K01697	0
K01698	84.8258821
K01699	0.2492784
K01703	179.0646268
K01704	199.8044686
K01706	0.2370089
K01707	5.2130529
K01708	5.3376921
K01709	37.3562435
K01710	130.8836748
K01711	20.9443742
K01712	8.3791172
K01713	0.3517659
K01714	271.9758258
K01715	72.0539544
K01716	0
K01719	62.3798132
K01720	46.9174757
K01721	10.4261057
K01722	0
K01724	52.2551677
K01725	5.3376921
K01726	10.6753841
K01727	0.2492784
K01728	5.4623313
K01729	5.2130529
K01730	0.8591734
K01732	0
K01733	126.3300593
K01734	52.58456
K01735	103.1902046
K01736	99.8876302
K01737	88.2718618
K01738	78.2845136
K01739	14.4650719
K01740	148.4369409
K01743	10.4261057
K01744	9.4116835
K01745	9.6925439
K01746	0.1246392
K01749	81.6526054
K01750	165.1615707
K01751	28.6581483
K01752	88.8362505
K01753	15.8884369
K01754	181.9557435
K01755	133.9043695
K01756	100.124639
K01758	0
K01759	70.8505984
K01760	172.1070339
K01761	3.5013907
K01766	0
K01768	0
K01770	99.9999998
K01771	1.9543242
K01772	53.8893578
K01774	0
K01775	146.1410194
K01776	40.3293277
K01777	1.246392
K01778	104.3359472
K01779	80.176719
K01780	0
K01781	0
K01782	31.2783171
K01783	100.3739174
K01784	87.0140237
K01785	42.6658279
K01786	10.3875298
K01787	9.7494693
K01788	6.8549924
K01790	127.966966
K01791	69.1125919
K01792	1.806904
K01795	5.2130529
K01796	36.4913699
K01797	0
K01798	0
K01799	109.4741099
K01800	10.4261057
K01801	31.2783171
K01802	17.0706111
K01803	98.9447022
K01804	13.64643
K01805	7.6139826
K01807	55.7943488
K01808	47.4090594
K01809	86.0074572
K01810	136.4913697
K01811	20.5638626
K01812	17.053477
K01813	9.4906966
K01814	96.1887593
K01815	16.7194126
K01816	26.8934352
K01817	89.5608936
K01818	6.9932019
K01819	0.9971136
K01820	0
K01821	91.9159826
K01822	0
K01823	0.4985568
K01825	0
K01826	26.0652642
K01828	0
K01829	0
K01834	89.1156072
K01835	55.3698114
K01838	0.9971136
K01839	34.4569084
K01840	24.8331456
K01841	27.3218542
K01843	4.4698395
K01844	1.5317026
K01845	83.71298
K01846	1.0996011
K01847	20.5947187
K01848	0.1246392
K01849	0.1246392
K01850	0
K01851	0
K01852	0
K01854	13.5660942
K01856	10.4261057
K01857	10.4261057
K01858	4.1984093
K01860	10.4261057
K01865	0
K01866	102.617423
K01867	99.9999998
K01868	100.7601045
K01869	99.8876302
K01870	99.7752605
K01872	94.3569781
K01873	99.9999998
K01874	100.9981448
K01875	101.6203094
K01876	123.387222
K01878	52.3798069
K01879	52.3798069
K01880	47.5078233
K01881	107.2633311
K01883	100.2492782
K01884	0
K01885	99.2865859
K01886	97.2824765
K01887	99.8876302
K01889	99.9999998
K01890	99.9999998
K01892	100.4985566
K01893	48.1432888
K01894	43.5113268
K01895	192.1876221
K01896	0
K01897	227.1387969
K01902	57.784076
K01903	57.784076
K01904	0
K01905	10.4261057
K01906	0
K01907	0
K01908	36.4913699
K01909	0
K01910	0.9971136
K01911	10.2973594
K01912	186.625972
K01913	10.4261057
K01914	42.0265875
K01915	187.9302656
K01916	0.4862873
K01917	0
K01918	97.9400938
K01919	38.9497327
K01920	52.1305285
K01921	100.0046583
K01922	2.0561824
K01923	100.124639
K01924	98.3078528
K01925	105.3937431
K01926	60.3061535
K01928	48.1555584
K01929	50.1755614
K01932	0
K01933	97.3031282
K01934	52.506019
K01935	86.6272677
K01937	99.5137126
K01938	46.1082546
K01939	108.0906147
K01940	97.4129996
K01941	10.6067961
K01945	99.6260822
K01947	0
K01950	97.7941901
K01951	149.9588264
K01952	101.8069038
K01953	180.0091456
K01955	142.5644379
K01956	121.2568625
K01958	29.3058834
K01959	0
K01960	12.595228
K01961	138.2746175
K01962	65.1330941
K01963	65.1330941
K01965	5.2130529
K01966	4.5982499
K01968	46.9174757
K01969	52.1305285
K01970	0
K01971	22.2232426
K01972	100.747835
K01974	0
K01975	56.1857488
K01976	0
K01989	84.7426308
K01990	184.0637064
K01991	64.8902489
K01992	230.1801485
K01993	58.0256476
K01994	0
K01995	857.1234453
K01996	861.8723627
K01997	872.8872431
K01998	893.390076
K01999	1056.4338117
K02000	56.2574528
K02001	56.2574528
K02002	103.1749285
K02003	334.7186475
K02004	338.9507583
K02005	48.2662709
K02006	35.4167643
K02007	36.6631563
K02008	33.9662847
K02009	4.3402203
K02010	255.0856435
K02011	260.5479748
K02012	210.4116735
K02013	181.766306
K02014	417.1421694
K02015	206.5430056
K02016	173.6178358
K02017	61.8055316
K02018	63.301202
K02019	53.2079778
K02020	110.3433169
K02021	0.1246392
K02022	2.7597141
K02023	16.6362721
K02024	0.3517659
K02025	102.9742362
K02026	52.9175777
K02027	63.8519343
K02028	272.7368626
K02029	408.5432576
K02030	461.801686
K02031	360.9621994
K02032	353.7549194
K02033	635.8812927
K02034	614.9289812
K02035	650.9902123
K02036	87.882194
K02037	86.07529
K02038	85.9629203
K02039	85.5805044
K02040	82.7482118
K02041	39.4935712
K02042	110.2654595
K02043	0
K02044	55.1327298
K02045	76.3093676
K02046	60.5578394
K02047	60.4454697
K02048	84.2192921
K02049	315.0797278
K02050	717.6876327
K02051	293.3378695
K02052	105.507449
K02053	174.6481672
K02054	90.7407648
K02055	143.6191285
K02056	45.8567304
K02057	103.859709
K02058	8.7823989
K02062	0
K02063	0
K02064	0
K02065	110.4006611
K02066	110.4006611
K02067	94.4097367
K02068	5.3378636
K02069	10.5509165
K02071	77.6859382
K02072	77.561299
K02073	203.1731242
K02074	52.1305285
K02075	53.0921894
K02076	0.1246392
K02077	54.1867109
K02078	143.76502
K02079	0
K02080	0.3517659
K02081	0.3517659
K02082	1.1217528
K02083	0.3616481
K02086	0
K02099	0.3616481
K02100	0.1246392
K02101	0
K02103	10.060303
K02106	125.487186
K02108	100.2246282
K02109	102.6967606
K02110	105.6183715
K02111	99.8752497
K02112	105.7307411
K02113	105.7307411
K02114	105.7307411
K02115	105.7307411
K02116	47.1667541
K02117	36.7240936
K02118	39.2939387
K02119	30.0112005
K02120	39.5333349
K02121	48.2513976
K02122	32.8081722
K02123	36.7240936
K02124	39.4063083
K02160	114.7477086
K02164	5.2130529
K02167	0.1246392
K02168	88.6218984
K02169	79.5939082
K02170	69.8306802
K02171	0
K02172	0
K02173	0.1246392
K02182	91.4434093
K02188	18.8808244
K02189	13.0294921
K02190	13.9624548
K02191	3.8416635
K02192	52.5044461
K02193	31.2783171
K02194	31.2783171
K02195	26.0652642
K02196	0
K02197	31.2783171
K02198	31.2783171
K02199	36.4913699
K02200	72.9827399
K02203	11.3055531
K02204	52.1305285
K02205	0.1246392
K02217	38.384387
K02221	78.4089914
K02224	19.2537106
K02225	0
K02226	34.8389364
K02227	43.7255721
K02228	0
K02229	0
K02230	5.511836
K02231	43.4885633
K02232	18.5290586
K02233	43.6009329
K02234	0
K02236	0
K02237	82.9701545
K02238	96.81958
K02239	0
K02240	0
K02241	24.4088749
K02242	3.4776281
K02243	0
K02244	0
K02245	0
K02246	0
K02247	0
K02248	0
K02249	0
K02250	0
K02251	0
K02252	0
K02253	0
K02254	0
K02255	0
K02258	0
K02259	52.1305285
K02274	78.5475586
K02275	52.4822944
K02276	47.2692415
K02277	0
K02278	83.8699136
K02279	53.2522813
K02280	83.4088456
K02281	0
K02282	52.2551677
K02283	113.2633603
K02291	54.2891984
K02293	0
K02297	78.1957927
K02298	93.8349513
K02299	93.8349513
K02300	93.8349513
K02301	52.4822944
K02302	57.5242718
K02303	5.5648187
K02304	27.7052907
K02305	5.2130529
K02313	99.5235947
K02314	103.774529
K02315	47.5716007
K02316	94.786947
K02317	0
K02319	0
K02334	112.5430769
K02335	111.2941823
K02336	0
K02337	100.2615478
K02338	99.8753606
K02339	52.1305285
K02340	97.1907585
K02341	99.8876302
K02342	130.8787927
K02343	99.1840984
K02344	0
K02345	0
K02346	94.8898453
K02347	0
K02348	2.6977589
K02351	20.8522114
K02352	0
K02355	173.1635209
K02356	101.0552974
K02357	99.9999998
K02358	155.1341386
K02361	8.8422212
K02362	0
K02363	0.1123697
K02364	0
K02371	29.8888672
K02372	87.7590359
K02377	18.1351329
K02379	37.2269356
K02380	5.2130529
K02381	0
K02382	0
K02383	0
K02384	0
K02385	20.4025627
K02386	46.9174757
K02387	81.7851103
K02388	81.660471
K02389	81.7851103
K02390	82.0343887
K02391	46.9174757
K02392	111.439692
K02393	46.9174757
K02394	46.9174757
K02395	64.8051026
K02396	113.2874865
K02397	81.7851103
K02398	78.9635994
K02399	46.9174757
K02400	55.719846
K02401	57.6362284
K02402	46.9174757
K02403	46.9174757
K02404	60.6836204
K02405	70.3908276
K02406	131.3726346
K02407	95.3380564
K02408	86.7488847
K02409	78.9635994
K02410	86.8735239
K02411	78.9635994
K02412	86.9981631
K02413	86.9981631
K02414	65.1777747
K02415	63.3371234
K02416	81.7851103
K02417	81.9097495
K02418	75.6038804
K02419	66.0213125
K02420	65.8966733
K02421	55.1200472
K02422	89.8196739
K02423	52.1305285
K02424	78.7504008
K02425	0
K02426	11.829062
K02427	52.1305285
K02428	111.1156479
K02429	18.3253399
K02430	0
K02431	3.243614
K02433	284.4355031
K02434	112.2923894
K02435	104.0648657
K02436	0
K02437	65.9759694
K02438	57.0715508
K02439	0
K02440	14.1314805
K02441	0
K02442	0
K02443	8.8591018
K02444	52.7414549
K02445	4.6343816
K02446	2.1188664
K02448	5.2130529
K02450	20.8522114
K02451	0
K02452	10.4261057
K02453	34.8921251
K02454	15.9909244
K02455	15.6391585
K02456	10.6753841
K02457	10.4261057
K02458	10.4261057
K02459	10.4261057
K02460	10.4261057
K02461	10.4261057
K02462	10.4261057
K02463	10.4261057
K02464	0
K02465	0
K02466	0
K02467	0
K02468	0
K02469	131.9740063
K02470	132.1888635
K02471	10.4261057
K02472	8.8105895
K02473	90.0289619
K02474	123.4000754
K02475	1.1217528
K02476	0.9971136
K02477	8.8768731
K02478	1.9942272
K02479	0
K02480	0
K02481	3.4012409
K02482	0
K02483	67.8943263
K02484	14.3259034
K02485	0
K02486	0
K02487	20.8522114
K02488	0
K02489	0
K02490	0
K02491	0
K02492	80.4062134
K02493	99.2644341
K02494	52.1305285
K02495	169.6461169
K02496	52.1305285
K02497	0
K02498	52.1305285
K02499	27.6004159
K02500	96.5626769
K02501	98.7609917
K02502	87.1738242
K02503	131.2783169
K02504	0
K02505	0
K02506	0
K02507	0
K02508	0
K02509	67.7696871
K02510	52.1305285
K02511	0
K02517	115.6137139
K02518	151.3959941
K02519	96.8389927
K02520	99.9097819
K02521	0
K02523	69.0701559
K02525	0.4985568
K02526	38.1116795
K02527	62.5215246
K02528	99.9063631
K02529	219.6895281
K02530	1.1217528
K02531	0
K02532	0.4985568
K02533	26.0652642
K02535	52.1305285
K02536	63.7324638
K02538	0.1246392
K02545	0
K02546	0
K02547	0
K02548	13.3114314
K02549	2.1586699
K02550	0
K02551	11.6107861
K02552	1.806904
K02553	0
K02554	5.2130529
K02556	92.2564067
K02557	92.8688
K02558	54.9927301
K02560	0
K02562	0.1246392
K02563	99.6482339
K02564	35.5759394
K02565	0
K02566	1.0529102
K02567	31.2783171
K02568	31.2783171
K02569	36.4913699
K02570	31.2783171
K02571	20.8522114
K02572	5.2130529
K02573	5.2130529
K02574	5.2130529
K02575	21.6000466
K02584	2.8622016
K02585	13.7058544
K02586	28.7926222
K02587	2.9102287
K02588	29.9776665
K02589	8.3063593
K02590	8.1939896
K02591	29.0419006
K02592	0.8281709
K02593	0
K02594	3.9441509
K02595	0
K02596	0
K02597	0
K02598	2.9668017
K02600	99.8753606
K02601	124.0226876
K02609	46.9174757
K02610	52.1305285
K02611	52.1305285
K02612	52.1305285
K02613	36.4913699
K02614	29.4453848
K02615	0
K02616	52.1305285
K02617	0
K02618	0
K02619	62.7102316
K02621	66.7238046
K02622	66.7238046
K02623	5.2130529
K02624	83.4088456
K02625	0
K02626	1.7588293
K02635	0
K02636	0
K02637	0
K02639	0
K02641	0
K02647	34.5079303
K02650	26.016915
K02651	54.2094919
K02652	31.6004111
K02653	41.0453963
K02654	128.8767407
K02655	0.3517659
K02656	0
K02657	0
K02658	0
K02659	0
K02660	0
K02661	0
K02662	37.0127409
K02663	25.7799061
K02664	1.4956704
K02665	0
K02666	0.3517659
K02667	0
K02668	0
K02669	77.9135203
K02670	0
K02671	0
K02672	0
K02673	0
K02674	0
K02675	0
K02676	0
K02679	0
K02680	0
K02681	0
K02682	0
K02686	52.1305285
K02687	84.4051447
K02688	31.4029563
K02742	0
K02744	1.246392
K02745	0.623196
K02746	0.623196
K02747	0.623196
K02749	2.6174232
K02750	2.6174232
K02752	0.1246392
K02753	0.1246392
K02755	11.6011642
K02756	11.7258034
K02757	11.6011642
K02759	11.7380729
K02760	12.2366297
K02761	9.2904797
K02763	3.5777282
K02764	2.7052538
K02765	2.7052538
K02768	10.6712295
K02769	12.291539
K02770	12.5285479
K02771	0
K02773	1.3587617
K02774	1.3710312
K02775	4.6387821
K02777	9.4480401
K02778	4.362372
K02779	4.362372
K02781	1.869588
K02782	1.9942272
K02783	3.6145368
K02784	0.3517659
K02786	0.3739176
K02787	0.3739176
K02788	0.3739176
K02790	3.3652584
K02791	3.3652584
K02793	4.5871113
K02794	5.322677
K02795	4.8241202
K02796	4.9487594
K02798	1.5981579
K02799	1.4735187
K02800	1.4735187
K02802	0
K02803	11.1820558
K02804	11.0574166
K02805	3.2337318
K02806	54.1867109
K02808	0.4740177
K02809	2.7175233
K02810	2.7175233
K02812	0
K02813	0
K02814	0
K02815	0
K02817	0
K02818	2.3681448
K02819	2.2435056
K02821	54.7479517
K02822	3.2406192
K02823	46.3118457
K02824	19.2581608
K02825	29.8303157
K02826	0
K02827	0
K02828	0
K02829	0
K02834	100.3517657
K02835	99.8876302
K02836	84.0090754
K02837	91.8611993
K02838	99.9999998
K02839	2.9381368
K02840	0
K02841	52.1305285
K02843	59.2270499
K02844	46.9174757
K02846	0
K02847	0
K02848	0
K02849	0
K02850	0
K02851	26.0291845
K02852	2.6268535
K02853	0.9616609
K02854	0.2370089
K02855	0.1246392
K02856	2.8849826
K02858	53.3547688
K02859	0
K02860	98.1808262
K02862	0
K02863	99.6482339
K02864	94.1322388
K02867	99.9999998
K02871	99.4112251
K02874	99.7752605
K02876	99.9999998
K02878	99.9999998
K02879	99.8876302
K02881	99.9999998
K02884	99.8876302
K02886	99.9999998
K02887	99.6482339
K02888	99.9999998
K02890	99.9999998
K02892	99.8753606
K02895	99.762991
K02897	92.195472
K02899	99.9999998
K02902	99.6383517
K02904	99.4136125
K02906	99.5235947
K02907	97.013159
K02909	99.3989555
K02911	94.2935064
K02913	99.3890733
K02914	99.2743163
K02916	98.6766909
K02919	91.7226299
K02926	99.6482339
K02931	94.1445084
K02933	96.9513623
K02935	99.8753606
K02936	0
K02939	99.9999998
K02945	111.6560733
K02946	97.0661193
K02948	99.8876302
K02950	99.5235947
K02952	99.9999998
K02954	96.8168409
K02956	99.8753606
K02959	99.8753606
K02961	93.7951299
K02963	99.8876302
K02965	99.5235947
K02967	99.6482339
K02968	96.7167408
K02970	99.1530959
K02972	0
K02977	0
K02982	99.9999998
K02986	103.1159798
K02988	97.0661193
K02990	99.8753606
K02992	96.7290104
K02994	99.9999998
K02996	93.9173817
K03030	0.1246392
K03040	95.1061692
K03043	99.9999998
K03046	99.8876302
K03048	0
K03060	89.7408329
K03070	105.5869703
K03071	53.1834387
K03072	79.0076483
K03073	98.3038047
K03074	79.120018
K03075	94.0174818
K03076	99.5358643
K03077	3.147562
K03078	0
K03079	0.623196
K03080	0
K03081	0
K03082	0
K03086	106.271214
K03087	0.3739176
K03088	870.3456086
K03089	52.1305285
K03090	23.6610397
K03091	178.0282708
K03092	98.7376874
K03093	184.9259456
K03095	0
K03098	44.5666244
K03100	199.5159685
K03101	106.1514605
K03106	99.9999998
K03110	99.9999998
K03111	149.9754292
K03112	0
K03113	7.7869236
K03116	61.0119737
K03117	52.2551677
K03118	61.7465079
K03119	104.261057
K03146	1.1799368
K03147	97.7548832
K03148	25.132171
K03149	88.8474797
K03150	79.2430161
K03151	34.2954605
K03152	23.8786733
K03153	0
K03154	117.7309326
K03168	64.2179071
K03169	129.5225718
K03170	0
K03177	99.6482339
K03179	55.6159261
K03181	52.1305285
K03182	55.9147316
K03183	65.3749252
K03184	0
K03185	52.1305285
K03186	55.9147316
K03187	43.5007707
K03188	49.6820005
K03189	65.5704374
K03190	65.321159
K03191	0.1246392
K03192	41.7044228
K03194	5.2130529
K03195	10.4261057
K03196	10.4261057
K03197	26.0652642
K03198	36.4913699
K03199	36.4913699
K03200	26.0652642
K03201	20.8522114
K03202	36.4913699
K03203	26.0652642
K03204	20.8522114
K03205	22.7756397
K03206	0
K03207	0
K03208	0
K03210	100.3861869
K03212	0
K03214	0
K03215	105.1543469
K03216	89.9901114
K03217	97.2030281
K03218	95.1826508
K03219	41.7044228
K03220	36.4913699
K03221	41.7044228
K03222	41.7044228
K03223	41.7044228
K03224	41.7044228
K03225	41.7044228
K03226	41.7044228
K03227	41.7044228
K03228	41.7044228
K03229	41.7044228
K03230	41.7044228
K03265	0
K03268	5.2130529
K03269	61.6762814
K03270	62.0590498
K03271	59.3054611
K03272	1.806904
K03273	58.219161
K03274	54.5473275
K03275	0
K03276	0
K03277	0
K03278	0
K03279	0
K03280	0
K03281	11.3526569
K03282	73.0645519
K03284	90.812893
K03285	0
K03286	54.0538502
K03287	0
K03288	0
K03289	1.7588293
K03290	0
K03291	0
K03292	11.9347268
K03293	0.8724744
K03294	18.5861534
K03296	181.1301718
K03297	52.8783637
K03298	0
K03299	3.6022673
K03300	0.3739176
K03301	27.8721682
K03303	34.3413144
K03304	31.2783171
K03305	14.6824626
K03306	27.9392052
K03307	45.6744678
K03308	28.0816907
K03309	0
K03310	75.1251268
K03311	7.8522696
K03312	52.875565
K03313	46.0814264
K03314	0
K03315	10.1872465
K03316	58.0692648
K03317	3.0716765
K03319	0.623196
K03320	75.5838967
K03321	109.7495477
K03322	11.2677492
K03324	129.4872224
K03325	38.4565603
K03326	0
K03327	95.5056883
K03328	4.8930903
K03329	5.2130529
K03331	0
K03332	0.1246392
K03333	0
K03335	1.2341225
K03336	1.1094833
K03337	1.1094833
K03338	1.1094833
K03339	0
K03340	35.0310737
K03342	26.0652642
K03343	0
K03346	0
K03365	0
K03366	0
K03367	47.6653108
K03379	0
K03380	0
K03381	5.2130529
K03382	0.7478352
K03383	0
K03384	5.2130529
K03385	5.6054728
K03386	89.962173
K03387	30.8380683
K03388	1.5194331
K03389	1.2800369
K03390	1.6318027
K03391	0
K03392	0
K03394	10.4384437
K03395	0
K03396	0
K03397	0
K03399	3.7170243
K03402	44.9071696
K03403	0
K03404	0
K03405	0
K03406	443.7911996
K03407	135.1804474
K03408	228.0043393
K03409	71.8555935
K03410	34.9922738
K03411	87.1228023
K03412	152.0081246
K03413	167.0808671
K03414	46.9174757
K03415	10.8326773
K03417	36.4913699
K03418	5.2130529
K03423	0.2492784
K03424	164.727079
K03425	0
K03426	66.5392977
K03427	56.6357349
K03428	0
K03429	21.0134892
K03430	5.1107369
K03431	88.2833074
K03432	0
K03433	0
K03435	0
K03436	9.2949746
K03437	98.432492
K03438	103.5325372
K03439	94.4351811
K03442	44.3248583
K03444	1.829685
K03445	0
K03446	49.0989265
K03449	45.1316364
K03451	3.0585197
K03453	35.7918552
K03455	29.7287486
K03457	0.7355657
K03458	4.4870112
K03459	0
K03462	0
K03464	57.3435814
K03465	8.8124109
K03466	141.2050398
K03468	0
K03469	91.9711816
K03470	94.142121
K03471	1.806904
K03472	0
K03473	6.8252628
K03474	39.9104839
K03475	2.9913408
K03476	0.4985568
K03477	0
K03478	0.3739176
K03480	4.0885545
K03481	1.7449488
K03482	0
K03483	1.1217528
K03484	7.6882708
K03485	0
K03486	2.7297929
K03487	0
K03488	13.7872095
K03489	0
K03490	0.609895
K03491	4.4295509
K03492	0.2492784
K03493	0
K03495	99.9999998
K03496	140.9131044
K03497	160.1637815
K03498	121.5716604
K03499	125.9151999
K03500	136.7829478
K03501	97.6165906
K03502	16.7945715
K03503	6.4734969
K03516	0
K03517	51.9951926
K03518	72.5129497
K03519	78.3204319
K03520	31.2783171
K03521	122.4981182
K03522	137.2192534
K03523	96.9054004
K03524	97.9017851
K03525	86.8534039
K03526	94.3815172
K03527	99.6506213
K03528	0
K03529	88.0585681
K03530	136.1085639
K03531	94.7210135
K03532	0
K03533	0
K03534	6.6144817
K03535	0
K03536	99.2865859
K03537	0.1246392
K03543	56.8451961
K03544	108.6892716
K03545	99.8876302
K03546	28.619744
K03547	24.6125509
K03548	0
K03549	53.8311738
K03550	99.8876302
K03551	99.9999998
K03552	0
K03553	99.9999998
K03554	57.3435814
K03555	99.2865859
K03556	5.1773861
K03557	52.1305285
K03558	57.7360013
K03559	108.5913618
K03560	52.1305285
K03561	132.9261222
K03562	52.1305285
K03563	40.3299659
K03564	88.9944977
K03565	97.9560869
K03566	31.2783171
K03567	0
K03568	56.2973558
K03569	140.2029391
K03570	97.6043211
K03571	88.1832074
K03572	99.762991
K03573	0.1246392
K03574	108.3336667
K03575	72.7711141
K03576	52.1305285
K03577	5.2130529
K03578	53.9374325
K03579	1.806904
K03580	0
K03581	60.2670405
K03582	0
K03583	0
K03584	95.8418791
K03585	113.8678497
K03586	52.1305285
K03587	63.8349513
K03588	97.5815401
K03589	96.1378483
K03590	90.0109267
K03591	0
K03592	55.6874608
K03593	110.0488952
K03594	104.1277386
K03595	98.1930958
K03596	96.7290104
K03597	52.1305285
K03598	52.1305285
K03599	52.1305285
K03600	52.1305285
K03601	99.1718289
K03602	99.3989555
K03603	0
K03604	0
K03605	2.3054608
K03606	3.9402802
K03607	0
K03608	92.9905633
K03609	93.5646811
K03610	87.7337287
K03611	52.1305285
K03612	43.3090118
K03613	42.9572459
K03614	37.451133
K03615	43.0696155
K03616	52.2551677
K03617	42.8448762
K03618	0
K03619	0
K03620	0.3517659
K03621	90.9306519
K03623	0.8724744
K03624	133.7496052
K03625	99.9999998
K03628	101.118029
K03629	47.5200928
K03630	156.7173176
K03631	99.4112251
K03632	0
K03633	0
K03634	52.1305285
K03635	52.1305285
K03636	52.1305285
K03637	61.3512783
K03638	52.1305285
K03639	66.6767008
K03640	52.4822944
K03641	52.4822944
K03642	57.5031658
K03643	52.1305285
K03644	62.4721913
K03645	0
K03646	46.9174757
K03647	0
K03648	75.0833152
K03649	0.2492784
K03650	99.9999998
K03651	52.1305285
K03652	56.2092008
K03653	0
K03654	89.5121132
K03655	129.020332
K03656	52.1305285
K03657	250.536619
K03658	2.0356914
K03660	27.7250551
K03664	99.6628908
K03665	99.6605035
K03666	79.1322875
K03667	52.1305285
K03668	0
K03669	0
K03670	0
K03671	121.7766096
K03672	0
K03673	52.1305285
K03674	0
K03675	0
K03676	52.1305285
K03680	0
K03683	0
K03684	2.1808216
K03685	102.2327359
K03686	100.7110263
K03687	99.3233945
K03688	78.8608574
K03690	46.9174757
K03692	0
K03693	0
K03694	77.1271467
K03695	76.4980206
K03696	47.2929661
K03697	11.3942827
K03698	14.4723607
K03699	40.4835026
K03700	9.2879287
K03701	171.409516
K03702	99.8876302
K03703	99.5589033
K03704	305.6216861
K03705	88.1832074
K03706	12.4161782
K03707	0.9971136
K03708	27.0140286
K03709	1.1676672
K03710	266.2777046
K03711	130.6400159
K03712	0
K03713	0
K03715	11.3942827
K03716	7.6824396
K03717	5.2130529
K03718	19.2908715
K03719	105.2885071
K03720	0
K03721	1.6203096
K03722	60.1913806
K03723	98.1930958
K03724	11.7559307
K03726	0
K03727	0
K03731	0
K03732	0
K03733	64.0842297
K03734	99.602685
K03735	4.2950295
K03736	4.2950295
K03737	51.0198726
K03738	1.9942272
K03739	47.6653108
K03740	47.6653108
K03741	4.7678716
K03742	40.1158545
K03743	53.7868703
K03744	74.4307306
K03745	36.4913699
K03746	52.1305285
K03747	52.1305285
K03748	4.9500157
K03749	52.1305285
K03750	103.7720242
K03752	61.3428962
K03753	48.0392285
K03755	0
K03756	0
K03757	0
K03758	22.9710778
K03759	0
K03760	5.9165846
K03761	26.0652642
K03762	10.4261057
K03763	49.9109546
K03764	0
K03765	0
K03767	0
K03768	87.097827
K03769	88.1161985
K03770	63.4604044
K03771	65.5001439
K03772	0.7035317
K03773	12.7597204
K03774	52.1305285
K03775	9.5457529
K03776	72.9827399
K03777	36.4913699
K03778	13.1785873
K03779	10.8315354
K03780	10.8315354
K03781	67.7559283
K03782	5.4623313
K03783	45.4639104
K03784	25.6307278
K03785	17.2486807
K03786	88.4066103
K03787	69.5505392
K03788	0
K03789	36.7749435
K03790	16.544287
K03791	0.1246392
K03793	0
K03794	0
K03795	0.3517659
K03796	0
K03797	141.2957465
K03798	120.8258012
K03799	55.7810478
K03800	61.8971696
K03801	61.8711471
K03802	124.8279102
K03803	7.4883618
K03804	0
K03805	36.4913699
K03806	52.1305285
K03807	0
K03808	52.1305285
K03809	0.623196
K03810	0.4764051
K03811	32.0983408
K03812	0
K03813	0.3739176
K03814	37.0482823
K03815	0
K03816	16.3149112
K03817	1.4070634
K03818	4.3401207
K03819	0
K03820	44.2148585
K03821	52.1305285
K03822	0
K03823	120.3464377
K03824	47.2692415
K03825	1.9942272
K03826	15.5366531
K03827	45.8269467
K03828	0.9749619
K03829	0
K03830	2.3548438
K03831	52.1305285
K03832	118.1469307
K03833	7.4442889
K03834	0
K03835	0
K03836	0
K03837	0
K03838	0
K03839	12.3370988
K03840	0
K03841	52.4822944
K03851	15.6391585
K03852	0
K03855	0.4985568
K03856	51.8846516
K03862	0
K03863	52.1305285
K03885	85.9375646
K03886	0
K03887	0
K03888	0
K03889	0
K03890	0
K03891	0
K03892	51.5617864
K03893	36.4913699
K03894	0
K03895	0
K03896	0
K03897	26.0652642
K03918	0.3517659
K03919	52.1305285
K03921	0
K03922	0
K03923	0
K03924	97.0520087
K03925	89.5840768
K03926	52.1305285
K03928	0.1246392
K03929	3.5708128
K03930	0.1123697
K03931	2.43958
K03932	0.7035317
K03933	0
K03969	25.0198014
K03970	0
K03971	0
K03972	1.806904
K03973	12.0978144
K03974	0
K03975	56.8939498
K03976	18.935942
K03977	99.6482339
K03978	98.1930958
K03979	99.9999998
K03980	104.2508527
K03981	52.1305285
K04013	0
K04014	0
K04015	0
K04016	0
K04017	0
K04018	0
K04019	3.569346
K04020	0
K04021	0
K04022	0
K04023	1.8573185
K04024	3.4653585
K04025	0
K04026	0.7478352
K04027	0.9971136
K04028	2.492784
K04029	3.7023674
K04030	2.7420624
K04031	3.9148371
K04032	0.7478352
K04033	0
K04034	0.623196
K04035	0
K04036	0
K04037	0
K04038	0
K04039	0
K04040	0
K04041	19.9292844
K04042	87.8338289
K04043	100.1457593
K04044	52.1305285
K04045	6.1415785
K04046	5.2130529
K04047	64.8635251
K04049	0
K04050	0
K04051	0
K04052	0
K04053	41.7044228
K04054	41.7044228
K04056	41.7044228
K04057	0
K04058	41.7044228
K04059	15.6391585
K04060	0
K04061	86.8735239
K04062	52.1305285
K04063	26.0652642
K04064	0
K04065	0
K04066	94.3815172
K04067	0
K04068	25.2426587
K04069	119.209951
K04070	12.6531871
K04071	0
K04072	29.2223365
K04073	5.2130529
K04074	27.6126855
K04075	99.9999998
K04076	25.7799061
K04077	99.8753606
K04078	99.8852428
K04079	101.4557672
K04080	0
K04081	0
K04082	52.1305285
K04083	101.3721245
K04084	52.1305285
K04085	46.9174757
K04086	0
K04087	75.1683722
K04088	75.1683722
K04090	78.1957927
K04091	5.2130529
K04092	5.2130529
K04093	0.1246392
K04094	23.7488703
K04095	11.6246191
K04096	96.1965453
K04097	46.9174757
K04098	0
K04099	0
K04100	0
K04101	0
K04102	57.3435814
K04103	0
K04110	5.2130529
K04112	0
K04113	0
K04116	0
K04117	0
K04118	0
K04126	0
K04127	0
K04128	0
K04333	0
K04334	0
K04335	0
K04336	0
K04337	0
K04338	0
K04343	0
K04477	28.7980542
K04478	0
K04480	0.1246392
K04485	95.371585
K04486	44.5562081
K04487	123.8076667
K04488	92.2265711
K04516	10.1467972
K04517	89.3004601
K04518	31.4479633
K04561	10.4261057
K04562	34.6183562
K04564	138.9669331
K04565	51.7110619
K04566	22.7885653
K04567	76.7619559
K04568	0
K04618	0
K04651	37.0017654
K04652	37.1264046
K04653	28.1387762
K04654	28.2634154
K04655	28.5126938
K04656	28.1387762
K04691	5.2130529
K04719	0
K04720	19.7893311
K04744	53.9374325
K04748	5.5648187
K04749	35.7810058
K04750	60.408473
K04751	61.8215357
K04752	52.1305285
K04753	5.2130529
K04754	52.1305285
K04755	125.1132684
K04756	52.1305285
K04757	23.638888
K04758	80.643386
K04759	87.333323
K04760	52.1305285
K04761	60.1047256
K04762	46.0371229
K04763	105.359954
K04764	52.8340602
K04765	0
K04766	0
K04767	3.0707892
K04768	0
K04769	30.5220268
K04770	0
K04771	0
K04772	46.9174757
K04773	34.2658614
K04774	0
K04775	0
K04780	0
K04781	0
K04782	5.8018276
K04783	0.4740177
K04784	0.4740177
K04785	0
K04786	0
K04787	0
K04788	0
K04789	0
K04790	0
K04791	0
K04792	0
K04793	0
K04794	0
K04835	79.1486029
K04844	2.8215108
K04940	0
K05020	1.6203096
K05245	0
K05275	0
K05281	0
K05286	0.3517659
K05296	0
K05297	0
K05299	0
K05301	0
K05303	0
K05305	0.2247393
K05306	45.7067079
K05311	3.3652584
K05337	6.8099652
K05338	0
K05339	0
K05340	1.914471
K05341	0.4494786
K05342	0
K05343	37.4319105
K05344	0
K05345	0
K05346	1.246392
K05349	135.8990184
K05350	57.2125524
K05351	0
K05352	0.3739176
K05358	0
K05362	0
K05363	0
K05364	25.7347153
K05365	0
K05366	155.0904147
K05367	56.3289378
K05368	0
K05372	0
K05373	0
K05374	0
K05375	0
K05394	0
K05396	27.0402261
K05499	0.3517659
K05501	46.9174757
K05515	106.04723
K05516	58.6261771
K05517	0
K05518	0
K05519	0
K05520	71.8919421
K05521	41.3071743
K05522	0
K05523	0
K05524	52.1305285
K05526	0
K05527	52.1305285
K05539	52.1305285
K05540	26.563821
K05541	1.806904
K05548	10.4261057
K05549	5.2130529
K05550	20.8522114
K05558	0
K05559	52.1305285
K05560	52.1305285
K05561	52.1305285
K05562	52.1305285
K05563	52.1305285
K05564	52.1305285
K05565	0
K05566	0.3739176
K05567	0.3739176
K05568	0.7478352
K05569	0.3739176
K05570	0.1246392
K05571	0.2492784
K05575	0
K05576	0.1246392
K05577	0
K05578	0
K05580	0
K05589	52.2551677
K05590	0
K05591	46.9174757
K05592	24.1451402
K05593	6.5032265
K05594	0
K05595	123.4308392
K05596	46.9174757
K05597	0
K05599	0
K05600	0
K05601	0
K05602	0
K05603	0
K05606	20.5127367
K05685	5.2130529
K05708	0
K05709	0
K05710	88.6218984
K05711	0
K05712	62.5566342
K05713	15.6391585
K05714	10.4261057
K05715	0
K05739	0.623196
K05772	48.4131461
K05773	32.7739875
K05774	0
K05775	0
K05776	5.6763285
K05777	0
K05778	0
K05779	0
K05780	0.1246392
K05781	0.1246392
K05782	88.6218984
K05783	5.2130529
K05784	5.2130529
K05785	0.3517659
K05786	0.2492784
K05787	0
K05788	52.1305285
K05789	0
K05790	0
K05791	0.3517659
K05792	0.7256835
K05793	0
K05794	7.5368942
K05795	7.4781884
K05796	1.1217528
K05797	0
K05798	0
K05799	24.965305
K05800	99.6578992
K05801	4.6438119
K05802	0
K05803	0
K05804	5.2130529
K05805	0
K05806	0
K05807	63.8349513
K05808	74.1170794
K05809	0
K05810	91.3303815
K05811	0.3517659
K05812	16.0130761
K05813	103.0790983
K05814	100.2575875
K05815	97.6167671
K05816	99.1726433
K05817	0
K05818	0
K05819	0
K05820	17.2182619
K05822	0
K05823	0.2492784
K05824	0
K05825	49.6128472
K05826	0
K05827	0
K05828	0
K05829	0
K05830	0
K05831	0
K05832	62.6852337
K05833	73.3360786
K05834	52.1305285
K05835	0
K05836	0
K05837	98.5146356
K05838	0
K05839	0
K05841	0.1246392
K05844	0
K05845	4.4870112
K05846	4.8609288
K05847	4.7141379
K05851	0
K05873	3.4776281
K05874	41.7044228
K05875	15.6391585
K05876	0
K05877	0
K05878	1.8351667
K05879	2.0844451
K05880	0
K05881	0
K05882	0
K05883	0
K05884	0
K05885	0
K05886	0
K05887	0
K05888	0
K05893	0
K05895	4.2033115
K05896	88.1832074
K05898	10.4261057
K05899	0
K05900	0
K05903	0
K05905	0
K05910	0
K05911	0
K05912	0
K05913	0
K05916	52.8783637
K05917	0
K05918	0
K05919	4.4985043
K05921	52.1305285
K05922	0
K05924	0
K05926	0
K05927	0
K05929	0
K05934	13.0294921
K05936	13.1418617
K05937	0
K05939	1.806904
K05942	0
K05945	1.21979
K05946	45.7260877
K05949	0.1246392
K05951	0
K05952	0
K05957	0
K05964	0.9971136
K05966	0.623196
K05967	2.492784
K05968	0
K05970	17.6773777
K05971	0
K05973	26.0652642
K05976	0
K05977	0
K05979	4.6476826
K05982	0.8724744
K05984	5.2130529
K05985	3.8270066
K05988	0
K05989	13.9961329
K05991	0
K05992	0
K05994	0
K05995	8.0435253
K05997	0
K05998	0
K05999	0
K06001	38.7609803
K06006	0
K06011	0.8724744
K06012	35.8034004
K06013	53.3104653
K06015	32.1507915
K06016	142.983663
K06017	0
K06019	0.7478352
K06020	20.8522114
K06023	89.9778418
K06024	88.1832074
K06027	0
K06033	26.0652642
K06036	0
K06039	0
K06041	63.247208
K06042	4.9266076
K06044	36.4913699
K06045	1.806904
K06046	0
K06048	52.1305285
K06049	0
K06073	0
K06074	0
K06075	58.0471131
K06076	23.8308307
K06077	53.9374325
K06078	0
K06079	0.609895
K06080	0
K06113	3.7530067
K06118	0
K06120	0.623196
K06121	0.623196
K06122	0.623196
K06131	149.2133462
K06132	83.4088456
K06133	39.325801
K06134	52.1305285
K06135	0
K06136	0
K06137	41.7044228
K06138	0.609895
K06139	0
K06140	26.0652642
K06141	0
K06142	79.9706189
K06143	1.3134267
K06144	0
K06145	5.2130529
K06146	0
K06147	440.9197243
K06148	11.9778273
K06149	0
K06151	36.4913699
K06152	36.4913699
K06153	110.3194634
K06155	0.6010443
K06156	0
K06157	0.3739176
K06158	112.6701316
K06159	0
K06160	5.3376921
K06161	0
K06162	0.2492784
K06163	0.1246392
K06164	0.1246392
K06165	0.1246392
K06166	0.1246392
K06167	10.4441503
K06168	99.4234946
K06169	0
K06173	105.1872681
K06175	0
K06176	0
K06177	6.3798602
K06178	90.8465925
K06179	85.1001486
K06180	172.8381026
K06181	1.806904
K06182	62.8041453
K06183	37.8718524
K06186	52.1305285
K06187	99.9999998
K06188	35.0224731
K06189	52.1305285
K06190	52.1305285
K06191	36.4913699
K06192	52.1305285
K06193	1.4735187
K06194	52.7404235
K06195	53.9374325
K06196	26.0291845
K06197	0
K06198	0
K06199	67.6175435
K06200	10.6712295
K06201	10.5404792
K06202	52.1305285
K06203	0.3517659
K06204	52.1305285
K06205	0
K06206	27.6004159
K06207	99.1718289
K06208	24.4088749
K06209	35.3293828
K06211	11.5189219
K06212	0
K06213	93.1920363
K06214	0
K06215	11.4450705
K06216	0
K06217	94.4760715
K06218	0
K06219	0
K06221	0
K06222	36.4913699
K06223	49.3773016
K06236	0
K06237	0
K06281	4.2775363
K06282	4.2775363
K06283	30.0602787
K06284	30.6834747
K06285	23.1624829
K06286	0
K06287	151.7787624
K06288	0
K06289	0.1246392
K06290	0
K06291	0
K06292	0
K06293	0
K06294	0
K06295	26.7402111
K06296	2.3681448
K06297	13.6377883
K06298	23.6365006
K06299	0
K06300	0
K06301	0
K06302	0
K06303	0
K06304	0
K06305	0
K06306	1.7449488
K06307	0.1246392
K06308	0
K06309	0
K06310	33.2227859
K06311	0.1246392
K06312	0.1246392
K06313	0
K06314	0
K06315	0
K06317	32.2708631
K06318	0
K06319	0
K06320	0
K06321	0
K06322	0
K06323	0.1246392
K06324	0
K06325	0
K06326	0
K06327	0
K06328	0
K06329	11.3942827
K06330	0
K06331	23.2871221
K06332	0
K06333	35.6787613
K06334	35.6664917
K06335	0
K06336	0
K06337	22.9132045
K06338	11.3942827
K06339	0
K06340	0
K06341	0
K06342	0
K06343	0
K06344	0
K06345	0
K06346	36.0526788
K06347	0
K06348	0.2492784
K06349	0
K06350	0.623196
K06351	11.0493017
K06352	0
K06353	0
K06354	0
K06355	0
K06356	0
K06357	0
K06358	0
K06359	0
K06360	0
K06361	0
K06362	0
K06363	0
K06364	0
K06365	0
K06366	0
K06367	0
K06368	0
K06369	0
K06370	0
K06371	0
K06372	0
K06373	35.3293828
K06374	32.8817895
K06375	0
K06376	0
K06377	0.1246392
K06378	70.9167662
K06379	35.9157701
K06380	0
K06381	59.4521706
K06382	36.0404093
K06383	30.285018
K06384	29.8110003
K06385	35.4417524
K06386	0
K06387	35.454022
K06388	0
K06389	0
K06390	35.6787613
K06391	32.86952
K06392	35.6787613
K06393	35.4417524
K06394	35.8034004
K06395	35.6910308
K06396	35.6910308
K06397	30.2972875
K06398	35.7911309
K06399	32.9941592
K06400	42.6414301
K06401	0
K06402	26.3908326
K06403	8.6770022
K06404	8.6770022
K06405	36.1650485
K06406	33.4681769
K06407	59.4644402
K06408	1.2341225
K06409	71.7010699
K06410	32.0887636
K06411	31.9763939
K06412	36.7882445
K06413	0
K06414	0
K06415	18.2276451
K06416	50.1642419
K06417	0
K06418	0
K06419	0
K06420	0
K06421	0.1246392
K06422	0
K06423	23.2871221
K06424	0
K06425	14.2609842
K06426	0
K06427	0
K06428	0
K06429	0
K06430	0
K06431	0
K06432	0
K06433	0
K06434	2.3681448
K06435	0
K06436	49.565585
K06437	0
K06438	35.6787613
K06439	0.623196
K06440	0.1246392
K06441	0
K06442	32.5782092
K06443	0
K06445	57.3435814
K06446	78.1957927
K06447	0
K06518	18.7994572
K06580	0.2492784
K06595	0
K06596	0
K06597	0
K06598	0
K06599	0
K06600	0
K06601	0
K06602	0
K06603	84.0520131
K06605	0.1123697
K06606	0.1123697
K06607	0
K06608	1.2341225
K06609	0
K06610	0.4764051
K06714	0.3739176
K06718	52.1305285
K06720	36.4913699
K06726	24.1595965
K06857	48.4131461
K06858	20.8522114
K06859	0.9528101
K06860	36.4913699
K06861	63.4831854
K06864	34.5885934
K06866	0
K06867	52.3798069
K06871	60.4122407
K06872	99.9146401
K06873	0
K06876	5.2130529
K06877	0.2492784
K06878	27.9215513
K06879	52.8340602
K06880	0
K06881	55.9723558
K06882	0
K06883	0
K06884	0
K06885	28.3225531
K06886	94.1867172
K06887	0
K06888	26.3809504
K06889	177.9355686
K06890	72.6450759
K06891	77.1271467
K06892	0
K06893	0.8281709
K06894	56.4757288
K06895	47.9145892
K06896	109.5256682
K06897	9.2603147
K06898	36.1637123
K06899	0
K06900	0
K06901	94.0347531
K06902	50.7921513
K06903	0.7256835
K06904	8.1556399
K06905	0.2492784
K06906	0.2492784
K06907	0.9749619
K06908	0.3739176
K06909	1.5858883
K06910	76.0186949
K06911	158.9865708
K06912	5.2130529
K06913	0
K06914	0
K06915	69.418578
K06916	52.1305285
K06917	22.4060658
K06918	0
K06919	32.4381421
K06920	88.7720296
K06921	6.5435151
K06922	0
K06923	85.6904234
K06925	115.6391584
K06926	19.0152471
K06927	1.3710312
K06928	1.9819577
K06929	24.0128056
K06931	0
K06933	0.1246392
K06934	1.7060773
K06936	0.2492784
K06937	0.5986569
K06938	52.1305285
K06940	73.866324
K06941	106.1880145
K06942	99.4112251
K06944	0
K06945	0
K06946	0
K06947	0
K06948	0
K06949	126.3667619
K06950	191.4606516
K06951	0
K06952	3.0339806
K06953	0
K06954	0
K06955	0
K06956	1.1217528
K06957	0
K06958	88.295577
K06959	96.0825006
K06960	37.7226741
K06962	3.6145368
K06966	119.377199
K06967	36.0526788
K06968	0
K06969	81.6925727
K06970	2.7913459
K06971	0.9971136
K06972	12.291539
K06973	44.5912089
K06974	0
K06975	55.7413661
K06976	0.3616481
K06977	0.1246392
K06978	11.9888108
K06979	6.4471753
K06980	52.1305285
K06982	0
K06985	0.3517659
K06986	0
K06987	110.9132072
K06988	0
K06989	112.9055157
K06990	1.0863001
K06991	52.1305285
K06992	0
K06993	0.1246392
K06994	0.9971136
K06995	93.8349513
K06996	2.5332167
K06997	131.0511902
K06998	114.2430598
K06999	88.6218984
K07000	53.204559
K07001	137.1891646
K07002	53.1054904
K07003	34.073799
K07004	0.1246392
K07005	27.812408
K07006	93.9595905
K07007	134.4623156
K07008	5.4500617
K07009	27.1141287
K07010	26.1194024
K07011	15.1550467
K07012	8.7137776
K07013	0.1246392
K07014	1.0552976
K07015	32.4381421
K07016	0
K07017	48.0037757
K07018	52.1305285
K07019	52.1305285
K07020	0
K07021	0
K07023	11.2010438
K07024	168.93809
K07025	119.6322268
K07026	0
K07027	56.6353141
K07028	0
K07029	93.5256582
K07030	7.49884
K07031	4.7768665
K07032	70.0529961
K07033	0.3739176
K07034	0.4985568
K07035	7.1018834
K07037	45.5167598
K07038	56.2313525
K07039	0
K07040	84.2101809
K07042	90.102481
K07043	90.7221472
K07044	0
K07045	59.657219
K07046	94.1867172
K07047	84.5866496
K07048	0.3616481
K07050	7.7250794
K07051	1.806904
K07052	136.278828
K07053	126.4813272
K07054	49.15271
K07056	158.7399025
K07057	1.1217528
K07058	150.6485331
K07061	0
K07062	21.5557431
K07063	0
K07064	0
K07065	0
K07066	0
K07067	26.5277413
K07068	104.261057
K07069	1.869588
K07070	0
K07071	11.570132
K07072	0
K07074	0.7355657
K07075	7.2706653
K07076	0.2492784
K07077	0
K07078	17.873985
K07079	52.0167614
K07080	102.3336505
K07081	0.3517659
K07082	97.9560869
K07083	0.3517659
K07084	0.4985568
K07085	53.1997635
K07086	0
K07088	194.1265614
K07089	45.3831481
K07090	320.21876
K07091	63.4831854
K07092	0
K07093	36.4913699
K07094	0.3517659
K07095	58.9900352
K07096	0
K07097	0
K07098	125.6215111
K07099	27.2510374
K07100	0
K07101	52.9586994
K07102	53.9374325
K07104	20.8522114
K07105	11.7929822
K07106	9.4205342
K07107	222.3620689
K07109	0.7035317
K07110	0
K07112	108.6111594
K07113	0
K07114	158.7489897
K07115	52.7404235
K07116	0
K07117	52.1305285
K07118	29.8636059
K07119	0
K07120	0
K07121	0
K07122	0
K07123	0
K07124	11.5942768
K07125	0
K07126	6.799659
K07127	5.2130529
K07129	2.1188664
K07130	47.7776805
K07131	0
K07132	5.5648187
K07133	80.3669523
K07136	0
K07137	59.0712915
K07138	33.586109
K07139	44.7712923
K07140	46.9174757
K07141	55.2465085
K07144	0
K07145	94.4581473
K07146	52.4822944
K07147	62.5566342
K07148	51.110977
K07149	0.623196
K07150	3.0938283
K07151	0
K07152	104.6128229
K07153	0
K07154	122.0612879
K07155	0
K07156	5.2130529
K07157	41.7044228
K07158	0
K07160	63.6661174
K07161	0
K07162	0.1246392
K07164	13.7208017
K07165	31.2783171
K07166	34.7807163
K07167	0
K07168	5.2130529
K07169	26.0652642
K07170	61.8091919
K07171	41.683431
K07172	0.1123697
K07173	17.602074
K07175	85.7241044
K07177	0
K07178	0
K07180	61.5234408
K07181	7.6372489
K07182	0
K07183	33.129926
K07184	0
K07185	5.6404901
K07186	0
K07190	0
K07192	9.1047177
K07212	0
K07213	77.1986316
K07214	5.6054728
K07215	0
K07216	31.1736494
K07217	17.8605124
K07218	5.5648187
K07219	19.366065
K07220	27.9392052
K07221	9.4065542
K07222	10.4261057
K07223	23.6435573
K07224	0
K07225	46.9174757
K07226	0
K07227	0
K07228	0.2492784
K07229	0
K07230	52.1305285
K07231	52.1305285
K07232	62.5566342
K07233	46.9174757
K07234	46.9174757
K07235	0
K07236	0
K07237	0
K07238	151.0076115
K07239	1.806904
K07240	141.3457629
K07241	0.1246392
K07243	52.1305285
K07245	5.2130529
K07246	83.5334848
K07248	1.0863001
K07250	16.6362721
K07251	0
K07255	0
K07256	0
K07257	14.2343823
K07258	152.9392562
K07259	61.3245156
K07260	0.4740177
K07261	0
K07262	52.1305285
K07263	70.3078189
K07264	0
K07265	36.4913699
K07266	46.9174757
K07267	2.7685649
K07268	0
K07269	0
K07270	0.609895
K07271	28.5771585
K07272	0
K07273	8.3052448
K07274	20.8522114
K07275	52.4822944
K07276	1.806904
K07277	63.2250563
K07278	0
K07279	0
K07280	0
K07281	0
K07282	44.757104
K07283	0
K07284	5.4266645
K07285	0
K07286	0
K07287	52.1305285
K07288	0
K07289	52.1305285
K07290	52.1305285
K07300	42.452258
K07301	79.538268
K07302	72.9827399
K07303	67.7696871
K07304	84.8551353
K07305	65.0494182
K07306	0.1246392
K07307	0.1246392
K07308	0
K07309	0
K07310	0
K07311	0
K07312	0
K07313	63.2676607
K07314	0
K07315	46.0152018
K07316	27.2868563
K07317	0.2492784
K07318	0.1246392
K07319	6.5264796
K07320	52.1305285
K07321	1.7959707
K07322	38.88237
K07323	52.1305285
K07326	46.9174757
K07334	3.072256
K07335	43.7937711
K07336	52.1305285
K07337	0.3517659
K07338	36.4913699
K07339	42.5646277
K07340	0
K07341	14.1539904
K07343	3.9530017
K07344	15.6391585
K07345	166.8176912
K07346	0
K07347	109.4741099
K07348	0
K07349	0
K07350	0
K07351	0
K07352	0
K07353	0
K07354	0
K07355	0
K07356	0
K07357	15.6391585
K07358	0
K07386	12.6756134
K07387	31.4834636
K07389	36.4913699
K07390	52.1305285
K07391	83.5791066
K07393	0.2492784
K07394	0
K07395	5.2130529
K07396	0
K07397	101.3053903
K07399	52.1305285
K07400	0
K07401	46.9174757
K07402	112.6614962
K07403	23.4872863
K07404	10.0381513
K07405	7.0606109
K07406	1.4711313
K07407	45.3579528
K07442	0
K07443	24.883008
K07444	91.0866923
K07445	15.6391585
K07447	99.6482339
K07448	3.8768084
K07450	0
K07451	0
K07452	0
K07453	0
K07454	0.7035317
K07455	71.2374329
K07456	45.3590356
K07457	0.1246392
K07458	18.7325788
K07459	5.2130529
K07460	83.1173584
K07461	5.1527028
K07462	110.9424165
K07464	53.543073
K07465	0
K07467	0.1246392
K07469	0
K07470	0
K07471	0
K07473	9.2511201
K07474	20.1840322
K07476	0
K07478	102.1808214
K07479	0
K07480	0
K07481	5.4377922
K07482	0
K07483	163.3495871
K07484	20.7433045
K07485	83.4088456
K07486	5.2130529
K07487	0.2492784
K07488	0
K07489	0.2492784
K07490	0
K07491	154.9735172
K07492	0
K07493	0.1246392
K07494	0
K07495	0
K07496	3.3431067
K07497	298.2420771
K07498	0
K07499	0
K07501	52.4822944
K07502	9.9356638
K07503	0
K07504	0.9528101
K07505	0.1246392
K07506	20.8522114
K07507	93.1888476
K07516	83.4088456
K07518	0
K07519	0
K07533	33.0350982
K07535	15.6391585
K07536	0
K07543	5.2130529
K07544	5.2130529
K07545	0
K07546	0
K07550	5.2130529
K07552	113.3650568
K07559	23.6487702
K07560	44.8208338
K07566	159.7049822
K07567	111.0496151
K07568	109.4333831
K07570	0
K07571	26.9894895
K07574	51.3056503
K07576	72.2222042
K07577	0
K07583	0
K07584	35.7911309
K07586	0
K07588	10.4219986
K07589	0
K07590	26.1538237
K07591	0
K07592	0
K07636	111.4879192
K07637	0
K07638	88.6218984
K07639	0
K07640	0
K07641	0
K07642	0
K07643	0
K07644	72.9827399
K07645	5.2130529
K07646	61.2245818
K07647	0
K07648	0
K07649	151.1785326
K07650	1.869588
K07651	0.2492784
K07652	23.5364005
K07653	0
K07654	0
K07655	0
K07656	0
K07657	54.6409642
K07658	48.6146287
K07659	88.6218984
K07660	0
K07661	0
K07662	0
K07663	0
K07664	0
K07665	81.2241475
K07666	5.2130529
K07667	54.8177672
K07668	23.5364005
K07669	0
K07670	0
K07671	0
K07672	0
K07673	5.2130529
K07674	0
K07675	0
K07676	0
K07677	5.2130529
K07678	0
K07679	52.1305285
K07680	0
K07681	0
K07682	0
K07683	0
K07684	5.2130529
K07685	0
K07686	0
K07687	5.2130529
K07688	0
K07689	0
K07690	52.1305285
K07691	0
K07692	0
K07693	0
K07694	0
K07695	0
K07696	0.1246392
K07697	0
K07698	0
K07699	35.9157701
K07700	0
K07701	0
K07702	0
K07703	0
K07704	0
K07705	1.6203096
K07706	26.1538237
K07707	3.11598
K07708	52.1305285
K07709	0
K07710	0.1246392
K07711	0
K07712	52.1305285
K07713	0.9616609
K07714	0.2492784
K07715	0
K07716	0
K07717	1.869588
K07718	59.260474
K07719	2.2435056
K07720	93.3064132
K07722	0.3517659
K07723	25.7799061
K07724	5.2130529
K07726	47.2913932
K07727	20.924787
K07729	23.7287238
K07733	26.0652642
K07734	93.8349513
K07735	58.6521001
K07736	33.3106164
K07737	53.2405165
K07738	89.6284633
K07739	0
K07740	0
K07741	0.9971136
K07742	35.6787613
K07743	0
K07746	0.3517659
K07749	26.1899034
K07751	0
K07757	0
K07768	0
K07770	1.9942272
K07771	0
K07772	0
K07773	0
K07774	109.4741099
K07775	0
K07776	0
K07777	31.8762938
K07778	0
K07780	0
K07781	0
K07782	0
K07783	2.7204902
K07784	0.2492784
K07785	0
K07786	0
K07787	8.0980354
K07788	46.9174757
K07789	52.1305285
K07790	0
K07791	4.4565385
K07792	2.390876
K07793	57.3435814
K07794	52.1305285
K07795	52.1305285
K07796	0
K07797	0
K07798	7.7462696
K07799	52.1305285
K07800	0
K07801	0
K07802	0
K07803	0
K07804	0
K07805	0
K07806	0
K07807	0
K07810	0
K07811	0
K07812	31.4029563
K07813	78.6738194
K07814	6.2539481
K07816	3.8392761
K07821	0
K07823	0
K07824	0
K07862	0.4740177
K07978	0
K07979	25.8046881
K07991	0
K08068	0
K08070	11.5189219
K08077	0
K08078	0
K08081	0
K08082	0
K08083	0
K08084	0.1123697
K08085	0
K08086	52.1305285
K08087	0
K08088	0
K08092	0
K08093	0.7355657
K08094	0.9725745
K08095	0
K08097	0
K08100	0
K08137	0
K08138	6.3798602
K08139	0
K08151	0.623196
K08152	0
K08153	0.3739176
K08154	0
K08156	60.5803298
K08159	0
K08160	0
K08161	0
K08162	0
K08163	0
K08164	5.3376921
K08166	5.2130529
K08167	52.1305285
K08168	0
K08169	114.2824142
K08170	0.2492784
K08172	0
K08173	0
K08174	0
K08177	0.4985568
K08178	0
K08191	6.7316261
K08194	0.623196
K08195	10.4261057
K08196	0
K08217	11.1086188
K08218	63.2478373
K08219	1.806904
K08220	0
K08221	0
K08222	0.8591734
K08223	10.7780431
K08224	31.7547222
K08225	0
K08226	0
K08227	0
K08234	1.8327794
K08252	0
K08253	0
K08255	0
K08256	0
K08258	2.6968716
K08259	0
K08261	0
K08276	0
K08277	0
K08278	0
K08279	0
K08280	0
K08281	50.6483804
K08282	1.806904
K08289	59.2139204
K08295	52.1305285
K08296	0
K08297	2.8215108
K08298	0
K08299	2.8215108
K08300	52.1305285
K08301	99.3135123
K08302	2.9668017
K08303	100.7494079
K08304	52.1305285
K08305	52.1305285
K08306	0
K08307	61.3245156
K08308	0
K08309	79.5184747
K08310	0.1246392
K08311	53.9374325
K08312	0
K08313	0.1246392
K08314	1.4956704
K08315	0
K08316	0.3739176
K08317	0.1246392
K08318	15.6391585
K08319	0
K08320	0
K08321	0.3517659
K08322	0
K08323	5.4623313
K08324	0
K08325	6.5892854
K08326	0
K08344	0
K08348	0
K08349	0
K08350	0
K08351	15.6391585
K08352	0
K08353	0
K08354	0
K08355	0
K08356	0
K08357	20.8522114
K08358	20.8522114
K08359	20.8522114
K08363	0.1246392
K08364	0.3517659
K08365	0
K08368	0
K08369	11.3986802
K08372	0.1123697
K08384	44.7910289
K08475	0
K08476	0
K08477	0
K08478	0
K08481	0
K08482	0
K08483	93.0264793
K08484	0
K08485	0
K08566	0
K08567	0.3517659
K08586	0.3517659
K08587	1.4956704
K08589	1.4070634
K08590	32.2761343
K08591	97.0048879
K08598	0
K08600	16.1792861
K08602	33.3596947
K08603	0
K08604	0
K08605	0
K08641	8.9839326
K08642	0
K08643	0
K08651	0
K08652	0
K08659	8.0906149
K08675	0
K08676	4.1047726
K08677	0
K08679	25.8291896
K08680	1.806904
K08681	7.7510853
K08682	0
K08685	0
K08686	0
K08688	0
K08689	0
K08690	5.2130529
K08691	0
K08692	0
K08693	0.2492784
K08698	0
K08710	0
K08713	0
K08714	0
K08715	0
K08717	3.4948776
K08720	0
K08721	5.2130529
K08722	23.6365006
K08723	0
K08724	0
K08728	0
K08738	99.0480041
K08776	0
K08777	0
K08857	0
K08884	48.1742438
K08900	0
K08926	0
K08927	0
K08928	0
K08929	0
K08930	0
K08939	0
K08963	34.3247743
K08964	0
K08965	0
K08966	0
K08967	0
K08969	0
K08970	0
K08972	52.3798069
K08973	52.1305285
K08974	37.1911681
K08976	0
K08977	0
K08978	28.9119239
K08980	0
K08981	1.4834009
K08982	1.7449488
K08983	36.4913699
K08984	48.0170767
K08985	0
K08986	1.7449488
K08987	1.0774493
K08988	0
K08989	0
K08990	0
K08992	0
K08993	0
K08994	46.9174757
K08995	36.4913699
K08996	10.4261057
K08997	0
K08998	92.4513579
K08999	9.2420618
K09000	1.927772
K09001	52.2551677
K09002	49.8278566
K09003	5.2130529
K09004	0.3739176
K09005	57.5928598
K09007	54.1867109
K09008	52.1305285
K09009	0
K09011	7.3326703
K09013	22.6003916
K09014	15.4985081
K09015	11.7044228
K09016	0
K09017	10.8000233
K09018	0
K09019	31.2783171
K09020	0
K09021	0
K09022	8.2152541
K09023	0
K09024	5.2130529
K09116	0.7232961
K09117	97.1783781
K09118	3.2406192
K09120	0
K09121	36.1391732
K09122	0
K09123	67.8943263
K09124	4.732563
K09125	59.6780559
K09126	0.3739176
K09127	0.8724744
K09128	57.4682205
K09129	0
K09131	1.806904
K09133	0
K09134	0.2492784
K09136	0.9528101
K09137	6.0633755
K09138	0.3739176
K09139	0
K09141	0
K09143	0
K09144	0
K09145	0.1246392
K09146	0
K09153	23.4117613
K09154	0
K09155	29.7828205
K09157	35.0299947
K09158	52.1305285
K09159	52.1305285
K09160	0
K09161	0
K09162	0
K09163	23.262583
K09164	0
K09165	46.9174757
K09166	0
K09167	1.3710312
K09181	60.6739665
K09190	0
K09251	0.6109265
K09252	0.3517659
K09384	0.5887747
K09386	20.8522114
K09388	0
K09456	46.9174757
K09457	10.7812592
K09458	114.0272309
K09459	2.6765889
K09461	31.2783171
K09469	1.9543242
K09470	0
K09471	0
K09472	36.4913699
K09473	0
K09474	3.3303852
K09475	0
K09476	0
K09477	0
K09483	0
K09516	0
K09607	0.3739176
K09612	0
K09680	3.9535812
K09681	0
K09682	0
K09683	0
K09684	0.4862873
K09685	26.7770197
K09686	230.0037942
K09687	266.1611815
K09688	46.9174757
K09689	46.9174757
K09690	44.3494175
K09691	77.323338
K09692	9.2000982
K09693	0.3739176
K09694	31.2783171
K09695	41.7044228
K09696	30.6750926
K09697	30.6750926
K09698	0.2492784
K09699	5.2130529
K09700	0.1246392
K09701	5.2130529
K09702	13.0707623
K09703	0.4740177
K09704	10.0206912
K09705	28.1841307
K09706	9.437107
K09707	0.8602049
K09709	62.5566342
K09710	92.4061671
K09711	0.1246392
K09712	5.2130529
K09716	0
K09720	0
K09722	0
K09726	0.3517659
K09729	23.6610397
K09733	0
K09740	0.3517659
K09744	0
K09747	89.9778418
K09748	97.0066956
K09749	82.5329454
K09758	5.7693857
K09759	11.5437038
K09760	63.0980297
K09761	93.9027248
K09762	35.81567
K09763	0
K09764	26.2784629
K09765	80.4407422
K09766	34.7429954
K09767	47.0421148
K09768	52.4390541
K09769	25.5557743
K09770	29.3492521
K09771	5.9264668
K09772	36.0404093
K09773	54.7479517
K09774	52.1305285
K09775	23.8980486
K09776	23.5364005
K09777	35.4417524
K09778	2.0561824
K09779	36.3019573
K09780	109.5987491
K09781	0
K09785	0
K09786	71.9495466
K09787	30.7713052
K09788	94.0842297
K09789	4.5501752
K09790	13.6138864
K09791	52.1305285
K09792	0.1246392
K09793	6.0053133
K09794	57.3435814
K09795	0
K09796	46.9174757
K09797	4.8930903
K09798	0
K09799	0.2492784
K09800	52.1305285
K09801	52.1305285
K09802	0
K09803	49.6143473
K09804	0
K09805	5.8140971
K09806	52.1305285
K09807	3.757457
K09808	72.9707544
K09809	0
K09810	62.673395
K09811	98.8162918
K09812	97.9560869
K09813	0
K09814	0
K09815	35.5440127
K09816	33.8566683
K09817	35.5218609
K09818	0
K09819	1.806904
K09820	1.806904
K09822	0
K09823	52.1305285
K09824	0
K09825	19.1349055
K09826	0
K09835	0.2492784
K09836	0
K09844	0
K09845	0
K09846	0
K09857	52.1305285
K09858	41.7044228
K09859	0.3517659
K09860	0
K09861	65.3556098
K09862	0
K09879	0
K09880	0
K09882	0
K09883	0
K09888	95.926859
K09889	46.9174757
K09890	0.1246392
K09891	0
K09892	0
K09893	0
K09894	0
K09895	0
K09896	0
K09897	0
K09898	0
K09899	0
K09900	0
K09901	0
K09902	0
K09903	99.9999998
K09904	0
K09906	0
K09907	0
K09908	0
K09909	0
K09910	0
K09911	0
K09912	0
K09913	2.3459931
K09914	0
K09915	0
K09916	0
K09917	0
K09918	0
K09919	46.9174757
K09920	0
K09921	52.1305285
K09922	8.1779134
K09923	5.2130529
K09924	3.4948776
K09925	0.1123697
K09926	20.8522114
K09927	0
K09928	1.806904
K09929	5.2130529
K09930	42.2029796
K09931	1.246392
K09932	52.1305285
K09933	52.1305285
K09934	0
K09935	4.8936864
K09936	14.0256274
K09937	0
K09938	0
K09939	52.0775458
K09940	4.3401207
K09941	36.4913699
K09942	0
K09943	46.9174757
K09944	0
K09945	0
K09946	47.0421148
K09947	46.9174757
K09948	0
K09949	1.806904
K09950	0
K09951	14.7638918
K09952	6.9035024
K09953	0
K09954	53.9374325
K09955	27.8497312
K09956	0
K09957	1.246392
K09958	20.8522114
K09959	0
K09960	10.4261057
K09961	10.4261057
K09962	0
K09963	3.739176
K09964	0.609895
K09965	52.1305285
K09966	0
K09967	10.7874865
K09968	0
K09969	172.030744
K09970	78.1957927
K09971	78.1957927
K09972	119.9002155
K09973	27.5369276
K09974	2.5547392
K09975	26.0652642
K09976	0
K09977	0
K09978	0
K09979	0
K09980	0
K09981	0
K09982	0
K09983	0
K09984	0
K09985	0
K09986	0
K09987	0
K09988	0.3739176
K09989	52.2551677
K09990	52.1305285
K09991	0
K09992	0.3517659
K09994	0.609895
K09996	0
K09997	0
K09998	0
K09999	0
K10000	0
K10001	83.4088456
K10002	83.4088456
K10003	62.5566342
K10004	67.7696871
K10005	0
K10006	0
K10007	0
K10008	0
K10009	76.0535291
K10010	78.7504008
K10011	10.4261057
K10012	0.2370089
K10013	0
K10014	0
K10015	0
K10016	0
K10017	0
K10018	0
K10019	0
K10020	0
K10021	0
K10022	0
K10023	0
K10024	0
K10025	0
K10026	25.6085761
K10027	0
K10036	52.1305285
K10037	52.1305285
K10038	52.1305285
K10039	0.3739176
K10040	0.7478352
K10041	0.3739176
K10094	0
K10107	52.1305285
K10108	0
K10109	0
K10110	0
K10111	0
K10112	34.6693781
K10117	24.9834785
K10118	15.4340019
K10119	20.5784667
K10120	0.1246392
K10121	0.1246392
K10122	0.1246392
K10124	0
K10125	5.2130529
K10126	5.2130529
K10188	8.9385502
K10189	8.7138109
K10190	8.5891717
K10192	2.9338805
K10193	2.8215108
K10194	2.8215108
K10195	0
K10200	0.3739176
K10201	0.3739176
K10202	0.3739176
K10206	39.2106528
K10208	0
K10209	0
K10210	0
K10211	0
K10212	0
K10213	0.2370089
K10215	0
K10216	0
K10217	5.2130529
K10218	10.4261057
K10219	0
K10220	0
K10221	0
K10222	0
K10227	0
K10228	0
K10229	0
K10230	0
K10231	0.3739176
K10232	0
K10233	0
K10234	0
K10236	0
K10237	0
K10238	0
K10240	0
K10241	0
K10242	0.1246392
K10243	0
K10253	0
K10254	11.1697862
K10255	0
K10297	0
K10353	0.1246392
K10439	91.5848082
K10440	87.0629853
K10441	76.5613186
K10530	0
K10531	0
K10533	0
K10536	11.6424677
K10537	0.3739176
K10538	0
K10539	0.1246392
K10540	18.4247354
K10541	9.2123677
K10542	9.2123677
K10543	0.9848441
K10544	0.2492784
K10545	0.2492784
K10546	1.4711313
K10547	1.2341225
K10548	1.246392
K10549	0
K10550	0
K10551	0
K10552	0
K10553	0
K10554	0
K10555	0
K10556	0
K10557	0
K10558	0
K10559	0.4740177
K10560	0.3616481
K10561	0.3616481
K10562	0.2492784
K10563	54.1784894
K10564	0
K10565	0
K10616	0
K10617	0
K10618	0
K10619	0
K10620	0
K10621	0
K10622	0
K10623	0
K10670	3.6145368
K10671	0
K10672	0
K10673	0
K10674	36.4913699
K10676	5.2130529
K10677	0
K10678	0
K10679	1.806904
K10680	52.4822944
K10681	0
K10682	0
K10702	0
K10708	0.1246392
K10709	0.623196
K10710	0.8479353
K10711	0.1246392
K10713	0
K10714	0
K10716	61.4925154
K10747	0
K10748	0
K10762	0
K10763	52.1305285
K10764	0
K10773	100.4764049
K10778	37.4530308
K10780	0
K10783	0
K10793	2.3681448
K10794	2.1188664
K10795	0.7478352
K10796	0.9971136
K10797	5.5635732
K10798	0
K10800	1.806904
K10804	52.2551677
K10805	0
K10806	53.9374325
K10810	0
K10811	0.9971136
K10814	0
K10815	0
K10816	0
K10819	0.3739176
K10820	0
K10822	0
K10823	41.700997
K10824	0
K10826	0
K10831	0.2492784
K10834	0
K10843	0
K10844	0.2492784
K10850	0
K10851	0
K10852	5.9475871
K10854	0
K10855	0
K10856	0
K10857	0
K10873	0
K10906	0
K10907	60.3233088
K10908	0
K10910	0
K10914	0.2492784
K10915	0
K10918	0
K10924	0
K10926	0
K10927	0
K10930	0
K10931	0
K10932	0
K10934	0
K10938	0
K10939	0
K10941	0
K10942	0
K10943	0
K10947	42.5104874
K10954	0
K10960	0
K10962	0
K10965	0
K10972	0
K10973	0
K10974	1.5957705
K10975	0
K10979	26.6884602
K10984	0.2492784
K10985	0.2492784
K10986	0.2492784
K11003	36.6160091
K11004	26.3022731
K11005	31.2783171
K11006	0
K11007	0
K11008	26.0652642
K11011	0
K11012	0
K11013	0
K11014	0
K11015	0
K11016	0
K11017	0
K11020	0
K11021	0
K11023	36.4913699
K11024	15.6391585
K11025	20.8522114
K11026	20.8522114
K11027	20.8522114
K11029	31.2783171
K11031	1.8252845
K11032	0.1246392
K11033	0
K11034	0
K11035	0
K11036	0
K11037	0
K11038	0
K11039	0
K11040	0
K11041	1.4956704
K11042	0
K11043	0
K11044	0
K11045	0
K11046	1.246392
K11047	0
K11048	0
K11049	0
K11050	0.4740177
K11051	0.5986569
K11052	0
K11053	0
K11054	0
K11055	0
K11056	0
K11058	0.1246392
K11059	0.3739176
K11060	0.3739176
K11061	0.2492784
K11062	0.2492784
K11063	0.2492784
K11065	9.5540242
K11066	52.4822944
K11068	22.911409
K11069	39.5553757
K11070	36.1696293
K11071	39.8268059
K11072	39.8022668
K11073	52.1305285
K11074	52.1305285
K11075	52.1305285
K11076	52.1305285
K11081	0
K11082	0
K11083	0
K11084	0
K11085	75.2374554
K11089	0
K11102	1.246392
K11103	5.2130529
K11104	8.3153542
K11105	31.9908236
K11106	0
K11107	0
K11139	0
K11144	0
K11145	36.1650485
K11159	0
K11175	89.2531307
K11177	5.2130529
K11178	5.2130529
K11179	0
K11180	0
K11181	0
K11183	0
K11184	8.6770022
K11189	125.1292554
K11191	0
K11192	0
K11194	0
K11195	0
K11196	0
K11198	0.1246392
K11199	0.1246392
K11200	0.1246392
K11201	0
K11202	0.4862873
K11203	0.3739176
K11208	46.9174757
K11209	5.2130529
K11210	0
K11211	52.1305285
K11212	0
K11214	0.1123697
K11216	0
K11249	0.4641355
K11250	0
K11258	0
K11261	1.6203096
K11263	0
K11264	0
K11275	0
K11311	0
K11312	0.3517659
K11325	0
K11329	0
K11333	0
K11334	0
K11335	0
K11336	0
K11337	0
K11357	0
K11358	35.0801043
K11381	3.0406243
K11382	0
K11383	0
K11384	0
K11385	0
K11386	0
K11387	0
K11391	0
K11392	0
K11440	0
K11441	0
K11442	0
K11443	0
K11444	5.2130529
K11472	52.1305285
K11473	52.1305285
K11474	31.2783171
K11475	5.2130529
K11476	0
K11477	0
K11501	0
K11527	5.1910727
K11529	0
K11530	0.2492784
K11531	0
K11532	0
K11533	0
K11534	0.2492784
K11535	0.623196
K11537	6.7316261
K11601	0
K11602	0
K11603	0
K11604	0
K11605	0
K11606	0
K11607	0
K11608	0
K11609	0
K11610	0
K11611	0
K11614	0.1246392
K11615	0.1246392
K11616	0.1246392
K11617	0
K11618	0
K11619	0
K11620	0
K11621	0.4985568
K11622	0
K11623	0.4985568
K11624	0.4985568
K11625	0
K11626	0
K11628	0
K11629	0
K11630	0
K11631	0
K11632	0
K11633	0
K11634	0
K11635	1.4956704
K11636	1.4956704
K11637	0
K11638	0
K11639	0
K11640	0
K11641	0
K11645	5.8009677
K11646	0.1246392
K11685	0
K11686	0
K11688	20.8522114
K11689	5.2130529
K11690	10.9561746
K11691	0
K11692	0
K11693	0
K11694	0
K11695	0.609895
K11704	0
K11705	0
K11706	0
K11707	0
K11708	0
K11709	0
K11710	0
K11711	5.2130529
K11712	5.2130529
K11717	15.9749132
K11719	52.1305285
K11720	63.4831854
K11731	26.0652642
K11732	0
K11733	40.1059067
K11734	0
K11735	0
K11736	0
K11737	1.3710312
K11738	0
K11739	0
K11740	0
K11741	58.215598
K11742	0
K11743	0
K11744	1.806904
K11745	0
K11746	0
K11747	5.2130529
K11748	0.3517659
K11749	97.6785458
K11750	0
K11751	0.3517659
K11752	98.2336757
K11753	99.8876302
K11754	100.6987568
K11755	39.1598859
K11777	0
K11779	0
K11780	0
K11811	52.1305285
K11814	0
K11815	0
K11890	31.2783171
K11891	41.7044228
K11892	41.7044228
K11893	41.7044228
K11894	0
K11895	36.4913699
K11896	41.7044228
K11897	31.2783171
K11898	26.0652642
K11900	36.4913699
K11901	36.4913699
K11902	31.2783171
K11903	36.4913699
K11904	0
K11905	5.2130529
K11906	31.2783171
K11907	41.7044228
K11909	0
K11910	5.2130529
K11911	0
K11912	0
K11913	0
K11914	0
K11915	0
K11916	0
K11917	0
K11918	5.2130529
K11919	0
K11920	0
K11921	0.7035317
K11922	0
K11923	0
K11924	0
K11925	0
K11926	0
K11927	72.1055788
K11928	6.7156963
K11929	0
K11930	0.1246392
K11931	41.7044228
K11932	0
K11933	0
K11934	1.21979
K11935	0
K11936	42.0783404
K11937	0
K11938	0
K11939	36.4913699
K11940	0
K11941	0
K11942	0
K11943	0
K11944	0
K11945	0
K11946	0
K11947	0
K11948	0
K11949	0
K11959	28.353384
K11960	28.353384
K11961	28.353384
K11962	28.353384
K11963	28.353384
K11987	0
K11991	84.5400497
K11996	1.0863001
K12054	0
K12055	10.4261057
K12056	0
K12057	0
K12058	0
K12059	0
K12060	0
K12061	0
K12062	0
K12063	0
K12064	0
K12065	0
K12066	0
K12067	0
K12068	0
K12069	0
K12070	0
K12071	0
K12072	0
K12078	15.6391585
K12079	15.6391585
K12080	15.6391585
K12081	15.6391585
K12082	15.6391585
K12083	15.6391585
K12084	15.6391585
K12085	15.6391585
K12106	0
K12111	0.2492784
K12112	0
K12113	0
K12136	0
K12137	0.6010443
K12138	0
K12139	0
K12140	0.9528101
K12141	0.9528101
K12142	0
K12143	0
K12144	0
K12145	0
K12146	0
K12147	0
K12148	0
K12149	0
K12151	0
K12152	0
K12203	0
K12204	0
K12206	0
K12207	0
K12209	0
K12212	0
K12213	0
K12214	0
K12217	0
K12218	0
K12234	0
K12238	0
K12239	0
K12240	0
K12241	0
K12242	0
K12243	0
K12246	0
K12247	0
K12248	0
K12251	19.2382969
K12252	0
K12253	0
K12254	0
K12255	0
K12256	0
K12257	20.0518109
K12262	10.4261057
K12263	0
K12264	0
K12265	0
K12266	5.2130529
K12267	10.8807021
K12268	0
K12269	0
K12270	0
K12276	0
K12278	0
K12279	0
K12280	0
K12281	0
K12282	0
K12283	0
K12284	0
K12285	0
K12286	0
K12287	0
K12288	0
K12289	0
K12290	0
K12291	0
K12292	0
K12293	0
K12294	0
K12295	0
K12296	0
K12297	0
K12299	0
K12308	33.4039189
K12339	52.8340602
K12340	86.445992
K12342	0
K12343	4.3629017
K12368	0
K12369	0
K12370	0
K12371	0
K12372	0
K12373	53.9592627
K12410	45.7009192
K12415	0
K12421	0
K12422	0
K12423	0
K12424	0
K12425	0
K12426	0
K12427	0
K12428	0
K12429	0
K12430	0
K12433	0
K12434	0
K12436	0
K12437	0
K12439	0
K12440	0
K12441	0
K12443	0
K12444	0
K12445	0
K12452	25.830221
K12453	0
K12454	1.6961951
K12455	0
K12466	0
K12500	0
K12503	0
K12506	0
K12507	5.3376921
K12508	0
K12509	0
K12510	137.0976558
K12511	102.4554893
K12512	0
K12513	0
K12514	0
K12515	0
K12516	0.3517659
K12517	0
K12518	0
K12519	0
K12520	0
K12521	0
K12522	0
K12523	0
K12524	7.0833919
K12525	0
K12527	1.8450489
K12528	0
K12529	0
K12530	0
K12531	0
K12532	0
K12536	0
K12537	0
K12538	0
K12541	26.0652642
K12542	26.0652642
K12543	26.0652642
K12545	0
K12549	0
K12551	0
K12552	0
K12553	0
K12554	0
K12555	0
K12556	0
K12573	94.3251988
K12574	35.7155699
K12582	0
K12583	0
K12658	5.2130529
K12660	0
K12661	0
K12678	0
K12680	0
K12681	20.8522114
K12682	15.6391585
K12683	5.2130529
K12684	0
K12685	0
K12686	0
K12687	0
K12688	26.0652642
K12689	0
K12690	0
K12700	0.1246392
K12784	0
K12785	0
K12786	0
K12787	0
K12788	0
K12789	0
K12790	0
K12809	0
K12940	0.7478352
K12941	0.7355657
K12942	5.7206319
K12943	0
K12944	0
K12945	0
K12949	0
K12950	0.2492784
K12951	0
K12952	0
K12953	0
K12954	0
K12955	0
K12956	0
K12957	0
K12960	37.7215649
K12961	0
K12962	0.3517659
K12963	0.3517659
K12972	78.1957927
K12973	46.9174757
K12974	0
K12975	0
K12976	0
K12977	5.2130529
K12979	62.5566342
K12981	0
K12982	0
K12983	0
K12984	0.3517659
K12985	0
K12986	0
K12987	0
K12988	0
K12989	0
K12990	0.8380531
K12991	0
K12992	8.7015413
K12993	0
K12994	0
K12995	0.8346343
K12996	0.5863874
K12997	0.609895
K12998	0
K12999	0
K13001	0.609895
K13002	0.609895
K13004	0.609895
K13005	0
K13006	0.1246392
K13007	5.2130529
K13008	0
K13009	0
K13010	0
K13012	5.6307521
K13013	0
K13014	0
K13015	2.3681448
K13016	1.4070634
K13017	52.1305285
K13018	54.1386362
K13019	50.2162788
K13020	52.1305285
K13021	0
K13028	0
K13037	0
K13038	96.8909072
K13039	0
K13040	0
K13041	0
K13043	7.0833919
K13049	0.1246392
K13051	53.0921894
K13052	5.6307521
K13053	0
K13057	0
K13059	0
K13060	0
K13061	0
K13063	0
K13069	46.9174757
K13075	0.2492784
K13085	0
K13238	0
K13243	5.2130529
K13244	0
K13252	0.1246392
K13255	0
K13256	0
K13274	0
K13275	0.1246392
K13276	0
K13277	0
K13280	1.6958706
K13281	24.7827925
K13282	26.131672
K13283	0
K13284	0
K13285	0
K13286	0
K13287	0
K13288	52.1305285
K13292	91.1996947
K13300	0
K13301	0
K13378	7.7869236
K13380	0
K13381	0
K13408	0
K13409	0
K13419	0
K13421	0
K13450	0
K13451	0
K13452	0
K13454	0
K13461	0
K13472	0
K13478	0
K13479	1.8450489
K13480	0
K13481	0
K13482	0
K13483	5.2130529
K13485	0
K13486	5.2130529
K13487	5.2130529
K13488	5.2130529
K13489	5.2130529
K13490	5.2130529
K13491	5.2130529
K13497	1.9192737
K13498	0
K13500	0
K13503	0.1246392
K13522	0
K13525	0
K13527	0
K13529	0
K13530	0.2492784
K13531	0
K13532	0
K13533	0
K13540	0
K13541	0
K13542	29.4097073
K13543	0
K13570	0
K13571	0
K13572	0
K13573	0
K13574	0
K13580	0
K13581	3.0486375
K13582	0
K13583	0
K13584	0
K13585	0
K13587	0
K13588	0
K13589	0
K13590	0
K13591	0
K13592	0
K13593	0
K13598	0
K13599	0
K13607	0.9971136
K13611	0.1246392
K13612	0
K13613	0
K13614	0
K13615	0
K13620	0
K13622	0
K13623	0
K13626	32.170763
K13628	52.1305285
K13629	0
K13630	0
K13631	0
K13632	0
K13633	0
K13634	52.1305285
K13635	0
K13636	0
K13637	0
K13638	0.3739176
K13639	41.7044228
K13640	0
K13641	0
K13642	0
K13643	52.1305285
K13650	0
K13651	36.4913699
K13652	57.8556107
K13653	32.7474317
K13654	0
K13655	31.2783171
K13657	0
K13660	0
K13662	0
K13663	0
K13668	0
K13669	0
K13670	0
K13671	0
K13678	0.4985568
K13683	0
K13684	0
K13686	0
K13687	0
K13688	0
K13689	0
K13693	0
K13694	2.5332167
K13695	0.3517659
K13713	0
K13714	0
K13715	0
K13727	0
K13730	14.5561771
K13731	0
K13732	0
K13733	0
K13734	0
K13735	0
K13739	0
K13740	0
K13741	0
K13743	0
K13745	0
K13747	60.6108291
K13766	46.9174757
K13767	0
K13770	0
K13771	52.3798069
K13774	15.6391585
K13775	0
K13776	0
K13777	0
K13778	0
K13779	0
K13787	0
K13788	0
K13789	47.5200928
K13790	0
K13792	0
K13793	0
K13794	10.4261057
K13795	52.1305285
K13796	57.3435814
K13797	0
K13810	0
K13816	0
K13818	0
K13819	0
K13820	2.7420624
K13821	55.5089884
K13829	0
K13832	0
K13853	0.1246392
K13873	0
K13874	0
K13875	0
K13876	0
K13877	0
K13888	0
K13889	52.2551677
K13890	52.2551677
K13891	52.2551677
K13892	52.1305285
K13893	1.806904
K13894	1.806904
K13895	1.806904
K13896	0
K13918	0
K13919	0
K13920	0.2492784
K13921	0.1246392
K13922	1.3464921
K13923	0
K13924	0
K13925	0
K13926	5.2130529
K13927	0
K13928	0
K13929	0
K13930	0
K13931	0
K13932	0
K13933	0
K13934	0
K13935	0
K13936	0
K13938	0
K13940	2.1944274
K13950	0.1246392
K13953	5.3376921
K13954	1.6203096
K13955	0
K13963	21.6152571
K13979	0.609895
K13990	2.1105952
K13991	0
K13992	0
K13993	61.564219
K13995	0
K14028	0
K14029	0
K14048	11.7460485
K14051	0
K14052	0
K14053	0
K14054	0
K14055	0
K14056	0
K14057	0
K14058	52.1305285
K14059	26.1899034
K14060	5.2130529
K14061	0
K14062	0
K14063	0
K14064	0
K14065	0
K14067	0
K14080	24.6581533
K14081	0
K14083	0
K14084	0
K14086	22.7885653
K14087	11.3942827
K14088	22.7885653
K14089	22.7885653
K14090	22.9132045
K14091	0
K14126	0
K14127	0
K14128	0
K14136	0
K14138	0.3739176
K14153	0
K14155	60.6827202
K14159	0
K14160	36.4913699
K14161	31.2783171
K14162	36.4913699
K14164	0
K14165	0
K14166	0
K14170	64.5718533
K14187	0
K14188	47.6653108
K14189	0.3739176
K14192	0
K14193	0
K14194	0
K14195	0
K14196	0
K14197	0
K14198	0
K14199	0
K14200	0
K14201	0
K14202	0
K14203	0
K14204	0
K14205	0.7478352
K14215	0
K14257	0
K14260	0.5741178
K14261	52.1305285
K14266	0
K14267	41.7044228
K14268	0
K14269	0
K14287	52.1305285
K14326	0
K14333	46.9174757
K14335	0
K14337	0
K14338	0
K14339	0
K14340	0
K14347	53.9374325
K14348	0
K14387	0
K14392	0.1246392
K14393	52.1305285
K14414	5.2130529
K14415	8.1389201
K14441	94.4351811
K14445	6.8294362
K14446	0.2370089
K14447	0
K14448	0
K14449	0
K14470	41.7044228
K14475	1.1217528
K14519	31.2783171
K14520	0
K14534	2.7337912
K14540	36.0526788
K14578	0
K14579	0
K14580	0
K14581	0
K14582	0
K14583	0
K14584	0
K14585	0
K14587	0
K14588	0
K14591	0.1123697
K14596	0
K14623	3.700884
K14645	0
K14647	0
K14652	98.5854415
K14657	0
K14658	0
K14659	0
K14660	0
K14665	0.1246392
K14666	0
K14680	0
K14682	48.7243797
K14683	0
K14698	0
K14699	0
K14727	0
K14728	0
K14733	0
K14742	26.7909477
K14743	0
K14744	0
K14745	0
K14761	26.4963085
K14762	0
K14941	0
K14949	0
K14952	0
K14953	0
K14954	0
K14955	0
K14956	0
K14974	46.9174757
K14977	0.2492784
K14978	0
K14979	0
K14980	0
K14981	0
K14982	0
K14983	0
K14986	0
K14987	0
K14988	2.8215108
K14989	0.1246392
K14998	46.9174757
K15011	46.9174757
K15012	46.9174757
K15016	0
K15022	0
K15023	0.5986569
K15024	0.8724744
K15034	52.1305285
K15045	0
K15051	0.3493785
K15054	5.2130529
K15058	5.2130529
K15059	5.2130529
K15060	0
K15064	0
K15065	0
K15067	5.2130529
K15125	140.752427
K15126	15.6391585
K15228	0
K15229	0
K15232	0
K15253	5.2130529
K15256	0.3739176
K15257	0
K15268	52.2551677
K15269	5.3376921
K15270	20.8522114
K15311	0
K15312	0
K15313	0
K15320	0
K15327	0
K15328	0.2492784
K15329	0.1246392
K15337	0
K15342	48.8860423
K15344	0
K15345	0
K15346	0
K15347	0
K15349	0
K15350	0
K15351	0
K15352	0
K15353	0
K15354	0
K15355	0
K15357	57.3435814
K15358	0
K15359	0
K15367	0
K15368	0
K15371	0
K15372	0.9725745
K15373	0
K15383	1.5760061
K15396	0
K15408	5.2130529
K15431	0
K15460	9.6703921
K15461	36.6160091
K15468	0
K15469	0
K15470	0
K15471	0
K15495	0
K15496	0
K15497	0
K15509	0
K15510	0
K15511	5.2130529
K15512	5.2130529
K15513	5.2130529
K15514	5.2130529
K15515	0
K15518	0
K15519	0
K15520	0
K15521	0
K15524	0.4985568
K15525	0
K15526	0
K15527	0.3517659
K15531	3.7620514
K15532	12.8639184
K15533	8.7015413
K15534	0
K15536	0
K15539	0
K15540	0
K15545	0
K15546	5.2130529
K15547	5.2130529
K15548	0
K15549	5.2130529
K15550	0
K15551	0.3739176
K15552	21.1014898
K15553	26.6884602
K15554	21.226129
K15555	39.4248374
K15556	0
K15557	0
K15558	0
K15576	0
K15577	0
K15578	0
K15579	0
K15580	38.0455698
K15581	32.1532697
K15582	42.6354266
K15583	37.7840219
K15584	0
K15585	0
K15586	0
K15587	0
K15598	0.3739176
K15599	0.3739176
K15600	0.2492784
K15629	1.7449488
K15632	0.9971136
K15633	46.4624079
K15634	155.2771549
K15635	32.8378716
K15640	0
K15644	0
K15645	0
K15646	0
K15647	0
K15648	0
K15649	0
K15650	0
K15651	0
K15652	0
K15654	0
K15655	0
K15656	0
K15657	0
K15658	0
K15659	0
K15660	0
K15661	0
K15662	0
K15663	0
K15664	0
K15665	0
K15666	0
K15667	0
K15668	0
K15669	0.9838126
K15674	0
K15675	0
K15676	0
K15677	0
K15678	0
K15679	0
K15721	0
K15722	0
K15723	0
K15724	52.1305285
K15725	9.5759546
K15726	13.0708322
K15727	10.2794863
K15733	0
K15734	0
K15735	0
K15736	0
K15737	5.2130529
K15738	73.503685
K15739	0.1246392
K15746	0
K15750	0
K15758	0
K15760	0
K15761	0
K15762	36.4913699
K15763	0
K15764	0
K15765	36.4913699
K15770	28.4521172
K15771	17.5178397
K15772	22.5598171
K15773	20.8522114
K15778	52.2551677
K15780	0
K15781	0
K15782	0
K15783	0
K15784	0
K15785	0
K15786	0
K15790	0
K15792	52.1305285
K15827	0
K15828	0
K15829	0
K15830	0
K15831	0
K15832	0
K15833	0
K15834	0
K15835	0
K15836	0
K15855	0.3517659
K15860	0
K15861	0
K15862	0
K15864	10.4261057
K15866	140.752427
K15868	0
K15876	5.2537069
K15878	0
K15879	0
K15894	0
K15895	0
K15896	0
K15897	0
K15898	14.6082999
K15899	0
K15910	0
K15911	0
K15912	0
K15913	0
K15914	0
K15915	0
K15916	0
K15921	12.0174787
K15922	0.1246392
K15923	4.5798217
K15924	23.524131
K15973	0.1246392
K15974	0.3517659
K15975	0
K15976	1.869588
K15977	182.118049
K15981	0
K15982	0
K15983	0
K15984	0.3493785
K15986	14.721639
K15987	35.3270429
K16011	5.3376921
K16012	52.2551677
K16013	52.2551677
K16014	0
K16041	0
K16042	0
K16043	0
K16044	0
K16045	0
K16046	0
K16047	0
K16048	0
K16049	0
K16050	5.2130529
K16051	0
K16052	2.537667
K16053	54.3526334
K16055	0.9616609
K16066	0
K16074	0
K16076	0
K16077	0
K16079	0
K16080	0
K16081	0
K16087	119.9002155
K16088	52.1305285
K16089	92.1327729
K16090	72.9827399
K16091	2.5332167
K16092	48.3245391
K16119	0
K16120	0
K16121	0
K16122	0
K16123	0
K16124	0
K16135	26.0652642
K16136	0
K16137	62.9305518
K16138	0
K16139	0.1123697
K16140	0
K16146	0
K16147	20.8522114
K16148	0
K16149	0
K16150	0
K16152	0
K16153	0.7035317
K16157	0
K16158	0
K16161	0
K16163	0
K16164	0
K16165	62.5566342
K16167	0
K16168	0
K16169	0.1246392
K16170	0
K16171	0
K16173	0
K16176	0
K16178	0
K16180	0
K16181	0
K16182	0
K16188	11.5189219
K16191	0
K16192	0
K16193	0
K16199	0
K16200	0
K16201	0
K16202	0
K16203	36.7406483
K16209	0
K16210	1.1217528
K16211	6.4734969
K16212	14.2532306
K16213	13.3950887
K16214	0
K16215	0
K16216	0.1246392
K16227	0
K16228	0
K16229	0
K16233	0
K16239	0
K16242	0
K16243	0
K16244	0
K16245	0
K16246	0
K16247	0
K16248	0
K16249	0
K16254	0
K16255	0
K16256	0
K16257	0
K16258	0
K16259	0
K16260	0
K16263	0
K16264	6.8474145
K16267	52.1305285
K16268	5.2130529
K16269	0
K16270	0
K16291	0
K16293	0
K16294	0
K16299	0
K16300	0
K16301	0
K16303	0
K16318	0
K16319	78.1957927
K16320	41.7044228
K16321	0
K16322	52.1305285
K16323	0
K16324	0
K16325	0
K16326	0
K16328	7.2633313
K16329	1.3710312
K16331	0
K16345	12.2964448
K16346	0
K16347	0
K16348	0
K16363	11.7044228
K16370	1.246392
K16371	0.1246392
K16423	0
K16473	0
K16509	0
K16511	40.4163873
K16514	0
K16515	31.2783171
K16516	0
K16517	0
K16552	0
K16555	0
K16557	0
K16558	0
K16563	0
K16564	0
K16566	0
K16592	1.829685
K16593	0
K16619	0.623196
K16623	0.8724744
K16624	0.3739176
K16625	0.3739176
K16626	0.3739176
K16635	0
K16636	0
K16637	0
K16638	0
K16644	0
K16645	0
K16647	0
K16648	0
K16649	0
K16650	0
K16651	2.3681448
K16652	0
K16653	0
K16654	0
K16692	2.6968716
K16693	0
K16694	0
K16695	0
K16697	0
K16698	0.9715431
K16699	0
K16701	0
K16703	0
K16704	0
K16705	0
K16706	0
K16710	0.7345342
K16711	0
K16783	52.1305285
K16784	52.1305285
K16785	46.4093947
K16786	46.2847555
K16787	46.1723859
K16788	2.492784
K16789	12.6654567
K16792	0
K16793	0
K16838	0
K16839	0
K16840	0
K16841	0
K16842	0
K16843	5.2130529
K16844	31.2783171
K16845	5.2130529
K16846	5.2130529
K16849	0.2492784
K16850	0.2492784
K16856	0
K16868	0
K16869	0
K16870	0
K16871	52.1305285
K16872	0
K16873	0
K16874	0
K16875	0
K16876	0
K16877	0
K16878	0
K16879	0
K16880	0
K16881	47.6837274
K16885	0
K16886	0
K16887	0
K16898	36.0526788
K16899	35.9280397
K16901	0
K16902	0
K16905	0.2492784
K16906	0.2492784
K16907	0.2492784
K16915	0
K16916	0
K16917	0
K16918	0
K16919	0
K16920	0
K16921	0
K16922	6.165863
K16923	3.8063549
K16924	3.4324373
K16925	1.246392
K16926	4.4805728
K16927	0.5863874
K16928	0
K16929	0
K16936	2.43958
K16937	3.0406243
K16950	3.9884544
K16951	3.9884544
K16952	0
K16953	0
K16956	0
K16957	0.3739176
K16958	0.623196
K16959	0.623196
K16960	3.3200676
K16961	3.739176
K16962	4.1130936
K16963	2.6174232
K16968	20.8522114
K16969	20.8522114
K17050	0
K17051	0
K17060	0
K17061	0
K17067	0
K17070	0
K17071	0
K17073	0.2492784
K17074	0.2492784
K17076	0.2492784
K17103	68.1581273
K17105	0
K17108	0
K17195	0.2247393
K17202	0
K17203	0
K17204	0
K17205	0
K17206	0
K17207	0
K17208	0
K17209	0
K17210	0
K17213	9.0877285
K17214	0.623196
K17215	0.623196
K17216	0.2492784
K17217	0.2492784
K17218	0.3517659
K17222	0
K17223	0
K17224	0
K17225	0
K17226	0
K17227	0
K17228	0
K17229	0
K17230	0
K17234	8.3398933
K17235	8.3398933
K17236	8.3398933
K17237	0
K17238	0
K17239	0
K17240	0
K17241	0.1246392
K17242	0.1246392
K17243	0.1246392
K17244	0
K17245	0
K17246	0
K17247	52.1305285
K17248	0
K17249	0
K17250	0
K17251	0
K17285	0
K17292	0
K17311	0
K17312	0
K17313	0
K17315	0
K17316	0
K17317	0
K17318	37.4565098
K17319	28.5056901
K17320	28.5056901
K17321	46.9174757
K17322	31.2783171
K17323	46.9174757
K17324	31.2783171
K17325	46.9174757
K17329	0
K17330	0
K17331	0
K17363	0.1246392
K17364	0
K17398	0.1123697
K17462	0
K17463	0
K17464	0.1246392
K17465	0.1246392
K17466	0.1246392
K17467	0.1246392
K17468	0
K17472	0
K17473	0
K17474	0
K17483	0
K17484	0
K17485	0
