function.	skin_28
K00001	46.681473
K00002	0.6366183
K00003	96.3925489
K00004	11.2418301
K00005	18.2384357
K00007	0
K00008	41.0491468
K00009	50.9873926
K00010	23.5548766
K00011	0
K00012	50.3104512
K00013	80.4735915
K00014	103.8957714
K00015	0
K00016	149.8839209
K00018	1.7587641
K00019	13.9418617
K00020	24.9146932
K00021	0
K00023	0
K00024	44.7316272
K00027	110.4050642
K00028	1.4554275
K00029	4.9910874
K00030	0
K00031	90.7168715
K00032	0
K00033	93.963021
K00034	8.4373143
K00035	0
K00036	105.8768399
K00038	13.368984
K00039	0
K00040	10.8225109
K00041	1.706137
K00042	15.1990494
K00043	0
K00045	4.456328
K00046	15.2305347
K00048	2.4955437
K00050	0
K00052	91.4496257
K00053	98.2863198
K00054	65.6783549
K00055	9.4117647
K00057	102.3121976
K00058	103.8000555
K00059	260.1731953
K00060	17.1886937
K00064	4.9554367
K00065	14.0056023
K00066	0
K00067	25.1611849
K00068	3.4793049
K00073	2.4106612
K00074	41.9403952
K00075	99.8336304
K00076	0
K00077	137.743632
K00082	4.456328
K00086	0
K00087	0
K00088	154.3790851
K00090	2.3291741
K00091	0.3638569
K00094	0
K00096	21.1903319
K00097	7.371191
K00098	0
K00099	34.1397166
K00100	7.5946856
K00101	7.4221204
K00102	4.456328
K00103	0
K00104	32.3996266
K00105	7.6409946
K00106	0
K00108	53.9597656
K00111	89.4066717
K00112	8.2760377
K00113	8.2760377
K00114	0
K00116	118.5162546
K00117	4.4919787
K00118	0
K00119	0
K00121	3.9139205
K00122	36.1599184
K00123	52.6695525
K00124	0
K00126	0
K00127	0
K00128	207.5103976
K00129	0
K00130	69.6002036
K00131	11.7631133
K00132	0
K00133	101.3635445
K00134	161.3666071
K00135	96.2772316
K00137	0
K00138	0
K00140	40.9744506
K00141	0.4991087
K00145	76.7512078
K00146	1.996435
K00147	48.8458878
K00148	8.912656
K00150	8.912656
K00151	8.912656
K00152	0
K00153	18.4619303
K00154	4.1592395
K00155	0.3327392
K00156	27.4136322
K00158	57.446071
K00161	126.8672693
K00162	122.4109413
K00163	33.5234701
K00164	79.6910278
K00166	50.6238857
K00167	50.6238857
K00169	4.456328
K00170	4.456328
K00171	0
K00172	4.456328
K00174	73.7967913
K00175	73.7967913
K00176	2.4955437
K00177	2.4955437
K00179	2.4955437
K00180	2.4955437
K00184	0
K00185	0
K00194	0
K00196	0
K00197	0
K00198	0
K00200	0
K00201	0
K00202	0
K00207	0
K00208	73.2739155
K00209	0
K00210	1.0695187
K00211	0
K00214	0
K00215	106.1987632
K00216	2.1628045
K00217	0
K00218	0
K00219	22.3172907
K00220	1.1645871
K00221	1.2053306
K00224	0
K00226	125.1298221
K00228	6.7855021
K00230	14.0056023
K00231	90.8836261
K00232	17.825312
K00239	100.0118835
K00240	100.0118835
K00241	91.2655971
K00242	15.6981581
K00243	70.5845599
K00244	20.1014739
K00245	0
K00246	0
K00247	0
K00248	4.456328
K00249	38.4789069
K00252	89.6248109
K00253	1.996435
K00254	0
K00255	1.1645871
K00256	0
K00257	62.5736357
K00258	0
K00259	133.5344257
K00260	51.8292163
K00261	11.4081997
K00262	43.3376302
K00263	3.6159918
K00265	80.9124599
K00266	84.9698404
K00270	0
K00271	4.456328
K00273	8.912656
K00274	12.7323657
K00275	13.1381038
K00276	1.996435
K00278	17.9441299
K00279	0
K00280	0.6366183
K00281	29.2335117
K00282	50.6238857
K00283	51.8292163
K00284	4.456328
K00285	14.2076225
K00286	102.459333
K00287	105.3515489
K00290	4.8753147
K00292	0
K00293	0
K00294	64.3493759
K00297	34.8426658
K00298	0
K00299	67.8719972
K00301	4.456328
K00302	0.1663696
K00303	4.6226976
K00304	0.1663696
K00305	0.1663696
K00309	0
K00311	2.6619133
K00313	7.0028011
K00314	0
K00315	0
K00316	0
K00317	23.4014755
K00318	72.2689074
K00320	4.456328
K00322	2.3291741
K00324	26.9399882
K00325	20.1544861
K00329	0
K00330	27.2727274
K00331	26.7498516
K00332	29.2844411
K00333	29.9210594
K00334	20.8674986
K00335	24.9673204
K00336	20.5109924
K00337	27.1063578
K00338	34.109159
K00339	27.1063578
K00340	27.1063578
K00341	27.1063578
K00342	27.1063578
K00343	27.1063578
K00344	36.8152111
K00346	2.4955437
K00347	2.4955437
K00348	2.4955437
K00349	2.4955437
K00350	2.4955437
K00351	2.4955437
K00353	0
K00354	0
K00355	6.1652303
K00356	2.9108551
K00358	11.0117899
K00359	7.3227292
K00360	4.456328
K00362	60.6603852
K00363	63.4241574
K00364	64.5186158
K00365	4.456328
K00366	4.456328
K00367	0
K00368	13.368984
K00370	63.5599693
K00371	65.9706305
K00372	11.2418301
K00373	66.6072488
K00374	65.9706305
K00375	96.1743222
K00376	0
K00378	2.4191495
K00380	51.7477292
K00381	11.971819
K00382	210.7093284
K00383	51.3286903
K00384	185.8987693
K00385	0
K00386	0
K00387	0
K00389	23.3511587
K00390	35.5266956
K00392	19.0985486
K00394	0
K00395	0
K00397	0
K00404	0
K00405	0
K00406	0
K00407	0
K00410	0
K00411	0
K00412	0
K00413	0
K00423	0
K00425	84.1062973
K00426	86.5169585
K00427	2.1628045
K00428	1.426025
K00432	127.3024797
K00433	1.9234186
K00435	0
K00436	0
K00437	0
K00441	0
K00446	0
K00448	2.3291741
K00449	2.3291741
K00450	0.1663696
K00451	8.912656
K00452	4.456328
K00453	8.912656
K00455	0
K00456	0
K00457	11.2418301
K00459	56.7965367
K00462	0
K00464	0
K00466	0
K00467	0
K00468	0
K00469	0
K00470	0
K00471	0
K00472	0
K00476	0
K00477	0
K00478	4.456328
K00479	0
K00480	0.8318479
K00481	1.996435
K00483	0
K00484	0
K00485	0
K00486	4.456328
K00491	50.6238857
K00492	9.6019013
K00493	4.456328
K00494	0
K00495	0
K00496	6.9518717
K00499	0
K00500	0
K00504	0
K00505	0
K00507	7.9500892
K00508	19.821747
K00510	34.9545877
K00514	0
K00517	10.8227734
K00518	4.456328
K00520	13.7554703
K00523	0
K00524	0
K00525	119.3746178
K00526	104.8973491
K00527	79.7402247
K00528	31.3963162
K00529	19.821747
K00530	0
K00531	0
K00532	0
K00533	0
K00534	0
K00535	0
K00537	18.1896414
K00538	0
K00539	0
K00540	100.2612103
K00543	0
K00547	61.1983998
K00548	16.1174774
K00549	75.2373251
K00554	98.8102283
K00555	0
K00556	0
K00557	2.0742293
K00558	47.9300325
K00559	0
K00560	102.4106612
K00561	23.333307
K00563	26.9777215
K00564	37.9679146
K00566	103.5956201
K00567	103.3797912
K00568	2.3291741
K00569	0.1663696
K00570	0
K00571	45.6546929
K00573	9.5492743
K00574	21.8229598
K00575	4.456328
K00577	0
K00584	0
K00587	0
K00588	4.456328
K00590	0.1819284
K00594	0
K00595	19.6078432
K00596	0
K00598	18.4619303
K00599	67.6727426
K00600	100
K00602	104.8054836
K00603	6.869177
K00604	99.8418386
K00605	79.8573974
K00606	71.5754092
K00607	0
K00608	0
K00609	108.564358
K00610	2.4955437
K00611	149.8842709
K00612	4.456328
K00613	6.3661829
K00614	4.8187148
K00615	136.8142835
K00616	100.7340143
K00617	0
K00619	8.912656
K00620	75.4609947
K00624	0
K00625	70.7591377
K00626	208.8430874
K00627	125.5431032
K00631	2.1628045
K00632	36.5778201
K00633	4.1931924
K00634	4.6855106
K00635	22.7807487
K00638	5.2901361
K00639	67.230566
K00640	101.2327556
K00641	72.1195144
K00643	4.8213224
K00645	104.7446483
K00646	0.6366183
K00647	6.0606061
K00648	114.9916387
K00651	15.3442946
K00652	65.3917324
K00653	0
K00654	0
K00655	124.8349038
K00656	84.8745621
K00657	23.3689052
K00658	81.2834224
K00661	17.0502041
K00662	0.1819284
K00663	0.1663696
K00666	48.7293101
K00672	0
K00673	3.9928699
K00674	48.8366294
K00675	4.456328
K00676	6.6165598
K00677	7.3202615
K00680	38.1348966
K00681	67.3287496
K00683	1.2734991
K00684	20.5109924
K00685	2.3291741
K00686	0
K00687	14.3723469
K00688	44.1387804
K00689	3.5704004
K00690	9.0964221
K00691	1.426025
K00692	1.0915707
K00693	0
K00694	6.4572783
K00695	0
K00696	0
K00697	19.5178678
K00698	0
K00700	43.4236677
K00701	0.7277138
K00702	0
K00703	15.2305347
K00705	37.5974946
K00712	92.3017225
K00713	0
K00720	0.3638569
K00721	43.239114
K00737	0
K00745	0.3638569
K00748	4.8247178
K00752	5.6397817
K00754	5.3501138
K00756	61.4258323
K00757	8.4991823
K00758	26.1013497
K00759	97.5044563
K00760	99.651702
K00761	100.3720651
K00762	104.456328
K00763	99.2951957
K00764	101.426025
K00765	80.639961
K00766	80.7550336
K00767	34.4977805
K00768	18.6031152
K00769	0
K00772	4.456328
K00773	90.9209744
K00776	0
K00777	0
K00782	19.9643495
K00783	78.0284697
K00784	78.3787454
K00785	0.4991087
K00786	5.2759248
K00788	107.6991872
K00789	106.9127558
K00790	172.5453442
K00791	102.3291741
K00793	88.0838183
K00794	87.5609425
K00795	2.3291741
K00796	125.5046349
K00797	5.0939964
K00798	20.1544861
K00799	25.862769
K00800	98.6690434
K00801	1.2053306
K00803	10.1858926
K00805	85.1847767
K00806	99.8336304
K00808	0
K00809	0
K00810	0
K00812	7.50219
K00813	0
K00817	159.1836058
K00818	28.1005849
K00819	94.0752055
K00820	108.3660131
K00821	0.6366183
K00822	2.1628045
K00823	55.0666326
K00824	50.6238857
K00826	110.4589165
K00829	0
K00830	4.456328
K00831	39.5519784
K00832	3.7687803
K00833	65.1628298
K00835	0
K00836	2.3291741
K00837	19.0612003
K00839	25.3119429
K00840	3.9928699
K00841	64.9280642
K00842	0
K00843	0
K00844	1.426025
K00845	118.287615
K00847	94.6342923
K00848	12.4094624
K00849	46.3351353
K00850	100.7894067
K00851	65.867354
K00852	84.1532538
K00853	59.1715473
K00854	37.7545708
K00855	0
K00856	8.912656
K00857	96.4131482
K00858	104.2899584
K00859	99.8336304
K00860	16.5945166
K00862	0
K00863	20.1914318
K00864	98.3304237
K00865	140.1262383
K00867	44.3850269
K00868	115.8703032
K00869	66.9515915
K00870	0
K00872	100.1921668
K00873	106.5990407
K00874	49.6030216
K00875	0
K00876	100.0076132
K00878	73.9411615
K00879	1.08422
K00880	0.9096422
K00881	0
K00882	80.4224169
K00883	0
K00884	0
K00885	0
K00886	22.28164
K00887	0
K00891	90.4662846
K00892	0
K00895	20.3208557
K00897	10.739011
K00899	4.456328
K00901	71.1699687
K00903	1.2053306
K00906	0
K00912	4.8247178
K00917	72.6135126
K00918	0
K00919	88.3361729
K00924	2.90977
K00925	92.3916983
K00926	122.051932
K00927	99.8336304
K00928	146.0235901
K00929	6.1115355
K00930	78.5775978
K00931	49.1941859
K00932	0
K00934	0
K00936	88.2599713
K00937	38.8699261
K00938	67.1335199
K00939	99.651702
K00940	99.9320765
K00941	87.8718572
K00942	100
K00943	97.5200152
K00945	99.4771242
K00946	31.5626858
K00947	0
K00948	124.500467
K00949	23.5305494
K00950	96.5617887
K00951	103.4280954
K00952	0
K00954	100
K00955	4.456328
K00956	22.0507598
K00957	28.3795944
K00958	18.5553009
K00960	0
K00962	99.651702
K00963	104.5926474
K00965	24.741568
K00966	0.3565062
K00968	0
K00969	97.5044563
K00970	30.1366608
K00971	22.943723
K00972	7.6394194
K00973	37.3797231
K00974	70.7664883
K00975	60.0290353
K00978	3.4886682
K00979	4.9910874
K00980	60.3550884
K00981	101.2596554
K00982	29.0671421
K00983	6.3437809
K00984	37.2585772
K00985	0
K00986	0.7203631
K00988	0
K00989	29.0671421
K00990	11.2418301
K00991	112.2617317
K00992	0
K00995	146.5848996
K00996	0
K00997	95.0089126
K00998	0
K00999	4.456328
K01000	100
K01002	1.2053306
K01003	4.456328
K01004	4.456328
K01005	4.313113
K01006	37.8320151
K01007	13.4247089
K01008	0
K01011	40.5262713
K01012	83.5126802
K01013	0
K01014	0
K01023	0.3565062
K01026	2.5925897
K01027	0
K01028	21.1934472
K01029	21.3598167
K01031	10.2792633
K01032	9.7801546
K01034	7.6409946
K01035	7.6409946
K01036	0
K01039	0
K01040	0
K01041	5.8059588
K01042	4.456328
K01043	1.1645871
K01046	53.4623545
K01048	1.8419489
K01051	1.0695187
K01053	4.7890672
K01054	0
K01055	9.7512945
K01056	100
K01057	19.9643495
K01058	2.1628045
K01060	19.2820522
K01061	19.821747
K01066	4.6809427
K01067	0.4991087
K01069	6.5435609
K01070	2.7085899
K01071	8.1867799
K01073	0
K01075	0
K01076	1.6636958
K01077	52.8090397
K01078	1.4554275
K01079	42.3720005
K01081	28.9719338
K01082	13.7373738
K01083	4.456328
K01085	0
K01087	19.5178678
K01089	2.4955437
K01090	69.0743527
K01091	93.163341
K01092	117.9781004
K01093	0
K01095	3.0421866
K01096	2.9371949
K01101	8.4824683
K01103	0
K01104	255.1524598
K01112	5.8280282
K01113	51.1824125
K01114	50.603514
K01115	0
K01117	0
K01118	59.8233744
K01119	20.2771894
K01120	0
K01121	0
K01126	334.6730752
K01128	0
K01129	33.9277556
K01130	5.157457
K01133	0
K01138	1.3872591
K01139	3.2699341
K01141	0
K01142	63.3064425
K01143	0
K01144	1.426025
K01145	0.3327392
K01146	0
K01147	0
K01150	0
K01151	75.0445632
K01152	0
K01153	93.1569878
K01154	122.8815049
K01155	6.8230604
K01156	8.7094632
K01157	0
K01158	0
K01159	31.3725492
K01160	0
K01161	0
K01163	2.3209659
K01166	2.3291741
K01167	1.2732366
K01169	0
K01173	5.5377303
K01174	49.4185551
K01175	35.7527628
K01176	17.3446324
K01178	0
K01179	18.5468127
K01180	0
K01181	0.7130125
K01182	3.0243525
K01183	9.6256685
K01184	0
K01185	1.757049
K01186	24.3169984
K01187	109.1735163
K01190	29.122202
K01191	36.8973458
K01192	13.5981666
K01193	85.7803539
K01194	0
K01195	14.5985542
K01197	17.7764828
K01198	6.0642814
K01199	0
K01200	9.802084
K01201	10.338681
K01202	0.3565062
K01205	1.426025
K01206	30.2717902
K01207	47.2134322
K01208	0.5457853
K01209	20.9356846
K01210	0
K01212	4.1252865
K01214	0
K01215	8.3687083
K01216	0.7130125
K01218	3.3978353
K01219	0
K01220	67.2475424
K01222	20.2814772
K01223	104.0183522
K01224	5.8970543
K01225	0
K01226	62.5855714
K01227	15.1913311
K01230	0
K01232	2.4106612
K01233	0
K01234	3.0927835
K01235	0.7130125
K01236	19.7351669
K01238	4.9791513
K01239	61.4322378
K01240	0
K01241	2.1390375
K01243	87.8615313
K01246	92.2841864
K01247	5.0032509
K01249	0
K01250	5.0929463
K01251	22.2171294
K01252	2.1628045
K01253	0
K01255	86.1251166
K01256	74.8621101
K01258	71.4031066
K01259	20.2359732
K01261	58.6282997
K01262	73.7665315
K01263	3.4088787
K01264	0
K01265	144.7653002
K01266	4.456328
K01267	8.912656
K01269	30.7468691
K01270	9.8672597
K01271	66.7855894
K01273	11.7120788
K01274	6.3674955
K01277	2.4955437
K01278	8.7344029
K01281	26.7416433
K01283	0
K01284	15.5334862
K01286	8.4587537
K01289	0
K01295	5.0929463
K01297	6.8754775
K01299	0
K01301	0
K01303	0
K01304	73.4539363
K01305	0
K01308	0
K01317	0
K01318	32.5439265
K01322	14.6422206
K01325	0
K01338	14.2602496
K01342	0
K01343	0
K01347	0
K01354	19.2807395
K01355	0
K01356	82.386894
K01358	143.3290543
K01361	10.0968973
K01362	54.0518238
K01364	2.1831413
K01372	27.2217979
K01376	0
K01387	0
K01390	0.7277138
K01392	4.7890672
K01399	0
K01400	4.456328
K01401	45.8025633
K01406	0
K01407	0
K01408	0
K01409	101.4028179
K01412	0
K01414	2.4955437
K01415	4.456328
K01416	4.456328
K01417	55.5752098
K01419	50.6238857
K01420	8.7771066
K01421	87.1638502
K01422	6.7093004
K01423	10.4074094
K01424	98.9423648
K01425	22.2935236
K01426	55.3989345
K01428	61.2587802
K01429	62.2977412
K01430	62.2977412
K01431	0
K01432	0
K01433	30.8717428
K01434	15.365419
K01436	19.4493842
K01437	0
K01438	30.9023003
K01439	147.484443
K01442	54.1716741
K01443	99.0068755
K01444	0
K01446	16.6240942
K01447	17.2243093
K01448	65.7855518
K01449	0
K01451	23.3007893
K01452	0
K01453	0.6366183
K01454	0
K01455	4.8213224
K01457	1.8300654
K01458	0
K01459	0
K01460	0
K01461	0
K01462	195.7318485
K01463	3.4926061
K01464	8.912656
K01465	107.1182413
K01466	7.5036075
K01467	33.3270329
K01468	78.4573273
K01469	0
K01470	0.7130125
K01471	0
K01473	8.912656
K01474	8.912656
K01476	54.8595194
K01477	2.4955437
K01478	89.7114609
K01479	64.0188245
K01480	20.1222133
K01481	0
K01482	4.456328
K01483	2.3291741
K01484	2.4955437
K01485	4.456328
K01486	0
K01487	7.2846109
K01488	63.495879
K01489	96.6859096
K01491	108.912656
K01492	1.426025
K01493	79.042526
K01494	23.8383839
K01495	57.7585438
K01496	30.01268
K01497	11.2418301
K01498	0
K01499	0
K01500	0.1663696
K01501	0
K01502	0
K01503	0
K01504	0
K01505	4.9554367
K01506	0
K01507	32.9784724
K01512	71.2259911
K01515	102.6893556
K01518	1.0915707
K01520	81.2989814
K01521	0.1819284
K01523	30.01268
K01524	57.3488328
K01525	2.3291741
K01529	3.0687714
K01531	5.2417444
K01533	124.7522615
K01534	39.4093408
K01535	0
K01537	19.6115186
K01539	0
K01541	0.7277138
K01545	7.2319837
K01546	70.8638143
K01547	71.7364058
K01548	70.5310751
K01550	0
K01551	17.4178763
K01552	15.9094191
K01553	0
K01554	0
K01555	11.2418301
K01556	11.0754605
K01560	6.8669892
K01561	8.912656
K01563	4.456328
K01564	0
K01565	0
K01567	2.2717166
K01568	0.4991087
K01569	0.3638569
K01571	21.9196208
K01572	9.9939883
K01573	0.7130125
K01574	6.3271369
K01575	102.6339805
K01576	0
K01577	0
K01578	0
K01579	70.3856375
K01580	3.8743145
K01581	2.5770308
K01582	2.9564466
K01583	1.637356
K01584	0.1663696
K01585	2.4955437
K01586	136.2281918
K01588	100
K01589	95.9508277
K01590	1.8300654
K01591	100
K01593	0
K01594	0
K01595	24.5989306
K01596	29.7037604
K01597	67.1335199
K01598	16.5554882
K01599	83.6476345
K01601	0
K01602	0
K01607	14.304336
K01608	4.456328
K01609	90.9191367
K01610	55.8410054
K01611	0
K01612	0
K01613	5.1885747
K01615	0
K01616	0
K01617	13.368984
K01618	0
K01619	147.3448859
K01620	72.149722
K01621	4.6382564
K01622	0
K01623	72.9055257
K01624	107.3669206
K01625	59.05637
K01626	59.3214133
K01627	4.6345812
K01628	8.2881313
K01629	2.6157792
K01630	0
K01631	0
K01632	4.456328
K01633	93.375302
K01635	73.9788948
K01636	4.1843542
K01637	11.2418301
K01638	15.6981581
K01639	70.9173515
K01640	12.073678
K01641	65.8602834
K01643	4.9120679
K01644	57.5694572
K01646	4.9120679
K01647	128.3045128
K01649	104.6304507
K01652	164.2911134
K01653	85.9613899
K01654	10.0870964
K01655	0
K01657	80.0966259
K01658	74.0797912
K01659	1.996435
K01661	84.3137254
K01662	37.0220267
K01664	66.5393428
K01665	52.6814361
K01666	9.9821747
K01667	11.1790171
K01668	0
K01669	63.4574803
K01671	0
K01673	56.8746289
K01674	6.8213977
K01676	13.7373738
K01677	0
K01678	0
K01679	79.5246582
K01681	91.0496107
K01682	2.6619133
K01684	2.4106612
K01685	1.706137
K01686	18.0798718
K01687	107.8347191
K01689	106.1016297
K01690	2.3291741
K01692	48.7225195
K01693	78.1444173
K01695	91.2674348
K01696	90.8053768
K01697	19.0985486
K01698	80.2056954
K01699	1.455165
K01703	95.0113453
K01704	91.9045781
K01706	5.4545455
K01707	0.9982175
K01708	0.9982175
K01709	2.8520499
K01710	32.3232675
K01711	16.5775402
K01712	81.4276351
K01713	0
K01714	140.1930421
K01715	0
K01716	0
K01719	81.7318817
K01720	9.0945844
K01721	0.3327392
K01724	22.28164
K01725	0
K01726	0
K01727	71.2012264
K01728	0
K01729	0
K01730	0.3565062
K01731	0
K01732	0
K01733	105.8198725
K01734	2.4955437
K01735	98.8331552
K01736	100
K01737	70.9574125
K01738	154.6778535
K01739	64.3744034
K01740	61.5888419
K01743	0
K01744	13.6609796
K01745	85.2747872
K01746	2.7289266
K01749	79.8729563
K01750	92.8378998
K01751	0
K01752	168.1824218
K01753	3.8383839
K01754	146.5083302
K01755	91.9951485
K01756	99.8336304
K01758	13.368984
K01759	27.8776504
K01760	57.5012709
K01761	4.456328
K01766	0
K01768	26.737968
K01769	0
K01770	24.4240728
K01771	38.4347677
K01772	86.6954041
K01774	0
K01775	159.6536795
K01776	101.996435
K01777	4.456328
K01778	31.5626858
K01779	8.3399708
K01780	0
K01781	0
K01782	11.4081997
K01783	102.0623632
K01784	162.5409601
K01785	86.6582659
K01786	39.747383
K01787	2.8520499
K01788	73.1129189
K01790	27.1476965
K01791	161.6013375
K01792	7.805789
K01795	0
K01796	8.912656
K01797	4.456328
K01798	0
K01799	0.6366183
K01800	2.3291741
K01801	0.1663696
K01802	43.8581782
K01803	102.0165092
K01804	11.8920296
K01805	16.8650029
K01807	72.0261437
K01808	41.7392325
K01809	154.6294617
K01810	99.651702
K01811	7.1338001
K01812	23.4602808
K01813	1.6153041
K01814	80.8063306
K01815	12.4850691
K01816	12.5150667
K01817	82.3703376
K01818	18.9649244
K01819	139.7710097
K01820	0
K01821	69.929845
K01822	4.456328
K01823	90.5525846
K01825	2.3291741
K01826	4.7398353
K01828	0
K01829	0
K01834	161.3317615
K01835	97.6863847
K01838	1.8192844
K01839	68.9986584
K01840	47.7822846
K01841	2.6921734
K01843	10.338681
K01844	13.368984
K01845	131.4899665
K01846	0.6366183
K01847	31.7290554
K01848	22.28164
K01849	8.912656
K01851	0
K01854	15.8947178
K01856	2.3291741
K01857	2.9657924
K01858	19.8879553
K01860	0
K01865	0
K01866	104.6538153
K01867	108.912656
K01868	108.9293524
K01869	101.1897717
K01870	99.1970121
K01872	99.8336304
K01873	99.8180716
K01874	108.2989472
K01875	99.4542147
K01876	100.9252011
K01878	19.976233
K01879	19.7943046
K01880	79.2207791
K01881	99.8336304
K01883	104.10803
K01884	0
K01885	49.5543674
K01886	13.9037434
K01887	105.146991
K01889	103.9261015
K01890	99.651702
K01892	99.8336304
K01893	72.4038443
K01894	2.3291741
K01895	167.9653679
K01896	0
K01897	140.6297579
K01902	80.0101858
K01903	84.4665138
K01904	0
K01905	0
K01906	42.1865714
K01907	0
K01908	8.912656
K01909	0
K01910	5.2759248
K01911	79.8573974
K01912	25.5020798
K01913	0
K01914	19.0510319
K01915	145.6565658
K01916	82.0946184
K01917	0
K01918	71.5909681
K01919	14.7747947
K01920	2.5111026
K01921	126.5718609
K01922	16.7374167
K01923	103.9787112
K01924	99.8336304
K01925	99.6672608
K01926	78.9285035
K01928	48.8458878
K01929	100.7212207
K01932	0.9096422
K01933	99.4697735
K01934	51.5081335
K01935	65.8987518
K01937	99.5453102
K01938	87.0236629
K01939	100.6521771
K01940	93.0711603
K01941	2.1628045
K01945	99.8180716
K01947	0
K01950	22.8163994
K01951	121.7776659
K01952	197.3174349
K01953	5.6788977
K01955	104.8006532
K01956	100.7432726
K01957	0
K01958	65.2661063
K01959	0
K01960	4.2780749
K01961	125.3201509
K01962	75.0564467
K01963	75.0564467
K01965	8.912656
K01966	28.163993
K01968	2.1628045
K01969	15.365419
K01970	0
K01971	65.4358715
K01972	103.6533401
K01974	0.3327392
K01975	10.1858926
K01976	0.3638569
K01989	39.7493957
K01990	523.8732114
K01991	4.9910874
K01992	456.6620547
K01993	9.7207369
K01994	0
K01995	20.5254836
K01996	20.5254836
K01997	20.5254836
K01998	20.5254836
K01999	20.3435552
K02000	21.9968901
K02001	21.8149616
K02002	25.9535493
K02003	435.2293274
K02004	342.8327812
K02005	51.0380598
K02006	19.6445964
K02007	19.6445964
K02008	19.6445964
K02009	13.5509124
K02010	32.8980178
K02011	36.3176074
K02012	83.150591
K02013	324.1371876
K02014	45.9893053
K02015	691.8536125
K02016	522.4430382
K02017	69.3387657
K02018	69.3387657
K02019	1.996435
K02020	71.5015702
K02021	3.3499861
K02022	0.1819284
K02023	8.2081318
K02024	0.1663696
K02025	238.2369138
K02026	184.0306388
K02027	165.9328279
K02028	166.1562347
K02029	178.7795309
K02030	201.5197986
K02031	98.6664356
K02032	110.6752878
K02033	217.9157247
K02034	225.1270565
K02035	243.9495184
K02036	125.4699819
K02037	108.2023388
K02038	108.3842672
K02039	109.4758379
K02040	110.0309865
K02041	47.0078939
K02042	92.8104571
K02043	0
K02044	46.4391815
K02045	7.4221204
K02046	7.4221204
K02047	7.4221204
K02048	9.9176641
K02049	39.1285286
K02050	74.5838879
K02051	37.472166
K02052	4.456328
K02053	13.368984
K02054	8.912656
K02055	9.0790256
K02056	58.3750703
K02057	113.1123594
K02058	16.3551132
K02062	14.0056023
K02063	14.0056023
K02064	14.0056023
K02065	13.7373738
K02066	31.5626858
K02067	31.5626858
K02068	56.2195636
K02069	69.5885476
K02071	137.5349788
K02072	138.7403094
K02073	154.6152679
K02074	12.0957474
K02075	7.9959257
K02076	50.6238857
K02077	21.0084034
K02078	133.1938463
K02079	0
K02080	0
K02081	6.0934215
K02082	18.2840272
K02083	1.8419489
K02086	68.2709446
K02092	0
K02093	0
K02094	0
K02095	0
K02096	0
K02097	0
K02099	4.456328
K02100	0
K02101	0
K02103	0
K02106	9.7119161
K02108	100.0155589
K02109	99.8336304
K02110	99.1059167
K02111	100
K02112	100
K02113	99.8336304
K02114	99.8336304
K02115	99.8180716
K02116	53.793396
K02117	8.8703898
K02118	9.0523183
K02119	6.9132808
K02120	9.2342467
K02121	9.0523183
K02122	6.5494239
K02123	9.0523183
K02124	8.8703898
K02160	120.0186738
K02164	0
K02167	2.3291741
K02168	16.8695358
K02169	3.7551991
K02170	2.3291741
K02171	16.8746286
K02172	18.0799592
K02173	0
K02182	0.6366183
K02188	3.2376962
K02189	0.1819284
K02190	2.3209659
K02191	0.1819284
K02192	2.4955437
K02193	4.456328
K02194	4.456328
K02195	4.456328
K02196	0
K02197	4.456328
K02198	4.456328
K02199	0
K02200	4.456328
K02203	2.9657924
K02204	6.7855021
K02205	0
K02217	69.1791867
K02221	95.8826592
K02224	20.1462779
K02225	0
K02226	4.1272642
K02227	19.7897717
K02228	16.5520754
K02229	4.456328
K02230	22.7909346
K02231	10.4934471
K02232	24.4124692
K02233	21.7862066
K02234	0
K02236	67.5432308
K02237	96.9742298
K02238	99.8647481
K02239	0
K02240	67.9070877
K02241	0
K02242	67.9070877
K02243	69.1124183
K02244	66.8836855
K02245	67.7251593
K02246	67.5432308
K02247	0
K02248	17.283202
K02249	0
K02250	50.6238857
K02251	0
K02252	0
K02253	0
K02254	0
K02255	0
K02258	0
K02259	83.7280366
K02274	29.2844411
K02275	29.9210594
K02276	25.4647314
K02277	0
K02278	0
K02279	4.456328
K02280	0
K02281	0
K02282	4.456328
K02283	48.3829897
K02284	0
K02285	0
K02286	0
K02287	0
K02288	0
K02289	0
K02290	0
K02291	4.456328
K02292	0
K02293	0
K02294	0
K02297	2.3291741
K02298	2.3291741
K02299	8.3558272
K02300	2.3291741
K02301	78.4177912
K02302	20.1544861
K02303	67.973856
K02304	50.8058141
K02305	0
K02313	99.8336304
K02314	101.6070958
K02315	6.2430246
K02316	99.8025127
K02317	0
K02334	29.4258534
K02335	113.2026144
K02336	0
K02337	102.4262201
K02338	98.5603938
K02339	2.3291741
K02340	100
K02341	99.8336304
K02342	116.9309836
K02343	98.5603938
K02344	0
K02345	0
K02346	118.3111196
K02347	50.6238857
K02348	29.0588464
K02351	21.0084034
K02352	47.6445122
K02355	111.3097361
K02356	99.1814533
K02357	99.8180716
K02358	106.9674306
K02361	4.8247178
K02362	0
K02363	2.7994228
K02364	0
K02371	25.8735673
K02372	72.6619044
K02377	7.6648842
K02379	60.4940156
K02380	0
K02381	6.2982769
K02383	0
K02385	4.456328
K02386	0
K02387	4.456328
K02388	4.456328
K02389	4.456328
K02390	0
K02391	0
K02392	0
K02393	0
K02394	0
K02395	0
K02396	4.456328
K02397	4.456328
K02398	0
K02399	0
K02400	4.456328
K02401	4.456328
K02402	0
K02403	0
K02404	0
K02405	26.737968
K02406	4.456328
K02407	4.456328
K02408	4.456328
K02409	4.456328
K02410	4.456328
K02411	4.456328
K02412	4.456328
K02413	0
K02414	0
K02415	4.456328
K02416	4.456328
K02417	4.456328
K02418	4.456328
K02419	4.456328
K02420	4.456328
K02421	4.456328
K02422	4.456328
K02423	0
K02424	60.766287
K02425	0
K02426	11.4081997
K02427	2.3291741
K02428	128.8852137
K02429	12.706901
K02430	0
K02431	8.1857298
K02433	106.887361
K02434	96.9742298
K02435	97.1561583
K02436	0
K02437	88.6206603
K02438	37.2803668
K02439	0
K02440	108.5635004
K02441	0.1819284
K02442	2.3291741
K02443	51.8971223
K02444	0
K02445	54.9598907
K02446	19.0306426
K02448	0
K02450	0
K02451	0
K02452	2.3291741
K02453	2.3291741
K02454	4.6583482
K02455	2.3291741
K02456	4.6583482
K02457	0
K02458	2.3291741
K02459	2.1628045
K02460	2.3291741
K02461	2.4955437
K02462	2.3291741
K02463	2.3291741
K02464	0
K02465	0
K02466	0
K02467	0
K02468	0
K02469	126.5715984
K02470	126.5715984
K02471	0
K02472	55.8696205
K02473	0.9982175
K02474	4.6040235
K02475	3.0927835
K02476	3.274712
K02477	6.4281383
K02478	9.4584413
K02479	2.4106612
K02480	0
K02481	1.7825312
K02482	0
K02483	36.6793991
K02484	30.8632545
K02485	0
K02486	1.2053306
K02487	0.3327392
K02488	0.4991087
K02489	0
K02490	0
K02491	0
K02492	84.4956538
K02493	108.9282149
K02494	2.4955437
K02495	102.8282829
K02496	0
K02497	49.4185551
K02498	0
K02499	50.6238857
K02500	81.2765793
K02501	81.2765793
K02502	5.6038861
K02503	108.1096681
K02504	0
K02505	0
K02506	0
K02507	0
K02508	0
K02509	8.912656
K02510	9.2453952
K02511	0
K02517	15.7524829
K02518	99.2796369
K02519	99.8336304
K02520	98.4619302
K02521	0
K02523	4.9910874
K02525	0
K02526	0.3638569
K02527	4.4682116
K02528	105.9197012
K02529	292.9930863
K02530	69.4306837
K02531	11.2795634
K02532	2.9564466
K02533	0
K02535	2.3291741
K02536	4.8247178
K02538	24.5386376
K02545	30.1332653
K02546	10.8479755
K02547	21.695951
K02548	82.0331881
K02549	82.4548
K02550	0
K02551	80.2139036
K02552	85.6378914
K02553	2.3291741
K02554	0
K02556	4.456328
K02557	4.8128342
K02558	2.3291741
K02560	0
K02562	0
K02563	99.651702
K02564	87.5562346
K02565	0
K02566	17.1886937
K02567	0
K02568	0
K02569	0
K02570	0
K02571	0
K02572	0
K02573	0
K02574	0
K02575	28.4460827
K02584	0
K02585	0
K02586	0
K02587	0
K02588	0
K02589	0
K02590	0
K02591	0
K02592	0
K02593	0
K02594	0
K02595	0
K02596	0
K02597	0
K02598	0.1819284
K02600	99.8336304
K02601	99.651702
K02609	19.9881165
K02610	19.9881165
K02611	19.821747
K02612	19.6553774
K02613	19.821747
K02614	28.723867
K02615	0
K02616	13.2382651
K02617	1.996435
K02618	10.909091
K02619	70.574654
K02621	73.0956624
K02622	73.4595193
K02623	0
K02624	4.3256091
K02625	0.3327392
K02626	0
K02628	0
K02629	0
K02630	0
K02631	0
K02632	0
K02634	0
K02635	0
K02636	0
K02637	0
K02638	0
K02639	0
K02640	0
K02641	0
K02642	0
K02643	0
K02647	3.3203034
K02650	1.7103724
K02651	1.0695187
K02652	6.801061
K02653	6.801061
K02654	30.5223071
K02655	4.3256091
K02656	2.1628045
K02657	2.3291741
K02658	2.3291741
K02659	2.3291741
K02660	2.3291741
K02661	0
K02662	6.9674306
K02663	2.344733
K02664	2.3291741
K02665	2.3291741
K02666	2.1628045
K02667	2.4955437
K02668	2.1628045
K02669	6.9674306
K02670	2.1628045
K02671	1.996435
K02672	2.1628045
K02673	0
K02674	2.1628045
K02675	0
K02676	2.3291741
K02679	0
K02680	0
K02681	0
K02682	0
K02686	0
K02687	73.0956624
K02688	0.9982175
K02689	0
K02690	0
K02691	0
K02692	0
K02693	0
K02694	0
K02696	0
K02697	0
K02698	0
K02699	0
K02700	0
K02702	0
K02703	0
K02704	0
K02705	0
K02706	0
K02707	0
K02708	0
K02709	0
K02710	0
K02711	0
K02712	0
K02713	0
K02714	0
K02715	0
K02716	0
K02717	0
K02718	0
K02719	0
K02720	0
K02722	0
K02723	0
K02724	0
K02742	0
K02744	14.5542754
K02745	12.3711341
K02746	12.3711341
K02747	12.3711341
K02749	48.2132245
K02750	48.2132245
K02752	0
K02753	0
K02755	66.4267206
K02756	30.6306591
K02757	30.8125875
K02759	45.6401494
K02760	44.9806041
K02761	54.3500501
K02763	92.8104571
K02764	92.8104571
K02765	92.8104571
K02768	143.4784296
K02769	137.6999307
K02770	139.883072
K02771	0.3638569
K02773	70.1550723
K02774	76.4072327
K02775	62.2813948
K02777	81.821857
K02778	31.9269977
K02779	32.1089262
K02781	18.1215254
K02782	11.1187243
K02783	22.2374486
K02784	0
K02786	65.8602834
K02787	66.2241403
K02788	67.4976394
K02790	43.5738305
K02791	43.5738305
K02793	43.3901522
K02794	46.3010073
K02795	47.8020263
K02796	43.3901522
K02798	61.1732852
K02799	61.3552136
K02800	61.3552136
K02802	0.6366183
K02803	61.5822085
K02804	49.486461
K02805	4.456328
K02806	3.4566404
K02808	17.6470589
K02809	69.4304212
K02810	68.5889475
K02812	0
K02813	0.1819284
K02814	0.1819284
K02815	0.1819284
K02817	14.3723469
K02818	62.5855714
K02819	62.5855714
K02821	73.2272039
K02822	77.7764651
K02823	25.5763037
K02824	69.6969696
K02825	93.735676
K02826	50.6238857
K02827	50.6238857
K02828	44.5972326
K02829	50.6238857
K02834	98.8331552
K02835	99.8336304
K02836	97.900586
K02837	78.757321
K02838	98.6282998
K02839	1.426025
K02840	0.1819284
K02841	0
K02843	0
K02844	0
K02846	0
K02847	0
K02848	0
K02849	0
K02850	0
K02851	79.544995
K02852	0.7130125
K02853	2.7671675
K02854	4.456328
K02855	0
K02856	1.0695187
K02858	2.3291741
K02859	0
K02860	99.1740851
K02862	0
K02863	99.6361431
K02864	99.0150837
K02867	100
K02871	100
K02874	99.3633817
K02876	99.8180716
K02878	98.7946694
K02879	99.8336304
K02881	99.6361431
K02884	98.7946694
K02886	98.4463714
K02887	98.6282998
K02888	99.2878451
K02890	98.7946694
K02892	98.6127409
K02895	99.8336304
K02897	82.1865715
K02899	100
K02902	105.6155421
K02904	99.8180716
K02906	98.9765978
K02907	99.8180716
K02909	114.0455058
K02911	98.065818
K02913	208.6350814
K02914	96.445421
K02916	97.7260082
K02919	96.8905725
K02926	98.9765978
K02931	100
K02933	100
K02935	98.0669556
K02936	0
K02939	99.651702
K02945	99.8336304
K02946	97.5893388
K02948	99.8180716
K02950	99.3633817
K02952	99.8180716
K02954	167.6927639
K02956	99.8180716
K02959	98.6127409
K02961	99.8180716
K02963	99.6361431
K02965	98.6282998
K02967	98.2488841
K02968	99.4542147
K02970	72.3752993
K02972	0
K02977	0
K02982	98.7946694
K02986	99.8180716
K02988	99.8336304
K02990	99.8180716
K02992	100
K02994	100
K02996	100
K03030	0
K03040	100.1901367
K03043	100.1974873
K03046	99.8336304
K03048	68.0890162
K03060	96.2991257
K03070	153.1468193
K03071	3.8828028
K03072	29.2335117
K03073	91.5564726
K03074	29.2335117
K03075	99.6361431
K03076	150.84395
K03077	0.7130125
K03078	7.6394194
K03079	7.6394194
K03080	0
K03081	19.5575263
K03082	19.0117409
K03086	104.10803
K03087	0.6366183
K03088	372.1106079
K03089	2.3291741
K03090	89.5255071
K03091	50.6238857
K03092	4.8247178
K03093	0
K03095	66.8155171
K03098	3.3273916
K03100	206.1634975
K03101	106.3271369
K03106	99.8336304
K03110	99.8336304
K03111	248.6197676
K03112	0
K03113	2.4955437
K03116	81.6084784
K03117	29.7326204
K03118	81.7986151
K03119	3.3273916
K03146	0
K03147	31.1552501
K03148	0
K03149	41.1374248
K03150	4.6345812
K03151	69.4762752
K03152	13.0400427
K03153	38.0052628
K03154	40.667176
K03168	104.2743996
K03169	60.9679047
K03177	100.1974873
K03179	2.693031
K03181	2.3291741
K03182	0.7277138
K03183	81.0797045
K03184	0
K03185	2.3291741
K03186	0.7277138
K03187	62.2821823
K03188	62.2977412
K03189	62.2977412
K03190	62.2977412
K03191	1.637356
K03192	2.3291741
K03194	0
K03195	0.1663696
K03196	0
K03197	0
K03198	0
K03199	0
K03200	0
K03201	0.1663696
K03202	0
K03203	0
K03204	0
K03205	16.3717221
K03206	0
K03207	0
K03208	0
K03210	106.9288397
K03212	13.368984
K03214	0
K03215	73.2775909
K03216	79.8766316
K03217	129.6836686
K03218	104.2899584
K03219	0
K03220	0
K03221	0
K03222	0
K03223	0
K03224	0
K03225	0
K03226	0
K03227	0
K03228	0
K03229	0
K03230	0
K03265	0
K03268	0
K03269	4.6583482
K03270	5.1812241
K03271	9.6256685
K03272	0
K03273	0.3565062
K03274	0.3565062
K03275	0
K03276	0
K03277	0
K03278	0
K03279	0
K03280	0
K03281	10.7715814
K03282	96.0283595
K03284	110.224921
K03285	0
K03286	9.6613191
K03287	0
K03288	1.996435
K03289	0
K03290	13.368984
K03291	0
K03292	5.466429
K03293	85.4436769
K03294	134.5214247
K03296	74.2313895
K03297	11.3552751
K03298	8.2539683
K03299	63.2456067
K03300	51.1322528
K03301	0
K03303	125.6746619
K03304	0
K03305	78.8254544
K03306	80.9269161
K03307	93.6148279
K03308	73.5398338
K03309	1.3872591
K03310	143.6728716
K03311	172.8446901
K03312	59.2428485
K03313	19.6842374
K03314	0
K03315	57.5842456
K03316	70.294962
K03317	5.2077563
K03318	0
K03319	47.8108817
K03320	76.3522428
K03321	26.6428822
K03322	71.550732
K03324	56.3255354
K03325	12.5914609
K03326	1.2732366
K03327	16.4387356
K03328	43.1267713
K03329	0
K03331	0
K03332	1.2734991
K03333	18.8235295
K03335	18.4619303
K03336	12.7323657
K03337	12.0957474
K03338	12.0957474
K03339	0
K03340	11.4081997
K03342	13.6446332
K03343	8.912656
K03346	68.0890162
K03365	0
K03366	61.4355281
K03367	68.9075629
K03379	0.3327392
K03380	8.912656
K03381	6.7855021
K03382	4.7890672
K03383	4.456328
K03384	0
K03385	2.0626433
K03386	73.245493
K03387	73.9904808
K03388	0
K03389	0
K03390	0
K03391	0
K03392	11.0276288
K03394	10.8771157
K03395	0.3327392
K03396	0
K03397	0
K03399	0.1819284
K03400	0
K03402	132.7069536
K03403	0
K03404	22.9182583
K03405	22.9182583
K03406	0
K03407	4.456328
K03408	4.456328
K03409	0
K03410	0
K03411	0
K03412	4.456328
K03413	8.912656
K03414	0
K03415	0
K03417	11.2418301
K03418	0
K03423	0
K03424	105.3238266
K03425	0
K03426	32.3814951
K03427	114.7923835
K03428	0
K03429	68.2709446
K03430	5.1744334
K03431	97.3380867
K03432	17.1886937
K03433	17.1886937
K03435	0
K03436	80.8213819
K03437	103.9261015
K03438	99.651702
K03439	99.8336304
K03442	85.901027
K03444	1.0695187
K03445	0.1663696
K03446	3.2323233
K03449	35.907949
K03451	51.41499
K03453	62.0911882
K03455	71.7816823
K03457	18.5997199
K03458	0
K03459	0
K03462	0
K03464	6.7855021
K03465	0
K03466	226.7942176
K03468	0
K03469	66.4884134
K03470	99.8336304
K03471	68.2709446
K03472	0.3327392
K03473	4.4682116
K03474	4.4682116
K03475	84.5065048
K03476	18.3521957
K03477	0
K03478	0.6366183
K03480	48.2132245
K03481	49.6004835
K03482	0
K03483	48.9635153
K03484	69.2943468
K03485	0
K03486	61.9260261
K03487	0
K03488	23.7402178
K03489	43.391902
K03490	0.3565062
K03491	22.5804787
K03492	6.9132808
K03493	19.5575263
K03495	72.7318055
K03496	84.6424747
K03497	168.0575834
K03498	25.6489176
K03499	161.1802686
K03500	97.1717171
K03501	99.8336304
K03502	62.5797609
K03503	6.1030473
K03516	0
K03517	26.6748575
K03518	13.368984
K03519	17.825312
K03520	13.368984
K03521	29.652831
K03522	29.8192005
K03523	98.9431698
K03524	99.8336304
K03525	13.3808676
K03526	33.973347
K03527	37.7930568
K03528	2.3291741
K03529	80.7860113
K03530	110.6601141
K03531	98.4463714
K03532	0
K03533	0
K03534	12.044818
K03535	50.250403
K03536	98.6282998
K03537	0
K03543	8.6274511
K03544	99.651702
K03545	99.8336304
K03546	69.8935818
K03547	69.5297249
K03548	0
K03549	16.0941828
K03550	99.8336304
K03551	99.8336304
K03553	100.1819284
K03554	0
K03555	73.262032
K03556	0
K03557	2.4955437
K03558	3.7551991
K03559	12.1212123
K03560	2.3291741
K03561	14.5929889
K03562	2.3291741
K03563	6.7855021
K03564	82.3529411
K03565	95.3617436
K03566	0.1663696
K03567	4.456328
K03568	9.6256685
K03569	13.9037434
K03570	76.0728483
K03571	64.960337
K03572	70.8358119
K03573	0
K03574	150.5682138
K03575	98.9995248
K03576	2.4955437
K03577	0.1819284
K03578	29.2335117
K03579	21.0084034
K03580	6.7855021
K03581	88.781937
K03582	19.6842374
K03583	20.3208557
K03584	99.8336304
K03585	7.2964944
K03586	2.3291741
K03587	30.9260675
K03588	94.3077837
K03589	99.8336304
K03590	71.8903318
K03591	0
K03592	0.3565062
K03593	80.9812409
K03594	6.9555471
K03595	98.6282998
K03596	99.4697735
K03597	0
K03598	4.456328
K03599	2.3291741
K03600	2.3291741
K03601	99.6672608
K03602	95.7533404
K03603	0
K03604	0
K03605	0.1819284
K03606	1.2358883
K03607	0
K03608	2.4955437
K03609	2.3291741
K03610	2.3291741
K03611	2.3291741
K03612	2.4955437
K03613	2.4955437
K03614	2.4955437
K03615	2.4955437
K03616	2.3291741
K03617	2.4955437
K03618	0
K03619	0
K03620	0
K03621	68.0890162
K03623	0
K03624	100
K03625	99.8336304
K03628	81.5499532
K03629	98.6282998
K03630	67.7441135
K03631	100.0155589
K03632	0
K03633	0
K03634	2.3291741
K03635	69.975384
K03636	50.6238857
K03637	67.8125794
K03638	50.6238857
K03639	73.7950937
K03640	2.3291741
K03641	2.3291741
K03642	2.3291741
K03643	2.3291741
K03644	84.5157456
K03645	0
K03646	2.1628045
K03647	83.8467845
K03648	100.7212207
K03649	18.4619303
K03650	73.0956624
K03651	2.3291741
K03652	80.6162289
K03653	0
K03654	144.4614207
K03655	122.2046507
K03656	2.3291741
K03657	158.4630505
K03658	0.7130125
K03660	0
K03664	104.2899584
K03665	99.8180716
K03666	52.9530598
K03667	50.6238857
K03668	0
K03669	0
K03670	0
K03671	106.39079
K03672	11.7120788
K03673	2.3291741
K03674	0
K03675	0
K03676	2.4955437
K03683	2.3291741
K03684	29.0671421
K03685	99.1970121
K03686	126.5715984
K03687	109.2165351
K03688	19.8822498
K03689	0
K03690	2.3291741
K03692	0
K03693	17.4651305
K03694	2.6856804
K03695	92.4635596
K03696	96.1171972
K03697	17.1012736
K03698	68.0890162
K03699	37.9679146
K03700	68.2709446
K03701	107.8768102
K03702	101.038961
K03703	99.8336304
K03704	216.4656175
K03705	95.0089126
K03706	68.2709446
K03707	71.2960497
K03708	68.2709446
K03709	96.4638151
K03710	73.9446447
K03711	120.256345
K03712	0
K03713	67.9070877
K03715	0
K03716	4.456328
K03717	0
K03718	9.4474154
K03719	51.044903
K03720	0
K03721	0
K03722	95.8503863
K03723	99.8336304
K03724	10.8225109
K03726	0
K03727	26.737968
K03731	0
K03732	2.3291741
K03733	83.5175282
K03734	37.0601975
K03735	7.4376793
K03736	7.4376793
K03737	12.5906033
K03738	4.456328
K03739	68.7256344
K03740	68.3617776
K03741	23.5820388
K03742	70.5845599
K03743	34.8832868
K03744	40.0987264
K03745	2.4955437
K03746	2.4955437
K03747	0
K03748	1.426025
K03749	0
K03750	87.9670655
K03752	52.9530598
K03753	50.6238857
K03755	0
K03756	2.4106612
K03757	0
K03758	66.3607922
K03759	0
K03760	3.161022
K03761	11.6322893
K03762	59.7589337
K03763	68.2709446
K03764	0
K03765	0
K03767	31.0255112
K03768	88.137968
K03769	2.3291741
K03770	3.9215687
K03771	9.6375521
K03772	1.1645871
K03773	4.8247178
K03774	2.4955437
K03775	4.8247178
K03776	7.6394194
K03777	2.9657924
K03778	106.8423117
K03779	0.3327392
K03780	0.3327392
K03781	96.3364739
K03782	11.5457092
K03783	41.7876243
K03784	114.4577541
K03785	72.252771
K03786	30.2894492
K03787	13.7373738
K03788	4.5482111
K03789	96.8760462
K03790	30.7240473
K03791	4.456328
K03793	0
K03794	0
K03795	0
K03796	0
K03797	62.0558526
K03798	99.8336304
K03799	32.9457445
K03800	180.9472175
K03801	36.0190138
K03802	4.6226976
K03803	1.0695187
K03804	0
K03805	0
K03806	2.3291741
K03807	0
K03808	4.1592395
K03809	7.2846109
K03810	5.8217102
K03811	35.1343813
K03812	0
K03813	0
K03814	3.9691028
K03815	0
K03816	69.8209505
K03817	49.9643404
K03818	9.9821747
K03819	0
K03820	24.6108141
K03821	1.8300654
K03822	0
K03823	77.5410869
K03824	1.996435
K03825	0
K03826	0.1819284
K03827	12.0363297
K03828	1.637356
K03829	0
K03830	6.1149308
K03831	0
K03832	11.3844327
K03833	0
K03834	0
K03835	0
K03836	0
K03837	0
K03838	0
K03839	3.9215687
K03840	0
K03841	2.3291741
K03851	0
K03852	0
K03855	4.456328
K03856	9.0045391
K03862	3.3273916
K03863	2.8282829
K03867	0
K03885	137.4729709
K03886	0
K03887	0
K03888	0
K03889	25.4647314
K03890	25.4647314
K03891	25.4647314
K03892	62.2524824
K03893	57.9237753
K03894	1.2053306
K03895	1.2053306
K03896	0
K03897	6.2863934
K03918	0
K03919	0
K03921	4.456328
K03923	2.344733
K03924	60.619642
K03925	79.5008912
K03926	0
K03928	116.6624222
K03929	64.1445205
K03930	16.3735598
K03931	1.426025
K03932	0
K03933	4.456328
K03969	26.737968
K03970	1.2732366
K03971	0
K03972	0
K03973	0
K03974	0
K03975	28.038052
K03976	70.0387745
K03977	98.6282998
K03978	72.8981751
K03979	98.9239882
K03980	33.5234701
K03981	6.9875224
K04013	0
K04014	0
K04015	0
K04016	0
K04017	0
K04018	0
K04019	4.6382564
K04020	0
K04021	0
K04022	0
K04023	1.3872591
K04024	6.2753499
K04025	0
K04026	4.6382564
K04027	0
K04028	4.6382564
K04029	2.0009503
K04030	2.0586704
K04031	2.0009503
K04032	0
K04033	0
K04034	0
K04035	0
K04036	0
K04037	0
K04038	0
K04039	0
K04040	4.456328
K04041	54.6430254
K04042	96.6785414
K04043	109.5730414
K04044	2.3291741
K04045	0.5302265
K04046	0
K04047	88.7955356
K04049	0
K04050	0
K04051	0
K04052	0
K04053	0
K04054	0
K04056	0
K04057	0
K04058	0
K04059	0
K04060	0
K04061	0
K04062	0
K04063	14.0056023
K04064	0
K04065	0
K04066	99.8336304
K04067	0
K04068	77.3751549
K04069	87.1409232
K04070	0
K04071	0
K04072	58.6282997
K04073	8.912656
K04074	71.6357019
K04075	99.8336304
K04076	0
K04077	126.9354553
K04078	110.1858926
K04079	10.3505645
K04080	0.1663696
K04081	0
K04082	2.3291741
K04083	70.6001187
K04084	2.4955437
K04085	13.5710042
K04086	59.4697734
K04087	0
K04088	0
K04090	6.7855021
K04091	8.9483067
K04092	18.5530258
K04093	1.996435
K04094	68.0890162
K04095	5.3594071
K04096	102.6005179
K04097	1.3717002
K04098	0
K04099	0
K04100	0
K04101	0
K04102	0
K04103	52.4539511
K04105	0
K04107	0
K04108	0
K04109	0
K04110	0
K04112	0
K04113	0
K04114	0
K04115	0
K04116	4.456328
K04117	4.456328
K04118	0
K04126	0.1663696
K04127	4.456328
K04128	0
K04333	0
K04334	0
K04335	0
K04336	0
K04337	0
K04338	0
K04343	0
K04477	9.6256685
K04478	48.2132245
K04480	0
K04485	99.651702
K04486	5.4137494
K04487	182.6002377
K04488	88.4254307
K04516	19.5968173
K04517	88.5505842
K04518	85.6804202
K04561	21.5346744
K04562	0
K04564	134.2806212
K04565	2.1628045
K04566	0
K04567	111.3606655
K04568	2.3291741
K04618	0
K04641	0
K04651	0
K04652	0
K04653	0
K04654	0
K04655	0
K04656	0
K04691	2.4955437
K04708	0
K04712	0
K04718	0
K04719	5.0929463
K04720	1.7825312
K04744	2.4955437
K04747	0
K04748	0
K04749	59.5365417
K04750	65.8607734
K04751	15.7051762
K04752	2.3291741
K04753	2.4106612
K04754	2.3291741
K04755	6.9518717
K04756	0
K04757	50.6238857
K04758	68.3076104
K04759	74.4870519
K04760	2.3291741
K04761	12.387743
K04762	22.6500298
K04763	115.9966465
K04764	2.3291741
K04765	0
K04766	48.2132245
K04767	14.4631799
K04768	66.0385365
K04769	0
K04770	0
K04771	0
K04772	0
K04773	14.8068925
K04774	2.3291741
K04775	0
K04780	0
K04781	0
K04782	0.7277138
K04783	2.5925897
K04784	2.5925897
K04785	0
K04786	0
K04787	0
K04788	0
K04789	0
K04790	0
K04791	0
K04792	0
K04793	0
K04794	0
K04835	0
K04844	0
K04940	0
K05020	52.920787
K05245	0
K05275	0
K05281	0
K05286	0
K05296	0
K05297	3.6601308
K05299	0
K05301	0
K05303	0
K05304	0
K05305	0
K05306	4.9842968
K05311	50.6238857
K05337	79.4567873
K05338	52.6250986
K05339	52.9889554
K05340	53.9819925
K05341	7.6394194
K05342	12.7323657
K05343	16.5520754
K05344	0.9096422
K05345	0.4991087
K05346	0.6366183
K05348	0
K05349	53.0208962
K05350	40.9273364
K05351	0.6366183
K05352	85.6692189
K05356	0
K05358	3.3273916
K05362	68.2709446
K05363	20.557914
K05364	19.0985486
K05365	2.1628045
K05366	73.6185382
K05367	1.426025
K05368	0
K05369	0
K05370	0
K05371	0
K05372	0
K05373	0
K05374	0
K05375	4.6226976
K05376	0
K05377	0
K05378	0
K05379	0
K05380	0
K05381	0
K05382	0
K05383	0
K05384	0
K05385	0
K05386	0
K05394	0
K05396	1.8708089
K05499	2.4106612
K05501	0
K05515	13.7373738
K05516	13.214498
K05517	0.1663696
K05518	0
K05519	0
K05520	74.3553178
K05521	20.2073057
K05522	34.3773874
K05523	41.9387147
K05524	2.3291741
K05525	0.1663696
K05526	2.3291741
K05527	2.8282829
K05539	2.3291741
K05540	1.7103724
K05541	2.3291741
K05548	3.6312707
K05549	2.4955437
K05550	2.1628045
K05551	0
K05552	0
K05553	0
K05554	0
K05555	0
K05556	0
K05558	4.456328
K05559	2.3291741
K05560	2.3291741
K05561	2.3291741
K05562	2.1628045
K05563	2.3291741
K05564	2.3291741
K05565	119.7097017
K05566	100.0424408
K05567	119.7097017
K05568	119.7097017
K05569	119.7097017
K05570	117.8677528
K05571	118.5043711
K05572	0
K05573	0
K05574	0
K05575	0
K05576	0
K05577	47.0078939
K05578	0
K05579	0
K05580	0
K05581	0
K05582	0
K05583	0
K05584	0
K05585	0
K05586	0
K05587	0
K05588	0
K05589	2.3291741
K05590	0
K05591	0
K05592	34.7169172
K05593	7.800346
K05594	0
K05595	12.6516837
K05596	29.87013
K05597	2.3291741
K05599	2.1628045
K05600	2.1628045
K05601	0
K05602	26.737968
K05603	0
K05606	24.4206775
K05685	2.3291741
K05708	0
K05709	0
K05710	28.5680334
K05711	4.456328
K05712	4.456328
K05713	0
K05714	4.456328
K05715	0
K05739	0
K05772	4.456328
K05773	4.456328
K05774	0
K05775	0
K05776	2.4955437
K05777	0
K05778	0
K05779	0
K05780	0
K05781	0
K05782	8.9483067
K05783	2.3291741
K05784	2.1628045
K05785	0
K05786	74.8871894
K05787	0
K05788	2.3291741
K05789	0
K05790	0
K05791	4.6226976
K05792	0.1663696
K05793	0
K05794	39.2530347
K05795	0.3327392
K05796	0
K05797	0
K05798	0
K05799	16.4918001
K05800	0.3565062
K05801	1.0695187
K05802	0
K05803	0
K05804	0
K05805	0
K05806	0
K05807	4.8247178
K05808	21.402258
K05809	0
K05810	80.5109922
K05811	0
K05812	0
K05813	7.0028011
K05814	7.0028011
K05815	7.0028011
K05816	0
K05817	2.1628045
K05818	0
K05819	0.9982175
K05820	2.5111026
K05822	42.1865714
K05823	12.1892056
K05824	0
K05825	0
K05826	0
K05827	0
K05828	0
K05829	0
K05830	0
K05831	0
K05832	36.2927553
K05833	36.4746837
K05834	1.996435
K05835	0
K05836	2.1628045
K05837	77.353698
K05838	26.737968
K05839	0
K05841	0
K05844	10.1858926
K05845	148.0205325
K05846	220.4489664
K05847	143.1774206
K05851	0
K05873	2.7745181
K05874	0
K05875	0
K05876	0
K05877	0
K05878	71.2700074
K05879	72.0885541
K05880	0
K05881	7.0028011
K05882	0
K05883	0
K05884	0
K05885	5.0032509
K05886	0
K05887	0
K05888	0
K05889	0
K05893	0
K05895	15.4607673
K05896	80.7860113
K05897	0
K05898	4.456328
K05899	0
K05900	0
K05903	4.456328
K05905	0
K05910	1.2734991
K05911	0
K05912	1.2053306
K05913	0
K05915	0
K05916	62.5719377
K05917	0
K05918	0
K05919	0
K05921	0
K05922	0
K05926	0
K05927	0
K05928	0
K05929	0
K05934	0.1819284
K05936	22.4635684
K05937	5.4579407
K05939	0
K05941	0
K05942	0
K05944	0
K05945	0.7130125
K05946	57.60516
K05949	0
K05951	0
K05952	0
K05956	0
K05957	0
K05962	0
K05964	4.9120679
K05966	4.7301395
K05967	0
K05968	0
K05970	5.7040999
K05971	0
K05972	0
K05973	0
K05977	0.3327392
K05978	0
K05979	0
K05982	4.456328
K05984	0
K05985	68.0890162
K05986	0
K05988	0.3638569
K05989	16.1519904
K05991	5.7295646
K05992	0.5457853
K05994	0
K05995	7.9053552
K05996	0
K05997	0
K05998	0
K05999	0
K06001	15.0106104
K06006	0
K06011	0
K06012	0
K06013	4.456328
K06015	4.456328
K06016	16.0818267
K06017	0
K06019	0.6366183
K06020	0
K06021	0
K06022	0
K06023	68.0890162
K06024	73.9034632
K06026	0
K06027	0
K06033	0
K06034	0
K06036	1.2734991
K06039	0
K06041	10.2888716
K06042	18.8257872
K06044	19.7351669
K06045	0
K06046	0
K06048	31.194296
K06049	0
K06073	0
K06074	0
K06075	0
K06076	3.0421866
K06077	0
K06078	0
K06079	0.3565062
K06080	0
K06113	1.7825312
K06118	0.6366183
K06120	0
K06121	0
K06122	0
K06125	0
K06131	140.7775229
K06132	0
K06133	29.6697899
K06134	2.3291741
K06135	0.6654783
K06136	2.3291741
K06137	6.7855021
K06138	2.6856804
K06139	2.5111026
K06140	0
K06141	0
K06142	7.6767678
K06143	0.5228758
K06144	0
K06145	0
K06146	0
K06147	413.4537444
K06148	32.9277354
K06149	0
K06151	0
K06152	0
K06153	109.700085
K06155	0
K06156	0
K06157	0
K06158	72.7779221
K06159	0
K06160	0
K06161	0
K06162	0
K06163	0
K06164	0
K06165	0
K06166	0
K06167	3.132162
K06168	72.8036668
K06169	2.3291741
K06173	99.8336304
K06175	0
K06176	0
K06177	26.8536882
K06178	99.8336304
K06179	2.3291741
K06180	241.366607
K06181	2.3291741
K06182	0
K06183	87.3375354
K06186	2.3291741
K06187	100.0155589
K06188	22.7639648
K06189	2.3291741
K06190	2.3291741
K06191	26.3777865
K06192	2.1628045
K06193	24.6000682
K06194	2.6856804
K06195	0
K06196	50.3870903
K06197	0.6366183
K06198	63.0857653
K06199	164.5744282
K06200	17.9407521
K06201	39.3099322
K06202	0
K06203	0
K06204	15.6981581
K06205	0
K06206	0
K06207	100.0155589
K06208	8.912656
K06209	50.6238857
K06211	0
K06212	0
K06213	62.3803834
K06214	0
K06215	83.4492371
K06216	45.8025633
K06217	99.651702
K06218	4.8201849
K06219	0
K06221	20.5537136
K06222	2.6619133
K06223	12.1604856
K06236	0
K06237	0
K06281	0
K06282	0
K06283	0
K06284	0
K06285	0
K06286	68.2709446
K06287	34.8529566
K06288	0
K06289	0
K06290	0
K06291	0
K06292	0
K06293	0
K06294	0
K06295	0
K06296	0
K06297	0
K06298	0
K06299	0
K06300	0
K06301	0
K06302	0
K06303	0
K06304	0
K06305	0
K06306	0
K06307	0
K06308	0
K06309	0
K06310	0
K06311	0
K06312	0
K06313	0
K06314	0
K06315	0
K06317	0
K06318	0
K06319	0
K06320	0
K06321	0
K06322	0
K06323	0
K06324	0
K06325	0
K06326	0
K06327	0
K06328	0
K06329	0
K06330	1.637356
K06331	0
K06332	0
K06333	0
K06334	0
K06335	0
K06336	0
K06337	0
K06338	0
K06339	0
K06340	0
K06341	0
K06342	0
K06343	0
K06344	0
K06345	0
K06346	44.1122655
K06347	50.6238857
K06348	0
K06349	0
K06350	0
K06351	0
K06352	0
K06353	0
K06354	0
K06355	0
K06356	0
K06357	0
K06358	0
K06359	0
K06360	0
K06361	0
K06362	0
K06363	0
K06364	0
K06365	0
K06366	0
K06367	0
K06368	0
K06369	0
K06370	0
K06371	0
K06372	0
K06373	0
K06374	0
K06375	0
K06376	0
K06377	4.987692
K06378	0
K06379	0
K06380	0
K06381	0
K06382	0
K06383	0
K06384	2.4106612
K06385	0
K06386	0
K06387	0
K06388	0
K06389	0
K06390	0
K06391	0
K06392	0
K06393	0
K06394	0
K06395	0
K06396	0
K06397	0
K06398	0
K06399	0
K06400	22.3177806
K06401	0
K06402	0
K06403	0
K06404	0
K06405	0
K06406	0
K06407	0
K06408	0
K06409	0
K06410	0
K06411	0
K06412	48.2132245
K06413	0
K06414	0
K06415	0
K06416	0
K06417	0
K06418	0
K06419	0
K06420	0
K06421	0
K06422	0
K06423	0
K06424	0
K06425	0
K06426	0
K06427	0
K06428	0
K06429	0
K06430	0
K06431	0
K06432	0
K06433	0
K06434	0
K06435	0
K06436	0
K06437	0
K06438	0
K06439	0
K06440	0
K06441	0
K06442	43.5664802
K06443	0
K06444	0
K06445	2.4955437
K06446	3.8265003
K06447	2.4955437
K06518	60.6862875
K06580	0
K06595	0
K06596	0.9982175
K06597	0
K06598	0
K06599	0
K06600	0
K06601	0
K06602	0
K06603	0
K06604	0
K06605	6.3661829
K06606	0
K06607	0
K06608	0
K06609	0
K06610	0.8185467
K06714	0
K06718	0
K06720	8.912656
K06726	59.7869012
K06857	4.456328
K06858	0
K06859	0
K06860	17.825312
K06861	4.8247178
K06864	2.4106612
K06866	0
K06867	19.4890078
K06871	17.8756289
K06872	6.3939053
K06873	0
K06876	4.456328
K06877	26.737968
K06878	67.1060951
K06879	2.3291741
K06880	0
K06881	70.7664883
K06882	0
K06883	0
K06884	0
K06885	68.4161198
K06886	68.4491977
K06887	0
K06888	17.825312
K06889	43.7677828
K06890	67.4221202
K06891	24.4970717
K06892	0.3327392
K06893	5.5478987
K06894	1.426025
K06895	73.256939
K06896	37.4221293
K06897	1.426025
K06898	12.5286478
K06899	0.4991087
K06900	0
K06901	93.0481283
K06902	26.1013497
K06903	0.3327392
K06904	13.4925973
K06905	0.3327392
K06906	0.3327392
K06907	0.3327392
K06908	0.3327392
K06909	20.217509
K06910	57.9194876
K06911	45.2168749
K06912	0
K06915	22.0291454
K06916	15.6981581
K06917	0
K06918	0
K06919	26.0989344
K06920	68.1817568
K06921	1.426025
K06922	0
K06923	3.8265003
K06925	99.6361431
K06926	8.8387995
K06927	0.8318479
K06928	0
K06929	34.3808002
K06931	0
K06933	0
K06934	40.4889227
K06936	0
K06937	0
K06938	2.3291741
K06940	11.4722728
K06941	99.1059167
K06942	100.0155589
K06944	0
K06945	0.3327392
K06946	0
K06947	0
K06948	68.0890162
K06949	104.4645362
K06950	154.1521949
K06951	0
K06952	0
K06953	0
K06954	0.8318479
K06955	0
K06956	52.9530598
K06957	0
K06958	60.1392073
K06959	77.3389443
K06960	43.8392416
K06962	60.0385732
K06966	91.3167366
K06967	68.2709446
K06968	4.456328
K06969	70.7664883
K06970	1.426025
K06971	0
K06972	2.3291741
K06973	53.1194294
K06974	0
K06975	100.1561837
K06976	26.737968
K06977	4.456328
K06978	48.2047363
K06979	29.8089446
K06980	29.0671421
K06983	0
K06985	0
K06986	0
K06987	9.0790256
K06988	36.4536119
K06989	2.6856804
K06990	1.7961124
K06991	4.456328
K06992	1.1645871
K06993	0
K06994	137.9316863
K06995	5.6209151
K06996	30.1078008
K06997	99.8336304
K06998	33.9478648
K06999	76.4281119
K07000	2.6856804
K07001	34.8900774
K07002	56.8203037
K07003	2.6856804
K07004	30.7824849
K07005	12.968899
K07006	14.5524377
K07007	72.7318055
K07008	6.9518717
K07009	77.0016722
K07010	34.2700155
K07011	5.3311772
K07012	8.3894302
K07013	0
K07014	0
K07015	68.2709446
K07016	2.7745181
K07017	4.6187247
K07018	2.3291741
K07019	2.1628045
K07020	8.912656
K07021	17.6470589
K07023	56.7175697
K07024	542.3442599
K07025	188.5471539
K07026	0
K07027	3.2085562
K07028	0
K07029	184.7100126
K07030	86.0962566
K07031	0.7130125
K07032	62.3551637
K07033	1.3872591
K07034	0
K07035	110.7080504
K07037	2.4955437
K07038	101.2477714
K07039	2.3291741
K07040	94.510959
K07041	0
K07042	97.3380867
K07043	28.7361006
K07044	16.1378493
K07045	34.1023507
K07046	7.9619727
K07047	37.4806894
K07048	7.6394194
K07050	0
K07051	0
K07052	354.675403
K07053	29.7801546
K07054	50.622906
K07056	102.1472457
K07057	0
K07058	116.1664291
K07061	0
K07062	14.6422206
K07063	0
K07064	0
K07065	0.6366183
K07066	0
K07067	17.1886937
K07068	13.5509124
K07069	1.2053306
K07070	2.4955437
K07071	84.1337746
K07074	5.2748747
K07075	6.5118831
K07076	0
K07077	11.3233172
K07078	54.9578956
K07079	3.2085562
K07080	4.456328
K07081	0
K07082	48.8458878
K07083	0
K07084	53.5896781
K07085	24.6753248
K07086	0
K07088	80.0176765
K07089	36.004855
K07090	251.5250046
K07091	4.8247178
K07092	0
K07093	26.7736187
K07094	50.6238857
K07095	85.6973092
K07096	0
K07097	0
K07098	6.8109669
K07099	0
K07100	0
K07101	8.2760377
K07102	2.3291741
K07104	108.2517977
K07105	18.4885326
K07106	64.6311507
K07107	226.3664451
K07109	0
K07110	0
K07112	63.3986577
K07113	12.044818
K07114	40.7944998
K07115	2.6856804
K07116	4.456328
K07117	0
K07118	20.9437528
K07119	60.5126898
K07120	52.0637544
K07121	0.1663696
K07122	2.3291741
K07123	0
K07124	101.5657747
K07125	0
K07126	4.7754685
K07127	7.7837196
K07129	0
K07130	0.1819284
K07131	1.6059757
K07132	7.2319837
K07133	34.6614374
K07136	0
K07137	2.4955437
K07138	1.0695187
K07139	65.3159857
K07140	5.0929463
K07141	13.368984
K07145	121.2692634
K07146	74.7370437
K07147	8.912656
K07148	11.6458705
K07149	0.1819284
K07150	14.2794138
K07152	8.912656
K07153	2.4955437
K07154	19.3056618
K07155	0
K07156	14.9070538
K07157	4.456328
K07160	78.4177912
K07161	13.368984
K07162	0
K07164	29.2335117
K07165	1.1645871
K07166	13.4550916
K07167	0
K07168	2.1628045
K07169	0
K07170	70.7664883
K07171	68.9734561
K07172	1.9330444
K07173	76.9798828
K07175	26.8907564
K07176	0
K07177	44.3850269
K07178	8.912656
K07180	0
K07181	0
K07182	0
K07183	30.121662
K07184	0
K07185	10.8394873
K07186	0
K07190	0
K07192	6.5124082
K07212	0
K07213	51.7477292
K07214	7.3219591
K07215	1.4973262
K07216	0.9982175
K07217	17.825312
K07218	0
K07219	4.456328
K07220	73.9750444
K07221	3.2085562
K07222	5.1684829
K07223	11.314829
K07224	46.7574469
K07225	0
K07226	0
K07227	0
K07228	15.7796452
K07229	0
K07230	0
K07231	0
K07232	0
K07233	2.6619133
K07234	0
K07235	2.4955437
K07236	0
K07237	0
K07238	36.9582685
K07239	0
K07240	20.2733216
K07241	52.304558
K07242	0
K07243	53.0330594
K07245	16.8848146
K07246	1.996435
K07248	7.0197776
K07250	20.3038792
K07251	0
K07255	0
K07256	0
K07257	0.7130125
K07258	86.7551543
K07259	33.6898397
K07260	0
K07261	0
K07262	2.3291741
K07263	5.3951278
K07264	0
K07265	0
K07266	0
K07267	5.3475936
K07268	0
K07269	0
K07270	0.6892454
K07271	8.164728
K07272	11.097635
K07273	23.9965453
K07274	0
K07275	4.3256091
K07276	2.3291741
K07277	4.4682116
K07278	0
K07279	0
K07280	0
K07281	0
K07282	42.7360674
K07283	0
K07284	69.9980834
K07285	0
K07286	0
K07287	0
K07288	0
K07289	0
K07290	0
K07300	5.0929463
K07301	6.5953655
K07302	0
K07303	0
K07304	188.0039934
K07305	84.1254789
K07306	6.3661829
K07307	7.0028011
K07308	7.0028011
K07309	0
K07310	0
K07311	0
K07312	0
K07313	17.2224891
K07314	0
K07315	47.2285882
K07316	2.2739743
K07317	0
K07318	0.1663696
K07319	3.4492898
K07320	2.3291741
K07321	0
K07322	48.4800354
K07323	2.3291741
K07326	0
K07334	3.5243013
K07335	42.6502749
K07336	2.4955437
K07337	0
K07338	0
K07339	6.7288321
K07340	2.1628045
K07341	10.6645595
K07343	0.3565062
K07344	0
K07345	4.1592395
K07346	3.4937612
K07347	5.9893049
K07348	0
K07349	0
K07350	0
K07351	0
K07352	0
K07353	0
K07354	0
K07355	0
K07356	0
K07357	0
K07358	0
K07386	45.2287059
K07387	2.1390375
K07389	0.3327392
K07390	2.4955437
K07391	31.2299467
K07393	24.2833779
K07394	2.3291741
K07395	2.1628045
K07396	0.3638569
K07397	10.6120025
K07399	30.5576777
K07400	2.9657924
K07401	4.456328
K07402	11.2418301
K07403	0
K07404	14.00744
K07405	1.426025
K07406	0
K07407	36.3195327
K07442	26.737968
K07443	3.9526864
K07444	70.9328579
K07445	0
K07447	99.651702
K07448	6.3661829
K07449	0
K07451	0
K07452	0
K07453	1.2053306
K07454	8.912656
K07455	34.0675225
K07456	70.7664883
K07457	51.4650094
K07458	8.3527119
K07459	1.3332143
K07460	31.7290554
K07461	70.7868776
K07462	73.0956624
K07464	3.4492898
K07465	4.456328
K07467	13.0429829
K07470	0
K07471	0
K07473	7.9737337
K07474	56.5520052
K07476	44.5972326
K07478	100.2342755
K07479	0
K07480	0.3638569
K07481	0
K07482	16.8290371
K07483	40.2959685
K07484	3.274712
K07485	12.3715715
K07486	0.7277138
K07487	0.7277138
K07488	0
K07489	0
K07490	0
K07491	51.396316
K07492	4.1843542
K07493	0
K07494	2.5469982
K07495	0
K07496	4.456328
K07497	13.8244789
K07498	3.9798487
K07499	0
K07501	2.3291741
K07502	0
K07503	26.737968
K07504	1.6370935
K07505	0.5457853
K07506	1.8300654
K07507	12.8904396
K07516	44.3015442
K07518	0
K07519	0
K07533	70.9998712
K07534	0
K07535	4.456328
K07536	0
K07537	0
K07538	0
K07539	0
K07540	0
K07543	0
K07544	0
K07545	0
K07546	0
K07547	0
K07548	0
K07549	0
K07550	0
K07552	58.9882012
K07559	4.6382564
K07560	98.6282998
K07566	82.3051271
K07567	74.5254677
K07568	79.8656057
K07570	17.1012736
K07571	50.6238857
K07574	70.4181903
K07576	5.7295646
K07577	0
K07578	0
K07584	57.6960805
K07586	77.0016722
K07588	25.413802
K07589	0
K07590	47.0078939
K07591	0
K07592	0
K07636	63.4608056
K07637	0
K07638	2.3291741
K07639	2.3291741
K07640	0
K07641	0.1663696
K07642	6.7855021
K07643	0
K07644	1.1645871
K07645	2.1628045
K07646	71.1676934
K07647	0
K07648	0
K07649	0
K07650	0
K07651	50.6238857
K07652	68.2709446
K07653	17.825312
K07654	26.737968
K07657	2.4955437
K07658	58.992594
K07659	2.3291741
K07660	0
K07661	2.3291741
K07662	0
K07663	0.1663696
K07664	2.3291741
K07665	2.6217298
K07666	2.1628045
K07667	73.484984
K07668	68.0890162
K07669	17.825312
K07670	26.737968
K07671	0
K07673	0
K07674	0
K07675	0.6366183
K07676	0
K07677	0
K07678	2.3291741
K07679	0
K07680	0
K07681	50.6238857
K07683	48.2132245
K07684	0
K07685	0
K07686	0
K07687	0
K07688	0
K07689	0
K07690	0
K07691	0
K07692	0
K07693	30.5576777
K07694	50.6238857
K07695	0
K07696	49.4185551
K07697	0
K07698	0
K07699	0
K07700	0
K07701	0
K07702	0
K07703	0
K07704	52.1474817
K07705	50.5782942
K07706	70.5222544
K07707	69.5444437
K07708	2.1628045
K07709	0
K07710	0
K07711	0
K07712	2.3291741
K07713	0.3565062
K07714	0
K07715	0
K07716	0
K07717	0.9096422
K07718	21.1036993
K07719	0.9096422
K07720	61.9486031
K07722	1.996435
K07723	0
K07724	0
K07726	0
K07727	23.1210135
K07729	117.2680631
K07733	0
K07734	22.9250488
K07735	22.2935236
K07736	26.737968
K07737	10.5534248
K07738	96.9742298
K07739	0
K07740	0
K07741	22.8401313
K07742	87.2554707
K07746	0
K07749	17.825312
K07751	0
K07757	0
K07768	26.737968
K07769	0
K07770	0
K07771	0
K07772	0
K07773	0
K07774	0
K07775	49.4185551
K07776	26.737968
K07777	0
K07778	74.6338022
K07780	0
K07781	0
K07782	1.996435
K07783	0.3565062
K07784	42.8231897
K07785	0
K07786	0
K07787	1.0695187
K07788	0.3327392
K07789	0.1663696
K07790	0
K07791	27.9093456
K07792	0.3565062
K07793	14.7406842
K07794	14.7406842
K07795	13.5353536
K07796	0
K07797	0
K07798	1.0695187
K07799	0.3327392
K07800	47.0078939
K07801	0
K07802	0
K07803	0
K07804	0
K07805	0
K07806	0
K07807	0
K07810	0
K07811	0
K07812	0
K07813	50.6238857
K07814	0
K07816	67.065614
K07821	0
K07823	0.1663696
K07824	0
K07862	17.9750202
K07978	0
K07979	29.9501993
K07991	0
K08068	0
K08070	2.4106612
K08076	0
K08077	0
K08078	0
K08081	0
K08082	2.1628045
K08083	2.3291741
K08084	3.9928699
K08085	0.1663696
K08086	0
K08087	0
K08088	0
K08092	0
K08093	54.2398775
K08094	52.5569301
K08095	0
K08097	0
K08100	0
K08137	0
K08138	2.4955437
K08139	1.2053306
K08151	1.8300654
K08152	6.0036386
K08153	50.6238857
K08154	0
K08156	32.997199
K08159	0
K08160	2.3291741
K08161	0
K08162	0
K08163	0
K08164	1.2053306
K08166	0.1819284
K08167	23.2696716
K08168	1.9330444
K08169	1.7825312
K08170	129.3342324
K08172	0.1663696
K08173	0
K08174	0
K08177	11.097635
K08178	0
K08191	2.4955437
K08194	0.6366183
K08195	4.8247178
K08196	6.1556745
K08217	4.3439682
K08218	5.5377303
K08219	0
K08220	0
K08221	0
K08222	0.3565062
K08223	8.75817
K08224	4.3374926
K08225	0.1663696
K08226	0
K08227	0
K08234	17.0093905
K08252	4.456328
K08253	2.4106612
K08255	26.5172735
K08256	5.7295646
K08258	40.9812408
K08259	37.365249
K08261	0
K08262	0
K08276	0
K08277	0
K08278	0
K08279	0
K08280	0
K08281	27.9602751
K08282	0
K08286	0
K08289	4.8247178
K08295	0
K08296	23.9741958
K08297	0.6366183
K08298	0.6366183
K08299	4.6226976
K08300	29.0671421
K08301	4.8247178
K08302	0
K08303	75.5912061
K08304	0
K08305	2.3291741
K08306	0
K08307	2.4955437
K08308	0
K08309	2.3291741
K08310	0.3638569
K08311	2.3291741
K08312	0
K08313	0
K08314	0
K08315	0
K08316	39.2551349
K08317	0
K08318	0
K08319	0
K08320	0
K08321	0
K08322	0
K08323	4.456328
K08324	0
K08325	1.7825312
K08326	0
K08344	0
K08348	0
K08349	0
K08350	0
K08351	0
K08352	0
K08353	0
K08354	0
K08355	0
K08356	0
K08357	0
K08358	0
K08359	0
K08363	0
K08364	0
K08365	18.3555385
K08368	8.6376369
K08369	20.7113149
K08372	26.737968
K08384	0
K08475	0
K08476	0
K08477	0
K08478	0
K08479	0
K08480	0
K08481	0
K08482	0
K08483	86.5798065
K08484	2.3291741
K08485	7.2268908
K08566	0
K08567	0
K08586	0
K08587	0
K08589	0
K08590	56.3941414
K08591	68.0890162
K08597	0
K08598	0
K08599	0
K08600	46.802951
K08602	68.2709446
K08603	0
K08604	0
K08605	0
K08641	6.5953655
K08642	0
K08643	4.0024257
K08646	0
K08651	0
K08652	3.6385688
K08659	9.551112
K08675	0
K08676	10.0585689
K08677	0
K08679	2.6313556
K08680	50.6238857
K08681	83.4492371
K08682	0
K08685	0
K08686	0
K08687	0
K08688	0
K08689	0
K08690	0
K08691	4.456328
K08692	0
K08693	0.3638569
K08696	0
K08697	0
K08698	0
K08699	0
K08700	0
K08710	4.456328
K08713	0
K08714	0
K08715	0
K08717	58.5519054
K08720	0
K08721	0
K08722	0
K08723	0
K08724	0
K08728	0
K08738	0
K08777	0
K08838	0
K08884	150.8191157
K08900	0
K08902	0
K08903	0
K08904	0
K08906	0
K08918	0
K08919	0
K08920	0
K08921	0
K08922	0
K08923	0
K08924	0
K08925	0
K08926	0
K08927	0
K08928	0
K08929	0
K08930	0
K08939	0
K08961	0
K08963	4.456328
K08964	0
K08965	0
K08966	0
K08967	0
K08969	2.7289266
K08970	0
K08972	10.1858926
K08973	2.3291741
K08974	64.4201697
K08976	50.6238857
K08977	0
K08978	2.3503685
K08980	0
K08981	78.8170187
K08982	1.3872591
K08983	0
K08984	2.3291741
K08985	0
K08986	17.6470589
K08987	54.6581468
K08988	0
K08989	0
K08990	0.6366183
K08992	0.1663696
K08993	0
K08994	4.6583482
K08995	1.6636958
K08996	55.7847379
K08997	2.1628045
K08998	94.8083276
K08999	33.6898397
K09000	0
K09001	6.7855021
K09002	7.3001522
K09003	0
K09004	0
K09005	0
K09007	55.4129529
K09008	0
K09009	17.825312
K09011	2.4955437
K09012	0
K09013	97.5044563
K09014	98.9598838
K09015	96.2991257
K09016	0
K09017	1.1645871
K09018	0.3327392
K09019	9.0790256
K09020	0.3327392
K09021	0.3327392
K09022	0
K09023	0.3327392
K09024	2.6619133
K09065	0
K09116	0
K09117	16.283847
K09118	19.7351669
K09120	0
K09121	12.5286478
K09122	0
K09123	0
K09124	0.7130125
K09125	70.9447414
K09126	0
K09127	0
K09128	0
K09129	0
K09131	0
K09132	0
K09134	44.1873468
K09136	5.380969
K09137	4.456328
K09138	0.6366183
K09141	0
K09143	0
K09144	0
K09145	26.5172735
K09146	0
K09153	11.3703964
K09154	0
K09155	12.9322332
K09157	14.3647338
K09158	2.4955437
K09159	2.3291741
K09160	2.4955437
K09161	0.1663696
K09162	68.5171037
K09163	0
K09164	0.6366183
K09165	8.912656
K09166	4.456328
K09167	78.6350903
K09181	1.3496308
K09190	0
K09251	0
K09252	0.9982175
K09384	11.0276288
K09386	4.456328
K09388	0
K09456	9.0790256
K09457	61.3062093
K09458	104.8977167
K09459	1.426025
K09461	0
K09469	1.0695187
K09470	1.8300654
K09471	0
K09472	0
K09473	0
K09474	0.7130125
K09475	0
K09476	0
K09477	0
K09483	2.1628045
K09516	0
K09607	8.912656
K09612	0
K09650	0
K09680	51.3368982
K09681	0
K09682	2.4106612
K09683	0
K09684	11.7528224
K09685	67.065614
K09686	313.1832405
K09687	421.4303483
K09688	0
K09689	0
K09690	14.3621085
K09691	18.8184365
K09692	103.6584326
K09693	103.6584326
K09694	20.8267375
K09695	15.7337912
K09696	0
K09697	0
K09698	68.2709446
K09699	50.6238857
K09700	0
K09701	0.9982175
K09702	10.4011615
K09703	5.8206601
K09704	26.515086
K09705	62.4018053
K09706	0
K09707	0.9096422
K09709	7.6394194
K09710	99.3633817
K09711	0
K09712	2.3291741
K09720	0
K09726	0
K09729	0
K09732	0
K09740	0
K09744	0
K09747	88.0615738
K09748	99.1132673
K09749	0
K09758	2.9471183
K09759	8.912656
K09760	41.7038795
K09761	99.8336304
K09762	94.6450557
K09763	51.260504
K09764	0
K09765	68.0155097
K09766	0
K09767	17.1377643
K09768	53.3095661
K09769	50.6238857
K09770	0
K09771	56.6420506
K09772	95.0089126
K09773	76.9962466
K09774	2.3291741
K09775	0
K09776	0
K09777	0
K09778	0
K09779	0
K09780	21.5261863
K09781	16.3347764
K09785	0
K09786	0
K09787	67.065614
K09788	2.3291741
K09789	1.426025
K09790	57.1950641
K09791	17.1886937
K09792	0
K09793	67.4645614
K09794	0
K09795	0
K09796	17.825312
K09797	1.0695187
K09798	0
K09799	2.4955437
K09800	2.6619133
K09801	2.3291741
K09802	0
K09803	0
K09804	0
K09805	0
K09806	2.3291741
K09807	11.2554113
K09808	7.6530007
K09809	36.1599184
K09810	4.8247178
K09811	37.9679146
K09812	37.9679146
K09813	50.6238857
K09814	50.6238857
K09815	97.3593511
K09816	78.4687207
K09817	78.825227
K09818	0
K09819	19.0985486
K09820	5.7295646
K09822	47.0078939
K09823	2.3291741
K09824	0
K09825	64.7849016
K09826	0
K09833	0
K09834	0
K09835	0
K09836	0
K09844	0
K09845	0
K09846	0
K09847	0
K09857	1.996435
K09858	27.627536
K09859	0
K09860	0
K09861	42.2069436
K09862	2.4955437
K09879	4.456328
K09880	0
K09882	0
K09883	0
K09888	52.9292927
K09889	2.3291741
K09890	0
K09891	0
K09892	0
K09893	0
K09894	0
K09895	2.3291741
K09896	0
K09897	0
K09898	0
K09899	0
K09900	0
K09901	0
K09902	2.3291741
K09903	104.6538153
K09904	0
K09906	2.3291741
K09907	0
K09908	0
K09909	2.3291741
K09910	0
K09911	0
K09912	2.3291741
K09913	2.3291741
K09914	0
K09915	0
K09916	2.3291741
K09917	0
K09918	0
K09919	0
K09920	0
K09921	0
K09922	4.301842
K09923	0
K09924	1.426025
K09925	0
K09926	0
K09927	11.7120788
K09928	2.1628045
K09929	0.4991087
K09930	0.4991087
K09931	0
K09932	0
K09933	0
K09934	0
K09935	6.9385705
K09936	60.2436037
K09937	0
K09938	0
K09939	1.7825312
K09940	59.4007298
K09941	0
K09942	0
K09943	0
K09944	0
K09945	0
K09946	7.1338001
K09947	0
K09948	0
K09949	0
K09950	0
K09951	15.2294845
K09952	10.6509083
K09953	0
K09954	0
K09955	10.720652
K09956	2.7994228
K09957	0
K09958	0
K09959	13.368984
K09960	1.4973262
K09961	1.3309566
K09962	12.8858017
K09963	56.5819328
K09964	0.3565062
K09965	2.3291741
K09966	11.2418301
K09967	4.3256091
K09968	3.7979203
K09969	0
K09970	0
K09971	0
K09972	0
K09973	0.3565062
K09974	0
K09975	2.1628045
K09976	67.5432308
K09977	2.1628045
K09978	0
K09979	0
K09980	0
K09981	4.456328
K09982	0.1663696
K09983	0
K09984	0
K09985	0
K09986	2.3291741
K09987	0
K09988	0
K09989	2.1628045
K09990	4.456328
K09991	0
K09992	12.7323657
K09994	0.3565062
K09996	0
K09997	0
K09998	0
K09999	0
K10000	0
K10001	2.1628045
K10002	2.1628045
K10003	2.1628045
K10004	2.1628045
K10005	14.0056023
K10006	14.6422206
K10007	14.6422206
K10008	14.6422206
K10009	61.1301439
K10010	50.9421511
K10011	0
K10012	4.456328
K10013	0
K10014	1.996435
K10015	1.996435
K10016	1.996435
K10017	1.8300654
K10018	0
K10019	0
K10020	0
K10021	0
K10022	0
K10023	0
K10024	0
K10025	0
K10026	56.7579982
K10027	0
K10036	0
K10037	0
K10038	0
K10039	12.9169194
K10040	26.0157672
K10041	12.9169194
K10094	0
K10107	0
K10108	0
K10109	0
K10110	0
K10111	0
K10112	61.8804347
K10117	39.3813384
K10118	39.6543624
K10119	43.2918811
K10120	2.0012129
K10121	0.1819284
K10122	2.0012129
K10123	0
K10124	0
K10125	0
K10126	0
K10187	4.456328
K10188	0
K10189	0
K10190	0
K10191	0
K10192	0
K10193	0
K10194	0
K10195	0
K10200	15.2788389
K10201	11.4591291
K10202	11.4591291
K10206	2.8520499
K10208	42.1865714
K10209	42.1865714
K10210	40.9812408
K10211	40.9812408
K10212	20.4906204
K10213	0
K10215	0
K10216	0
K10217	4.456328
K10218	0
K10219	0
K10220	0
K10221	0
K10222	0
K10227	4.456328
K10228	4.456328
K10229	4.456328
K10230	0
K10231	0
K10232	9.5492743
K10233	4.456328
K10234	8.912656
K10235	0
K10236	0
K10237	0
K10238	0
K10239	0
K10240	19.7351669
K10241	15.2788389
K10242	16.5520754
K10243	18.4619303
K10253	0
K10254	67.607899
K10255	0
K10257	0
K10297	0
K10353	1.4554275
K10439	63.4288831
K10440	55.7051938
K10441	42.9728281
K10530	8.5506368
K10531	0
K10533	4.456328
K10536	14.5524377
K10537	0
K10538	0
K10539	0
K10540	0
K10541	0
K10542	0
K10543	8.912656
K10544	8.912656
K10545	8.912656
K10546	8.912656
K10547	8.912656
K10548	8.912656
K10549	0
K10550	0
K10551	0
K10552	0.6366183
K10553	0
K10554	0
K10555	0
K10556	0
K10557	0
K10558	0
K10559	4.456328
K10560	4.456328
K10561	4.456328
K10562	4.456328
K10563	116.9832782
K10564	0
K10565	0
K10616	0
K10617	0
K10618	0
K10619	0
K10620	0
K10621	0
K10622	4.456328
K10623	0
K10670	0.1819284
K10671	0
K10672	0
K10673	5.4545455
K10674	4.456328
K10676	0.1663696
K10677	4.456328
K10678	0
K10679	2.1628045
K10680	4.6226976
K10681	54.1031031
K10682	54.2850316
K10697	0
K10700	0
K10701	0
K10702	0
K10704	0
K10708	0
K10709	0
K10710	0
K10711	0
K10713	0
K10714	0
K10715	0
K10716	28.677103
K10748	0
K10762	0
K10763	2.3291741
K10764	2.3291741
K10773	99.303404
K10774	0
K10775	0
K10778	2.5193108
K10780	0
K10783	0
K10793	0
K10794	0
K10795	0
K10796	0
K10797	5.7295646
K10798	0
K10799	0
K10800	0
K10804	2.3291741
K10805	33.5234701
K10806	2.3291741
K10810	7.2319837
K10811	0
K10814	0
K10815	0
K10816	0
K10817	0
K10819	6.3674955
K10822	0
K10823	87.6204651
K10824	48.8271783
K10826	0
K10829	0
K10831	1.996435
K10834	0
K10843	16.5520754
K10844	0
K10850	49.4185551
K10851	48.2132245
K10852	0.3565062
K10854	0
K10855	0
K10856	0
K10857	3.4937612
K10906	0
K10907	0.6366183
K10908	0
K10911	0
K10912	0
K10913	0
K10914	2.1628045
K10915	0
K10916	0
K10917	0
K10918	0
K10921	0
K10922	0
K10924	0
K10925	0
K10926	0
K10927	0
K10930	0
K10931	0
K10932	0
K10934	0
K10938	1.1645871
K10939	0
K10940	0
K10941	0
K10942	0
K10943	0
K10947	93.3888833
K10948	0
K10953	0
K10954	0
K10960	0
K10962	0
K10965	0
K10972	0
K10973	0
K10974	0
K10975	1.2053306
K10979	13.368984
K10984	0
K10985	0
K10986	0
K11003	0
K11004	0.1819284
K11005	0
K11006	0
K11007	0
K11008	0
K11009	0
K11010	0
K11011	0
K11012	0
K11013	0
K11014	0
K11015	0
K11016	0
K11017	0
K11018	0
K11020	0
K11021	0
K11023	0
K11024	0
K11025	0
K11026	0
K11027	0
K11028	0
K11029	0
K11031	10.5518497
K11032	34.9545877
K11033	0
K11034	0
K11035	0
K11036	0
K11037	0
K11038	274.8153795
K11039	32.5439265
K11040	201.4261117
K11041	55.1034908
K11042	38.5705796
K11043	6.0266531
K11044	3.4566404
K11045	11.7326781
K11046	4.0024257
K11047	0.7277138
K11048	0.7277138
K11049	0.7277138
K11050	4.9120679
K11051	4.7301395
K11052	0.7277138
K11053	0.7277138
K11054	0.7277138
K11055	0.7277138
K11056	0.7277138
K11058	0
K11059	0
K11060	0
K11061	0
K11062	0
K11063	0
K11065	83.4978039
K11066	0
K11068	99.4771242
K11069	75.2301669
K11070	69.2046514
K11071	72.4556488
K11072	75.8897122
K11073	0
K11074	0
K11075	0
K11076	0
K11077	0
K11078	0
K11079	0
K11080	0
K11081	0
K11082	0
K11083	0
K11084	0
K11085	54.735591
K11089	0.6366183
K11102	50.9062555
K11103	19.691028
K11104	4.8213224
K11105	19.6842374
K11106	0
K11107	0
K11130	0
K11139	0
K11144	68.2709446
K11145	68.2709446
K11159	0.1663696
K11175	99.1667345
K11177	0
K11178	0
K11179	6.9518717
K11180	0
K11181	0
K11183	5.7584246
K11184	0
K11189	90.9894579
K11191	0
K11192	0
K11194	0
K11195	0
K11196	0
K11198	0
K11199	0
K11200	0
K11201	0
K11202	0
K11203	0
K11208	0
K11209	13.442368
K11210	36.1599184
K11211	0
K11212	8.912656
K11214	0
K11216	0
K11249	0
K11250	2.4955437
K11258	0
K11261	0
K11263	46.8924541
K11264	0
K11275	0
K11311	2.1628045
K11312	0
K11325	0
K11327	0
K11328	0
K11329	0
K11330	0
K11331	0
K11332	0
K11333	0
K11334	0
K11335	0
K11336	0
K11337	0
K11354	0
K11355	0
K11356	0
K11357	0
K11358	0
K11381	10.9752993
K11382	0
K11383	0
K11384	0
K11385	0
K11386	0
K11387	0
K11391	0
K11392	0
K11434	0
K11440	0
K11441	0
K11442	26.5172735
K11443	0
K11444	0
K11472	0
K11473	2.4106612
K11474	0
K11475	0.9982175
K11476	50.6238857
K11477	0
K11520	0
K11521	0
K11522	0
K11523	0
K11524	0
K11525	0
K11526	0
K11527	2.1390375
K11528	0
K11529	0
K11530	0
K11531	0
K11532	0
K11533	0
K11534	0
K11535	50.6238857
K11537	2.4955437
K11601	0.6366183
K11602	0.6366183
K11603	0.6366183
K11604	0
K11605	0
K11606	0
K11607	0
K11608	0
K11609	0
K11610	0
K11611	0
K11614	0
K11615	0
K11616	0
K11617	17.283202
K11618	17.4651305
K11619	0
K11620	0
K11621	0
K11622	0
K11623	0.5457853
K11624	0
K11625	0
K11626	0
K11629	50.6238857
K11630	50.6238857
K11631	96.426449
K11632	96.426449
K11633	0
K11634	0
K11635	0
K11636	0
K11637	0
K11638	0
K11639	0
K11640	0
K11641	0
K11645	3.132162
K11646	0
K11685	0
K11686	0
K11688	0
K11689	0
K11690	0
K11691	0
K11692	0
K11693	50.6238857
K11694	50.6238857
K11695	50.9803919
K11704	64.2685189
K11705	63.904662
K11706	64.0865904
K11707	4.0021632
K11708	4.0021632
K11709	4.0021632
K11710	4.0021632
K11711	0
K11712	0
K11717	91.087344
K11719	2.3291741
K11720	4.8247178
K11731	2.1628045
K11732	0
K11733	69.5051352
K11734	4.1592395
K11735	5.4901961
K11736	2.3291741
K11737	126.8703843
K11738	15.2788389
K11739	0
K11740	0
K11741	38.6008399
K11742	0
K11743	0
K11744	0
K11745	0
K11746	1.996435
K11747	2.6619133
K11748	0
K11749	73.4439604
K11750	0
K11751	0
K11752	87.9174487
K11753	99.8336304
K11754	116.8511766
K11755	49.4219505
K11777	0
K11779	17.825312
K11780	0
K11781	0
K11811	0.3327392
K11814	0
K11815	0
K11889	0
K11890	1.6636958
K11891	2.3291741
K11892	2.1628045
K11893	2.1628045
K11894	0
K11895	2.1628045
K11896	2.4955437
K11897	2.1628045
K11898	0
K11899	0
K11900	2.1628045
K11901	2.3291741
K11902	2.1628045
K11903	2.3291741
K11904	0
K11905	0
K11906	0
K11907	2.1628045
K11908	0
K11909	0
K11910	0
K11911	0
K11912	0
K11913	0
K11914	0
K11915	0
K11916	0
K11917	0
K11918	0
K11919	0
K11920	0
K11921	0
K11922	0
K11923	0
K11924	0
K11925	0
K11926	0
K11927	2.1390375
K11928	64.9129953
K11929	0
K11930	0
K11931	2.1628045
K11932	0
K11933	0
K11934	0.7130125
K11935	0
K11936	48.7564721
K11937	0
K11938	0
K11939	30.3980988
K11940	0
K11941	0.6366183
K11942	4.456328
K11945	0
K11950	0
K11951	0
K11952	0
K11953	0
K11954	0
K11955	0
K11956	0
K11957	0
K11958	0
K11959	0.1663696
K11960	0.1663696
K11961	0.1663696
K11962	0.1663696
K11963	0.1663696
K11964	0
K11987	0
K11991	83.3217385
K11996	80.8759866
K12048	0
K12049	0
K12050	0
K12051	0
K12052	0
K12053	0
K12054	0
K12055	0
K12056	0
K12057	0
K12058	0
K12059	0
K12060	0
K12061	0
K12062	0
K12063	0
K12064	0
K12065	0
K12066	0
K12067	0
K12068	0
K12069	0
K12070	0
K12071	0
K12072	0
K12073	0
K12078	0
K12079	0
K12080	0
K12081	0
K12082	0
K12083	0
K12084	0
K12085	0
K12086	0
K12087	0
K12088	0
K12089	0
K12090	0
K12091	0
K12092	0
K12093	0
K12094	0
K12095	0
K12096	0
K12097	0
K12098	0
K12099	0
K12100	0
K12101	0
K12102	0
K12103	0
K12104	0
K12105	0
K12106	0
K12107	0
K12108	0
K12109	0
K12110	0
K12111	0
K12112	0
K12113	0
K12136	0
K12137	0
K12138	0
K12139	0
K12140	4.456328
K12141	4.456328
K12142	0
K12143	0
K12144	0
K12145	0
K12146	0
K12147	0
K12148	0
K12149	0
K12151	0
K12152	0
K12203	0
K12204	0
K12205	0
K12206	0
K12207	0
K12209	0
K12212	0
K12213	0
K12214	0
K12217	0
K12218	0
K12222	0
K12228	0
K12234	8.912656
K12238	0
K12239	0
K12240	0
K12241	0
K12242	0
K12243	0
K12246	0
K12247	0
K12248	0
K12251	12.0458681
K12252	0
K12253	0
K12254	0
K12255	0.1663696
K12256	0
K12257	57.5757574
K12262	2.3291741
K12263	0
K12264	0
K12265	0
K12266	0
K12267	22.3404452
K12268	49.804989
K12269	51.0103196
K12270	49.804989
K12276	0
K12277	0
K12278	0
K12279	0
K12280	0
K12281	0
K12282	0
K12283	0
K12284	0
K12285	0
K12286	0
K12287	0
K12288	0
K12289	0
K12290	0
K12291	0
K12292	4.4800426
K12293	3.6385688
K12294	3.274712
K12295	3.274712
K12296	24.7422681
K12297	2.4955437
K12299	0
K12308	35.3242204
K12339	11.2418301
K12340	7.3202615
K12342	0
K12343	2.1390375
K12368	0
K12369	0
K12370	0
K12371	0
K12372	0
K12373	54.1010909
K12410	82.6415239
K12415	2.1831413
K12420	0
K12421	0
K12428	0
K12429	0
K12436	0
K12437	0
K12443	0
K12452	1.0695187
K12453	0
K12454	0.7130125
K12455	0
K12500	0
K12503	31.194296
K12506	8.912656
K12507	0
K12508	0.9982175
K12509	0
K12510	39.4703337
K12511	22.28164
K12512	0
K12513	0
K12514	0
K12515	0
K12516	0
K12517	0
K12518	0
K12519	0
K12520	0
K12521	0
K12522	0
K12523	0
K12524	2.4955437
K12525	0
K12526	0
K12527	0
K12528	0
K12529	4.456328
K12530	0
K12531	0
K12532	0
K12533	0
K12534	0
K12535	0
K12536	0
K12537	0
K12538	0
K12539	0
K12540	0
K12541	2.4955437
K12542	2.4955437
K12543	2.4955437
K12544	0
K12545	0
K12547	0
K12548	0
K12549	0
K12551	49.4185551
K12552	50.6238857
K12553	50.6238857
K12554	15.4639176
K12555	17.4651305
K12556	17.4651305
K12573	73.0956624
K12574	150.0891263
K12582	0
K12583	26.1013497
K12600	0
K12658	1.8300654
K12660	0
K12661	0
K12673	0
K12674	0
K12675	0
K12676	0
K12678	0
K12680	0
K12681	0
K12682	0
K12683	0
K12684	0
K12685	0
K12686	0
K12687	0
K12688	0
K12689	0
K12690	0
K12700	7.4139121
K12784	0
K12785	0
K12786	0
K12787	0
K12788	0
K12789	0
K12790	0
K12809	0
K12940	0
K12941	0
K12942	48.298107
K12943	0
K12944	0
K12945	0
K12949	0
K12950	0
K12952	0.6366183
K12953	0
K12955	0
K12956	0
K12957	6.9518717
K12960	5.4578533
K12961	0
K12962	0
K12963	0
K12972	0.1663696
K12973	0
K12974	0
K12975	0
K12976	0
K12977	0
K12979	2.3291741
K12980	0
K12981	0
K12982	0
K12983	0
K12984	0
K12985	0
K12986	0
K12987	0
K12988	0
K12989	0
K12990	0.3638569
K12991	0
K12992	0.5457853
K12993	0
K12994	0
K12995	0.3565062
K12996	15.1000607
K12997	13.0914972
K12998	2.9108551
K12999	9.2783506
K13000	0
K13001	0.3565062
K13002	0.3565062
K13004	0.7203631
K13005	0
K13006	0
K13007	0.4991087
K13008	0
K13009	0
K13010	0
K13011	0
K13012	44.6654011
K13013	0
K13014	0
K13015	0
K13016	0.3327392
K13017	0.3327392
K13018	0.4991087
K13019	0
K13020	0
K13021	0.3327392
K13028	0.1663696
K13037	0
K13038	82.1865715
K13039	0
K13040	0
K13041	0
K13042	0
K13043	2.4955437
K13049	4.456328
K13051	8.632544
K13052	67.5432308
K13053	0
K13057	0
K13058	0
K13059	0
K13060	0
K13061	0
K13062	0
K13063	4.456328
K13069	0
K13075	4.456328
K13085	0
K13086	0
K13238	0
K13243	0
K13244	0
K13245	0
K13252	0.5457853
K13255	0
K13256	1.2053306
K13274	0
K13275	0
K13276	0
K13277	0
K13280	8.912656
K13281	0
K13282	5.0929463
K13283	0
K13284	0
K13285	0
K13286	0
K13287	0
K13288	29.2335117
K13292	71.4186654
K13300	0
K13301	0
K13317	0
K13318	0
K13378	4.9910874
K13381	0
K13408	0
K13409	0.7277138
K13419	0
K13421	0
K13444	0
K13450	0
K13451	0
K13452	0
K13454	0
K13455	0
K13461	0
K13472	0
K13478	0
K13479	0
K13480	0
K13481	6.7855021
K13482	6.9518717
K13483	0
K13485	0
K13486	0
K13487	0
K13488	0
K13489	0
K13490	0
K13491	0
K13497	0
K13498	0
K13500	0
K13503	0
K13522	0
K13525	0
K13527	17.825312
K13529	9.5492743
K13530	0
K13531	0
K13532	0
K13533	0
K13540	13.368984
K13541	0.6366183
K13542	18.0072404
K13543	0
K13570	17.825312
K13571	35.650624
K13572	19.0985486
K13573	17.825312
K13574	0
K13580	0
K13581	0.1819284
K13582	0
K13583	0
K13584	0
K13585	0
K13586	0
K13587	0
K13588	0
K13589	0
K13590	0
K13591	0
K13592	0
K13593	0
K13598	0
K13599	0
K13607	0
K13611	0
K13612	0
K13613	0
K13614	0
K13615	0
K13620	0
K13622	0
K13623	0
K13626	4.456328
K13628	48.1317374
K13629	0
K13630	0
K13631	0
K13632	0
K13633	4.456328
K13634	0
K13635	2.3291741
K13636	0
K13637	0
K13638	0
K13639	15.365419
K13640	26.737968
K13641	4.456328
K13642	0
K13643	2.3291741
K13650	0
K13651	0
K13652	3.1134879
K13653	4.0024257
K13654	0
K13655	0
K13656	0
K13657	0
K13658	0
K13659	0
K13660	0
K13661	0
K13662	0
K13663	0
K13664	0
K13665	0
K13668	4.456328
K13669	0
K13670	0
K13671	12.0957474
K13678	4.9120679
K13683	0
K13684	0
K13686	0
K13687	0
K13688	0
K13689	0
K13693	4.456328
K13694	1.0695187
K13695	0
K13713	0
K13714	50.6238857
K13715	39.7759102
K13727	0.9096422
K13730	0.1663696
K13731	0
K13732	39.2982934
K13733	30.1332653
K13734	6.7313524
K13735	0
K13739	0
K13740	0
K13741	0
K13743	0
K13745	6.9674306
K13746	0
K13747	7.5895401
K13766	10.909091
K13767	0
K13770	0
K13771	11.2418301
K13772	0
K13774	2.3291741
K13775	0
K13776	2.4955437
K13777	2.1628045
K13778	2.1628045
K13779	2.1628045
K13786	0
K13787	35.650624
K13788	21.2613531
K13789	79.6791443
K13790	0
K13792	0
K13793	0
K13794	2.9946524
K13795	2.1628045
K13796	2.1628045
K13797	0
K13799	0
K13810	0
K13815	0
K13816	0
K13818	0
K13819	0
K13820	0
K13821	18.9576437
K13829	1.2732366
K13831	0
K13832	0
K13853	50.6238857
K13873	0
K13874	0
K13875	0
K13876	0
K13877	0
K13888	2.4955437
K13889	0
K13890	0
K13891	0
K13892	0
K13893	2.1628045
K13894	2.1628045
K13895	2.1628045
K13896	2.1628045
K13918	0
K13919	1.455165
K13920	1.455165
K13921	0
K13922	8.912656
K13923	0
K13924	0
K13925	2.5469982
K13926	0
K13927	0
K13928	2.1628045
K13929	2.3291741
K13930	2.1628045
K13931	1.996435
K13932	2.1628045
K13933	2.1628045
K13934	2.1628045
K13935	2.1628045
K13936	0
K13938	0
K13940	5.6397817
K13950	21.0084034
K13953	87.8519405
K13954	2.3291741
K13955	0
K13963	0
K13979	8.690264
K13990	0
K13991	0
K13992	0
K13993	40.6708514
K13994	0
K13995	0
K14028	0
K14029	0
K14048	0
K14051	0
K14052	1.4973262
K14053	0
K14054	0
K14055	0
K14056	0
K14057	0
K14058	2.3291741
K14059	0.1663696
K14060	0.4991087
K14061	0
K14062	0
K14063	0
K14064	0
K14065	0
K14067	0
K14080	0
K14083	0
K14084	0
K14086	0
K14087	0
K14088	0
K14089	0
K14090	0
K14091	0
K14136	0
K14138	0
K14153	0
K14155	28.5415011
K14159	2.3291741
K14160	0
K14161	16.5520754
K14162	26.1013497
K14164	5.0929463
K14165	0
K14166	6.8669892
K14170	2.3291741
K14187	0
K14188	68.3617776
K14189	0
K14192	38.5705796
K14193	38.5705796
K14194	109.6850857
K14195	30.1332653
K14196	37.365249
K14197	42.1865714
K14198	26.5172735
K14199	106.0690938
K14200	37.365249
K14201	40.9812408
K14202	18.0799592
K14203	32.5439265
K14204	31.3385959
K14205	53.3372535
K14231	0
K14257	0
K14260	29.3435789
K14261	0
K14266	0
K14267	20.7911044
K14268	0
K14269	0
K14287	2.1628045
K14326	0
K14330	0
K14331	0
K14333	0
K14335	17.1886937
K14337	3.8197097
K14338	0
K14339	0.6366183
K14340	0.6366183
K14347	11.4081997
K14348	2.3291741
K14358	0
K14366	0
K14367	0
K14368	0
K14369	0
K14370	0
K14387	0
K14392	0
K14393	30.0653596
K14414	0.3327392
K14415	10.3033104
K14441	4.9910874
K14445	56.6335624
K14446	8.912656
K14447	8.912656
K14448	0
K14449	0
K14450	0
K14451	0
K14470	0
K14472	0
K14475	0.5457853
K14518	0
K14519	19.5246585
K14520	0
K14534	0
K14540	68.2709446
K14578	0
K14579	0
K14580	0
K14581	0
K14582	0
K14583	0
K14584	0
K14585	0
K14587	0
K14588	0
K14591	0
K14596	0
K14605	0
K14606	0
K14623	1.9791609
K14645	15.9154571
K14647	0
K14648	0
K14652	92.3737767
K14657	0
K14658	0
K14659	0
K14660	0
K14661	0
K14665	0
K14666	0
K14667	0
K14668	0
K14669	0
K14670	0
K14671	0
K14672	0
K14673	0
K14680	0
K14681	0
K14682	2.3291741
K14683	0
K14698	0
K14699	0
K14727	4.456328
K14728	0
K14733	0
K14742	2.1628045
K14743	0
K14744	0
K14745	2.5469982
K14746	0
K14747	0
K14748	0
K14749	0
K14751	0
K14761	12.0957474
K14762	0
K14941	13.368984
K14949	4.456328
K14952	0
K14953	0
K14954	8.912656
K14955	0
K14956	0
K14974	0
K14977	1.2053306
K14978	0
K14979	0
K14980	0
K14981	0
K14982	17.1012736
K14983	17.1012736
K14986	0
K14987	0
K14988	4.1843542
K14989	2.9108551
K14998	0
K15011	0
K15012	0
K15016	0.1819284
K15022	0
K15023	0
K15024	0
K15034	25.4647314
K15045	0
K15051	34.2025471
K15054	0
K15058	0
K15059	0
K15060	0
K15061	0
K15062	0
K15063	0
K15064	0
K15065	0
K15066	0
K15067	4.456328
K15125	2.1628045
K15126	0
K15226	0
K15228	0
K15229	0
K15236	0
K15237	0
K15238	0
K15242	0
K15253	0
K15256	4.9373226
K15257	0
K15268	4.456328
K15269	9.2453952
K15270	0
K15311	0.6366183
K15312	0.6366183
K15313	0.6366183
K15314	0
K15315	0
K15320	0
K15327	0
K15328	0.8185467
K15329	0.6366183
K15337	0.6366183
K15342	10.8462079
K15344	0
K15345	0
K15346	0
K15347	0
K15349	0
K15350	0
K15351	0
K15352	0
K15353	0
K15354	0
K15355	0
K15357	0
K15358	0
K15359	0
K15367	0
K15368	0
K15371	15.9154571
K15372	14.0056023
K15373	0
K15383	4.7301395
K15396	2.1628045
K15408	0
K15431	0
K15460	2.4955437
K15461	2.3291741
K15466	0
K15467	0
K15468	0
K15469	0
K15470	0
K15471	0
K15495	0
K15496	0
K15497	0
K15509	0
K15510	4.456328
K15511	0
K15512	0
K15513	0
K15514	0
K15515	0
K15518	50.6238857
K15519	50.6238857
K15520	19.0985486
K15521	10.1858926
K15524	0.5457853
K15525	10.8225109
K15526	19.0985486
K15527	0
K15531	0
K15532	1.426025
K15533	6.3661829
K15534	0
K15536	2.3291741
K15539	0
K15540	0
K15545	0
K15546	0
K15547	0
K15548	0
K15549	0
K15550	0
K15551	2.1628045
K15552	2.1628045
K15553	8.5315252
K15554	14.9486375
K15555	8.8752903
K15556	0
K15557	0
K15558	0
K15576	0
K15577	0
K15578	0
K15579	0
K15580	81.7765281
K15581	85.006086
K15582	85.5518714
K15583	86.0068237
K15584	48.8271783
K15585	48.8271783
K15586	48.8271783
K15587	48.8271783
K15598	0.6366183
K15599	0
K15600	0
K15629	3.6838978
K15632	0
K15633	55.4486035
K15634	166.9746239
K15635	2.4955437
K15640	0
K15642	0
K15643	0
K15644	0
K15645	0
K15646	0
K15647	0
K15648	0
K15649	0
K15650	0
K15651	0
K15652	0
K15654	0
K15655	0
K15656	0
K15657	0
K15658	0
K15659	0
K15660	0
K15661	0
K15662	0
K15663	0
K15664	0
K15665	0
K15666	0
K15667	0
K15668	0
K15669	0.3565062
K15670	0
K15671	0
K15672	0
K15673	0
K15674	0
K15675	0
K15676	0
K15677	0
K15678	0
K15679	0
K15721	0
K15722	0
K15723	0
K15724	2.3291741
K15725	4.4682116
K15726	5.8942365
K15727	4.4682116
K15733	22.28164
K15735	0
K15736	0
K15737	0
K15738	77.370062
K15739	4.456328
K15746	0
K15750	0
K15758	0
K15760	0
K15761	0
K15762	0
K15763	0
K15764	0
K15765	0
K15770	77.3635164
K15771	77.8182063
K15772	75.2717331
K15773	0
K15778	2.3291741
K15780	0
K15781	0
K15782	0
K15783	0
K15784	0
K15785	0
K15786	0
K15790	0
K15792	0
K15827	0
K15828	0
K15829	0
K15830	0
K15831	0
K15832	0
K15833	0
K15834	0
K15835	0
K15836	0
K15842	0
K15843	0
K15844	0
K15845	0
K15846	0
K15847	0
K15848	0
K15850	0
K15852	0
K15853	0
K15854	0
K15855	0
K15860	0.3638569
K15861	0
K15862	0
K15864	0
K15866	15.6981581
K15868	0
K15876	2.0626433
K15878	0
K15879	0
K15894	0
K15895	0
K15896	0
K15897	0
K15898	0.7130125
K15899	0
K15907	0
K15910	0
K15912	0
K15913	0
K15914	0
K15915	0
K15916	0
K15918	0
K15921	0
K15922	0
K15923	2.0626433
K15924	0
K15973	45.8025633
K15974	0
K15975	61.6070606
K15976	0
K15977	53.1194295
K15981	4.456328
K15982	4.456328
K15983	4.456328
K15984	2.3291741
K15986	68.2709446
K15987	19.6842374
K15997	0
K16011	0.1663696
K16012	62.3101848
K16013	62.3101848
K16014	14.0056023
K16015	0
K16016	0
K16017	0
K16018	0
K16019	0
K16020	0
K16021	0
K16022	0
K16023	0
K16041	0
K16042	0
K16043	0
K16044	0
K16047	4.456328
K16048	0
K16049	0
K16050	4.456328
K16051	0
K16052	0.3565062
K16053	4.9910874
K16055	0.3565062
K16066	0.1663696
K16074	0
K16076	0
K16077	0
K16078	0
K16079	0
K16080	0
K16081	0
K16087	1.4973262
K16088	4.8247178
K16089	12.0974452
K16090	4.1592395
K16091	1.2358883
K16092	2.1628045
K16119	0
K16120	0
K16121	0
K16122	0
K16123	0
K16124	0
K16127	0
K16128	0
K16129	0
K16130	0
K16131	0
K16132	0
K16133	0
K16134	0
K16135	1.3309566
K16136	0
K16137	5.3238266
K16138	0
K16139	0
K16140	0
K16146	11.4591291
K16147	26.737968
K16148	26.737968
K16149	0
K16150	0
K16152	0
K16153	0
K16157	0
K16158	0
K16161	0.6366183
K16163	17.825312
K16164	8.912656
K16165	0.1663696
K16167	8.912656
K16168	4.456328
K16169	63.5408051
K16170	0
K16171	0.1663696
K16173	0
K16176	0
K16188	0
K16190	0
K16191	0
K16192	0
K16193	0
K16199	0
K16200	0
K16201	0
K16202	0
K16203	4.456328
K16209	3.2744494
K16210	0.6366183
K16211	5.186317
K16212	2.4955437
K16213	1.7825312
K16214	6.7313524
K16215	0
K16216	0
K16217	0
K16218	0
K16239	8.912656
K16242	0.3327392
K16243	0.3327392
K16244	0.3327392
K16245	0.3327392
K16246	0.3327392
K16247	0
K16248	0
K16249	0.3327392
K16254	0
K16255	0
K16256	0
K16257	0
K16258	0
K16259	0
K16260	0
K16263	4.456328
K16264	141.0489542
K16267	0
K16268	0
K16269	0
K16270	0
K16291	0
K16293	0
K16294	0
K16299	0
K16300	0
K16301	46.643687
K16303	0
K16317	0
K16318	0
K16319	0
K16320	0
K16321	0
K16322	0
K16323	50.6238857
K16324	0.1663696
K16325	0
K16326	0
K16327	0
K16328	4.456328
K16329	45.4375688
K16331	0
K16345	4.8247178
K16346	0
K16347	0
K16348	0
K16363	2.4955437
K16370	8.2760377
K16371	0
K16421	4.456328
K16422	0
K16423	4.456328
K16473	0.1819284
K16509	68.6348015
K16511	68.2709446
K16514	0
K16515	0
K16516	0
K16517	0
K16552	0
K16553	0
K16554	0
K16555	0
K16556	0
K16557	0
K16558	0
K16559	0
K16560	0
K16562	0
K16563	0
K16564	0
K16565	0
K16566	0
K16567	0
K16568	0
K16592	1.0695187
K16593	0
K16619	0
K16623	0
K16624	0
K16625	0
K16626	0
K16635	0
K16636	0
K16637	0
K16638	0
K16644	0
K16645	0
K16647	0
K16648	8.912656
K16649	0
K16650	5.0929463
K16651	0.1819284
K16652	0.6366183
K16653	0
K16654	0
K16692	2.1628045
K16693	0.1663696
K16694	0
K16695	0
K16696	0
K16697	0
K16698	0.3565062
K16699	0
K16700	0
K16701	0
K16702	0
K16703	0
K16704	0
K16705	1.9098549
K16706	0
K16707	0
K16708	0
K16709	0
K16710	0.3565062
K16711	0
K16783	21.0084034
K16784	22.9182583
K16785	221.1345891
K16786	222.976538
K16787	222.976538
K16788	17.1012736
K16789	11.8253487
K16792	0
K16793	0
K16838	0
K16839	2.3291741
K16840	6.7855021
K16841	2.7994228
K16842	2.3291741
K16843	0
K16844	0
K16845	0
K16846	0
K16849	0
K16850	0
K16856	0
K16868	11.097635
K16869	50.6238857
K16870	0
K16871	0
K16872	2.3291741
K16873	0
K16874	0
K16875	0
K16876	0
K16877	0
K16878	0
K16879	0
K16880	0
K16881	0
K16898	68.2709446
K16899	68.0890162
K16901	0
K16902	0
K16905	0
K16906	0
K16907	0
K16915	0
K16916	33.6354972
K16917	34.8408278
K16918	0
K16919	0
K16920	0
K16921	0
K16922	1.5691875
K16923	5.0939964
K16924	45.2789175
K16925	67.1322948
K16926	31.6096074
K16927	17.1886937
K16929	0
K16936	1.426025
K16937	51.4811983
K16950	0
K16951	0
K16953	0
K16956	0
K16957	5.3215163
K16958	5.3215163
K16959	5.3215163
K16960	5.3215163
K16961	0.1819284
K16962	0.1819284
K16963	0.1819284
K16968	0
K16969	0
K17048	0
K17049	0
K17050	0
K17051	0
K17052	0
K17060	0
K17061	0
K17062	0
K17063	0
K17067	0
K17070	0
K17071	0
K17073	17.283202
K17074	17.283202
K17076	17.283202
K17103	5.1885747
K17105	0
K17108	0
K17195	3.4566404
K17202	0
K17203	0
K17204	0
K17205	0
K17206	0
K17207	0
K17208	0
K17209	0
K17210	0
K17213	0
K17214	0
K17215	0
K17216	49.4185551
K17217	49.4185551
K17218	28.3150836
K17222	0
K17223	0
K17224	0
K17225	0
K17226	0
K17227	0
K17228	2.3291741
K17229	0
K17230	0
K17234	0
K17235	0
K17236	0
K17237	0
K17238	0
K17239	0
K17240	0
K17241	0
K17242	0
K17243	0
K17244	0
K17245	0
K17246	0
K17247	0
K17248	0
K17249	0
K17250	0
K17251	0
K17266	0
K17285	0
K17292	0
K17315	16.5520754
K17316	15.9154571
K17317	15.9154571
K17318	29.1078507
K17319	29.653636
K17320	29.4717075
K17321	0
K17322	0
K17323	0
K17324	0
K17325	0
K17329	4.456328
K17330	8.912656
K17331	4.456328
K17363	0
K17364	0
K17398	0
K17462	1.2053306
K17463	0
K17464	0
K17465	0
K17466	0
K17467	0
K17468	0
K17472	48.2132245
K17473	0
K17474	2.4106612
K17476	0
K17485	2.4106612
K17486	0
