function.	GI_11
K00001	52.86
K00002	0
K00003	136.54
K00004	75.89
K00005	60.34
K00007	0.67
K00008	92.13
K00009	2.26
K00010	67.63
K00011	0
K00012	84.65
K00013	120.5
K00014	180.64
K00015	0
K00016	127.86
K00018	115.27
K00019	1.42
K00020	25.47
K00021	0
K00023	0.52
K00024	8.95
K00025	0
K00027	150.08
K00028	0
K00029	12.56
K00030	34.99
K00031	90.9
K00032	0.5
K00033	66.3
K00034	1.34
K00036	64.2
K00038	0
K00039	0.42
K00040	87.4
K00041	30.89
K00042	21.08
K00043	0.25
K00045	0.5
K00046	36.92
K00048	60.3
K00050	25.54
K00052	120.21
K00053	120.55
K00054	3.49
K00055	9.14
K00057	100.2
K00058	177.42
K00059	289.33
K00060	2.16
K00064	0
K00065	90.68
K00066	0.5
K00067	93.29
K00068	51.54
K00073	1.25
K00074	101.72
K00075	135.51
K00076	6.82
K00077	89.02
K00078	0.59
K00082	0
K00086	16.2
K00087	14.75
K00088	137.57
K00090	2.38
K00091	2.39
K00094	0.66
K00096	126.14
K00097	57.35
K00098	0.37
K00099	131.52
K00100	112.5
K00101	3
K00102	12.8
K00103	0
K00104	100.92
K00105	0.39
K00108	2.85
K00111	130.02
K00112	6.76
K00113	3.16
K00114	0.5
K00116	2.27
K00117	1.58
K00118	0
K00121	2.16
K00122	0
K00123	119.35
K00124	23.79
K00125	0.75
K00126	0.25
K00127	4.69
K00128	65.28
K00130	2.49
K00131	27.82
K00132	38.57
K00133	149.68
K00134	158.55
K00135	5.72
K00137	1.83
K00138	2.33
K00140	3.76
K00141	0.25
K00145	120.65
K00146	2.21
K00147	129.3
K00148	0.75
K00150	0
K00151	1.54
K00153	0
K00154	1
K00156	5.7
K00158	2
K00161	68.86
K00162	68.86
K00163	2.08
K00164	2.12
K00166	0.75
K00167	0.75
K00169	46.74
K00170	45.56
K00171	45.06
K00172	46.74
K00174	127.3
K00175	127.3
K00176	107.05
K00177	107.64
K00179	84.9
K00180	81.64
K00183	2.38
K00184	18.36
K00185	15.68
K00194	27.49
K00196	54.44
K00197	29.09
K00198	164.59
K00200	0
K00201	0
K00202	0
K00208	50.14
K00209	16.2
K00210	2.38
K00215	177.44
K00216	1.08
K00217	0
K00218	0
K00219	4.85
K00220	0
K00221	0
K00226	4.59
K00227	0
K00228	1.83
K00230	25.86
K00231	1.42
K00232	0
K00239	8.47
K00240	10.5
K00241	6.63
K00242	1.83
K00243	84.32
K00244	89.64
K00245	8.7
K00246	8.59
K00247	1.08
K00248	114.13
K00249	5.23
K00252	0.75
K00253	0.75
K00254	4.7
K00256	0
K00257	16.07
K00259	14.21
K00260	24.11
K00261	38.02
K00262	85.95
K00263	2.1
K00265	54.46
K00266	258.28
K00273	0
K00274	36.89
K00275	5.21
K00276	0.42
K00278	135.45
K00280	0
K00281	7.38
K00282	75.43
K00283	75.43
K00284	41.6
K00285	3.5
K00286	136.39
K00287	93
K00288	0
K00290	63.29
K00293	0
K00294	0.75
K00297	115.22
K00298	5.68
K00299	4.95
K00301	0
K00302	3.67
K00303	19.63
K00304	0.75
K00305	0.75
K00311	0.98
K00313	4.69
K00316	0.5
K00317	0
K00318	0
K00322	1.58
K00324	6.58
K00325	3.83
K00330	10.18
K00331	9.93
K00332	4.55
K00333	4.55
K00334	118.24
K00335	123.6
K00336	93.06
K00337	14.86
K00338	9.68
K00339	9.68
K00340	9.13
K00341	8.68
K00342	9.68
K00343	9.68
K00344	7.38
K00346	5.3
K00347	5.3
K00348	5.3
K00349	5.3
K00350	5.3
K00351	5.3
K00354	0.93
K00355	4.22
K00356	36.58
K00362	64.08
K00363	2.08
K00364	4.88
K00365	0
K00366	22.4
K00367	0
K00368	0.5
K00370	3.16
K00371	3.46
K00372	15.89
K00373	3.16
K00374	8.34
K00375	144.47
K00376	0.75
K00380	2.33
K00381	2.58
K00382	128.69
K00383	4.89
K00384	309.05
K00385	55.21
K00387	0
K00389	3.23
K00390	8.57
K00392	25.65
K00394	36.78
K00395	36.78
K00404	2
K00405	1
K00406	1
K00407	1
K00411	0.75
K00412	1.25
K00413	0.75
K00425	16.93
K00426	16.93
K00427	1.08
K00428	4.93
K00432	49.52
K00433	24.25
K00435	0.25
K00436	0
K00437	7.18
K00441	0
K00446	0
K00448	1.17
K00449	1.17
K00450	0.73
K00451	0.75
K00452	0
K00453	0.75
K00455	1.54
K00456	0
K00457	1.92
K00459	4.92
K00466	0
K00467	0
K00469	0
K00471	0.25
K00472	0
K00476	0.25
K00477	0.25
K00479	0.75
K00480	0.23
K00481	1.17
K00483	1.54
K00484	1.29
K00486	0
K00491	0
K00493	0
K00496	1.25
K00499	0.25
K00500	0.75
K00505	0.25
K00507	0.75
K00508	0.5
K00510	5.89
K00517	0
K00520	0.5
K00523	0.98
K00525	106.54
K00526	27.74
K00527	164.8
K00528	161.22
K00529	0.81
K00531	0.87
K00532	18.85
K00533	42.04
K00534	9.11
K00537	74.1
K00543	0.25
K00547	3.56
K00548	208.63
K00549	12.14
K00554	134.42
K00556	8.76
K00557	2.91
K00558	78.01
K00560	94.66
K00561	2.14
K00563	43.38
K00564	5.82
K00566	166.73
K00567	86.57
K00568	1.83
K00569	0.5
K00570	0
K00571	20.28
K00573	45.59
K00574	29.35
K00575	241.16
K00584	1.4
K00588	0.47
K00590	0
K00595	41.31
K00596	0
K00598	38.23
K00600	155.08
K00602	153.04
K00603	45.57
K00604	149.99
K00605	90.12
K00606	72.55
K00608	0
K00609	132.41
K00610	77.98
K00611	129.48
K00612	1.5
K00613	0.94
K00615	432
K00616	100.36
K00619	7.93
K00620	107.61
K00621	0.5
K00625	107.95
K00626	106.02
K00627	71.04
K00631	1.58
K00632	3.83
K00633	16.48
K00634	79.61
K00635	0
K00638	9.9
K00639	25.88
K00640	140.31
K00641	1.25
K00643	0
K00645	132.84
K00646	0.25
K00647	2.58
K00648	168.11
K00651	110.55
K00652	33.67
K00655	219.03
K00656	243.41
K00657	28.49
K00658	4.5
K00661	118.1
K00662	0.96
K00663	0.5
K00666	22.98
K00672	0
K00673	3
K00674	49.47
K00675	11.12
K00677	16.9
K00680	22.33
K00681	5.49
K00683	0
K00684	18.17
K00685	0.75
K00686	50.36
K00687	0.39
K00688	229.6
K00689	0
K00690	73.43
K00691	2.54
K00692	3.07
K00694	2.62
K00696	0
K00697	3.5
K00700	143.3
K00702	98.92
K00703	185.87
K00705	94.93
K00709	0
K00712	1.5
K00720	0.5
K00721	94.35
K00728	1.6
K00737	0.26
K00745	0
K00748	12.35
K00752	0.15
K00754	43.73
K00756	117.02
K00757	38.5
K00758	3.33
K00759	132.88
K00760	179.5
K00761	126.9
K00762	203.02
K00763	138.41
K00764	182.39
K00765	119.41
K00766	109.98
K00767	124.74
K00768	79.82
K00769	7.27
K00772	3.22
K00773	135.01
K00782	16.54
K00783	135.01
K00784	121.05
K00785	0
K00786	12.88
K00788	140.64
K00789	172.61
K00790	267.63
K00791	138.56
K00793	92.73
K00794	92.73
K00795	1.83
K00796	98.59
K00797	158.62
K00798	38.35
K00799	9.93
K00800	132.91
K00801	0.25
K00803	2.3
K00805	154.26
K00806	190.98
K00808	0
K00809	0
K00812	104.92
K00813	1.08
K00817	170.45
K00818	84.05
K00819	0.66
K00820	137.19
K00821	109.57
K00822	1.5
K00823	1.68
K00824	2.18
K00826	167.89
K00830	4.6
K00831	103.9
K00832	5.43
K00833	32.75
K00835	1.08
K00836	1.67
K00839	0.42
K00840	1.5
K00841	4.3
K00842	0.32
K00844	3.7
K00845	175.08
K00847	97.05
K00848	65.06
K00849	87.89
K00850	312.72
K00851	5.3
K00852	58.53
K00853	62.08
K00854	154.05
K00855	1.08
K00856	8.27
K00857	69.61
K00858	135.01
K00859	119.72
K00860	76.77
K00862	1.6
K00863	18.56
K00864	212.49
K00865	92.4
K00867	1.72
K00868	42.25
K00869	3.49
K00870	0
K00872	45.48
K00873	164.92
K00874	157.75
K00876	180.88
K00878	133.14
K00879	7.56
K00880	10.83
K00881	0.29
K00882	130.26
K00883	2.04
K00884	1.08
K00885	0.66
K00886	0
K00887	41.42
K00891	172.94
K00892	1.08
K00895	3.55
K00897	0.25
K00899	29.38
K00901	96.9
K00906	1.95
K00912	12.85
K00917	8.06
K00918	0.5
K00919	126.65
K00924	7.02
K00925	144.25
K00926	78.46
K00927	135.76
K00928	210.15
K00929	107.61
K00930	120.65
K00931	129.32
K00932	1.08
K00936	243.91
K00937	62.22
K00938	3.49
K00939	135.76
K00940	29.73
K00941	173.7
K00942	141.8
K00943	95.18
K00945	170.02
K00946	13.85
K00947	0.33
K00948	200.77
K00949	125.46
K00950	77.16
K00951	142.96
K00954	135.01
K00955	63.29
K00956	6.79
K00957	69.23
K00958	7.85
K00962	134.76
K00963	118.41
K00965	80.67
K00966	37.49
K00968	0
K00969	128.71
K00970	40.98
K00971	79.95
K00972	24.01
K00973	112.71
K00974	147.81
K00975	238.09
K00978	46.37
K00979	17.82
K00980	0.77
K00981	173.98
K00982	1.83
K00983	32.62
K00984	1.75
K00986	7.91
K00988	0
K00989	79.5
K00990	7.68
K00991	166.58
K00992	0.75
K00993	0
K00995	162.11
K00996	0.23
K00997	94.03
K00998	1.08
K01000	138.1
K01002	4.52
K01003	0.5
K01004	0.5
K01006	133.16
K01007	72.41
K01008	49.95
K01011	58.25
K01012	203.22
K01023	1
K01026	46.53
K01027	0
K01028	1.17
K01029	6.74
K01031	0.67
K01032	0.67
K01034	35.21
K01035	35.21
K01039	1
K01040	1
K01042	47.96
K01046	36.85
K01048	55.01
K01051	42.58
K01053	0.87
K01055	1.67
K01056	135.01
K01057	9.98
K01058	1.08
K01060	42.91
K01061	2.93
K01066	18.89
K01067	0
K01069	1.84
K01070	2.26
K01071	13.14
K01073	0.5
K01075	0.5
K01077	47.12
K01078	0.25
K01079	7.77
K01081	12.42
K01082	52.32
K01083	0
K01085	1.08
K01086	0
K01087	1.58
K01089	4.63
K01090	125.29
K01091	238.42
K01092	22.43
K01093	1.18
K01095	10.22
K01096	1.08
K01101	0.39
K01104	201.82
K01113	0.5
K01114	25.94
K01117	0
K01118	38.04
K01119	43.44
K01120	0.25
K01121	0
K01126	140.14
K01129	125.82
K01130	10.5
K01133	2.51
K01134	0
K01135	0
K01136	0
K01137	0
K01138	9.56
K01139	1.08
K01141	1.58
K01142	133.64
K01144	4.36
K01146	1.08
K01147	8.51
K01150	2.91
K01151	131.44
K01153	162.58
K01154	182.34
K01155	4.4
K01156	49.27
K01158	0.25
K01159	69.51
K01160	2.19
K01163	70.18
K01165	0
K01166	0.25
K01167	0.25
K01169	1.31
K01173	8.37
K01174	8.08
K01175	1.08
K01176	16.55
K01178	0.25
K01179	222.2
K01181	75.24
K01182	52.4
K01183	42.39
K01184	0
K01185	22.09
K01186	26.9
K01187	126.86
K01188	0
K01190	253.42
K01191	70.04
K01192	8.95
K01193	62.23
K01194	2.91
K01195	43.38
K01197	33.49
K01198	39.28
K01200	44.71
K01201	8.6
K01205	8.43
K01206	74.72
K01207	109.09
K01208	0
K01209	161.33
K01210	0
K01212	1.2
K01215	0.96
K01216	0.23
K01218	48.17
K01219	0
K01220	0.58
K01222	40.79
K01223	73.16
K01224	110.35
K01226	24.09
K01227	0.35
K01232	37.89
K01233	0.5
K01235	37.77
K01236	2.75
K01239	28.59
K01241	5.38
K01243	93.43
K01246	25.14
K01247	48.66
K01250	3.93
K01251	51.85
K01252	1.08
K01253	0
K01255	15.64
K01256	3.89
K01258	168
K01259	12.87
K01261	3.24
K01262	164.73
K01263	0
K01264	0.5
K01265	205.05
K01266	1.5
K01267	68.98
K01269	0
K01270	81.12
K01271	67.48
K01273	76.87
K01274	0.25
K01277	4.05
K01278	7.6
K01281	1.14
K01283	0
K01284	11.18
K01286	156.14
K01295	8.61
K01297	50.37
K01299	4.39
K01301	0
K01303	0
K01304	15.55
K01305	27.65
K01308	67.82
K01318	0.47
K01322	2.01
K01338	210.56
K01342	0
K01347	0
K01354	1.58
K01355	0.43
K01356	152.26
K01358	143.13
K01361	9.23
K01372	7.83
K01387	19.01
K01390	0
K01392	0
K01399	0.5
K01400	1
K01401	0
K01406	0.5
K01407	1.08
K01409	155.7
K01414	2.08
K01415	0
K01417	0
K01419	28.73
K01420	103.48
K01421	178.69
K01424	94.61
K01425	25.8
K01426	5.82
K01427	0
K01428	2.16
K01429	2.01
K01430	2.71
K01432	0
K01433	9.39
K01434	1.75
K01436	55.77
K01438	23.71
K01439	58.1
K01440	0
K01442	76.46
K01443	149.1
K01444	0.5
K01446	2.82
K01447	85.68
K01448	479.61
K01449	224.7
K01451	45.11
K01452	0
K01453	0
K01455	4.19
K01457	0
K01458	0.5
K01460	1.08
K01461	0
K01462	235.2
K01464	35
K01465	136.19
K01466	1.06
K01467	1.87
K01468	31.64
K01469	0
K01470	50.73
K01471	0.25
K01473	0
K01474	0
K01476	11.81
K01477	1
K01478	40.19
K01479	2.5
K01480	76.91
K01482	1.69
K01483	1.66
K01484	2.25
K01485	12
K01486	41.38
K01487	19.04
K01488	30.96
K01489	126.51
K01491	135.26
K01492	4.04
K01493	124.78
K01494	58
K01495	94.51
K01496	63.92
K01497	2.08
K01499	0.84
K01501	9.31
K01502	0
K01505	1.34
K01507	45.94
K01512	56.26
K01515	147.43
K01518	0
K01520	120.08
K01521	1.31
K01523	20.88
K01524	113.04
K01525	1.83
K01531	32.63
K01533	46.78
K01534	157.31
K01535	0
K01537	216.7
K01545	3.83
K01546	28.76
K01547	30.36
K01548	28.76
K01551	51.36
K01555	0.75
K01556	0.75
K01560	7.69
K01561	0.98
K01563	0.75
K01567	113.04
K01568	0
K01569	5.71
K01571	92.42
K01572	138.79
K01573	4.46
K01574	7.45
K01575	3.95
K01576	1.75
K01577	0.43
K01578	0
K01579	49.15
K01580	19.07
K01581	2.39
K01582	63.49
K01583	36.83
K01584	1.41
K01585	37.94
K01586	169.27
K01588	132.16
K01589	19.55
K01590	8.22
K01591	135.01
K01593	3.85
K01594	0
K01595	8.55
K01596	36.83
K01597	3.49
K01598	3.24
K01599	152.54
K01601	0.36
K01602	0
K01607	54.79
K01608	1.41
K01609	111.18
K01610	49.58
K01611	112.59
K01613	68.44
K01615	0.29
K01616	0
K01617	0
K01619	117.97
K01620	78.4
K01621	9.21
K01622	0
K01623	3.05
K01624	197.14
K01625	125.02
K01626	40.58
K01627	12.6
K01628	89.87
K01629	20.37
K01630	6.51
K01631	2.04
K01633	60.97
K01635	0.64
K01637	1.83
K01638	8.11
K01639	14.57
K01640	8.86
K01641	3.49
K01643	48.11
K01644	32.81
K01646	31.39
K01647	116.97
K01649	148.39
K01652	221.24
K01653	187.41
K01654	41.14
K01655	0
K01657	112.76
K01658	108.75
K01659	1.41
K01661	5.67
K01662	168.77
K01664	33.69
K01665	38.93
K01666	26.87
K01667	23.54
K01668	0.97
K01669	7.68
K01671	0.66
K01673	64.38
K01674	0.25
K01676	8.04
K01677	121.62
K01678	121.03
K01679	9.57
K01681	149.87
K01682	1.58
K01683	0
K01684	18.71
K01685	67.16
K01686	141.69
K01687	162.15
K01689	160.53
K01690	1.83
K01692	2.67
K01693	114.78
K01695	114.2
K01696	142.68
K01697	0.92
K01698	74.64
K01699	18.63
K01703	120.83
K01704	120.83
K01706	1.8
K01707	0
K01708	1.2
K01709	46.37
K01710	161.16
K01711	50.87
K01712	33.25
K01713	1.17
K01714	227.2
K01715	84.72
K01716	1.58
K01719	5.63
K01720	1.66
K01721	0
K01724	0.75
K01725	9
K01727	9.29
K01728	0.78
K01729	0.51
K01730	36.75
K01733	145.89
K01734	167.35
K01735	139.22
K01736	132.16
K01737	59.79
K01738	219.68
K01739	75.94
K01740	207.39
K01744	25.4
K01745	68.37
K01746	18.54
K01749	55.27
K01750	20.74
K01751	26.75
K01752	206.09
K01753	12.04
K01754	112.32
K01755	133.25
K01756	136.04
K01758	0.92
K01759	141.28
K01760	46.75
K01761	39.96
K01766	1.58
K01768	2.33
K01770	124.05
K01771	0.29
K01772	2.83
K01775	163.34
K01776	135.82
K01777	9.54
K01778	146.61
K01779	75.27
K01781	0
K01782	1.83
K01783	138.63
K01784	209.39
K01785	115.59
K01787	45.37
K01788	15.84
K01790	101.46
K01791	130.03
K01792	2.08
K01795	0.5
K01796	0
K01799	0
K01800	0.5
K01801	0.98
K01802	14.61
K01803	142.32
K01804	85.45
K01805	51.42
K01807	6.06
K01808	136.45
K01809	83
K01810	136.29
K01811	52.09
K01812	105.19
K01813	50.12
K01814	119.91
K01815	61.04
K01816	4.29
K01817	124.69
K01818	10.15
K01819	1.74
K01820	0
K01821	42.1
K01823	10.57
K01825	1.58
K01826	2.04
K01829	0
K01834	52.33
K01835	163.68
K01838	4.62
K01839	114.93
K01840	6.64
K01841	2.79
K01843	114.64
K01844	0
K01845	71.26
K01846	35.36
K01847	8.24
K01848	0.29
K01849	0
K01850	0
K01851	1.75
K01854	53.06
K01856	1.17
K01857	1.17
K01858	2.38
K01866	157.15
K01867	135.91
K01868	172.08
K01869	127.15
K01870	136.26
K01872	182.15
K01873	143.12
K01874	180.95
K01875	140.78
K01876	173.64
K01878	11.19
K01879	11.19
K01880	124.82
K01881	185.25
K01883	145.48
K01884	0.33
K01885	119.69
K01886	79.8
K01887	135.01
K01889	135.01
K01890	135.01
K01892	135.78
K01893	131.84
K01894	1.83
K01895	31.46
K01896	0.75
K01897	130.01
K01902	11.43
K01903	5.25
K01905	6.49
K01906	18.83
K01907	0.5
K01908	1.16
K01910	31.42
K01911	5.17
K01912	142.35
K01914	149.64
K01915	389.23
K01916	23.48
K01918	70.45
K01919	41.64
K01920	1.83
K01921	174.09
K01922	3.24
K01923	133.16
K01924	135.01
K01925	135.01
K01926	133.43
K01928	152.49
K01929	135.56
K01933	132.75
K01934	134.17
K01935	50.05
K01937	126.85
K01938	127.08
K01939	143.65
K01940	133.16
K01941	0.25
K01945	132.06
K01947	0
K01950	131.34
K01951	157.06
K01952	142.89
K01953	151.46
K01955	240
K01956	149.93
K01958	49.2
K01959	0.5
K01960	6.76
K01961	68.61
K01962	52.74
K01963	91.89
K01965	0
K01966	5.92
K01968	0.75
K01969	0.75
K01971	75.1
K01972	137.09
K01974	0.93
K01975	63.64
K01989	103.28
K01990	1116.06
K01991	18.19
K01992	968.74
K01993	59.69
K01994	0
K01995	142.33
K01996	142.83
K01997	142.83
K01998	142.85
K01999	168.46
K02000	29.32
K02001	29.18
K02002	32.57
K02003	1012.02
K02004	862.16
K02005	162.01
K02006	93.41
K02007	101.42
K02008	99.68
K02009	68.38
K02010	83.11
K02011	86.61
K02012	115.15
K02013	378
K02014	50.67
K02015	461.89
K02016	375
K02017	62.61
K02018	65.95
K02019	35.91
K02020	81.92
K02021	0.31
K02022	0.02
K02024	2.76
K02025	582.22
K02026	583.29
K02027	388.48
K02028	257.23
K02029	294.24
K02030	369.38
K02031	183.18
K02032	215.91
K02033	307.79
K02034	289.9
K02035	383.1
K02036	144.34
K02037	143.45
K02038	142.95
K02039	136.6
K02040	174
K02041	42.2
K02042	48.98
K02043	1.85
K02044	53.62
K02045	4.27
K02046	2.77
K02047	2.77
K02048	28.35
K02049	383.59
K02050	344.83
K02051	353.14
K02052	21.28
K02053	45.15
K02054	46.61
K02055	50.07
K02056	186.36
K02057	383.21
K02058	68.09
K02062	1.08
K02063	1.08
K02064	1.08
K02065	21.61
K02066	21.61
K02067	18.28
K02068	33.1
K02069	33.35
K02071	153.89
K02072	154.94
K02073	157.43
K02074	1.04
K02075	0.92
K02076	1
K02077	3.5
K02078	233.52
K02079	0.43
K02080	1.02
K02081	2.23
K02082	16.51
K02083	1.23
K02086	4.24
K02099	41.18
K02100	1.4
K02103	120.46
K02106	4.83
K02107	58.14
K02108	112.76
K02109	128.85
K02110	112.76
K02111	113.76
K02112	112.76
K02113	112.25
K02114	112.76
K02115	112.76
K02116	23.87
K02117	111.86
K02118	112.86
K02119	101.98
K02120	111.86
K02121	103.34
K02122	101.98
K02123	112.86
K02124	111.86
K02160	60.97
K02164	0.75
K02167	1.6
K02168	13.28
K02169	8.68
K02170	2.38
K02171	104.86
K02172	85.95
K02173	0.71
K02182	1.6
K02188	81.54
K02189	79.77
K02190	77.45
K02191	39.93
K02192	14.8
K02193	9.26
K02194	9.14
K02195	9.14
K02196	1.46
K02197	9.14
K02198	9.26
K02199	1.58
K02200	2.08
K02203	27.31
K02204	1.53
K02205	0.5
K02217	51.87
K02221	88.05
K02224	92.27
K02225	0.75
K02226	88.66
K02227	84.7
K02228	0
K02229	0.75
K02230	6.63
K02231	91.74
K02232	98.68
K02233	91.63
K02234	0.75
K02236	0.64
K02237	115.67
K02238	253.9
K02240	3.49
K02241	70.28
K02242	25.56
K02243	3.49
K02244	3.49
K02245	3.35
K02246	20.32
K02248	0.39
K02250	0
K02251	0
K02255	1.08
K02258	0.75
K02259	0.75
K02274	4.85
K02275	5.1
K02276	4.35
K02277	3.6
K02278	30.61
K02279	10.1
K02280	5.1
K02281	0
K02282	8.95
K02283	143.5
K02291	2.79
K02297	2.08
K02298	2.08
K02299	2.08
K02300	2.08
K02302	9.13
K02303	1.5
K02304	63.33
K02305	0.5
K02313	142.19
K02314	147.99
K02315	219.84
K02316	143.29
K02317	1.08
K02334	72.7
K02335	127.66
K02336	1.58
K02337	159.48
K02338	135.46
K02339	1.83
K02340	135.01
K02341	135.01
K02342	57.94
K02343	135.01
K02344	1.08
K02345	1.2
K02346	174.2
K02347	25.94
K02348	18.5
K02351	0.25
K02352	0.42
K02355	279.14
K02356	136.09
K02357	135.01
K02358	185.58
K02361	4.62
K02362	1.58
K02363	2.08
K02364	1.08
K02371	80.04
K02372	132.69
K02377	52.86
K02379	38.14
K02380	16.8
K02381	0.66
K02383	0
K02385	77.76
K02386	8.84
K02387	110.85
K02388	117.37
K02389	112.85
K02390	125.36
K02391	1.41
K02392	212.18
K02393	8.59
K02394	8.59
K02395	79.4
K02396	174.24
K02397	112.85
K02398	110.85
K02399	0.91
K02400	111.28
K02401	88.06
K02402	0.91
K02403	1.16
K02404	109.69
K02405	110.85
K02406	278.27
K02407	146.02
K02408	110.85
K02409	111.1
K02410	110.85
K02411	109.85
K02412	110.85
K02413	110.85
K02414	108.72
K02415	59.1
K02416	110.85
K02417	112.19
K02418	74.52
K02419	110.85
K02420	110.52
K02421	88.06
K02422	152.49
K02423	0.91
K02424	4.12
K02425	0.66
K02426	6.71
K02427	9.01
K02428	139.47
K02429	18.8
K02430	1.5
K02431	44.36
K02433	125.61
K02434	124.94
K02435	124.94
K02436	0.66
K02437	97.93
K02438	60.04
K02439	1.58
K02440	86.1
K02441	1.58
K02443	122.5
K02444	11.42
K02445	46.39
K02446	57.71
K02448	0.5
K02450	5.56
K02451	0.42
K02452	1.93
K02453	5.39
K02454	5.68
K02455	4.89
K02456	4.76
K02457	2.39
K02458	2.89
K02459	3.22
K02460	2.72
K02461	2.39
K02462	2.1
K02463	0.25
K02464	0.71
K02466	4.28
K02467	1.08
K02468	2.68
K02469	222.17
K02470	222.75
K02471	0.39
K02472	4.72
K02473	6.55
K02474	63.76
K02475	26.5
K02476	26.5
K02477	105.83
K02478	26.3
K02479	1
K02480	0.25
K02481	51.54
K02482	18.3
K02483	7.85
K02484	15.52
K02485	1.08
K02486	0
K02487	0.75
K02488	0
K02490	1.5
K02492	45.68
K02493	120.77
K02494	1.83
K02495	275.76
K02496	1.58
K02497	0
K02498	1.83
K02499	87.74
K02500	156.57
K02501	119.57
K02502	107.6
K02503	134.76
K02504	1.08
K02505	1.37
K02506	0.79
K02507	1.6
K02508	1.29
K02509	1.79
K02510	18.57
K02511	0.79
K02517	13.23
K02518	138.67
K02519	136.01
K02520	144.03
K02521	1.08
K02523	14.11
K02525	9.59
K02526	56.89
K02527	12.35
K02528	126.9
K02529	843.47
K02530	1.49
K02531	0.25
K02532	3.99
K02533	8.51
K02535	8.55
K02536	12.37
K02538	0.29
K02548	9.62
K02549	2.13
K02550	0.43
K02551	7.08
K02552	3.25
K02553	1.83
K02554	0.56
K02556	160.22
K02557	202.86
K02558	1.83
K02560	1.08
K02562	1.08
K02563	135.01
K02564	164.3
K02565	1.08
K02566	3.17
K02567	2.99
K02568	1.6
K02569	1.41
K02570	2.66
K02571	0.5
K02572	1.16
K02573	5.19
K02574	5.25
K02575	24.04
K02584	13.11
K02585	64.07
K02586	68.69
K02587	35.75
K02588	134.68
K02589	25.83
K02590	25.83
K02591	68.69
K02592	24.01
K02593	0
K02594	34.21
K02595	0
K02596	0
K02597	0
K02598	42.49
K02600	135.01
K02601	173.48
K02609	0.67
K02610	0.67
K02611	0.67
K02612	0.67
K02613	0.67
K02614	74.48
K02615	0.42
K02616	0.67
K02617	0.42
K02618	0.42
K02619	38.18
K02621	46.16
K02622	48.16
K02623	0.75
K02624	2.01
K02625	0.5
K02626	0.75
K02635	0
K02636	0
K02647	129.38
K02650	112.47
K02651	13.43
K02652	121.06
K02653	137.81
K02654	127.73
K02655	0.75
K02656	0.5
K02657	0.5
K02658	0.5
K02659	0.5
K02660	0.5
K02661	0.5
K02662	71.74
K02663	78.05
K02664	31.86
K02665	0.5
K02666	6.64
K02667	0.5
K02668	0.5
K02669	129.08
K02670	0.5
K02671	0.5
K02672	0.75
K02673	0.5
K02674	0.5
K02676	0.5
K02679	1.08
K02680	1.08
K02681	1.08
K02682	1.08
K02686	1.33
K02687	144.94
K02688	1.64
K02742	1.35
K02744	15.97
K02745	13.51
K02746	13.51
K02747	13.51
K02750	17.82
K02753	1.35
K02755	0.25
K02756	0
K02757	75.83
K02759	42.85
K02760	40.77
K02761	54.57
K02763	18.51
K02765	38.22
K02768	10.57
K02769	1.78
K02770	96.75
K02771	0
K02773	8.98
K02774	8.98
K02775	26.59
K02777	50.04
K02778	0.42
K02779	37.65
K02781	17.5
K02782	6.84
K02783	34.26
K02784	1.08
K02786	0.58
K02788	0.58
K02791	16.76
K02793	37.56
K02794	50.86
K02795	50.11
K02796	53.98
K02798	2.76
K02800	5.33
K02802	0
K02803	0
K02804	36.05
K02805	9.32
K02806	33.48
K02808	0
K02810	43.78
K02812	0.73
K02813	0.73
K02814	1.38
K02815	1.28
K02819	20.45
K02821	39.12
K02822	46.72
K02823	129.91
K02824	137.03
K02825	67.03
K02826	0
K02827	0
K02828	0
K02829	0
K02834	129.83
K02835	127.51
K02836	126.9
K02837	127.98
K02838	135.01
K02839	3.85
K02840	0.23
K02841	2.37
K02843	15.44
K02844	7.76
K02846	1.08
K02847	0.66
K02848	1.16
K02849	7.51
K02850	0.66
K02851	64.02
K02852	1.68
K02853	1.08
K02854	1.08
K02855	1.7
K02856	3.46
K02858	12.24
K02859	0.25
K02860	135.01
K02862	0
K02863	135.01
K02864	135.01
K02867	135.01
K02871	135.01
K02874	135.01
K02876	135.01
K02878	135.01
K02879	135.01
K02881	135.01
K02884	135.01
K02886	135.01
K02887	135.01
K02888	126.9
K02890	135.01
K02892	135.01
K02895	135.01
K02897	176.06
K02899	126.9
K02902	135.01
K02904	134.01
K02906	135.01
K02907	132.16
K02909	131.33
K02911	134.53
K02913	101.86
K02914	114.1
K02916	134.24
K02919	101.56
K02926	135.01
K02927	0.23
K02931	135.01
K02933	135.01
K02935	135.01
K02939	135.01
K02945	130.17
K02946	135.01
K02948	134.59
K02950	135.01
K02952	135.01
K02954	135.15
K02956	135.01
K02959	135.01
K02961	135.01
K02963	135.01
K02965	134.41
K02967	143.12
K02968	134.59
K02970	134.83
K02972	1.08
K02982	135.01
K02986	147.09
K02988	135.01
K02990	135.01
K02992	135.01
K02994	135.01
K02996	135.01
K03040	135.61
K03043	136.18
K03046	135.01
K03048	3.49
K03060	128.11
K03070	130.64
K03071	2.99
K03072	89
K03073	134.2
K03074	89
K03075	134.51
K03076	136.15
K03077	41.89
K03078	1.08
K03079	15.14
K03086	147.54
K03087	2.14
K03088	990.97
K03089	9.01
K03090	55.01
K03091	625.8
K03092	63.94
K03093	36.68
K03095	0.64
K03098	2.5
K03100	329.28
K03101	144.44
K03106	135.01
K03110	135.01
K03111	197.29
K03112	1.58
K03113	5.63
K03116	65.26
K03117	9.56
K03118	60.36
K03119	4.6
K03146	2.18
K03147	163.14
K03148	47.02
K03149	78.41
K03150	148.77
K03151	103.2
K03152	117.2
K03153	1.25
K03154	130.53
K03168	135.26
K03169	164.86
K03177	135.01
K03179	10.74
K03181	2.08
K03182	20.26
K03183	48.09
K03184	1.08
K03185	1.83
K03186	20.13
K03187	2.01
K03188	2.01
K03189	2.01
K03190	2.01
K03191	0
K03192	0.5
K03194	0.53
K03195	0.53
K03196	0.3
K03197	0
K03198	0
K03199	0.53
K03200	0.53
K03201	0.53
K03202	0
K03203	0.53
K03204	0.53
K03205	76.48
K03207	0.66
K03208	0.66
K03210	137.55
K03212	1.08
K03214	1.08
K03215	168.24
K03216	130.96
K03217	135.67
K03218	137.86
K03219	5.78
K03220	5.16
K03221	4.95
K03222	5.78
K03223	4.93
K03224	6.53
K03225	5.78
K03226	5.78
K03227	5.78
K03228	5.78
K03229	5.78
K03230	5.78
K03269	5.88
K03270	12.78
K03271	17.08
K03272	2.87
K03273	11.66
K03274	9.3
K03275	0.95
K03276	0.72
K03278	0.23
K03279	0.52
K03280	0.23
K03281	30.05
K03282	112.9
K03284	154.75
K03285	0.25
K03286	9.88
K03287	0
K03288	0.65
K03289	1.08
K03290	0.89
K03291	1.64
K03292	119.18
K03293	28.48
K03294	101.31
K03296	154.71
K03297	8.26
K03298	3
K03299	61.74
K03300	8.61
K03301	0
K03303	80.6
K03304	1.08
K03305	22.47
K03306	79.92
K03307	118.3
K03308	234.81
K03309	0.83
K03310	241.04
K03311	109.62
K03312	84.92
K03313	7.1
K03314	2.57
K03315	83.09
K03316	14.12
K03317	20.47
K03319	18.39
K03320	122.51
K03321	73.68
K03322	27.03
K03324	220.48
K03325	33.98
K03326	3.41
K03327	26.13
K03328	4.96
K03329	0.66
K03332	7.9
K03333	0.25
K03335	19.56
K03336	15.77
K03337	15.77
K03338	15.77
K03339	0
K03340	50.53
K03342	0.39
K03343	0
K03346	3.49
K03365	0
K03366	1.06
K03367	8.81
K03379	0
K03380	0
K03381	1.17
K03382	0.5
K03385	43.8
K03386	68.05
K03387	5.44
K03388	12.21
K03389	11.95
K03390	9.53
K03391	0
K03392	0
K03394	56.72
K03395	0
K03396	0
K03399	39.93
K03402	139.12
K03403	0
K03404	0
K03405	0.75
K03406	1103.58
K03407	227.52
K03408	411.47
K03409	132.59
K03410	105.11
K03411	113.99
K03412	220.39
K03413	326.79
K03414	8.59
K03415	84.07
K03416	0
K03417	1.41
K03418	0
K03424	143.48
K03425	1.08
K03426	77.01
K03427	174.24
K03428	0
K03429	41.33
K03430	9.13
K03431	130.96
K03432	0
K03433	0
K03435	2
K03436	85.43
K03437	125.75
K03438	182.77
K03439	118.47
K03442	106.2
K03444	3.55
K03445	2.08
K03446	7.22
K03449	10.77
K03451	18.91
K03453	17.55
K03455	15.5
K03457	14.37
K03458	75.98
K03459	0.14
K03462	13.6
K03464	1.17
K03465	49.51
K03466	150.93
K03468	1.08
K03469	141.48
K03470	135.01
K03471	3.24
K03472	1.58
K03473	5.63
K03474	11.73
K03475	47.03
K03476	17.88
K03477	1.08
K03478	1.15
K03480	43.91
K03481	13.16
K03482	0.98
K03483	2.33
K03484	116.58
K03485	1.08
K03486	16.63
K03487	39.32
K03488	57.2
K03489	3.5
K03490	1.08
K03491	12.17
K03492	1.14
K03493	0.39
K03495	135.51
K03496	240.79
K03497	275.78
K03498	196.49
K03499	229.43
K03500	131.21
K03501	135.01
K03502	48.47
K03503	10.94
K03516	0.66
K03517	124.79
K03518	84.04
K03519	18.37
K03520	0
K03521	163.41
K03522	166.83
K03523	143.19
K03524	140.71
K03525	136.83
K03526	131.52
K03527	149.99
K03528	1.58
K03529	122.7
K03530	166.75
K03531	143.32
K03532	0.66
K03533	1.16
K03534	17.82
K03535	2.02
K03536	134.65
K03537	0
K03543	13.17
K03544	163.89
K03545	152.99
K03546	84.02
K03547	63.53
K03548	1.58
K03549	12.19
K03550	135.01
K03551	135.01
K03553	135.6
K03554	1.58
K03555	134.68
K03556	16.86
K03557	1.83
K03558	13.32
K03559	14.75
K03560	15.31
K03561	19.31
K03562	13.61
K03563	116.95
K03564	56.82
K03565	124.23
K03566	8.19
K03567	3.16
K03568	98.96
K03569	246
K03570	124.66
K03571	112.43
K03572	134.51
K03573	3.53
K03574	173.76
K03575	60.59
K03576	1.83
K03577	2.41
K03578	1.83
K03579	6.76
K03580	1.58
K03581	122.77
K03582	1.83
K03583	1.83
K03584	135.01
K03585	37.59
K03586	1.83
K03587	15.71
K03588	137.15
K03589	135.01
K03590	46.23
K03591	1.08
K03592	89.99
K03593	9.73
K03594	23.72
K03595	135.01
K03596	135.26
K03597	1.83
K03598	1.83
K03599	1.83
K03600	1.83
K03601	135.01
K03602	135.51
K03603	1.08
K03604	26.54
K03605	31.28
K03606	5.71
K03607	1.83
K03608	108.29
K03609	110.33
K03610	116.81
K03611	2.85
K03612	122.97
K03613	122.5
K03614	122.5
K03615	154.03
K03616	12.9
K03617	122.5
K03618	0.89
K03619	0.89
K03620	2.72
K03621	164.94
K03623	12.01
K03624	196.66
K03625	135.01
K03628	121.87
K03629	127.58
K03630	153.5
K03631	135.01
K03632	1.08
K03633	1.08
K03634	9.01
K03635	1.83
K03636	3.43
K03637	60
K03638	2.37
K03639	61.34
K03640	9.01
K03641	9.76
K03642	13.75
K03643	1.83
K03644	92.43
K03645	1.08
K03646	6.6
K03647	4.71
K03648	115.51
K03649	1.08
K03650	134.51
K03651	1.58
K03652	39.94
K03653	0
K03654	99.65
K03655	209.55
K03656	1.83
K03657	380.39
K03658	1.68
K03660	91.57
K03664	135.01
K03665	134.72
K03666	86.42
K03667	28.73
K03668	1.58
K03669	3.25
K03670	3.25
K03671	286.95
K03672	2.75
K03673	2.47
K03674	1.08
K03675	0.66
K03676	20.26
K03680	0
K03683	1.58
K03684	4.06
K03685	135.01
K03686	212.06
K03687	135.42
K03688	49.87
K03690	1.83
K03693	0.39
K03694	19
K03695	117.54
K03696	123.34
K03697	37.22
K03698	126.03
K03699	110.93
K03700	61.61
K03701	202.23
K03702	135.6
K03703	158.73
K03704	160.17
K03705	127.72
K03706	78.38
K03707	21.73
K03708	83.77
K03709	4.99
K03710	143.08
K03711	193.59
K03712	1.08
K03713	0.64
K03715	0
K03716	145.95
K03717	1.33
K03718	37.69
K03719	77.96
K03720	1.08
K03721	20.8
K03722	30.69
K03723	136.01
K03724	2.23
K03727	0.75
K03731	0
K03732	1.58
K03733	52.79
K03734	161.97
K03735	29.27
K03736	29.27
K03737	224.28
K03738	116.89
K03739	8.97
K03740	8.97
K03741	44.73
K03742	125.17
K03743	47.39
K03744	110.82
K03745	7.09
K03746	4.25
K03747	1.08
K03748	3
K03749	1.83
K03750	93.6
K03752	43.84
K03753	50.31
K03755	0.8
K03756	0.81
K03757	1.08
K03758	21.59
K03759	0.66
K03760	2.08
K03761	2.83
K03762	3.52
K03763	157.81
K03764	1.08
K03765	1.08
K03767	2.51
K03768	131.65
K03769	55.94
K03770	13.06
K03771	16.61
K03772	1.95
K03773	12.56
K03774	1.83
K03775	5.88
K03776	1.66
K03777	1.31
K03778	36.29
K03779	0.91
K03780	0.91
K03781	31.61
K03782	8.17
K03783	149.58
K03784	33.29
K03785	49.84
K03786	83.81
K03787	52.91
K03788	1.22
K03789	135.92
K03790	149.24
K03791	1.53
K03793	0
K03794	0
K03795	0.25
K03796	1.08
K03797	188.48
K03798	319.04
K03799	14.32
K03800	45.17
K03801	83.07
K03802	36.69
K03803	56.26
K03804	1.08
K03805	1.81
K03806	1.83
K03807	1.58
K03808	4.16
K03809	9.09
K03810	1.47
K03811	12.37
K03812	1.16
K03813	2.8
K03814	8.98
K03815	0.52
K03816	135.19
K03817	10.19
K03818	0.66
K03819	0.91
K03820	9.51
K03821	1.5
K03823	64.41
K03824	7.21
K03825	21.04
K03826	48.85
K03827	22.89
K03828	2.58
K03829	0.56
K03830	8.5
K03831	1.33
K03832	23.84
K03833	47.31
K03834	1.66
K03835	10.11
K03836	0.43
K03837	1.75
K03838	1.08
K03839	7.51
K03840	1.08
K03841	9.01
K03851	1.33
K03852	1.75
K03855	2.22
K03856	121
K03862	0.92
K03863	1.34
K03885	47.95
K03889	0
K03890	0
K03891	0
K03892	256.18
K03893	1.84
K03894	0.29
K03895	0.29
K03896	0.29
K03897	0.29
K03918	0
K03919	1.08
K03921	0
K03923	5.98
K03924	217.71
K03925	126.78
K03926	8.51
K03928	6.36
K03929	40.13
K03930	0.39
K03931	36.77
K03932	0.5
K03933	1.25
K03969	39.01
K03970	6.6
K03971	1.08
K03972	0.91
K03973	27.37
K03974	6.6
K03975	30.62
K03976	76.46
K03977	135.01
K03978	135.01
K03979	126.9
K03980	84.25
K03981	1.83
K04013	0.66
K04014	1.1
K04015	0.66
K04016	0.66
K04017	0.43
K04018	0.66
K04019	27.35
K04020	1.08
K04021	1.08
K04022	1.08
K04023	44.83
K04024	66.88
K04025	1.08
K04026	28.36
K04027	57.47
K04028	91.55
K04029	44.13
K04030	48.86
K04031	44.47
K04032	25.36
K04033	1.33
K04034	6.46
K04035	3.6
K04037	0
K04038	0
K04039	0
K04040	0
K04041	53.48
K04042	99.52
K04043	142.99
K04044	1.83
K04045	7.22
K04046	2.06
K04047	7.81
K04049	0.5
K04051	0.5
K04052	0.5
K04053	0.5
K04054	0.5
K04056	0.83
K04057	0.5
K04058	5.55
K04059	0.83
K04060	0.5
K04061	95.65
K04062	1.58
K04063	2.58
K04064	1.83
K04065	9.43
K04066	135.01
K04067	1.08
K04068	110.36
K04069	330.7
K04070	117.53
K04072	91.33
K04073	0.81
K04074	130.05
K04075	134.95
K04076	39.15
K04077	172.96
K04078	172.77
K04079	124.77
K04080	2.23
K04081	1.08
K04082	1.83
K04083	123.28
K04084	13.56
K04085	2.83
K04086	0.64
K04087	10.02
K04088	10.02
K04090	0.5
K04091	3.94
K04092	0
K04093	1.08
K04094	50.29
K04095	26.81
K04096	147.86
K04098	0
K04099	0.42
K04100	0
K04101	0
K04102	0
K04103	2.07
K04109	0.59
K04110	0
K04127	0.25
K04128	0
K04333	1.08
K04334	0.66
K04335	0.66
K04336	0.66
K04337	0.66
K04338	0.66
K04343	0.5
K04477	48.01
K04478	0
K04480	1.6
K04485	131.66
K04486	172.31
K04487	285.7
K04488	154.4
K04516	12.42
K04517	115.07
K04518	23.63
K04561	1
K04562	116.54
K04564	97.06
K04565	24.83
K04566	0.25
K04567	135.68
K04568	1.08
K04618	0.5
K04651	74.8
K04652	64.67
K04653	48.16
K04654	47.5
K04655	73.9
K04656	38.84
K04691	1.58
K04708	0
K04719	0.75
K04720	83.9
K04744	8.3
K04748	1.25
K04749	126.17
K04750	4.54
K04751	69.29
K04752	1.83
K04753	4.68
K04754	13.69
K04755	1.83
K04756	0.25
K04757	119.93
K04758	381.5
K04759	358.86
K04760	1.83
K04761	5.38
K04762	5.88
K04763	234.32
K04764	9.24
K04765	8.76
K04766	0.75
K04767	54.12
K04768	0
K04769	115.01
K04770	4.93
K04771	172.73
K04772	2.08
K04773	16.45
K04774	1.58
K04775	1.08
K04780	0.25
K04781	0.31
K04782	2.3
K04783	0.33
K04784	0.4
K04785	0.29
K04786	2.29
K04794	0
K04805	0
K04835	35.36
K04844	3.79
K04940	4.45
K04962	1
K05020	31.88
K05245	2.26
K05275	0
K05281	0
K05286	0
K05296	0
K05297	1
K05299	0.75
K05301	0
K05303	2.56
K05304	1.85
K05306	5.36
K05311	47.49
K05337	77.09
K05338	0.39
K05339	0.39
K05340	2.15
K05341	0.59
K05342	7.32
K05343	3.35
K05346	19.36
K05349	283.19
K05350	32.92
K05351	0.25
K05352	0.25
K05358	0.42
K05362	0.39
K05363	0.53
K05364	75.27
K05365	1.58
K05366	138.9
K05367	6.62
K05368	1.08
K05372	0.29
K05373	0.29
K05374	0.29
K05375	1.25
K05396	8.3
K05499	47.67
K05501	1.33
K05515	186.67
K05516	48.64
K05517	1.08
K05520	31.19
K05521	8.11
K05522	1.08
K05523	0.93
K05524	1.5
K05526	2.25
K05527	1.83
K05539	1.83
K05540	29.62
K05541	1.58
K05548	0.5
K05549	1.67
K05550	1.17
K05559	0.5
K05560	0.5
K05561	0.5
K05562	0.5
K05563	0.5
K05564	0.5
K05565	0
K05566	36.27
K05567	18.97
K05568	26.78
K05569	18.97
K05570	18.97
K05571	18.97
K05576	0.55
K05577	0
K05578	0
K05589	15.12
K05590	1.08
K05591	1.83
K05592	120.9
K05593	5.48
K05594	1.16
K05595	22.02
K05596	7.93
K05597	0.5
K05599	0.5
K05600	0.5
K05601	221.98
K05602	0
K05603	0.75
K05606	5.71
K05655	0.55
K05658	0.55
K05685	1.95
K05687	0
K05708	0.14
K05709	0.14
K05710	0.14
K05711	0.14
K05712	1.06
K05713	0.56
K05714	0.56
K05715	0
K05739	34.98
K05747	0
K05772	41.5
K05773	37.15
K05774	1.85
K05775	1.08
K05776	11.81
K05777	0.85
K05778	0.85
K05779	0.85
K05780	2.84
K05781	2.84
K05782	2.83
K05783	1.17
K05784	1.17
K05785	1.31
K05786	34.81
K05787	1.58
K05788	16.79
K05789	1.16
K05790	1.08
K05791	0
K05792	0.33
K05793	8.11
K05794	29.09
K05795	36.2
K05796	13.38
K05797	0
K05798	1.08
K05799	80.43
K05800	3
K05801	2.75
K05802	2.43
K05803	1.08
K05804	2.63
K05805	5.43
K05807	13.06
K05808	125.15
K05809	1.08
K05810	128.54
K05811	1.58
K05812	1.82
K05813	32.6
K05814	33.78
K05815	34.75
K05816	8.23
K05817	0.14
K05818	0.56
K05819	0.81
K05820	45.49
K05822	17.08
K05823	17.33
K05824	0
K05825	41.6
K05826	0
K05827	0
K05828	0
K05829	0
K05830	0
K05831	0
K05832	100.18
K05833	100.18
K05834	1.58
K05835	1.08
K05836	1.4
K05837	145.63
K05838	1.83
K05839	1.5
K05841	0
K05844	5.51
K05845	6.16
K05846	48.06
K05847	36.45
K05851	3.58
K05873	27.42
K05874	2.16
K05875	1.39
K05876	0.37
K05877	0.14
K05878	46.58
K05879	46.74
K05880	0.85
K05881	0.85
K05882	0
K05884	0.59
K05886	0
K05887	0.66
K05895	49.55
K05896	122.7
K05898	0
K05910	0.5
K05913	0.75
K05916	19.18
K05919	67.56
K05921	2.71
K05922	0
K05927	0
K05929	0.25
K05934	79.02
K05936	79.77
K05937	0.25
K05939	1.08
K05946	108.77
K05952	1.25
K05962	0
K05964	31.58
K05966	22.16
K05967	32.23
K05970	19.01
K05973	0.5
K05979	29.43
K05982	14.9
K05984	1.08
K05985	42.68
K05988	2.31
K05989	49.08
K05991	0
K05992	0.25
K05994	0.25
K05995	2.76
K05997	1.08
K05998	0.5
K05999	0.25
K06001	54.27
K06006	1.08
K06011	11.92
K06012	115.81
K06013	0.83
K06015	3.36
K06016	26.86
K06019	15.25
K06020	0.5
K06023	120.66
K06024	122.7
K06027	0.75
K06033	0
K06039	8.28
K06041	13.36
K06042	80.1
K06044	2.88
K06045	0.58
K06048	1.83
K06049	0
K06073	1.08
K06074	1.08
K06075	23.31
K06076	19.42
K06077	5.76
K06078	1.74
K06079	1.08
K06080	1.08
K06113	64.13
K06118	0.55
K06120	12.55
K06121	12.55
K06122	12.55
K06131	164.11
K06132	1.41
K06133	25.66
K06134	0.75
K06135	0.5
K06136	0.92
K06137	0.92
K06138	0.92
K06139	9.03
K06140	2.58
K06141	1.08
K06142	27.33
K06143	3.02
K06144	1.08
K06145	1.81
K06146	0.37
K06147	1174.38
K06148	57.64
K06149	2.01
K06151	0.92
K06152	0.92
K06153	152.56
K06155	5.28
K06156	1.67
K06157	1.78
K06158	120.09
K06159	1.08
K06160	0.75
K06162	2.84
K06163	2.84
K06164	2.84
K06165	2.84
K06166	2.84
K06167	12.93
K06168	138.37
K06169	1.15
K06173	204.7
K06175	1.08
K06176	1.58
K06177	6.38
K06178	103.28
K06179	64.66
K06180	310.85
K06181	1.83
K06182	81.77
K06183	87.64
K06186	1.83
K06187	135.01
K06188	6.41
K06189	5.41
K06190	1.83
K06191	5.57
K06192	8.51
K06193	18.4
K06194	3.51
K06195	1.83
K06196	86.33
K06197	1.08
K06198	0.64
K06199	42.67
K06200	61
K06201	22.25
K06202	1.83
K06203	1.58
K06204	27.56
K06205	1.08
K06206	113.17
K06207	138.86
K06208	6.68
K06209	73.52
K06211	1.33
K06212	2.08
K06213	139.05
K06214	0.66
K06215	49.9
K06216	0.25
K06217	107.41
K06218	5.48
K06219	1.58
K06221	2.11
K06222	1.58
K06223	98.98
K06257	0
K06281	29.31
K06282	35.11
K06283	111.06
K06284	146.5
K06285	1
K06286	3.49
K06287	126.51
K06289	0.47
K06295	200.59
K06296	114.54
K06297	182.21
K06298	48.81
K06305	0
K06306	22.86
K06307	49.06
K06308	8.78
K06310	56.27
K06311	42.08
K06312	0.72
K06313	0
K06317	83.13
K06320	65.12
K06324	0
K06327	0
K06328	0
K06329	0.25
K06330	17.08
K06331	45.09
K06333	107.99
K06334	131.93
K06335	0
K06337	0.87
K06338	0.45
K06345	0.25
K06346	129.13
K06347	0
K06348	0.1
K06350	0.95
K06351	0.4
K06373	123.73
K06374	123.73
K06377	0.75
K06378	116.39
K06379	116.06
K06381	198.43
K06382	115.81
K06383	84.84
K06384	48.61
K06385	98.63
K06386	0
K06387	105.4
K06390	115.81
K06391	83.93
K06392	110.6
K06393	115.81
K06394	115.81
K06395	83.34
K06396	115.81
K06397	115.81
K06398	115.81
K06399	115.81
K06400	117.51
K06402	82.84
K06403	48.3
K06404	48.3
K06405	136.16
K06406	136.16
K06407	154.85
K06408	14.22
K06409	242.59
K06410	63.67
K06411	63.67
K06412	117.69
K06413	19
K06415	41.2
K06416	57.65
K06419	0
K06421	0.56
K06423	38.08
K06425	45.12
K06426	0
K06434	6.99
K06436	22.37
K06438	115.81
K06439	0.78
K06440	0.4
K06441	3.6
K06442	126.28
K06443	0
K06445	1.58
K06446	1
K06447	2.37
K06518	88.19
K06580	0
K06591	0
K06595	0
K06596	0.5
K06597	0.5
K06598	0.5
K06599	0.5
K06600	0.5
K06601	0
K06602	0
K06603	105.86
K06605	2.19
K06606	1.01
K06608	15.21
K06609	0.38
K06610	8.86
K06714	65.14
K06718	0
K06720	0
K06726	25.14
K06794	0
K06857	37.15
K06858	1.08
K06859	0
K06860	0
K06861	12.35
K06864	96.18
K06866	1.08
K06867	3.51
K06871	207.97
K06872	86.84
K06873	10.78
K06876	0
K06877	7.84
K06878	20.41
K06879	1.83
K06880	28.03
K06881	133.43
K06882	0
K06883	0
K06884	1.72
K06885	10.14
K06886	0.5
K06887	1.86
K06888	52.65
K06889	227.96
K06890	11.27
K06891	19
K06893	2.05
K06894	43.11
K06895	19.61
K06896	18.48
K06897	85.72
K06898	75.32
K06899	1.58
K06900	0.25
K06901	226.5
K06902	29.69
K06903	4.08
K06904	31.3
K06905	4.07
K06906	2.27
K06907	4.32
K06908	4.66
K06909	7.55
K06910	11.76
K06911	52.88
K06912	0
K06915	29.83
K06916	3.25
K06917	28.9
K06918	1.08
K06919	22.74
K06920	48.55
K06921	37.24
K06922	0.2
K06923	88.77
K06925	135.01
K06926	41.03
K06928	21.02
K06929	65.91
K06933	0.31
K06934	22.4
K06936	0.31
K06937	16.4
K06938	2.58
K06940	53.51
K06941	136.17
K06942	135.01
K06945	0
K06946	25.33
K06948	3.49
K06949	139.71
K06950	83.07
K06951	7.18
K06952	24.7
K06953	0
K06954	0.42
K06955	0.5
K06956	15.95
K06957	1.08
K06958	130.96
K06959	126.07
K06960	129.13
K06962	49
K06966	30.52
K06967	121.45
K06968	7.43
K06969	183.89
K06970	3.95
K06971	2.98
K06972	104.99
K06973	86.59
K06974	0
K06975	12.43
K06976	0.25
K06978	1.75
K06979	33.66
K06980	1.83
K06982	0
K06985	1
K06986	0.5
K06987	31.36
K06988	1.44
K06989	4.03
K06990	7.41
K06991	0.75
K06992	1
K06993	0.31
K06994	7.31
K06995	3.4
K06996	7.12
K06997	132.46
K06998	6.21
K06999	7.3
K07000	4.24
K07001	80.21
K07002	1.04
K07003	76.32
K07004	2.21
K07005	91.6
K07006	1.86
K07007	253.67
K07008	3.68
K07009	70.34
K07010	44.45
K07011	84.05
K07012	131.82
K07013	3.09
K07014	1.58
K07015	88.27
K07016	0.22
K07017	2.49
K07018	0.75
K07019	9.01
K07020	0.5
K07023	89.74
K07024	543.76
K07025	224.61
K07026	0.66
K07027	102.38
K07028	0.75
K07029	17.47
K07030	89.26
K07031	1.26
K07032	4.1
K07033	13.85
K07034	5.86
K07035	46.89
K07037	117.75
K07038	81.22
K07039	1.78
K07040	130.7
K07042	130.96
K07043	169.29
K07044	3
K07045	110.56
K07046	0.25
K07047	34.22
K07048	3.05
K07050	8.61
K07051	0
K07052	337.8
K07053	263.06
K07054	1.72
K07056	139.31
K07057	5.21
K07058	115.32
K07059	0
K07062	1.17
K07063	0.01
K07064	0
K07065	0
K07066	0
K07067	46.51
K07068	0.5
K07069	12.98
K07070	1.58
K07071	11.63
K07074	1.12
K07075	4.76
K07076	28.35
K07077	0
K07078	31.82
K07079	154.45
K07080	76.29
K07082	100.72
K07084	18.37
K07085	13.24
K07086	0
K07088	276.99
K07089	86.83
K07090	237.67
K07091	12.49
K07092	0.5
K07093	0.75
K07094	0
K07095	162.29
K07096	7.18
K07097	0
K07098	190.5
K07099	76.52
K07100	0.25
K07101	0.26
K07102	0.75
K07104	2.99
K07105	75.97
K07106	17
K07107	128.43
K07109	1.08
K07110	0.55
K07112	89.4
K07113	22.59
K07114	48.93
K07115	3.2
K07116	1
K07117	0.25
K07118	8.59
K07119	3.04
K07120	9.69
K07121	8.76
K07122	1.83
K07123	0
K07124	60.44
K07125	0
K07126	24.08
K07127	2.42
K07129	15.63
K07130	92.8
K07131	0
K07132	9
K07133	142.56
K07136	0.79
K07137	227.67
K07138	39.65
K07139	169.84
K07140	1.83
K07141	47.11
K07145	2.85
K07146	1.97
K07147	1.83
K07148	10.71
K07149	18.18
K07150	91.78
K07151	6.85
K07152	5.6
K07153	1.58
K07154	21.9
K07156	2
K07157	0.75
K07160	22.22
K07161	0
K07162	0.31
K07164	28.09
K07165	4.01
K07166	81.44
K07167	0
K07168	7.02
K07169	0.25
K07171	137.01
K07172	1.23
K07173	87.14
K07175	22.05
K07177	0.64
K07178	0.5
K07180	43.03
K07181	23.46
K07182	6.02
K07183	143.99
K07184	1.58
K07186	1.08
K07192	98.23
K07213	59.46
K07214	4.08
K07215	0.5
K07216	224.9
K07217	36.32
K07218	0.75
K07219	49.43
K07220	78.67
K07221	3.35
K07222	0.94
K07223	5.46
K07224	0.85
K07225	1.6
K07226	0.75
K07227	0.43
K07228	0
K07229	1.08
K07230	0.25
K07231	0.5
K07232	1.1
K07233	0.92
K07234	1
K07235	1.58
K07236	1.58
K07237	1.58
K07238	187.36
K07239	0
K07240	300.39
K07241	3.1
K07243	10.83
K07245	1.88
K07246	18.06
K07248	0.85
K07250	19.77
K07251	1.08
K07257	26.06
K07258	342.44
K07259	5.38
K07260	123.57
K07261	1.08
K07262	2.33
K07263	20.32
K07264	1.58
K07265	0.79
K07266	0.54
K07267	2.17
K07268	0
K07269	1.08
K07270	0.4
K07271	153.58
K07272	0.45
K07273	21.32
K07274	2.22
K07275	2.58
K07276	0
K07277	13.77
K07278	8.43
K07279	0.43
K07280	0
K07282	134.68
K07283	1.08
K07284	129.02
K07285	1.51
K07286	1.58
K07287	1.58
K07288	0
K07289	14.02
K07290	1.83
K07300	16.67
K07301	102.82
K07302	1.25
K07303	1.25
K07304	47.17
K07305	29.97
K07306	11.95
K07307	15.86
K07308	6.85
K07309	2.52
K07310	1.16
K07311	0.5
K07312	1.14
K07313	4.47
K07314	0.66
K07315	111.92
K07316	47.02
K07317	9.52
K07318	0.5
K07319	0.66
K07320	1.83
K07321	64.87
K07322	50.02
K07323	9.01
K07326	1.75
K07334	5.63
K07335	186.45
K07336	1.6
K07337	1.08
K07338	0.5
K07339	5.35
K07340	1.58
K07341	4.1
K07343	65.16
K07344	0
K07345	8.01
K07346	4.5
K07347	11.45
K07348	1.22
K07349	0.85
K07350	1.31
K07351	0.85
K07354	0.14
K07355	0.14
K07356	0.14
K07357	1.14
K07358	1.27
K07386	23.11
K07387	5.79
K07389	0
K07390	1.83
K07391	140.44
K07393	3.23
K07394	0.75
K07395	0.92
K07396	1.25
K07397	6.05
K07399	34.66
K07400	1.58
K07401	0.92
K07402	112.47
K07403	20.87
K07404	51.12
K07405	5.38
K07406	39.68
K07407	202.65
K07442	7.18
K07443	8.76
K07444	88.03
K07445	0
K07447	135.01
K07448	42.96
K07451	11.99
K07452	6.48
K07454	0.58
K07455	48.64
K07456	133.68
K07457	6.43
K07458	8.89
K07459	3.1
K07460	96.13
K07461	49.03
K07462	135.82
K07464	86.09
K07465	0
K07467	2.27
K07469	17.35
K07470	1.08
K07471	4.14
K07473	55.21
K07474	51.5
K07476	0
K07478	142.81
K07479	1.08
K07480	4.67
K07481	0.6
K07482	3.1
K07483	88.69
K07484	34.59
K07485	37.58
K07486	0.88
K07487	3.6
K07488	7.52
K07490	1.58
K07491	80.97
K07492	0.5
K07493	1.05
K07494	0.23
K07495	0.43
K07496	76.48
K07497	146.14
K07498	0.25
K07499	0.25
K07501	0.25
K07502	47.64
K07503	0
K07504	10.76
K07505	0
K07506	1.17
K07507	131.46
K07516	0.5
K07518	0.25
K07533	189.01
K07535	0.42
K07536	0
K07543	0
K07544	0
K07546	0
K07550	0
K07552	18.15
K07559	8.64
K07560	134.46
K07566	126.76
K07568	139.06
K07570	0.64
K07571	48.55
K07574	113.65
K07576	73.43
K07577	0
K07584	113.18
K07586	4.55
K07588	4.19
K07589	1.35
K07590	77.65
K07592	1.08
K07636	147.46
K07637	1.58
K07638	2.08
K07639	1.58
K07640	1.41
K07641	1.58
K07642	1.08
K07643	1.08
K07644	4.67
K07645	1.58
K07646	53.55
K07647	0.66
K07648	1.41
K07649	1.48
K07650	26.84
K07651	0
K07652	63.78
K07653	0
K07654	0
K07657	12.36
K07658	159.97
K07659	2.41
K07660	1.7
K07661	1.58
K07662	3.5
K07663	1.58
K07664	1.08
K07665	4.19
K07666	1.83
K07667	47.25
K07668	56.09
K07669	0.75
K07670	0
K07673	1.83
K07674	0.66
K07675	1.33
K07676	1.08
K07677	5.18
K07678	2.24
K07679	2.65
K07680	0
K07681	0
K07683	0.5
K07684	1.83
K07685	0.66
K07686	1.08
K07687	3.58
K07688	0.37
K07689	1.08
K07690	2.35
K07693	0.25
K07694	0
K07696	0.5
K07699	155.3
K07700	1.61
K07701	1.08
K07702	1.43
K07703	1.22
K07704	41.04
K07705	52.18
K07706	100.48
K07707	74.14
K07708	1.83
K07709	9.26
K07710	1.79
K07711	0.85
K07712	7.68
K07713	20.23
K07714	7.91
K07715	1.08
K07716	0
K07717	39.38
K07718	559.06
K07719	40.41
K07720	587.23
K07722	8.76
K07723	40.62
K07724	1.2
K07726	12.43
K07727	104.01
K07729	216.83
K07733	1.54
K07734	0.75
K07735	5.38
K07736	81.64
K07738	120.93
K07739	0.06
K07740	1.58
K07741	8.93
K07742	126.88
K07746	0.14
K07749	9.79
K07751	1.08
K07757	1.56
K07768	0
K07770	26.82
K07771	1.33
K07772	1.16
K07773	1.08
K07774	0.98
K07775	18.92
K07776	0.5
K07777	79.07
K07778	0.64
K07781	1.08
K07782	2.58
K07783	4.15
K07784	16.2
K07786	0.43
K07787	5.82
K07788	2.83
K07789	2.83
K07790	0.23
K07791	4.62
K07792	1.62
K07793	19.18
K07794	0.73
K07795	0.73
K07796	1.27
K07797	0.43
K07798	4.69
K07799	9.43
K07800	0
K07803	8.59
K07804	0.23
K07806	1.58
K07807	0
K07810	1.27
K07811	0.66
K07812	0.43
K07813	151.51
K07814	71.36
K07816	200.2
K07821	1.43
K07823	0.5
K07862	3.79
K07979	225.68
K08068	1.45
K08070	0
K08077	0
K08081	0
K08082	0.5
K08083	0.5
K08084	0.75
K08086	0.83
K08087	0.23
K08088	0.23
K08092	1.71
K08093	0.31
K08094	0.6
K08095	0
K08097	0.75
K08100	3.85
K08137	1.08
K08138	3.69
K08139	0.33
K08151	8.09
K08152	0.14
K08153	17.54
K08154	1.08
K08156	3.23
K08159	2.87
K08160	1.38
K08161	10.76
K08162	1.08
K08163	1.08
K08164	1.1
K08166	0.25
K08167	1.92
K08168	5.89
K08169	4.13
K08170	8.67
K08172	1.39
K08173	10.06
K08177	62.56
K08178	0.9
K08191	6.19
K08194	19.12
K08195	4.24
K08196	0.5
K08217	36.04
K08218	9.93
K08219	1.08
K08220	0
K08221	0.75
K08222	1.1
K08223	12.59
K08224	2.52
K08225	1.08
K08226	0
K08227	1.08
K08234	32.08
K08252	3.6
K08253	0
K08255	0
K08256	0
K08259	0
K08260	0
K08261	0.25
K08276	1.83
K08277	0.66
K08279	0.66
K08280	0.2
K08281	15.98
K08282	7.27
K08289	9.56
K08295	0.25
K08296	2.12
K08297	1.6
K08298	2.04
K08299	1.6
K08300	9.01
K08301	120.74
K08302	17.47
K08303	263.9
K08304	9.34
K08305	10.01
K08306	7.93
K08307	13.06
K08308	1.08
K08309	114.68
K08310	2.49
K08311	1.83
K08312	1.58
K08313	0.43
K08314	18.53
K08315	1.08
K08316	51.66
K08317	0.85
K08318	0.66
K08319	0.64
K08320	1.08
K08321	2.92
K08322	45.01
K08323	2.88
K08324	1.08
K08325	8.11
K08326	0.43
K08344	0.65
K08348	1.7
K08349	1.08
K08350	1.08
K08351	1.5
K08352	10.13
K08353	0.37
K08354	0.66
K08355	0
K08356	0
K08357	0.35
K08358	1.96
K08359	0.23
K08363	0.5
K08364	0.5
K08365	0.81
K08368	1.74
K08369	23.21
K08372	0.5
K08384	171.51
K08475	0.94
K08476	0.94
K08478	0.71
K08482	0
K08483	94.15
K08484	1.58
K08485	1.08
K08566	0.23
K08586	0
K08587	11.2
K08589	0
K08591	135.04
K08598	0.23
K08600	85.25
K08602	68.24
K08603	0.62
K08604	0.5
K08605	0
K08641	8.77
K08642	0.75
K08643	0
K08644	5.75
K08646	0
K08652	0.28
K08659	25.14
K08676	2.38
K08677	0.25
K08678	46.29
K08679	29.07
K08680	3.23
K08681	14.41
K08682	1.08
K08685	0
K08686	0
K08687	0
K08688	0
K08691	0
K08692	0
K08693	0
K08698	5.4
K08714	0
K08715	0.25
K08717	5.11
K08720	0.25
K08721	0.5
K08722	40.22
K08723	1.08
K08724	3.1
K08728	0
K08738	5.18
K08744	41.97
K08762	0
K08884	231.96
K08926	0
K08927	0
K08928	0
K08929	0
K08961	4.62
K08963	72.24
K08964	0.92
K08965	0
K08967	0.92
K08969	0.67
K08970	1.66
K08972	8.69
K08973	0.75
K08974	75.22
K08976	0
K08977	0
K08978	38.7
K08981	15.35
K08982	16.76
K08983	0.75
K08984	24.16
K08986	32.6
K08987	1.13
K08988	0
K08989	0.66
K08990	1.08
K08992	5.26
K08993	1.08
K08994	1.33
K08995	1
K08996	0.68
K08997	1.08
K08998	122.19
K08999	10.9
K09000	4.02
K09001	4.83
K09002	0.22
K09003	0
K09004	17.95
K09005	4.48
K09007	7.93
K09009	0
K09011	40.38
K09013	66.49
K09014	38.06
K09015	6.02
K09016	1.14
K09017	8.72
K09018	0.85
K09019	1.1
K09020	0.85
K09021	0.85
K09022	113.44
K09023	0.85
K09024	0.85
K09116	6.62
K09117	92.1
K09118	48.89
K09120	0
K09121	83.77
K09122	1.92
K09123	38.51
K09124	24.75
K09125	8.3
K09126	9.29
K09127	3.08
K09128	12.57
K09129	0.25
K09131	8.24
K09133	19.83
K09134	79.69
K09136	8.68
K09137	11.9
K09138	19.49
K09139	0.75
K09141	6.85
K09143	0
K09144	0
K09145	0.25
K09146	0
K09153	2.78
K09154	0
K09155	55.51
K09157	83.02
K09158	3.83
K09159	1.83
K09160	1.58
K09161	4.68
K09162	0
K09163	3.85
K09164	0
K09165	0.75
K09166	0
K09167	19.74
K09181	15.29
K09190	0
K09251	18.88
K09252	8.8
K09384	1.51
K09386	0
K09388	0
K09456	2.31
K09457	11.64
K09458	140.56
K09459	2.79
K09461	0
K09469	1.03
K09470	0.56
K09471	2.71
K09472	2.81
K09473	0.56
K09474	1.15
K09475	1.31
K09476	1.08
K09477	0.66
K09487	0
K09516	0.34
K09607	0.31
K09612	1.08
K09680	38.01
K09681	0
K09684	27.51
K09685	48
K09688	0.54
K09689	0.54
K09690	39.87
K09691	9.99
K09692	35.67
K09693	41.41
K09694	0.25
K09695	0.25
K09696	41.91
K09697	25.08
K09698	22.96
K09699	0.75
K09700	0
K09701	0.42
K09702	17.58
K09703	3.32
K09704	16.25
K09705	18.35
K09706	1.52
K09707	9.44
K09709	0
K09710	106.33
K09711	0
K09712	1.33
K09722	0
K09726	0
K09729	61.34
K09740	8.53
K09744	0
K09747	129.61
K09748	135.01
K09749	151.17
K09758	28.02
K09759	42.09
K09760	9.12
K09761	135.01
K09762	121.95
K09763	3.6
K09764	89.48
K09765	80.66
K09766	93.6
K09767	24.09
K09768	52.21
K09769	49.38
K09770	101.76
K09771	11.87
K09772	122.7
K09773	50.02
K09774	4.37
K09775	57.77
K09776	55.02
K09777	123.33
K09778	12.07
K09779	131.09
K09780	18.66
K09781	1.58
K09785	0
K09786	43.03
K09787	127.34
K09788	1.27
K09789	6.43
K09790	19.36
K09791	9.01
K09792	0.5
K09793	27.64
K09794	8.11
K09795	0.33
K09796	0.75
K09797	2.68
K09798	26.34
K09799	0.36
K09800	8.72
K09801	1.83
K09802	1.08
K09803	5.58
K09804	0
K09805	36.92
K09806	1.83
K09807	8.07
K09808	20.15
K09809	6.37
K09810	14.52
K09811	179.62
K09812	169.51
K09813	0
K09814	0
K09815	128.33
K09816	107.98
K09817	107.98
K09818	0
K09819	3.6
K09820	3.6
K09822	0
K09823	1.83
K09824	1.6
K09825	127.58
K09826	0
K09835	5.4
K09836	0
K09844	0
K09845	0
K09846	0
K09847	0
K09857	7.01
K09858	9.01
K09859	0
K09860	0
K09861	31.69
K09862	1.83
K09880	0.92
K09882	4.18
K09883	0
K09888	123.9
K09889	9.01
K09890	1.08
K09891	1.08
K09892	7.09
K09893	1.08
K09894	1.08
K09895	1.58
K09896	1.08
K09897	1.08
K09898	1.58
K09899	1.08
K09900	1.08
K09901	1.08
K09902	1.58
K09903	135.01
K09904	1.08
K09906	1.08
K09907	1.08
K09908	1.58
K09909	0.66
K09910	1.08
K09911	1.08
K09912	1.58
K09913	7.45
K09914	5.18
K09915	1.83
K09916	1.58
K09917	1.08
K09918	1.58
K09919	2.75
K09920	1.58
K09921	1.83
K09922	9.48
K09923	1.58
K09924	1.43
K09925	4.55
K09926	0.5
K09927	1.83
K09928	7.1
K09929	1
K09930	5.41
K09931	19.67
K09932	0.92
K09933	1.83
K09934	0.93
K09935	17.61
K09936	150.46
K09937	9.01
K09938	0.5
K09939	2.8
K09940	2.01
K09941	0.25
K09942	0.75
K09943	0
K09944	0
K09945	0.92
K09946	2.97
K09947	0.5
K09948	0.5
K09949	6.47
K09950	1
K09951	97.85
K09952	1.37
K09953	0.23
K09954	1.58
K09955	107.78
K09956	0.5
K09957	5.96
K09958	1.17
K09959	0
K09960	0
K09961	0.42
K09962	1.14
K09963	30.85
K09964	0.51
K09965	0.75
K09966	0
K09967	0
K09968	0.29
K09969	1.26
K09970	0.76
K09971	0.76
K09972	0.76
K09973	12.71
K09974	1.39
K09975	1.6
K09976	3.49
K09977	0.75
K09978	1.58
K09979	1.58
K09980	1.16
K09981	0.25
K09982	1.44
K09983	0.75
K09984	0.92
K09985	0
K09986	0.5
K09987	0
K09988	2.8
K09989	0.75
K09990	0.25
K09991	0
K09992	0.07
K09994	19.73
K09996	1.73
K09997	1.73
K09998	1.08
K09999	1.08
K10000	1.08
K10001	3.83
K10002	2.83
K10003	2.83
K10004	3.08
K10005	0
K10006	0
K10007	0
K10008	0
K10009	3.73
K10010	2.19
K10011	1.59
K10012	4.87
K10013	2.25
K10014	2.75
K10015	2.83
K10016	2.83
K10017	2.83
K10018	0
K10019	0.5
K10020	0
K10021	0.5
K10022	1
K10023	0.5
K10024	0.5
K10025	0.5
K10026	36.16
K10027	14.57
K10036	6.13
K10037	6.27
K10038	22.63
K10039	3.07
K10040	3.16
K10041	1.55
K10094	0
K10107	0.54
K10108	1.08
K10109	1.08
K10110	1.08
K10111	2.5
K10112	144.03
K10117	257.6
K10118	208.31
K10119	208.31
K10120	1.39
K10121	1.39
K10122	1.39
K10124	1
K10125	1.79
K10126	1.79
K10188	32.16
K10189	32.07
K10190	32.07
K10192	2.49
K10193	1.42
K10194	1.42
K10195	0.42
K10200	8.89
K10201	8.89
K10202	9.98
K10206	139.46
K10208	0
K10209	0
K10210	0
K10211	0
K10212	0
K10213	0.93
K10215	0
K10216	0
K10217	0
K10218	0.42
K10219	0
K10220	0
K10221	0
K10227	0.75
K10228	0.75
K10229	0.75
K10231	1
K10232	0
K10233	0
K10234	0
K10236	0
K10237	0
K10238	0.59
K10240	0
K10241	1.18
K10242	1.18
K10253	0.75
K10254	51.63
K10255	0.25
K10277	0
K10353	0
K10380	0
K10439	146.95
K10440	105.11
K10441	170.35
K10530	0
K10531	0.75
K10533	0
K10536	35.77
K10537	1.92
K10538	1.35
K10539	1.6
K10540	80.38
K10541	35.2
K10542	35.43
K10543	1.88
K10544	0.92
K10545	0.92
K10546	42.99
K10547	42.99
K10548	51.1
K10549	0.29
K10550	0.29
K10551	0.29
K10552	0
K10553	0
K10554	0
K10555	0.81
K10556	0.81
K10557	0.81
K10558	0.81
K10559	36.75
K10560	36.75
K10561	36.75
K10562	37
K10563	25.22
K10564	0
K10622	0
K10670	179.5
K10672	53.49
K10673	0
K10674	0
K10678	1.08
K10679	1.08
K10680	2.08
K10681	0.39
K10682	0.25
K10708	0.14
K10709	4.3
K10710	1.73
K10711	2.24
K10713	0
K10714	0
K10716	39.63
K10742	0
K10747	0.75
K10748	1.08
K10762	0.37
K10763	1.83
K10764	0.75
K10771	0
K10773	137.7
K10778	3.05
K10780	0
K10793	22.04
K10794	30.15
K10795	24.51
K10796	16.4
K10797	37.37
K10800	0
K10804	7.38
K10805	1.58
K10806	1.83
K10810	0
K10811	5.75
K10815	0.5
K10816	0.5
K10819	18.91
K10823	149.51
K10824	53.08
K10831	2.36
K10834	0
K10843	0
K10844	6.79
K10850	0
K10851	0
K10857	1.08
K10873	0
K10906	0.6
K10907	150.97
K10908	0
K10909	0.33
K10910	0.33
K10914	2.52
K10915	0
K10916	0
K10917	0
K10918	0
K10924	0
K10926	0
K10927	0
K10938	0
K10939	0.43
K10941	0.5
K10942	0.5
K10943	0.5
K10947	120.65
K10954	0.5
K10960	0
K10972	0.66
K10973	0.66
K10974	5.49
K10975	0.66
K10979	38.83
K10984	1.48
K10985	0.93
K10986	0.93
K11003	0
K11004	0
K11005	0
K11007	0
K11008	0
K11013	0
K11014	0
K11015	0
K11016	0
K11017	0
K11018	0
K11020	0.5
K11021	0
K11023	0
K11024	0
K11025	0
K11026	0
K11027	0
K11029	0
K11031	13.74
K11040	0
K11041	23.29
K11044	0
K11045	0.14
K11046	5.21
K11047	0.14
K11048	0.14
K11049	0.14
K11050	0.89
K11051	0.89
K11052	0.14
K11053	0.14
K11054	0.14
K11055	0.14
K11056	0.14
K11057	5.89
K11059	5.89
K11060	5.89
K11061	0
K11062	5.89
K11063	0
K11065	41.01
K11066	1.83
K11068	74.79
K11069	106.8
K11070	122.36
K11071	113.08
K11072	122.04
K11073	4.58
K11074	2.08
K11075	2.08
K11076	2.08
K11079	0
K11081	0.9
K11082	0.9
K11083	0.9
K11084	0.9
K11085	80.02
K11089	0.23
K11102	18.2
K11103	3.58
K11104	25.6
K11105	15.46
K11106	1.18
K11107	1.08
K11139	0.14
K11144	4.49
K11145	121.45
K11159	0.25
K11175	132.16
K11177	0.64
K11178	0.64
K11179	9.84
K11180	8.93
K11181	8.93
K11183	6.01
K11184	47.76
K11189	240.25
K11192	0.85
K11195	0
K11200	0.15
K11201	1.23
K11202	1.75
K11203	1.23
K11208	0.85
K11209	3.91
K11210	0
K11211	0
K11212	0
K11214	0
K11216	0.81
K11249	1.67
K11250	1.83
K11258	1.08
K11261	46.06
K11263	0
K11264	0.14
K11275	0
K11311	0.5
K11312	0
K11329	0
K11333	0
K11334	0
K11335	0
K11336	0
K11337	0
K11357	0
K11358	79.85
K11381	38.71
K11382	0.94
K11383	0.5
K11384	4.43
K11387	0
K11391	1.08
K11392	8.26
K11442	0
K11443	0
K11444	0.5
K11472	1.18
K11473	16.29
K11474	0.93
K11475	0.5
K11476	0
K11477	0.93
K11521	0
K11527	4.7
K11529	0
K11530	9.95
K11531	0.79
K11532	0
K11533	0
K11534	8.32
K11535	7.37
K11537	4.07
K11593	0
K11601	0
K11602	0
K11603	0
K11604	0.94
K11605	0.94
K11606	1.23
K11607	0.71
K11614	9.47
K11615	15.56
K11616	8.83
K11617	0.39
K11618	0.72
K11621	9.49
K11623	0.31
K11624	0.31
K11625	0.31
K11631	0
K11632	0
K11635	13.54
K11636	13.92
K11645	17.57
K11646	7.18
K11685	1.31
K11688	19.41
K11689	19.76
K11690	65.62
K11691	16.83
K11692	34.16
K11693	5.89
K11694	0
K11695	0
K11703	0
K11704	0.64
K11705	0.78
K11706	0.64
K11707	3.35
K11708	2.85
K11709	2.85
K11710	3.35
K11711	0
K11712	0
K11717	44.08
K11719	2.12
K11720	12.78
K11731	0.75
K11732	1.08
K11733	31.78
K11734	12.15
K11735	1.83
K11736	1.08
K11737	17.02
K11738	1.31
K11739	0.43
K11740	0.87
K11741	8.54
K11742	6.76
K11743	6.76
K11744	1.08
K11745	1.08
K11746	1.08
K11747	1.58
K11748	4.49
K11749	135.01
K11750	1.08
K11751	1.08
K11752	92.98
K11753	135.76
K11754	144.23
K11755	130.57
K11779	0
K11782	8.1
K11783	7.35
K11784	8.1
K11785	7.35
K11787	0
K11788	0
K11811	0.5
K11839	0
K11890	1.46
K11891	5.65
K11892	5.6
K11893	5.35
K11894	1.16
K11895	5.4
K11896	6.15
K11897	1.98
K11898	1.23
K11900	5.26
K11901	4.93
K11902	2.48
K11903	6.58
K11904	10.56
K11905	2.45
K11906	4.27
K11907	4.93
K11909	0.66
K11910	2.45
K11911	1.08
K11912	1.5
K11913	0.5
K11914	0.5
K11915	1
K11917	0.5
K11918	0.5
K11919	0.5
K11921	2.04
K11922	0
K11923	1.08
K11924	2.4
K11925	1.31
K11926	1.08
K11927	26.31
K11928	82.3
K11929	1.08
K11930	0.66
K11931	0.85
K11932	2.34
K11933	1.08
K11934	1.08
K11935	0.85
K11936	1.6
K11937	0.42
K11938	1.08
K11939	5.18
K11940	1.08
K11941	1.08
K11942	0
K11953	0
K11956	0
K11958	0.01
K11959	2.16
K11960	1.86
K11961	1.86
K11962	1.86
K11963	1.86
K11991	135.23
K11996	22.15
K12049	0
K12050	0
K12053	0
K12055	0.5
K12056	0.41
K12057	0.41
K12058	0.41
K12059	0.41
K12060	0.41
K12061	0.41
K12062	0.41
K12063	0.71
K12064	0.41
K12065	0.41
K12066	0.41
K12067	0.41
K12068	0.41
K12069	0
K12070	0
K12071	0
K12072	0.41
K12078	0
K12079	0
K12080	0
K12081	0
K12082	0
K12083	0
K12084	0
K12085	0
K12097	0
K12111	1.52
K12112	0.43
K12113	0.43
K12136	1.08
K12137	1.14
K12138	0.14
K12139	0.14
K12140	10
K12141	10
K12142	0.14
K12143	0.64
K12144	0.14
K12145	0.14
K12146	0.14
K12147	1.08
K12148	1.08
K12149	1.08
K12151	1.08
K12152	1.08
K12203	0
K12204	0
K12206	0
K12209	0
K12213	0
K12214	0
K12234	0
K12238	1.75
K12239	0.75
K12240	0.86
K12241	0.75
K12242	0.75
K12243	0.75
K12246	0.29
K12247	0
K12248	0
K12251	31.5
K12252	0.5
K12254	0.5
K12255	1.17
K12256	1
K12257	74.97
K12262	2.58
K12264	9.5
K12265	1.08
K12266	1.58
K12267	22.73
K12268	0.14
K12269	0.14
K12270	0.14
K12276	0
K12278	0
K12279	0
K12280	0
K12281	0
K12282	0
K12283	0
K12284	0
K12285	0
K12286	0
K12287	0
K12288	1.08
K12289	1.08
K12290	0.78
K12291	0.66
K12292	0.25
K12293	0
K12294	0
K12295	0.25
K12296	0.25
K12297	2.08
K12299	0.85
K12308	49.28
K12339	3.43
K12340	15.53
K12343	3.55
K12349	0.5
K12368	3.58
K12369	1.83
K12370	1.83
K12371	1.83
K12372	1.83
K12373	63.83
K12405	0.5
K12410	119.68
K12428	0
K12437	0.25
K12448	1.67
K12452	9.27
K12453	0.23
K12454	0.46
K12472	0
K12500	1.08
K12503	0
K12506	7.47
K12507	1.56
K12508	0.5
K12509	0
K12510	78.89
K12511	47.41
K12512	0
K12513	0
K12514	0
K12515	0
K12516	0.95
K12517	0.29
K12518	0.29
K12519	0.29
K12520	0.29
K12521	0.29
K12522	0.29
K12523	0.29
K12524	5.13
K12525	1.08
K12527	16.8
K12528	0.43
K12529	0.43
K12531	0
K12536	1
K12537	1
K12538	1
K12541	8.65
K12542	8.42
K12543	8.17
K12545	0.5
K12551	0
K12552	0
K12553	0
K12554	0.53
K12555	0.64
K12556	0.39
K12573	134.26
K12574	136.98
K12581	0
K12582	1.08
K12583	0
K12585	0
K12658	0.75
K12660	1.08
K12661	1.08
K12678	0.65
K12681	0
K12682	0
K12683	0
K12684	0.72
K12685	0.75
K12686	0.5
K12687	0.71
K12688	0
K12689	0
K12690	0
K12700	4.65
K12733	0
K12826	0
K12910	0
K12940	6.92
K12941	1.67
K12942	35.23
K12943	1.58
K12944	1.08
K12945	1.08
K12950	18.34
K12952	52.62
K12954	0
K12957	1.08
K12960	61.55
K12961	1.08
K12962	1.58
K12963	1.58
K12972	1.75
K12973	1.08
K12974	1.08
K12975	1.08
K12976	0.5
K12979	1.9
K12981	0.23
K12982	0
K12983	0.29
K12984	0.42
K12985	0.43
K12987	0.5
K12988	0.67
K12989	0
K12990	1.16
K12991	0
K12992	11.12
K12993	0.5
K12994	0.5
K12995	1.1
K12996	1.03
K12997	0.84
K12998	0
K12999	0.14
K13002	0
K13004	9.97
K13005	0.23
K13006	0.33
K13007	0.5
K13010	24.69
K13012	29.88
K13013	0
K13014	1.58
K13015	39.73
K13016	0
K13017	0
K13018	9.12
K13019	22
K13020	0
K13021	0.65
K13028	0
K13038	96.81
K13040	0.23
K13041	0.23
K13043	3.55
K13049	2.19
K13051	5.18
K13052	28.94
K13053	1.08
K13057	0
K13058	0
K13059	0
K13060	0.5
K13061	1.25
K13063	1
K13069	1.23
K13075	0.02
K13085	0.23
K13238	0
K13243	0.43
K13244	0.14
K13245	0
K13252	2.24
K13255	1.33
K13256	1.08
K13275	0
K13277	0.04
K13280	63.12
K13281	35.11
K13282	36.69
K13283	1.58
K13284	0.23
K13285	0.48
K13286	0.48
K13287	0.48
K13288	1.83
K13292	171.89
K13301	1.08
K13378	6.13
K13381	0.29
K13408	1.83
K13409	1.71
K13421	0
K13450	0.23
K13472	0.25
K13478	0
K13479	30.4
K13480	0.43
K13481	0.75
K13482	0.75
K13483	0.64
K13485	0.25
K13486	1.58
K13487	1.41
K13488	1.08
K13489	1.08
K13490	1.08
K13491	1.08
K13497	8.1
K13498	1.08
K13500	0
K13503	0.55
K13522	0
K13525	8.12
K13527	0
K13529	0
K13530	9.61
K13531	2.85
K13540	0
K13541	4.6
K13542	56.13
K13543	0.25
K13546	0
K13566	0.75
K13570	0
K13571	0
K13572	0.75
K13573	0
K13574	0.85
K13580	0.75
K13581	1.34
K13582	0
K13583	0
K13584	0
K13585	0
K13586	0
K13587	0
K13588	0
K13589	0
K13590	0
K13591	0
K13592	0
K13593	0
K13598	6.18
K13599	6.18
K13607	5.71
K13609	0
K13611	0.25
K13612	0
K13613	0
K13614	0
K13620	0.66
K13622	1.67
K13623	1.67
K13626	109.44
K13628	1.83
K13629	2.08
K13630	1.08
K13631	1.2
K13632	1.08
K13633	0.49
K13634	1.83
K13635	1.1
K13636	1.36
K13637	1.31
K13638	1.67
K13639	1.58
K13640	0.5
K13641	1.08
K13643	1.83
K13650	0.55
K13651	0
K13652	24.17
K13653	191.88
K13654	0.66
K13655	0.06
K13657	0
K13660	0
K13662	0
K13663	0
K13665	0
K13668	0.01
K13670	0
K13671	0
K13677	3.24
K13678	1.51
K13683	0.66
K13684	0.89
K13686	0
K13687	0
K13688	0
K13689	0
K13693	0
K13694	4.63
K13695	1.5
K13701	0
K13714	0
K13727	0.67
K13730	34.15
K13732	0
K13734	0
K13735	1.74
K13740	0.23
K13741	0.48
K13743	0
K13745	0.42
K13747	87.29
K13766	0.75
K13767	0.31
K13770	8.11
K13771	1.65
K13774	0.75
K13775	0.5
K13776	0.5
K13777	0.75
K13778	0.75
K13779	0.75
K13787	0.5
K13788	9.09
K13789	132.68
K13790	0.25
K13794	0.23
K13795	0.23
K13796	0.23
K13810	0
K13815	0
K13816	0
K13818	1.04
K13819	7.18
K13820	30.9
K13821	8.95
K13829	0.22
K13832	0
K13853	0
K13873	0
K13874	0.25
K13875	0
K13876	0
K13877	0
K13886	0
K13888	23.41
K13889	1.33
K13890	1.33
K13891	1.33
K13892	1.33
K13893	6.43
K13894	5.93
K13895	5.93
K13896	5.93
K13918	0.85
K13919	18.47
K13920	18.63
K13921	2.25
K13922	31.39
K13923	0.65
K13924	5.27
K13925	0
K13926	1.6
K13927	0.59
K13928	0.92
K13929	9.28
K13930	1.17
K13931	9.28
K13932	9.28
K13933	1.17
K13934	9.28
K13935	9.03
K13936	0.42
K13938	1.35
K13940	18.35
K13950	0
K13953	3.06
K13954	59.64
K13955	0
K13963	41.11
K13979	1.77
K13990	0.5
K13991	0
K13992	0
K13993	132.47
K13995	0
K14026	0
K14028	0
K14029	0
K14048	0.99
K14051	0.66
K14052	1.06
K14053	0.43
K14054	1.08
K14055	2.08
K14056	0.56
K14057	0.56
K14058	1.83
K14059	1.4
K14060	0.69
K14061	1.08
K14062	1.08
K14063	1.36
K14064	1.08
K14067	0
K14080	31.26
K14083	35.78
K14084	1.4
K14086	44.77
K14087	7.94
K14088	44.77
K14089	7.61
K14090	7.94
K14091	4.19
K14105	36.33
K14136	0
K14138	27.49
K14145	0
K14153	0.5
K14155	174.57
K14159	0
K14160	0.25
K14161	0.75
K14162	0.75
K14166	0
K14170	119.43
K14187	1.22
K14188	9
K14189	0.31
K14194	0
K14205	22.04
K14257	0.5
K14259	0
K14260	6.85
K14261	8.43
K14266	0.25
K14267	0.75
K14287	1.83
K14333	0.42
K14335	0.5
K14337	0.75
K14338	0
K14339	0
K14340	0
K14347	2.33
K14348	1.08
K14358	1.6
K14392	5.76
K14393	8.1
K14414	1.16
K14415	9.38
K14441	133.11
K14445	45.32
K14446	0
K14447	0
K14448	0
K14449	0
K14470	0
K14472	0
K14475	2.75
K14519	1.5
K14534	9.81
K14540	121.45
K14578	0
K14581	0
K14585	0
K14587	0.72
K14588	1.08
K14591	1.08
K14597	0
K14623	24.6
K14645	0.5
K14652	91.65
K14654	0
K14665	0
K14666	0
K14682	1.83
K14683	0
K14698	0
K14699	0
K14727	0
K14742	94.02
K14743	0
K14744	2.05
K14745	0.14
K14750	0
K14761	82.96
K14762	1.08
K14835	0
K14940	0
K14941	0
K14949	0
K14956	0
K14974	0
K14977	1.81
K14978	0.23
K14979	0.48
K14980	0
K14981	0
K14982	2.49
K14983	2.49
K14986	0
K14987	0
K14988	1.6
K14989	1.6
K14998	0
K15011	0.75
K15012	0.75
K15016	0
K15022	4.6
K15023	27.49
K15024	68.37
K15034	4.08
K15051	31.95
K15054	0
K15060	0
K15065	0
K15067	0
K15125	1.93
K15126	0
K15228	0
K15229	0
K15232	0
K15255	0
K15256	3.24
K15257	1.58
K15268	18.66
K15269	0.42
K15270	0
K15311	0.25
K15312	0.25
K15313	0.25
K15328	0
K15329	0.25
K15331	0
K15337	0.25
K15342	98.37
K15344	0.23
K15345	0.23
K15346	0.23
K15347	0.23
K15350	0.23
K15351	0.23
K15352	0.23
K15353	0.23
K15354	0.23
K15357	0
K15366	0.23
K15367	0.23
K15368	0.23
K15371	4.1
K15372	1.86
K15373	0.92
K15383	11.04
K15396	1.58
K15408	0.25
K15460	48.47
K15461	1.83
K15469	0
K15470	0
K15471	0
K15495	1.08
K15497	5.4
K15509	0
K15511	0
K15512	0
K15513	0
K15514	0
K15515	0
K15518	0
K15519	0
K15520	0
K15521	0
K15524	6.04
K15525	0
K15526	0
K15527	0.5
K15531	24.1
K15532	153.08
K15533	39.56
K15534	36.59
K15536	1.08
K15538	1.2
K15539	9.01
K15540	1.1
K15545	1.08
K15546	0
K15547	0.85
K15548	1.08
K15549	0.85
K15550	0.85
K15551	2.43
K15552	2.95
K15553	18.79
K15554	14.56
K15555	52.51
K15576	1.17
K15577	0.42
K15578	0.42
K15579	0
K15580	141.72
K15581	140.64
K15582	124.78
K15583	171.11
K15584	71.06
K15585	54.08
K15586	63.81
K15587	54.23
K15598	9.11
K15599	9.11
K15600	9.11
K15629	6.71
K15632	5.21
K15633	132.02
K15634	217.95
K15635	52.5
K15640	0
K15650	0.5
K15654	0.04
K15667	0
K15669	2.05
K15674	0
K15675	0
K15676	0
K15677	0
K15678	0
K15679	0
K15721	0.29
K15722	1.08
K15723	1.08
K15724	13.54
K15725	4.34
K15726	11.54
K15727	6.54
K15733	0
K15734	0
K15735	1.08
K15736	1.08
K15737	1.31
K15738	91.67
K15739	0
K15746	0
K15765	0
K15770	130.64
K15771	103.59
K15772	103.45
K15773	1.54
K15777	11.7
K15778	9.74
K15780	0.14
K15781	0
K15782	0
K15783	0
K15784	0
K15785	0
K15786	0
K15790	0
K15792	0.29
K15827	1.08
K15828	1.08
K15829	1.08
K15830	1.08
K15831	1.63
K15832	1.08
K15833	1.08
K15834	1.08
K15835	0.14
K15836	1.08
K15852	0.25
K15855	0.01
K15856	0.5
K15857	0
K15860	0
K15861	0
K15862	0
K15864	0.5
K15866	1.61
K15868	0.44
K15873	0
K15876	8.98
K15878	0
K15879	0
K15894	0.33
K15895	0
K15896	0
K15897	0
K15898	14.11
K15899	0
K15907	0
K15910	0
K15912	0
K15913	0
K15914	0
K15915	0.25
K15918	0
K15921	37.53
K15922	0.92
K15923	54.17
K15924	0.97
K15973	3.35
K15974	1.08
K15975	2.85
K15976	5.59
K15977	7.23
K15982	0
K15983	0
K15984	1.58
K15986	89.97
K15987	74.82
K16011	8.43
K16012	2.66
K16013	2.66
K16014	0
K16017	0
K16041	0
K16042	0
K16043	0.59
K16044	0
K16047	0
K16048	0
K16049	0
K16050	0
K16051	0
K16052	45.51
K16053	6.05
K16055	0.44
K16066	4.93
K16074	2.75
K16076	0.66
K16077	1.26
K16078	0.46
K16079	0
K16080	0
K16081	0.5
K16087	2.89
K16088	2.41
K16089	15.99
K16090	2.1
K16091	2.73
K16092	2.69
K16095	0
K16118	0
K16124	0
K16135	0.81
K16136	0.85
K16137	5.42
K16139	25.73
K16140	0.43
K16146	0
K16147	0.75
K16148	0
K16149	1.87
K16150	0.75
K16152	0.5
K16153	1.83
K16163	0
K16164	0
K16165	0.98
K16167	0
K16168	0
K16169	23.7
K16171	0.25
K16180	0
K16181	0
K16182	0
K16188	0.25
K16199	0.25
K16200	0
K16201	0
K16202	0.5
K16203	0.25
K16209	1.07
K16210	1.51
K16211	2.85
K16212	27.55
K16213	63.93
K16214	0.44
K16215	0.25
K16216	0
K16234	1.17
K16235	0.81
K16236	0.5
K16237	0
K16238	2.07
K16242	0
K16243	0
K16244	0
K16245	0
K16246	0
K16248	7.5
K16249	0
K16254	0
K16255	0
K16256	0
K16257	0
K16258	0
K16259	0
K16263	1.33
K16264	6.58
K16267	0
K16291	1.58
K16293	0
K16294	0
K16299	0
K16300	0
K16301	0.85
K16318	0
K16319	0.25
K16320	0.25
K16321	0.43
K16322	2.01
K16323	0.25
K16324	0.57
K16325	0
K16326	0.43
K16328	33.11
K16329	13.75
K16331	0
K16345	6.72
K16346	0.43
K16347	1.08
K16348	1.08
K16363	4.05
K16370	3.46
K16371	4.19
K16422	0
K16423	0
K16435	0.03
K16509	4.13
K16511	93.76
K16514	0.42
K16515	0.42
K16516	0.42
K16563	0
K16619	5.99
K16623	11.55
K16624	5.38
K16625	5.38
K16626	5.38
K16628	0
K16636	0.5
K16637	0.5
K16647	0
K16648	0
K16649	0
K16650	0
K16651	35.29
K16652	0
K16653	0
K16692	1.97
K16693	1.08
K16694	0.23
K16695	0.66
K16698	1.3
K16703	0.66
K16704	1.08
K16705	8.11
K16710	1.47
K16711	0.66
K16712	0
K16713	0
K16783	5.85
K16784	5.85
K16785	269.14
K16786	111.99
K16787	274.29
K16788	23.37
K16789	62.05
K16792	0
K16793	0
K16839	0.42
K16840	0.42
K16841	0.67
K16842	0.42
K16843	0
K16844	0
K16845	1.33
K16846	1.33
K16849	34.44
K16850	34.44
K16856	0.25
K16868	1.22
K16869	2.85
K16870	0
K16871	0
K16872	0.5
K16873	0
K16874	0
K16875	0
K16876	0
K16877	0
K16878	0
K16879	0
K16880	0
K16881	27.47
K16885	7.6
K16886	7.6
K16887	7.6
K16898	166.18
K16899	165.89
K16905	2.78
K16906	2.19
K16907	3.37
K16913	0
K16915	11.11
K16917	0
K16920	0
K16922	1.07
K16923	34
K16924	67.04
K16925	2.77
K16926	8.84
K16927	53.63
K16937	2.38
K16950	55.19
K16951	55.19
K16957	8.34
K16958	44.67
K16959	44.81
K16960	45.07
K16961	41.56
K16962	58.14
K16963	37.37
K16968	0
K16969	0
K17060	0.5
K17061	0.5
K17073	0.72
K17074	3.96
K17076	4.46
K17103	76.59
K17195	1.13
K17202	0.42
K17203	0.42
K17204	0.42
K17205	0.25
K17206	0.25
K17207	0.25
K17208	0
K17209	0
K17210	0
K17213	42.98
K17214	17.25
K17215	25.36
K17216	0.38
K17217	0.31
K17218	6.1
K17222	0
K17223	0
K17224	0
K17225	0
K17226	0
K17227	0
K17228	0.75
K17229	0
K17230	0
K17234	0.66
K17235	0.66
K17236	0.66
K17241	0
K17242	0
K17243	0
K17244	0
K17245	0.59
K17246	0.59
K17247	1.83
K17248	0
K17249	0
K17250	0
K17251	0
K17285	0
K17310	0
K17315	1.08
K17316	1.08
K17317	1.08
K17318	492.19
K17319	420.03
K17320	420.53
K17321	0
K17322	0
K17323	0
K17324	0
K17325	0
K17329	0
K17330	0
K17331	0
K17363	2.23
K17364	0
K17462	0.33
K17463	0.23
K17464	0.52
K17465	0.52
K17466	0.52
K17467	0.52
K17468	0.23
K17472	0
K17473	0.46
K17489	0
K17490	0
K17624	5.89
K17640	0
K17662	0
K17675	20.31
K17680	1.39
K17686	104.73
K17713	1.83
K17716	14.49
K17722	30.57
K17723	31.14
K17733	0.56
K17734	48.3
K17735	0.75
K17736	0.75
K17737	0.92
K17752	0.02
K17754	0
K17759	130.27
K17762	0.02
K17763	0.02
K17810	0.5
K17828	130.16
K17829	1
K17830	0
K17835	0
K17836	64.68
K17837	1.64
K17838	0.75
K17850	0.5
K17865	8.81
K17869	0
K17883	0
K17892	0.33
K17893	0
K17898	16.83
K17899	16.83
K17910	36.33
K17938	1.08
K17947	0.25
K17948	0.66
K17950	0.5
K17989	0
K17992	72.34
K18000	0.5
K18003	0.25
K18005	0
K18006	0
K18007	0
K18008	7.18
K18009	0
K18011	0
K18012	0
K18013	16.83
K18014	34.32
K18015	0.37
K18028	0
K18029	0.5
K18030	0
K18067	0
K18068	0
K18069	0
K18070	0
K18072	0.5
K18073	0.5
K18093	1.5
K18094	0.75
K18095	0.75
K18096	0
K18098	0
K18100	1
K18101	0.75
K18104	0.5
K18118	0.91
K18119	0.66
K18120	8.83
K18121	0
K18122	10.74
K18123	0
K18129	0.75
K18130	0.5
K18131	0.5
K18132	0
K18133	0
K18136	0
K18138	20.21
K18139	15.02
K18140	1.08
K18141	0.85
K18142	1.08
K18143	0.3
K18144	0.3
K18145	0
K18146	0.3
K18148	1.47
K18149	18.22
K18151	0.15
K18153	0
K18195	0.02
K18197	2.47
K18199	0.25
K18205	0
K18206	0
K18209	0
K18210	0.44
K18214	6.2
K18216	0.25
K18217	0.25
K18220	12.01
K18221	1.6
K18230	0
K18231	45.46
K18234	16.46
K18235	0.5
K18236	0
K18242	0
K18243	0
K18248	0.25
K18249	0.25
K18257	0
K18277	0
K18282	0.02
K18284	0
K18285	8.1
K18288	0.48
K18289	0.5
K18290	0.48
K18291	0.5
K18292	0.98
K18294	1.34
K18295	0.5
K18296	0.5
K18297	0.5
K18298	0.5
K18299	0.5
K18300	0.5
K18301	0.62
K18302	4.1
K18303	0.5
K18304	0.5
K18305	0.5
K18306	0.75
K18307	0.75
K18308	0.5
K18320	0.26
K18324	1.08
K18325	0.95
K18326	1.08
K18330	64.8
K18331	109.96
K18332	76.3
K18333	0.25
K18334	0
K18335	0.8
K18336	0.25
K18337	0
K18344	10.24
K18345	18.94
K18346	2
K18348	19.68
K18349	30.52
K18350	29.93
K18351	0
K18352	0
K18353	0
K18364	0
K18365	0
K18366	0
K18369	5.96
K18373	0.75
K18374	0.5
K18376	0
K18379	0.25
K18381	0.5
K18383	0.25
K18384	13.75
K18427	5.4
K18428	5.4
K18429	24.91
K18430	10.67
K18431	25.61
K18445	0
K18446	1.08
K18455	0
K18456	0.5
K18459	0.5
K18471	1.16
K18473	0.5
K18474	0.39
K18475	119.21
K18476	0
K18478	0.66
K18479	0.37
K18480	4.68
K18530	0.14
K18531	0.14
K18540	0.5
K18541	0.25
K18545	0
K18552	0
K18554	0
K18567	1
K18574	0
K18575	0
K18581	43.04
K18586	0
K18587	0
K18588	0
K18590	0.14
K18611	0
K18640	77.23
K18650	0.33
K18652	0.29
K18654	0
K18657	1.08
K18660	0
K18661	0
K18672	118.6
K18673	0.73
K18675	0.6
K18676	0.25
K18677	0
K18678	1.6
K18682	133.18
K18691	11.48
K18692	3.49
K18697	1.08
K18698	0
K18699	0.42
K18700	0
K18701	0
K18702	10.01
K18704	0.84
K18707	122.51
K18765	1.08
K18766	0
K18775	1.66
K18778	1.33
K18783	0
K18785	65.6
K18800	1.58
K18814	0.2
K18815	0
K18816	0.73
K18820	0
K18824	0
K18828	0.76
K18829	0.9
K18830	0.44
K18831	2.5
K18833	0
K18837	1.27
K18838	1.56
K18841	0.14
K18842	0.14
K18843	0.14
K18845	0.25
K18846	0
K18850	2.25
K18851	0
K18856	19.68
K18862	0.94
K18866	16.83
K18887	18.62
K18888	18.62
K18889	1.08
K18890	1.08
K18891	0.25
K18892	0.25
K18893	0.5
K18895	0.52
K18898	0.43
K18899	0.43
K18900	0.67
K18901	0.75
K18902	0.25
K18903	0.25
K18906	0.4
K18907	9.17
K18908	0
K18910	0
K18916	0
K18917	0
K18918	1.53
K18919	1
K18920	0.99
K18921	0.42
K18922	1.28
K18923	2.2
K18924	1.82
K18925	1.82
K18926	12.48
K18928	8.32
K18929	8.07
K18930	6.53
K18933	0
K18934	0
K18935	0
K18936	0
K18939	10.1
K18940	0
K18941	0
K18954	0.92
K18955	0
K18966	0
K18967	0.9
K18968	0.66
K18979	32.64
K18981	0
K18982	0
K18983	0
K18984	0.23
K18986	0.25
K18987	0.25
K18988	1.08
K18991	0.92
K18992	0
K18997	6.26
K19000	1.58
K19002	5.66
K19005	0.89
K19033	0
K19046	1.37
K19047	0.5
K19048	1.24
K19049	2.41
K19050	1.21
K19051	0
K19052	2.41
K19055	106.09
K19056	0.65
K19058	0
K19062	8.47
K19068	8.83
K19070	8.11
K19071	8.11
K19072	16.22
K19075	98.92
K19076	4.02
K19077	0
K19078	0
K19081	0
K19082	0
K19083	0
K19084	0
K19088	97.92
K19090	98.92
K19091	164.53
K19092	27.09
K19097	0
K19110	0.25
K19113	0
K19114	23.25
K19115	23
K19116	23
K19117	8.09
K19118	8.09
K19119	8.09
K19123	1.37
K19124	1.37
K19125	1.37
K19126	1.37
K19127	0.29
K19128	0
K19129	0.29
K19130	0
K19131	0
K19132	0
K19133	0
K19134	0.5
K19137	0.2
K19138	0.22
K19139	0
K19140	0.22
K19141	4.02
K19142	4.02
K19145	0
K19147	5.89
K19148	0.37
K19155	0.14
K19156	0.14
K19157	25.11
K19158	2.93
K19159	5.08
K19160	0.43
K19161	0.29
K19162	1.08
K19163	0.89
K19164	0.89
K19165	2.42
K19166	1.15
K19167	0.25
K19168	1.08
K19169	0
K19170	0
K19171	0
K19172	0
K19173	0.22
K19174	0.22
K19175	0.22
K19180	0.2
K19181	0
K19187	0
K19190	0
K19191	0
K19200	0
K19209	0
K19212	0
K19216	0
K19219	0
K19221	113.84
K19222	2.08
K19223	0
K19224	0
K19225	62.8
K19226	1.08
K19227	1.08
K19228	1.08
K19229	1.08
K19230	1.08
K19231	0.23
K19234	1.08
K19235	1.08
K19236	1.08
K19237	0
K19238	0.66
K19239	0
K19240	0
K19242	3.32
K19244	1.6
K19246	0.5
K19265	75.34
K19267	1.33
K19268	35.52
K19270	2.16
K19271	53.16
K19272	0
K19276	0
K19285	3.35
K19286	9.01
K19290	0.5
K19291	0.5
K19292	0.5
K19293	0.5
K19294	60.52
K19295	0.5
K19296	0.5
K19299	23.75
K19300	0.5
K19302	137.47
K19303	1.08
K19304	1.68
K19309	101.39
K19310	113.09
K19311	0
K19332	0
K19333	1.87
K19334	1.31
K19335	0.79
K19336	0.79
K19337	2.45
K19338	0.85
K19339	0.75
K19340	0.75
K19341	0.75
K19342	0.75
K19344	0.5
K19345	0.5
K19349	0
K19350	9.8
K19353	1.46
K19354	0.66
K19355	1.18
K19405	83.63
K19411	83.63
K19413	0
K19416	1.83
K19419	0
K19422	3.36
K19423	0
K19424	0.44
K19425	0.26
K19426	1.95
K19427	0
K19429	0
K19430	0
K19431	0.21
K19504	1.65
K19505	4.05
K19506	3.5
K19507	6.85
K19508	6.85
K19509	7.27
K19510	4
K19519	0
K19540	0.64
K19545	0.75
K19548	0
K19555	0.23
K19556	0.23
K19572	0.33
K19575	0
K19576	0
K19577	1.85
K19578	0
K19585	0.42
K19586	0.42
K19587	0.42
K19591	0
K19592	0.23
K19593	0.5
K19594	0.73
K19595	0.73
K19597	0.23
K19609	1
K19610	1
K19611	3.15
K19620	0
K19621	0
K19622	0
K19623	0
K19624	0
K19633	0
K19640	0
K19641	0
K19661	0
K19666	0.5
K19667	0
K19668	0
K19670	0.25
K19686	0
K19688	1.08
K19689	63.65
K19696	0.5
K19697	0.65
K19701	8.78
K19707	0
K19709	0.66
K19710	12.78
K19711	0.5
K19713	2.25
K19714	4.93
K19715	0
K19723	0
K19725	0
K19726	0
K19727	0
K19731	0.25
K19736	0
K19741	0
K19743	0.25
K19744	0.5
K19745	1.08
K19746	0.5
K19775	0.85
K19776	1.08
K19777	0.43
K19778	1.08
K19780	0.23
K19784	40.43
K19789	1.45
