KO	GI_12
K00001	8.62
K00002	0
K00003	57.96
K00004	24.27
K00005	37.93
K00007	0
K00008	20.95
K00009	8.16
K00010	29.77
K00011	0
K00012	24.81
K00013	50.35
K00014	67.61
K00015	0
K00016	67.98
K00018	27.97
K00019	0
K00020	19.83
K00021	0
K00023	0
K00024	7.89
K00025	0
K00027	59.43
K00028	0
K00029	7.89
K00030	18.19
K00031	34.47
K00032	0
K00033	18.14
K00034	0
K00036	15.41
K00038	0
K00039	0
K00040	17.21
K00041	13.78
K00042	11.3
K00043	0
K00045	0
K00046	12.67
K00048	12.56
K00050	2
K00052	44.08
K00053	44.08
K00054	0.5
K00055	2
K00057	50.72
K00058	80.98
K00059	98.6
K00060	3.89
K00064	0
K00065	21.89
K00066	0
K00067	42.68
K00068	25.21
K00073	2.89
K00074	41.85
K00075	64.29
K00076	3.74
K00077	41.95
K00078	0
K00082	0
K00086	7.6
K00087	11.34
K00088	59.1
K00090	4.61
K00091	0.67
K00094	2.89
K00096	36.14
K00097	20.39
K00098	1
K00099	54.29
K00100	46.95
K00101	2.89
K00102	2
K00103	0
K00104	49.36
K00105	0
K00108	1.89
K00111	56.34
K00112	4.89
K00113	4.89
K00114	0
K00116	1.89
K00117	2.89
K00118	0
K00121	4.17
K00122	0
K00123	64.89
K00124	17.21
K00125	0
K00126	0
K00127	15.21
K00128	30.21
K00130	6.47
K00131	16.72
K00132	10.47
K00133	60.02
K00134	72.06
K00135	6.23
K00137	2.89
K00138	2.89
K00140	1
K00141	0
K00145	44.75
K00146	1.49
K00147	46.43
K00148	0
K00150	0
K00151	1.49
K00153	0
K00154	0
K00156	4.89
K00158	1
K00161	19.43
K00162	19.43
K00163	3.89
K00164	6.29
K00166	1
K00167	1
K00169	8.82
K00170	8.82
K00171	2
K00172	8.82
K00174	55.14
K00175	56.78
K00176	46.39
K00177	46.41
K00179	37.77
K00180	37.77
K00183	24.14
K00184	49.62
K00185	32.46
K00194	6
K00196	26.01
K00197	6
K00198	55.29
K00200	0
K00201	0
K00202	0
K00208	16.89
K00209	6.25
K00210	1
K00215	67.81
K00216	2.89
K00217	0
K00218	0
K00219	4.29
K00220	0
K00221	0
K00226	4.94
K00227	0
K00228	2.89
K00230	10.92
K00231	1
K00232	0
K00239	19.39
K00240	15.89
K00241	11.89
K00242	2.89
K00243	24.9
K00244	91.02
K00245	4.89
K00246	4.89
K00247	2.89
K00248	48.35
K00249	1
K00252	0
K00253	0
K00254	5.89
K00256	0
K00257	7.9
K00259	4.5
K00260	7.38
K00261	9
K00262	32.08
K00263	0
K00265	11.72
K00266	93.53
K00273	0
K00274	17.86
K00275	4.89
K00276	0.49
K00278	47.55
K00280	0
K00281	6.89
K00282	24.38
K00283	24.38
K00284	6.86
K00285	3.89
K00286	54.98
K00287	29.09
K00288	0
K00290	18.86
K00293	0
K00294	4
K00297	41.53
K00298	7.36
K00299	3.39
K00301	0
K00302	0
K00303	1.95
K00304	0
K00305	0
K00311	1
K00313	18.99
K00316	0
K00317	0
K00318	0
K00322	2.89
K00324	3.89
K00325	3.89
K00330	15.2
K00331	15.2
K00332	10.31
K00333	10.31
K00334	37
K00335	34.64
K00336	40.85
K00337	15.2
K00338	15.2
K00339	15.2
K00340	12.89
K00341	14.2
K00342	15.2
K00343	15.2
K00344	2.89
K00346	2
K00347	2
K00348	2
K00349	2
K00350	2
K00351	2
K00354	4.06
K00355	2.29
K00356	12
K00362	14.62
K00363	2.89
K00364	3.48
K00365	0
K00366	15.29
K00367	0
K00368	1
K00370	5.78
K00371	6.78
K00372	7.03
K00373	6.78
K00374	6.78
K00375	61.35
K00376	0
K00380	3.89
K00381	3.89
K00382	47.19
K00383	4.89
K00384	133.16
K00385	26
K00387	0
K00389	4.61
K00390	6.98
K00392	4.72
K00394	15.58
K00395	15.58
K00404	0
K00405	0
K00406	0
K00407	0
K00411	0
K00412	0
K00413	0
K00425	23.1
K00426	23.1
K00427	2.89
K00428	4.89
K00432	32.53
K00433	18.73
K00435	0
K00436	0
K00437	2
K00441	4
K00446	0
K00448	0
K00449	0
K00450	1
K00451	0
K00452	0
K00453	0
K00455	1.49
K00456	0
K00457	0
K00459	2
K00466	0
K00467	0
K00469	0
K00471	0
K00472	0
K00476	0
K00477	0
K00479	0
K00480	1
K00481	0
K00483	1.49
K00484	1.49
K00486	0
K00491	0
K00493	0
K00496	0
K00499	0
K00500	0
K00505	0
K00507	0
K00508	0
K00510	1.85
K00517	1
K00520	0
K00523	1
K00525	47.91
K00526	22.44
K00527	56.69
K00528	72.16
K00529	0.49
K00531	0.67
K00532	7.86
K00533	3
K00534	0
K00537	40.85
K00543	0
K00547	4.14
K00548	68.58
K00549	9.24
K00554	54.79
K00556	4.89
K00557	3.65
K00558	25.67
K00560	34.64
K00561	0
K00563	16.16
K00564	4.39
K00566	64.15
K00567	51.29
K00568	2.89
K00569	0
K00570	0
K00571	6.46
K00573	12.89
K00574	22.32
K00575	68.93
K00584	0
K00588	0
K00590	0
K00595	4
K00596	0
K00598	10.56
K00600	55.61
K00602	64.82
K00603	3.04
K00604	64
K00605	32.27
K00606	29.85
K00608	0
K00609	54.29
K00610	25.94
K00611	69.28
K00612	0
K00613	10.32
K00615	167.81
K00616	63.38
K00619	6
K00620	38.28
K00621	0
K00625	52.38
K00626	45
K00627	23.66
K00631	2.89
K00632	9.78
K00633	6.48
K00634	25.37
K00635	0
K00638	7.36
K00639	6.91
K00640	61.01
K00641	6
K00643	0
K00645	55.93
K00646	0
K00647	2.89
K00648	68.21
K00651	44.16
K00652	14.45
K00655	84
K00656	98.59
K00657	19.07
K00658	7.29
K00661	39.96
K00662	3.67
K00663	0
K00666	30.57
K00672	0
K00673	2.89
K00674	29.27
K00675	4.89
K00677	10.89
K00680	8.69
K00681	2.89
K00683	1
K00684	13.33
K00685	0
K00686	19.08
K00687	0
K00688	64.96
K00689	0
K00690	14.59
K00691	0.76
K00692	2.86
K00694	3.97
K00696	0
K00697	9.89
K00700	35.64
K00702	17
K00703	43.61
K00705	28.61
K00709	0
K00712	0
K00720	0
K00721	30.48
K00728	0
K00737	0
K00745	0
K00748	7.89
K00752	1.94
K00754	17.35
K00756	33.57
K00757	15
K00758	3.56
K00759	59.82
K00760	74.88
K00761	51.79
K00762	63.79
K00763	55.88
K00764	71.65
K00765	39.85
K00766	27.6
K00767	43.03
K00768	24.43
K00769	4.89
K00772	8
K00773	54.79
K00782	10.89
K00783	53.61
K00784	45.44
K00785	0
K00786	6.6
K00788	51.22
K00789	64.82
K00790	94.71
K00791	56.79
K00793	35.79
K00794	35.79
K00795	2.89
K00796	52.02
K00797	41.1
K00798	8.02
K00799	9.67
K00800	54.29
K00801	1
K00803	1
K00805	37.96
K00806	80.03
K00808	0
K00809	0
K00812	48.42
K00813	2.89
K00817	68.73
K00818	27.54
K00819	0
K00820	54.79
K00821	32.24
K00822	0
K00823	4.57
K00824	6.63
K00826	66.98
K00830	0
K00831	31.16
K00832	3.89
K00833	18.02
K00835	3.89
K00836	0
K00839	0
K00840	2.89
K00841	4.09
K00842	0
K00844	1
K00845	72.53
K00847	37.7
K00848	18.38
K00849	26.95
K00850	94.19
K00851	4.98
K00852	28.69
K00853	16.98
K00854	28.6
K00855	2.89
K00856	2
K00857	26.29
K00858	54.79
K00859	51.79
K00860	19.7
K00862	0
K00863	11.3
K00864	66.79
K00865	48.34
K00867	3.89
K00868	37.44
K00869	0.5
K00870	0
K00872	30.62
K00873	64.21
K00874	44.13
K00876	58.71
K00878	59.65
K00879	5.74
K00880	4.89
K00881	1.4
K00882	40.65
K00883	4.29
K00884	2.89
K00885	2.89
K00886	1
K00887	8.5
K00891	68.45
K00892	2.89
K00895	3
K00897	0
K00899	8.76
K00901	47.79
K00906	2.89
K00912	7.89
K00917	4.49
K00918	0
K00919	52.79
K00924	3.03
K00925	56.14
K00926	49.75
K00927	54.79
K00928	85.39
K00929	38.29
K00930	44.75
K00931	47.48
K00932	2.89
K00936	58.24
K00937	21.84
K00938	0.5
K00939	54.94
K00940	34.91
K00941	65.65
K00942	56.51
K00943	49.27
K00945	55.79
K00946	12.89
K00947	0
K00948	77.18
K00949	43.9
K00950	30.25
K00951	56.79
K00954	54.79
K00955	11.81
K00956	10.47
K00957	21.47
K00958	6
K00962	54.79
K00963	69.82
K00965	26.21
K00966	10.72
K00968	1
K00969	52.88
K00970	14.79
K00971	51.69
K00972	1
K00973	59.47
K00974	54.79
K00975	51.33
K00978	5.85
K00979	9.29
K00980	0.49
K00981	64.28
K00982	3.89
K00983	5.49
K00984	1
K00986	8.18
K00988	0
K00989	27.2
K00990	4.89
K00991	75.61
K00992	0
K00993	0
K00995	63.94
K00996	1
K00997	51.29
K00998	2.89
K01000	55.79
K01002	3.39
K01003	0
K01004	0
K01006	51.81
K01007	30.74
K01008	34.38
K01011	33.73
K01012	71.38
K01023	3.4
K01026	21.71
K01027	0
K01028	0
K01029	2.73
K01031	0
K01032	0
K01034	16.19
K01035	16.19
K01039	0
K01040	0
K01042	31.44
K01046	22.53
K01048	17.55
K01051	13.98
K01053	0
K01055	0
K01056	54.79
K01057	4
K01058	2.89
K01060	13.73
K01061	4.78
K01066	18.53
K01067	0
K01069	2.89
K01070	4.78
K01071	4.69
K01073	0
K01075	0
K01077	15.83
K01078	0
K01079	5.91
K01081	7.51
K01082	15.89
K01083	0
K01085	2.89
K01086	0
K01087	7.89
K01089	3.89
K01090	48.41
K01091	69.94
K01092	8.89
K01093	1.89
K01095	5.89
K01096	2.89
K01101	0
K01104	90.74
K01113	0
K01114	15.54
K01117	0
K01118	19.51
K01119	21.71
K01120	0
K01121	0
K01126	59.66
K01129	62.52
K01130	9.4
K01133	1.67
K01134	1
K01135	1
K01136	0
K01137	0
K01138	6.63
K01139	2.89
K01141	2.89
K01142	50.79
K01144	1.09
K01146	2.89
K01147	4.89
K01150	2.89
K01151	53.79
K01153	72.78
K01154	70.74
K01155	2
K01156	15.03
K01158	0
K01159	31.41
K01160	8.16
K01163	24.93
K01165	0
K01166	0
K01167	0
K01169	3.89
K01173	5.19
K01174	6.89
K01175	2.89
K01176	21.83
K01178	0
K01179	54.68
K01181	18.2
K01182	17.03
K01183	32.55
K01184	0
K01185	13.96
K01186	10.05
K01187	51.97
K01188	0
K01190	52.38
K01191	17.14
K01192	1
K01193	16.47
K01194	5.78
K01195	11.74
K01197	12.25
K01198	11.39
K01200	24.99
K01201	13.94
K01205	6
K01206	21.7
K01207	20.7
K01208	0
K01209	21.64
K01210	0.18
K01212	2
K01215	1.64
K01216	0
K01218	12.16
K01219	0
K01220	0.28
K01222	33.5
K01223	67.09
K01224	17.16
K01226	12.17
K01227	0
K01232	40.09
K01233	1.64
K01235	8
K01236	2
K01239	5.12
K01241	3.89
K01243	40.64
K01246	14.75
K01247	12.89
K01250	3.39
K01251	18
K01252	2.89
K01253	0
K01255	6.4
K01256	3.89
K01258	51.32
K01259	20.72
K01261	0.5
K01262	78.64
K01263	0
K01264	0
K01265	93.41
K01266	0
K01267	24.88
K01269	0
K01270	40.03
K01271	34.57
K01273	34.31
K01274	0
K01277	2
K01278	4
K01281	0
K01283	0
K01284	9.89
K01286	79.64
K01295	2
K01297	27.03
K01299	1.35
K01301	0
K01303	0
K01304	5.38
K01305	21.01
K01308	20.02
K01318	0
K01322	1
K01338	76.72
K01342	4
K01347	0
K01354	2.89
K01355	1.89
K01356	56.84
K01358	59.98
K01361	2.35
K01372	5.68
K01387	11.3
K01390	0
K01392	0
K01399	0
K01400	0.27
K01401	0
K01406	0
K01407	2.89
K01409	54.81
K01414	4.89
K01415	0
K01417	0
K01419	8.89
K01420	43.71
K01421	68.63
K01424	48.07
K01425	17.86
K01426	17.14
K01427	0
K01428	1.94
K01429	0
K01430	2.61
K01432	0
K01433	5.89
K01434	0
K01436	12.98
K01438	3.91
K01439	37.58
K01440	0
K01442	28.15
K01443	54.6
K01444	0
K01446	0
K01447	23.87
K01448	174.13
K01449	79.17
K01451	14.59
K01452	0
K01453	0
K01455	0
K01457	0.15
K01458	0
K01460	2.89
K01461	0
K01462	113.14
K01464	25.96
K01465	57.29
K01466	4.85
K01467	2.56
K01468	6.02
K01469	0
K01470	24.03
K01471	0
K01473	0
K01474	0
K01476	4.78
K01477	0
K01478	40.31
K01479	1
K01480	20.98
K01482	10.32
K01483	2.89
K01484	2.89
K01485	6.68
K01486	40.5
K01487	9.28
K01488	21.37
K01489	43.96
K01491	54.79
K01492	1
K01493	49.9
K01494	19.32
K01495	49.2
K01496	41.44
K01497	2.89
K01499	0
K01501	2
K01502	0
K01505	0
K01507	13.48
K01512	22.5
K01515	55.49
K01518	0
K01520	53.56
K01521	3.89
K01523	26.94
K01524	47.78
K01525	2.89
K01531	21.42
K01533	15.5
K01534	60.48
K01535	0
K01537	92.06
K01545	1
K01546	12.53
K01547	12.53
K01548	12.53
K01551	9.53
K01555	0
K01556	0
K01560	3.47
K01561	1
K01563	0
K01567	43.88
K01568	0
K01569	7.36
K01571	30.02
K01572	26.52
K01573	3
K01574	4.68
K01575	2.14
K01576	0
K01577	1.89
K01578	0
K01579	29.83
K01580	16.66
K01581	5.78
K01582	15.74
K01583	8
K01584	2.89
K01585	10.96
K01586	63.96
K01588	54.29
K01589	3.91
K01590	1.85
K01591	54.79
K01593	0
K01594	0
K01595	4.92
K01596	9
K01597	0.5
K01598	1.5
K01599	48.61
K01601	0
K01602	0
K01607	15.56
K01608	2.89
K01609	29.6
K01610	12.26
K01611	38.79
K01613	30.07
K01615	0
K01616	0
K01617	0
K01619	44.7
K01620	38.63
K01621	5.21
K01622	4
K01623	3.4
K01624	61.63
K01625	45.49
K01626	17.07
K01627	7.89
K01628	39.32
K01629	14.35
K01630	2.89
K01631	4.29
K01633	21.57
K01635	0
K01637	2.89
K01638	6.78
K01639	11.12
K01640	6
K01641	0.5
K01643	10.6
K01644	11.6
K01646	6.6
K01647	34.39
K01649	64.43
K01652	73.62
K01653	56.85
K01654	17.94
K01655	0
K01657	31.49
K01658	25.6
K01659	2.89
K01661	17.88
K01662	62.1
K01664	17.2
K01665	19.18
K01666	1.83
K01667	3.91
K01668	0
K01669	4.89
K01671	2.89
K01673	25.71
K01674	0
K01676	29.42
K01677	46.37
K01678	46.37
K01679	4.39
K01681	59.52
K01682	2.89
K01683	0
K01684	5.2
K01685	16.77
K01686	24.8
K01687	56.48
K01689	61.13
K01690	2.89
K01692	1.49
K01693	46.46
K01695	32.49
K01696	36.52
K01697	0
K01698	42.11
K01699	6
K01703	45.08
K01704	45.08
K01706	2.89
K01707	0
K01708	2.89
K01709	5.85
K01710	72.15
K01711	16.98
K01712	5.02
K01713	0
K01714	84.38
K01715	46.09
K01716	2.89
K01719	4.89
K01720	2.89
K01721	0
K01724	0
K01725	2.49
K01727	1.5
K01728	0.19
K01729	0
K01730	8
K01733	52.16
K01734	34.43
K01735	62.65
K01736	57.79
K01737	43.23
K01738	95.48
K01739	16.2
K01740	78.25
K01744	24.53
K01745	5.02
K01746	0.02
K01749	34.29
K01750	13.96
K01751	19.64
K01752	88.31
K01753	4.89
K01754	36.77
K01755	53.29
K01756	54.79
K01758	0
K01759	51.17
K01760	24.19
K01761	18.08
K01766	2.89
K01768	2
K01770	52.29
K01771	0.19
K01772	14.21
K01775	84.72
K01776	56.43
K01777	3.07
K01778	53.61
K01779	19.2
K01781	0
K01782	2.89
K01783	68
K01784	86.19
K01785	39.95
K01787	15
K01788	17.62
K01790	32.78
K01791	57.6
K01792	4.89
K01795	0
K01796	0
K01799	0
K01800	0
K01801	1
K01802	7
K01803	56.84
K01804	18.9
K01805	15.68
K01807	10.11
K01808	58.92
K01809	43.21
K01810	55.46
K01811	20.29
K01812	24.57
K01813	15.53
K01814	49.35
K01815	18.13
K01816	6.78
K01817	33.69
K01818	6.74
K01819	4.44
K01820	0
K01821	7.55
K01823	9.03
K01825	2.89
K01826	1.49
K01829	0
K01834	19.79
K01835	60.01
K01838	3.32
K01839	32.87
K01840	5.89
K01841	3.77
K01843	29.69
K01844	0.02
K01845	35.75
K01846	4
K01847	6.49
K01848	9.42
K01849	8.02
K01850	0
K01851	0
K01854	21.95
K01856	0
K01857	0
K01858	3
K01866	70.77
K01867	55.79
K01868	66.37
K01869	52.79
K01870	55.79
K01872	68.28
K01873	56.79
K01874	81.91
K01875	62.24
K01876	63.79
K01878	19.39
K01879	19.39
K01880	36.4
K01881	72.15
K01883	59.84
K01884	0
K01885	63.77
K01886	17.45
K01887	54.79
K01889	54.79
K01890	54.79
K01892	59.04
K01893	40.52
K01894	3.89
K01895	33.21
K01896	4
K01897	46.44
K01902	17.31
K01903	15.31
K01905	1.09
K01906	4
K01907	4
K01908	2.89
K01910	6.6
K01911	7.56
K01912	69.09
K01914	38.65
K01915	121.07
K01916	8.91
K01918	29.83
K01919	22.39
K01920	2.89
K01921	75.35
K01922	1.5
K01923	54.29
K01924	53.79
K01925	54.79
K01926	38.4
K01928	56.73
K01929	55.46
K01933	54.29
K01934	54.79
K01935	29.02
K01937	52.79
K01938	49.9
K01939	59.43
K01940	54.29
K01941	0.15
K01945	54.29
K01947	0
K01950	52.15
K01951	69.11
K01952	64.96
K01953	55.48
K01955	86.25
K01956	55.36
K01958	22.05
K01959	0
K01960	4
K01961	56.41
K01962	28.77
K01963	42.27
K01965	0
K01966	4
K01968	0
K01969	0
K01971	24
K01972	57.77
K01974	1.89
K01975	24.25
K01989	36.12
K01990	377.51
K01991	11.38
K01992	364.18
K01993	30.12
K01994	0
K01995	40.71
K01996	40.71
K01997	40.71
K01998	41.9
K01999	59.24
K02000	6.96
K02001	6.96
K02002	6.96
K02003	289.4
K02004	282.24
K02005	50.64
K02006	42.04
K02007	49.4
K02008	49.4
K02009	35.88
K02010	25.45
K02011	25.12
K02012	33.34
K02013	174.64
K02014	31.87
K02015	214.85
K02016	179.77
K02017	37.69
K02018	50.66
K02019	23.15
K02020	55.16
K02021	1.09
K02022	1
K02024	2.89
K02025	115.77
K02026	116.44
K02027	116.05
K02028	105.65
K02029	123.51
K02030	162.52
K02031	59.69
K02032	74.65
K02033	92.65
K02034	92.63
K02035	125.16
K02036	62.15
K02037	61.15
K02038	61.15
K02039	46.11
K02040	69.51
K02041	6.75
K02042	7.61
K02043	1.89
K02044	10.75
K02045	8.71
K02046	8.71
K02047	8.71
K02048	14.24
K02049	128.01
K02050	132.48
K02051	123.43
K02052	6.63
K02053	15.34
K02054	14.67
K02055	16.98
K02056	51.29
K02057	103.97
K02058	12.95
K02062	2.89
K02063	2.89
K02064	2.89
K02065	9.89
K02066	9.89
K02067	7.89
K02068	18.9
K02069	19.88
K02071	63.43
K02072	64.1
K02073	65.99
K02074	0
K02075	0
K02076	4.02
K02077	1.76
K02078	82.38
K02079	1.89
K02080	1.89
K02081	1.89
K02082	10.09
K02083	4.83
K02086	4.5
K02099	13.02
K02100	2.98
K02103	22.92
K02106	5.09
K02107	24.43
K02108	45.79
K02109	49.79
K02110	45.79
K02111	46.79
K02112	45.79
K02113	45.79
K02114	45.79
K02115	45.79
K02116	18.91
K02117	33.93
K02118	34.93
K02119	32.93
K02120	33.93
K02121	33.93
K02122	32.93
K02123	34.93
K02124	33.93
K02160	36.68
K02164	0
K02167	1.89
K02168	3.89
K02169	6.56
K02170	3.56
K02171	17.87
K02172	18.35
K02173	3.72
K02182	3.89
K02188	28.9
K02189	27.9
K02190	28.06
K02191	20.9
K02192	10.6
K02193	15.21
K02194	15.21
K02195	15.21
K02196	2.89
K02197	15.21
K02198	15.21
K02199	2.89
K02200	2.89
K02203	8.82
K02204	0
K02205	0
K02217	33.07
K02221	47.77
K02224	31.05
K02225	0
K02226	30.29
K02227	29.9
K02228	0
K02229	0
K02230	3
K02231	33.79
K02232	29.84
K02233	33.79
K02234	0
K02236	0
K02237	47.79
K02238	99.03
K02240	0.5
K02241	20.93
K02242	20.38
K02243	0.5
K02244	0.5
K02245	0.5
K02246	0.52
K02248	0
K02250	0
K02251	0
K02255	2.89
K02258	0
K02259	0
K02274	0
K02275	0
K02276	0
K02277	0
K02278	5
K02279	15
K02280	0
K02281	0
K02282	15
K02283	35.64
K02291	1
K02297	2.89
K02298	2.89
K02299	2.89
K02300	2.89
K02302	2.89
K02303	1
K02304	38.22
K02305	0
K02313	56.79
K02314	68.65
K02315	83.99
K02316	56.79
K02317	2.89
K02334	54.56
K02335	54.43
K02336	2.89
K02337	57.73
K02338	54.79
K02339	2.89
K02340	54.79
K02341	54.79
K02342	36.62
K02343	54.79
K02344	2.89
K02345	2.89
K02346	66.18
K02347	6
K02348	12.84
K02351	0
K02352	0
K02355	109.02
K02356	57.68
K02357	54.79
K02358	88.04
K02361	4.89
K02362	2.89
K02363	2.89
K02364	2.89
K02371	36.55
K02372	50.29
K02377	17.07
K02379	22.87
K02380	6.89
K02381	2.89
K02383	0
K02385	32.05
K02386	5.38
K02387	38.43
K02388	40.43
K02389	40.43
K02390	44.46
K02391	3.38
K02392	71.48
K02393	5.38
K02394	5.38
K02395	12.4
K02396	49.43
K02397	40.43
K02398	38.43
K02399	3.38
K02400	39.83
K02401	17.91
K02402	2.89
K02403	2.89
K02404	35.05
K02405	38.43
K02406	101.13
K02407	43.43
K02408	38.43
K02409	38.43
K02410	38.43
K02411	38.43
K02412	38.43
K02413	37.94
K02414	34.41
K02415	31.52
K02416	38.43
K02417	38.43
K02418	29.92
K02419	38.43
K02420	38.43
K02421	18.4
K02422	39.45
K02423	2.89
K02424	3.65
K02425	2.89
K02426	8.78
K02427	4.89
K02428	59.46
K02429	9.74
K02430	2.89
K02431	13.74
K02433	50.42
K02434	50.42
K02435	50.42
K02436	2.89
K02437	32.27
K02438	11.47
K02439	2.89
K02440	33.8
K02441	2.89
K02443	38.15
K02444	11.69
K02445	21.38
K02446	15.52
K02448	0
K02450	3.4
K02451	0
K02452	1.4
K02453	7.29
K02454	6.29
K02455	5.29
K02456	7.29
K02457	3.29
K02458	3.29
K02459	3.29
K02460	3.29
K02461	3.29
K02462	1.89
K02463	0
K02464	1.4
K02466	2.89
K02467	2.89
K02468	2.89
K02469	65.86
K02470	65.81
K02471	0.49
K02472	3.89
K02473	0
K02474	10
K02475	11.04
K02476	11.04
K02477	28.85
K02478	24.51
K02479	4
K02480	0
K02481	28
K02482	4
K02483	5.72
K02484	19.8
K02485	2.89
K02486	0
K02487	0
K02488	0
K02490	4
K02492	33.75
K02493	47.17
K02494	2.89
K02495	89.93
K02496	2.89
K02497	0
K02498	2.89
K02499	45.4
K02500	58.54
K02501	47.54
K02502	42.46
K02503	53.79
K02504	2.89
K02505	2.89
K02506	1.49
K02507	3.89
K02508	1.49
K02509	1.49
K02510	1.49
K02511	1.49
K02517	8.89
K02518	54.79
K02519	55.79
K02520	58.51
K02521	2.89
K02523	10.2
K02525	5.37
K02526	18.53
K02527	7.89
K02528	52.79
K02529	220.2
K02530	2.4
K02531	0
K02532	4.97
K02533	4.89
K02535	4.89
K02536	9.72
K02538	1.4
K02548	21.16
K02549	15.88
K02550	1.4
K02551	15.38
K02552	13.38
K02553	2.89
K02554	0.49
K02556	58.72
K02557	73.61
K02558	3.89
K02560	2.89
K02562	2.89
K02563	54.79
K02564	57.41
K02565	2.89
K02566	2.89
K02567	13.21
K02568	13.21
K02569	2.89
K02570	13.21
K02571	0
K02572	2.89
K02573	26.85
K02574	26.85
K02575	10.87
K02584	5
K02585	19.36
K02586	33.49
K02587	14.08
K02588	45.86
K02589	15.42
K02590	15.42
K02591	34.54
K02592	3.14
K02593	0
K02594	26.64
K02595	0
K02596	0
K02597	0
K02598	24.93
K02600	54.79
K02601	66.47
K02609	0.49
K02610	0.49
K02611	0.49
K02612	0.49
K02613	0.49
K02614	22.95
K02615	0.49
K02616	0.49
K02617	0.49
K02618	0.49
K02619	15.18
K02621	30.27
K02622	32.27
K02623	0
K02624	0
K02625	0
K02626	0
K02635	0
K02636	0
K02647	23.69
K02650	40.8
K02651	6
K02652	50.42
K02653	51.92
K02654	51.88
K02655	0
K02656	0
K02657	0
K02658	0
K02659	0
K02660	0
K02661	0
K02662	20.4
K02663	30.28
K02664	8.4
K02665	0
K02666	2
K02667	0
K02668	0
K02669	48.61
K02670	0
K02671	0
K02672	0
K02673	0
K02674	0
K02676	0
K02679	2.89
K02680	2.89
K02681	2.89
K02682	2.89
K02686	2.89
K02687	48.67
K02688	3.89
K02742	1.89
K02744	12.71
K02745	9.04
K02746	9.04
K02747	9.04
K02750	19.27
K02753	3.53
K02755	0
K02756	0
K02757	45.48
K02759	52.57
K02760	47.69
K02761	48.64
K02763	16.99
K02765	19.83
K02768	4.34
K02769	1.4
K02770	26.34
K02771	0
K02773	18.13
K02774	18.13
K02775	22.95
K02777	50.01
K02778	0
K02779	30.13
K02781	14.65
K02782	2.09
K02783	29.3
K02784	2.89
K02786	0.28
K02788	0.28
K02791	23.28
K02793	26.65
K02794	42.83
K02795	31.55
K02796	38.93
K02798	6.98
K02800	9.87
K02802	0
K02803	0
K02804	20.21
K02805	11.43
K02806	8.65
K02808	0
K02810	29.02
K02812	1.89
K02813	1.89
K02814	2.56
K02815	2.07
K02819	13.22
K02821	31.56
K02822	27.63
K02823	49.4
K02824	51.84
K02825	47.76
K02826	0
K02827	0
K02828	0
K02829	0
K02834	54.79
K02835	52.79
K02836	52.79
K02837	37.97
K02838	54.79
K02839	3.98
K02840	1
K02841	2.89
K02843	6.89
K02844	4.89
K02846	2.89
K02847	2.89
K02848	2.89
K02849	4.89
K02850	2.89
K02851	31.76
K02852	2.89
K02853	2.89
K02854	2.89
K02855	2.89
K02856	3.89
K02858	12.25
K02859	0
K02860	53.79
K02862	0
K02863	54.79
K02864	54.79
K02867	54.79
K02871	54.79
K02874	54.79
K02876	54.79
K02878	54.79
K02879	54.79
K02881	54.79
K02884	54.79
K02886	54.79
K02887	54.79
K02888	52.79
K02890	54.79
K02892	54.79
K02895	54.79
K02897	63.92
K02899	52.79
K02902	54.79
K02904	53.79
K02906	54.79
K02907	53.29
K02909	56.18
K02911	54.79
K02913	52.85
K02914	51.89
K02916	54.79
K02919	51.95
K02926	54.79
K02927	0
K02931	54.79
K02933	54.79
K02935	54.79
K02939	54.79
K02945	48.62
K02946	54.79
K02948	54.79
K02950	54.79
K02952	54.79
K02954	54.79
K02956	54.79
K02959	54.79
K02961	54.79
K02963	54.79
K02965	54.79
K02967	56.79
K02968	54.79
K02970	44.93
K02972	2.89
K02982	54.79
K02986	69.61
K02988	54.79
K02990	54.79
K02992	54.79
K02994	54.79
K02996	54.79
K03040	54.79
K03043	55.79
K03046	54.79
K03048	0.5
K03060	52.29
K03070	54.79
K03071	3.71
K03072	38.7
K03073	54.79
K03074	38.7
K03075	54.79
K03076	55.79
K03077	15.43
K03078	2.89
K03079	8.96
K03086	61.04
K03087	3.98
K03088	253.72
K03089	4.89
K03090	8.2
K03091	183.13
K03092	34.79
K03093	14.95
K03095	0
K03098	3.89
K03100	108.74
K03101	55.29
K03106	54.79
K03110	54.79
K03111	100.03
K03112	2.89
K03113	3.89
K03116	41.43
K03117	17.06
K03118	29.1
K03119	1.89
K03146	2
K03147	57.7
K03148	13.6
K03149	25.19
K03150	55.72
K03151	34.34
K03152	47.22
K03153	1
K03154	27.08
K03168	53.79
K03169	57.24
K03177	54.79
K03179	9.98
K03181	2.89
K03182	12.83
K03183	34.88
K03184	2.89
K03185	2.89
K03186	14.34
K03187	0
K03188	0
K03189	0
K03190	0
K03191	0
K03192	0
K03194	1
K03195	1
K03196	0
K03197	0
K03198	0
K03199	1
K03200	1
K03201	1
K03202	0
K03203	1
K03204	1
K03205	15.25
K03207	2.89
K03208	2.89
K03210	45.82
K03212	2.89
K03214	2.89
K03215	65.11
K03216	51.79
K03217	54.79
K03218	54.29
K03219	2.49
K03220	1
K03221	2.49
K03222	2.49
K03223	0
K03224	2.49
K03225	2.98
K03226	2.49
K03227	2.49
K03228	2.49
K03229	2.98
K03230	2.49
K03269	4.89
K03270	6.89
K03271	7.07
K03272	3.89
K03273	7.32
K03274	5.89
K03275	2.89
K03276	3.29
K03278	1.49
K03279	2.89
K03280	1.49
K03281	12.78
K03282	49.74
K03284	74.63
K03285	0
K03286	4.89
K03287	0
K03288	1
K03289	3.89
K03290	3.89
K03291	3.87
K03292	29.02
K03293	9.12
K03294	44.89
K03296	41.26
K03297	5.86
K03298	2.02
K03299	27.24
K03300	2.02
K03301	1
K03303	36.77
K03304	2.89
K03305	26.69
K03306	55.01
K03307	62.86
K03308	86.21
K03309	0
K03310	118.64
K03311	62.09
K03312	21.21
K03313	19.05
K03314	2.89
K03315	9.67
K03316	27.9
K03317	15.18
K03319	8.17
K03320	46.85
K03321	26.82
K03322	16.12
K03324	48.77
K03325	17.65
K03326	3.38
K03327	12.78
K03328	4.67
K03329	2.89
K03332	7.59
K03333	0
K03335	11.82
K03336	11.87
K03337	11.87
K03338	10.82
K03339	0
K03340	12.09
K03342	0
K03343	0
K03346	0.5
K03365	0
K03366	0
K03367	16.18
K03379	0
K03380	0
K03381	0
K03382	0
K03385	21.23
K03386	36.16
K03387	7.53
K03388	20
K03389	16
K03390	14
K03391	0
K03392	0
K03394	27.9
K03395	0
K03396	0
K03399	20.9
K03402	55.14
K03403	0
K03404	0
K03405	0
K03406	344.48
K03407	69.9
K03408	119.61
K03409	34.62
K03410	34.1
K03411	37.05
K03412	62.65
K03413	107.61
K03414	4.89
K03415	24.33
K03416	1
K03417	2.89
K03418	0
K03424	73.2
K03425	2.89
K03426	30.62
K03427	67.65
K03428	0
K03429	38.14
K03430	6.71
K03431	51.79
K03432	1
K03433	1
K03435	2.89
K03436	17.31
K03437	38.4
K03438	55.81
K03439	36.47
K03442	39.17
K03444	1
K03445	2.89
K03446	6.18
K03449	14.47
K03451	2.49
K03453	8.94
K03455	8.89
K03457	5.75
K03458	41.06
K03459	0.49
K03462	4.92
K03464	0
K03465	28.22
K03466	60.91
K03468	2.89
K03469	57.12
K03470	54.79
K03471	1.5
K03472	2.89
K03473	3.89
K03474	6.89
K03475	30.27
K03476	9.46
K03477	2.89
K03478	8.53
K03480	33.6
K03481	11.15
K03482	0.98
K03483	5.09
K03484	24.56
K03485	2.89
K03486	8.37
K03487	9.89
K03488	32.85
K03489	4.08
K03490	2.89
K03491	6.06
K03492	3.76
K03493	0
K03495	44.29
K03496	83.79
K03497	105.28
K03498	66.33
K03499	79.56
K03500	52.79
K03501	53.79
K03502	22.78
K03503	6.38
K03516	2.89
K03517	42.7
K03518	31.04
K03519	0.04
K03520	0
K03521	88.31
K03522	94.03
K03523	65.24
K03524	54.88
K03525	50.58
K03526	54.29
K03527	54.31
K03528	2.89
K03529	46.9
K03530	52.29
K03531	56.79
K03532	2.89
K03533	9.71
K03534	11.17
K03535	3.89
K03536	47.97
K03537	0
K03543	8.18
K03544	55.29
K03545	63.61
K03546	33.29
K03547	32.29
K03548	2.89
K03549	11.33
K03550	54.79
K03551	54.79
K03553	54.79
K03554	2.89
K03555	43.29
K03556	10.13
K03557	2.89
K03558	5.89
K03559	9.89
K03560	5.89
K03561	12.89
K03562	4.89
K03563	39.03
K03564	19.17
K03565	47.29
K03566	2.89
K03567	2.89
K03568	34.45
K03569	89.36
K03570	51.79
K03571	46.61
K03572	43.29
K03573	2.98
K03574	59.36
K03575	21
K03576	2.89
K03577	2.89
K03578	4.89
K03579	4.89
K03580	2.89
K03581	35.57
K03582	3.89
K03583	3.89
K03584	54.79
K03585	22.18
K03586	2.89
K03587	20.39
K03588	58.79
K03589	54.79
K03590	34.27
K03591	2.89
K03592	31.69
K03593	6.89
K03594	12.65
K03595	53.79
K03596	54.79
K03597	2.89
K03598	2.89
K03599	2.89
K03600	2.89
K03601	54.79
K03602	61.61
K03603	2.89
K03604	3.98
K03605	26.93
K03606	4.89
K03607	2.89
K03608	37.43
K03609	35.79
K03610	41.79
K03611	5.29
K03612	30
K03613	29
K03614	29
K03615	30
K03616	4.74
K03617	29
K03618	3.89
K03619	3.89
K03620	14.21
K03621	59.29
K03623	6.62
K03624	77.81
K03625	54.79
K03628	53.29
K03629	52.79
K03630	50.03
K03631	54.79
K03632	2.89
K03633	2.89
K03634	4.89
K03635	3.89
K03636	2.89
K03637	33.39
K03638	2.89
K03639	35.57
K03640	4.89
K03641	4.89
K03642	7.98
K03643	2.89
K03644	19.96
K03645	2.89
K03646	16.39
K03647	3.39
K03648	24.12
K03649	3.89
K03650	43.29
K03651	2.89
K03652	20.9
K03653	0
K03654	53.5
K03655	71.79
K03656	2.89
K03657	166.61
K03658	2.89
K03660	29.9
K03664	54.79
K03665	54.79
K03666	36.79
K03667	8.89
K03668	2.89
K03669	4.89
K03670	4.89
K03671	108.82
K03672	6.89
K03673	5.29
K03674	2.89
K03675	2.89
K03676	2.91
K03680	0
K03683	2.89
K03684	17.48
K03685	54.79
K03686	74.79
K03687	55.88
K03688	33.71
K03690	2.89
K03693	0
K03694	12.47
K03695	51.77
K03696	51.4
K03697	8
K03698	35.5
K03699	44.73
K03700	1.77
K03701	80.29
K03702	54.79
K03703	64.55
K03704	83.58
K03705	48.72
K03706	26.9
K03707	8.52
K03708	33.88
K03709	2.5
K03710	43
K03711	72.84
K03712	2.89
K03713	0
K03715	0
K03716	42.13
K03717	2.89
K03718	28.77
K03719	28.78
K03720	2.89
K03721	12.25
K03722	28.14
K03723	55.79
K03724	1.67
K03727	1
K03731	0
K03732	2.89
K03733	13.39
K03734	63.9
K03735	9.09
K03736	9.09
K03737	86.92
K03738	36.15
K03739	7.8
K03740	7.8
K03741	22.47
K03742	35.64
K03743	11.1
K03744	39.46
K03745	2.89
K03746	4.38
K03747	2.89
K03748	3.89
K03749	2.89
K03750	38.35
K03752	18.25
K03753	16.25
K03755	3.87
K03756	2.89
K03757	2.89
K03758	34.59
K03759	2.89
K03760	2.89
K03761	4.89
K03762	21.03
K03763	39.51
K03764	2.89
K03765	2.89
K03767	3.89
K03768	55
K03769	26.73
K03770	8.89
K03771	9.89
K03772	3.89
K03773	10.89
K03774	2.89
K03775	4.89
K03776	3.89
K03777	4.89
K03778	31.01
K03779	2.89
K03780	2.89
K03781	8.56
K03782	4.98
K03783	35.8
K03784	19.79
K03785	12.11
K03786	41.13
K03787	25.91
K03788	2.89
K03789	48.65
K03790	62.7
K03791	2.64
K03793	0
K03794	0
K03795	1
K03796	2.89
K03797	67.61
K03798	106.83
K03799	11.91
K03800	30.22
K03801	16.96
K03802	23.14
K03803	16.17
K03804	2.89
K03805	3.89
K03806	2.89
K03807	2.89
K03808	5.78
K03809	7.11
K03810	3.89
K03811	9.14
K03812	2.89
K03813	6.62
K03814	4.89
K03815	2.89
K03816	53.11
K03817	4.89
K03818	3.89
K03819	2.89
K03820	6.89
K03821	0
K03823	27.16
K03824	3.89
K03825	14.1
K03826	20.29
K03827	11.75
K03828	5.29
K03829	0
K03830	11.34
K03831	2.89
K03832	12.29
K03833	30.44
K03834	2.89
K03835	2.89
K03836	1.89
K03837	2.89
K03838	2.89
K03839	5.89
K03840	2.89
K03841	4.89
K03851	0
K03852	0
K03855	3.89
K03856	58.26
K03862	0
K03863	0
K03885	12.89
K03889	0
K03890	0
K03891	0
K03892	81.36
K03893	2.16
K03894	1.89
K03895	1.4
K03896	1.4
K03897	1.89
K03918	0
K03919	2.89
K03921	0
K03923	3.56
K03924	53.94
K03925	52.75
K03926	4.89
K03928	2
K03929	9.09
K03930	0
K03931	9.89
K03932	0
K03933	0
K03969	20.47
K03970	4.89
K03971	2.89
K03972	3.89
K03973	7.85
K03974	4.89
K03975	30.95
K03976	26.29
K03977	54.79
K03978	52.79
K03979	52.79
K03980	54.25
K03981	2.89
K04013	2.89
K04014	2.89
K04015	2.89
K04016	2.89
K04017	1.89
K04018	2.89
K04019	6
K04020	2.89
K04021	2.89
K04022	2.89
K04023	12.2
K04024	22.09
K04025	2.89
K04026	4.76
K04027	13.23
K04028	23.98
K04029	20.87
K04030	15.21
K04031	20.87
K04032	4.76
K04033	2.89
K04034	1.85
K04035	0
K04037	0
K04038	0
K04039	0
K04040	0
K04041	34.17
K04042	52.19
K04043	57.75
K04044	2.89
K04045	3.63
K04046	3.89
K04047	6.41
K04049	0
K04051	0
K04052	0
K04053	0
K04054	0
K04056	0
K04057	0
K04058	1
K04059	0
K04060	0
K04061	30.15
K04062	2.89
K04063	2.89
K04064	2.89
K04065	4.89
K04066	54.79
K04067	2.89
K04068	59.86
K04069	125.63
K04070	47.38
K04072	37.83
K04073	0.49
K04074	44.58
K04075	54.79
K04076	22.76
K04077	63.79
K04078	63.79
K04079	40.62
K04080	3.89
K04081	2.89
K04082	2.89
K04083	35.29
K04084	7.89
K04085	2.89
K04086	0
K04087	4.89
K04088	4.89
K04090	0
K04091	1.89
K04092	1
K04093	1
K04094	25
K04095	5.89
K04096	57.79
K04098	0
K04099	0
K04100	0
K04101	0
K04102	0
K04103	2.76
K04109	0
K04110	0
K04127	0
K04128	0
K04333	2.89
K04334	2.89
K04335	2.89
K04336	2.89
K04337	2.89
K04338	2.89
K04343	0
K04477	27.12
K04478	0
K04480	0
K04485	42.79
K04486	68.6
K04487	93.59
K04488	59.09
K04516	3.85
K04517	40.19
K04518	14.6
K04561	1
K04562	37.05
K04564	56.92
K04565	4.67
K04566	0
K04567	59.32
K04568	2.89
K04618	0
K04651	43.19
K04652	40.52
K04653	35.47
K04654	32.58
K04655	41.56
K04656	29.73
K04691	2.89
K04708	0
K04719	0
K04720	26.75
K04744	5.89
K04748	0
K04749	29.91
K04750	5.38
K04751	38.01
K04752	2.89
K04753	2.89
K04754	4.89
K04755	2.89
K04756	0
K04757	29.67
K04758	148.02
K04759	121.49
K04760	2.89
K04761	4.89
K04762	5.89
K04763	108.69
K04764	5.89
K04765	5.89
K04766	4
K04767	18.85
K04768	0
K04769	34.9
K04770	2.89
K04771	53.93
K04772	2.89
K04773	26.15
K04774	2.89
K04775	2.89
K04780	0
K04781	2.08
K04782	0.67
K04783	2.08
K04784	2.08
K04785	1.89
K04786	1.89
K04794	0
K04805	0
K04835	4
K04844	1.89
K04940	0.5
K04962	1
K05020	7.36
K05245	2.89
K05275	0
K05281	0
K05286	0
K05296	0
K05297	0
K05299	8
K05301	0
K05303	0.09
K05304	2
K05306	2.94
K05311	21.9
K05337	45.49
K05338	0
K05339	0
K05340	2.4
K05341	0
K05342	1.85
K05343	4
K05346	9.36
K05349	61.68
K05350	2.64
K05351	0
K05352	3.5
K05358	0
K05362	0
K05363	0
K05364	19.59
K05365	2.89
K05366	55.61
K05367	4.89
K05368	2.89
K05372	1.89
K05373	1.89
K05374	1.89
K05375	0
K05396	2.91
K05499	10.89
K05501	2.89
K05515	69.16
K05516	25.39
K05517	2.89
K05520	11.98
K05521	2
K05522	3.89
K05523	1.89
K05524	0
K05526	2.89
K05527	2.89
K05539	2.89
K05540	6
K05541	3.89
K05548	0
K05549	0
K05550	0
K05559	0
K05560	0
K05561	0
K05562	0
K05563	0
K05564	0
K05565	0
K05566	2.04
K05567	2.02
K05568	10.02
K05569	2.02
K05570	2.02
K05571	2.02
K05576	2.31
K05577	0
K05578	0
K05589	6.74
K05590	2.89
K05591	2.89
K05592	34.95
K05593	0.52
K05594	2.89
K05595	10.89
K05596	4.89
K05597	0
K05599	0
K05600	0
K05601	80.32
K05602	1
K05603	0
K05606	8.11
K05655	0.67
K05658	0.67
K05685	2.89
K05687	0
K05708	0.49
K05709	0.49
K05710	1.49
K05711	0.49
K05712	0.49
K05713	0.49
K05714	0.49
K05715	0
K05739	1.64
K05747	0
K05772	8.69
K05773	8.69
K05774	1.89
K05775	2.89
K05776	5.89
K05777	1.89
K05778	1.89
K05779	1.89
K05780	2.56
K05781	2.56
K05782	2.89
K05783	0
K05784	0
K05785	3.89
K05786	7.08
K05787	2.89
K05788	4.89
K05789	2.89
K05790	2.89
K05791	0
K05792	0.28
K05793	2.49
K05794	15.5
K05795	1.15
K05796	16.66
K05797	0
K05798	2.89
K05799	39.12
K05800	2.89
K05801	3.89
K05802	4.78
K05803	2.89
K05804	4.29
K05805	2.89
K05807	7.89
K05808	51.79
K05809	2.89
K05810	54.29
K05811	2.89
K05812	6.66
K05813	11.43
K05814	11.58
K05815	12.25
K05816	5.5
K05817	0.49
K05818	0.49
K05819	0.49
K05820	11.98
K05822	3.52
K05823	0
K05824	0
K05825	22.92
K05826	0
K05827	0
K05828	0
K05829	0
K05830	0
K05831	0
K05832	29.98
K05833	33.98
K05834	2.89
K05835	2.89
K05836	1
K05837	66.09
K05838	3.89
K05839	2.89
K05841	1.64
K05844	4.89
K05845	8.79
K05846	40.96
K05847	30.76
K05851	4.89
K05873	21.88
K05874	2.89
K05875	3.89
K05876	1.49
K05877	0.49
K05878	13.38
K05879	13.38
K05880	1.89
K05881	1.89
K05882	0
K05884	0
K05886	0
K05887	2.89
K05895	31.9
K05896	46.9
K05898	0
K05910	0
K05913	0
K05916	11.45
K05919	35.46
K05921	1.49
K05922	0
K05927	0
K05929	0
K05934	27.9
K05936	28.9
K05937	0
K05939	3.89
K05946	35.81
K05952	0
K05962	0
K05964	8.32
K05966	4.6
K05967	14.29
K05970	12
K05973	0
K05979	25.88
K05982	9.35
K05984	2.89
K05985	20.4
K05988	2.34
K05989	13
K05991	0
K05992	0
K05994	0
K05995	3.89
K05997	2.89
K05998	0
K05999	0
K06001	18.09
K06006	2.89
K06011	8.45
K06012	34.9
K06013	0
K06015	8.96
K06016	18.6
K06019	20.17
K06020	0
K06023	32.4
K06024	46.9
K06027	0
K06033	0
K06039	2.89
K06041	9.29
K06042	28.9
K06044	4
K06045	1
K06048	2.89
K06049	0
K06073	2.89
K06074	2.89
K06075	2.89
K06076	5.89
K06077	3.89
K06078	5.78
K06079	2.89
K06080	2.89
K06113	11.09
K06118	1.67
K06120	2.94
K06121	2.94
K06122	3.94
K06131	47.02
K06132	2.89
K06133	13.62
K06134	0
K06135	0
K06136	0
K06137	0
K06138	0
K06139	2
K06140	2.89
K06141	2.89
K06142	12.89
K06143	4.89
K06144	2.89
K06145	3.89
K06146	1
K06147	390.58
K06148	27.93
K06149	4.78
K06151	0
K06152	0
K06153	68.57
K06155	4.32
K06156	2.89
K06157	2.43
K06158	48.89
K06159	2.89
K06160	0
K06162	2.56
K06163	2.56
K06164	2.56
K06165	2.56
K06166	2.56
K06167	7.41
K06168	56.29
K06169	1
K06173	67.69
K06175	2.89
K06176	2.89
K06177	4.89
K06178	53.79
K06179	25.77
K06180	95.19
K06181	3.89
K06182	19.64
K06183	43.15
K06186	2.89
K06187	54.79
K06188	2.89
K06189	4.89
K06190	2.89
K06191	2.89
K06192	4.89
K06193	9.46
K06194	2.89
K06195	3.89
K06196	43.01
K06197	2.89
K06198	0
K06199	39.51
K06200	24.03
K06201	13.09
K06202	2.89
K06203	2.89
K06204	11.89
K06205	2.89
K06206	41.55
K06207	52.29
K06208	12.41
K06209	20.9
K06211	2.89
K06212	2.89
K06213	27.28
K06214	2.89
K06215	35.26
K06216	0
K06217	34.8
K06218	6.96
K06219	2.89
K06221	6.29
K06222	2.89
K06223	39.64
K06257	0
K06281	32.29
K06282	34.97
K06283	33.9
K06284	55.66
K06285	4
K06286	0.5
K06287	52.79
K06289	0
K06295	39.66
K06296	30.12
K06297	38.59
K06298	1.02
K06305	0
K06306	5.5
K06307	11.94
K06308	2.09
K06310	14.43
K06311	2.13
K06312	0
K06313	0
K06317	33.9
K06320	6
K06324	0
K06327	0
K06328	0
K06329	0
K06330	0
K06331	13.61
K06333	32.9
K06334	36.9
K06335	0
K06337	1.05
K06338	0
K06345	0
K06346	49.9
K06347	0
K06348	0
K06350	5.49
K06351	4.82
K06373	31.85
K06374	31.85
K06377	0
K06378	34.9
K06379	34.9
K06381	53.03
K06382	34.9
K06383	33.9
K06384	25.9
K06385	32.26
K06386	0
K06387	32.9
K06390	34.9
K06391	33.9
K06392	27.54
K06393	34.9
K06394	34.9
K06395	33.9
K06396	34.9
K06397	34.9
K06398	34.9
K06399	34.9
K06400	18.81
K06402	33.9
K06403	1.02
K06404	1.02
K06405	35.76
K06406	35.76
K06407	36.52
K06408	11.71
K06409	79.7
K06410	13
K06411	13
K06412	34.9
K06413	4
K06415	18.52
K06416	38.49
K06419	0
K06421	0.11
K06423	12
K06425	21.31
K06426	0
K06434	9.28
K06436	24.55
K06438	34.9
K06439	4.8
K06440	1.43
K06441	0
K06442	48.4
K06443	0
K06445	2.89
K06446	10.32
K06447	2.89
K06518	31.22
K06580	0
K06591	0
K06595	0
K06596	0
K06597	0
K06598	0
K06599	0
K06600	0
K06601	0
K06602	0
K06603	33.05
K06605	1
K06606	1.05
K06608	10.72
K06609	7.83
K06610	2
K06714	1.04
K06718	0
K06720	0
K06726	10.96
K06794	0
K06857	8.69
K06858	2.89
K06859	0
K06860	0
K06861	7.89
K06864	41.49
K06866	2.89
K06867	4.94
K06871	88.96
K06872	33.02
K06873	2
K06876	0
K06877	4.64
K06878	13.27
K06879	2.89
K06880	13.36
K06881	50.9
K06882	0
K06883	0
K06884	3.38
K06885	6.5
K06886	0
K06887	7.18
K06888	28.15
K06889	80
K06890	9.87
K06891	13.47
K06893	0.67
K06894	15.78
K06895	9.67
K06896	13.24
K06897	46.92
K06898	33.46
K06899	2.89
K06900	0
K06901	105.75
K06902	7.53
K06903	4.89
K06904	6.56
K06905	4.89
K06906	2.89
K06907	5.89
K06908	4.89
K06909	12.51
K06910	10.88
K06911	25.05
K06912	0
K06915	7.58
K06916	2.89
K06917	8.76
K06918	2.89
K06919	6.38
K06920	38.19
K06921	1
K06922	0
K06923	20.67
K06925	54.79
K06926	7.05
K06928	11.45
K06929	17.41
K06933	0.09
K06934	4.06
K06936	0.09
K06937	5.05
K06938	2.89
K06940	10.56
K06941	54.88
K06942	54.79
K06945	0
K06946	10.27
K06948	0.5
K06949	55.79
K06950	32.12
K06951	2
K06952	3.89
K06953	0
K06954	0
K06955	0
K06956	11.41
K06957	2.89
K06958	51.79
K06959	36.29
K06960	49.9
K06962	36.4
K06966	32.64
K06967	35.4
K06968	4.89
K06969	49.15
K06970	3.89
K06971	2.4
K06972	35.63
K06973	35.6
K06974	0
K06975	9.36
K06976	2.64
K06978	2.19
K06979	0
K06980	3.89
K06982	0
K06985	0
K06986	0
K06987	14.76
K06988	0.67
K06989	0.5
K06990	5.92
K06991	0
K06992	0
K06993	0.09
K06994	6.34
K06995	1
K06996	6
K06997	54.96
K06998	7.36
K06999	2.89
K07000	6.78
K07001	36.05
K07002	3.47
K07003	10.5
K07004	1
K07005	51.73
K07006	4.67
K07007	81.48
K07008	2.89
K07009	35.06
K07010	28.14
K07011	13.81
K07012	44.3
K07013	0
K07014	2.89
K07015	23.52
K07016	0
K07017	2.49
K07018	0
K07019	4.89
K07020	0
K07023	20.36
K07024	195.29
K07025	76.78
K07026	2.89
K07027	27.17
K07028	0
K07029	1.02
K07030	37.9
K07031	0.09
K07032	1
K07033	7.7
K07034	4.53
K07035	5.63
K07037	39.9
K07038	34.81
K07039	2.89
K07040	52.79
K07042	52.79
K07043	53.95
K07044	0
K07045	34.84
K07046	0
K07047	27.46
K07048	4.78
K07050	2
K07051	1
K07052	120.38
K07053	100.49
K07054	2.89
K07056	55.79
K07057	7.36
K07058	42.27
K07059	0
K07062	4
K07063	0
K07064	0
K07065	0
K07066	0
K07067	27.08
K07068	0
K07069	9.45
K07070	2.89
K07071	6.89
K07074	2.31
K07075	2
K07076	29.21
K07077	0
K07078	12.31
K07079	58.64
K07080	1.06
K07082	51.96
K07084	0.02
K07085	11.97
K07086	0
K07088	77.54
K07089	50.65
K07090	95.07
K07091	9.78
K07092	0
K07093	0
K07094	0
K07095	81.27
K07096	2
K07097	0
K07098	59.76
K07099	27.9
K07100	0
K07101	1
K07102	1
K07104	0.5
K07105	21.55
K07106	15.51
K07107	41.67
K07109	3.38
K07110	0.67
K07112	26.51
K07113	2.89
K07114	18.14
K07115	3.89
K07116	0
K07117	0
K07118	10.36
K07119	1.49
K07120	4.91
K07121	4.89
K07122	2.89
K07123	0
K07124	29.28
K07125	0
K07126	15.49
K07127	2.89
K07129	14.17
K07130	16
K07131	0
K07132	0.49
K07133	44.68
K07136	1.49
K07137	75.21
K07138	17.96
K07139	50.29
K07140	2.89
K07141	27.56
K07145	0.5
K07146	2.89
K07147	2.89
K07148	7.91
K07149	11.13
K07150	35.57
K07151	2
K07152	0
K07153	2.89
K07154	18.79
K07156	2.89
K07157	0
K07160	17.55
K07161	4
K07162	0.09
K07164	30.67
K07165	0.49
K07166	31.54
K07167	0
K07168	2
K07169	0
K07171	43.83
K07172	1.89
K07173	39.38
K07175	13.95
K07177	1
K07178	0
K07180	21.41
K07181	16.74
K07182	2
K07183	30.78
K07184	2.89
K07186	2.89
K07192	15.63
K07213	23.71
K07214	7.27
K07215	0
K07216	62.09
K07217	9.04
K07218	0
K07219	20.96
K07220	39.69
K07221	2
K07222	0
K07223	4.89
K07224	1.89
K07225	1.4
K07226	0
K07227	1.4
K07228	0
K07229	2.89
K07230	0
K07231	0
K07232	1.89
K07233	0
K07234	0
K07235	2.89
K07236	2.89
K07237	2.89
K07238	68.04
K07239	1
K07240	71.76
K07241	3.68
K07243	4.75
K07245	2.89
K07246	0.51
K07248	1.89
K07250	8.82
K07251	2.89
K07257	13.56
K07258	90.66
K07259	5.89
K07260	45.27
K07261	2.89
K07262	2.89
K07263	11.65
K07264	2.89
K07265	1.4
K07266	1.4
K07267	1
K07268	0
K07269	2.89
K07270	0
K07271	40.03
K07272	0
K07273	15.51
K07274	3.38
K07275	2.89
K07276	1
K07277	7.89
K07278	4.89
K07279	1.89
K07280	0
K07282	24.29
K07283	2.89
K07284	41.57
K07285	4.78
K07286	2.89
K07287	2.89
K07288	0
K07289	4.89
K07290	2.89
K07300	12.85
K07301	22.07
K07302	0
K07303	0
K07304	27.45
K07305	18.02
K07306	27.41
K07307	67.41
K07308	58.16
K07309	23.53
K07310	13.21
K07311	0
K07312	13.21
K07313	7.26
K07314	2.89
K07315	21.04
K07316	16.03
K07317	13.28
K07318	1
K07319	2.89
K07320	2.89
K07321	19.34
K07322	23.13
K07323	4.89
K07326	0
K07334	2.8
K07335	51.85
K07336	1.89
K07337	2.89
K07338	0
K07339	1.49
K07340	2.89
K07341	2.34
K07343	26.26
K07344	0
K07345	11.23
K07346	7.76
K07347	18.92
K07348	3.38
K07349	2.38
K07350	4.38
K07351	1.89
K07354	0.49
K07355	0.49
K07356	0.49
K07357	3.29
K07358	1.89
K07386	18.85
K07387	7.78
K07389	0.49
K07390	2.89
K07391	57.96
K07393	5.89
K07394	0
K07395	0
K07396	0
K07397	8.7
K07399	4.02
K07400	2.89
K07401	0
K07402	52.03
K07403	7.02
K07404	13.19
K07405	3
K07406	12.53
K07407	44.05
K07442	3
K07443	18.75
K07444	26.9
K07445	0
K07447	54.79
K07448	15.13
K07451	3.94
K07452	1.85
K07454	0.19
K07455	26.57
K07456	40.4
K07457	2
K07458	14.39
K07459	2.89
K07460	53.11
K07461	22.7
K07462	53.88
K07464	26.62
K07465	0
K07467	1.05
K07469	5.05
K07470	2.89
K07471	1.4
K07473	13.99
K07474	20.41
K07476	0
K07478	61.38
K07479	2.89
K07480	11.85
K07481	1.49
K07482	0.5
K07483	49.13
K07484	13.74
K07485	8
K07486	1.4
K07487	0
K07488	4
K07490	2.89
K07491	16.5
K07492	0
K07493	2.58
K07494	1
K07495	1.4
K07496	33.67
K07497	62.28
K07498	1.64
K07499	0
K07501	0
K07502	6.83
K07503	1
K07504	1.85
K07505	0
K07506	0
K07507	47.33
K07516	4
K07518	0
K07533	51.4
K07535	0
K07536	0
K07543	0
K07544	0
K07546	0
K07550	0
K07552	8.68
K07559	5.38
K07560	54.12
K07566	51.79
K07568	55.79
K07570	0
K07571	25.9
K07574	31.42
K07576	16.1
K07577	0
K07584	29.4
K07586	0.5
K07588	7.51
K07589	1.89
K07590	28.04
K07592	2.89
K07636	57.79
K07637	2.89
K07638	2.89
K07639	2.89
K07640	2.89
K07641	2.89
K07642	2.89
K07643	2.89
K07644	2.89
K07645	2.89
K07646	17.13
K07647	2.89
K07648	2.89
K07649	1
K07650	8.62
K07651	0
K07652	10.02
K07653	1
K07654	0
K07657	6.39
K07658	50.4
K07659	2.89
K07660	2.89
K07661	2.89
K07662	4.89
K07663	2.89
K07664	2.89
K07665	1.89
K07666	2.89
K07667	15.13
K07668	8.02
K07669	1
K07670	1
K07673	2.89
K07674	2.89
K07675	3.89
K07676	2.89
K07677	2.89
K07678	2.89
K07679	1.89
K07680	0
K07681	0
K07683	0
K07684	2.89
K07685	2.89
K07686	2.89
K07687	2.89
K07688	1.49
K07689	2.89
K07690	1.89
K07693	0
K07694	0
K07696	6.82
K07699	43.57
K07700	3.89
K07701	2.89
K07702	3.89
K07703	2.89
K07704	18.16
K07705	37.17
K07706	28
K07707	23.06
K07708	2.89
K07709	4.89
K07710	7.04
K07711	1.89
K07712	4.89
K07713	7.89
K07714	9.04
K07715	2.89
K07716	0
K07717	14.74
K07718	116.99
K07719	14.83
K07720	125.49
K07722	15.39
K07723	24.05
K07724	2.89
K07726	3.89
K07727	45.11
K07729	88.68
K07733	1.49
K07734	0
K07735	5.89
K07736	18.58
K07738	50.29
K07739	10.5
K07740	2.89
K07741	7.73
K07742	43.22
K07746	0.49
K07749	3.89
K07751	2.89
K07757	3.89
K07768	1
K07770	8.62
K07771	2.89
K07772	2.89
K07773	2.89
K07774	1
K07775	4
K07776	11.32
K07777	13.02
K07778	0
K07781	2.89
K07782	2.89
K07783	4.89
K07784	10.11
K07786	1.89
K07787	4.89
K07788	2.89
K07789	2.89
K07790	1
K07791	6.89
K07792	3.98
K07793	2.42
K07794	1
K07795	1
K07796	1.89
K07797	1.89
K07798	3.89
K07799	4.89
K07800	0
K07803	4.89
K07804	1
K07806	2.89
K07807	0
K07810	1.89
K07811	2.89
K07812	1.89
K07813	56.9
K07814	5.73
K07816	48
K07821	1.89
K07823	0
K07862	15.15
K07979	82
K08068	0
K08070	0
K08077	0
K08081	0
K08082	0
K08083	0
K08084	0
K08085	0
K08086	0
K08087	1
K08088	1
K08092	3.56
K08093	1.73
K08094	4.77
K08095	0
K08097	0
K08100	0
K08137	2.89
K08138	1.49
K08139	0
K08151	4.44
K08152	0
K08153	3.78
K08154	2.89
K08156	3.89
K08159	2.89
K08160	2.89
K08161	4.89
K08162	2.89
K08163	2.89
K08164	1.34
K08166	0
K08167	1
K08168	1.85
K08169	3.89
K08170	2
K08172	3.29
K08173	6.29
K08177	12.8
K08178	1
K08191	6.29
K08194	9.53
K08195	1
K08196	0
K08217	11.5
K08218	8.89
K08219	3.89
K08220	0
K08221	0
K08222	1.34
K08223	10.98
K08224	6.25
K08225	2.89
K08226	0
K08227	2.89
K08234	17.13
K08252	0
K08253	0
K08255	0
K08256	1
K08259	0
K08260	0
K08261	0
K08276	2.89
K08277	2.89
K08279	2.89
K08280	0
K08281	14.25
K08282	3
K08289	4.89
K08295	0
K08296	3.89
K08297	3.89
K08298	14.21
K08299	2.89
K08300	5.89
K08301	40.79
K08302	14.46
K08303	111.7
K08304	4.89
K08305	4.89
K08306	4.89
K08307	6.89
K08308	2.89
K08309	42.97
K08310	3.56
K08311	3.89
K08312	2.89
K08313	3.53
K08314	15.07
K08315	9.71
K08316	28.8
K08317	3.53
K08318	2.89
K08319	2.89
K08320	2.89
K08321	1.68
K08322	5.89
K08323	5.93
K08324	2.89
K08325	3.98
K08326	1.89
K08344	1
K08348	3.78
K08349	2.89
K08350	2.89
K08351	2.89
K08352	26.14
K08353	1.49
K08354	2.89
K08355	0
K08356	0
K08357	1
K08358	3
K08359	1
K08363	0
K08364	0
K08365	0.09
K08368	4.89
K08369	9.85
K08372	12.5
K08384	50.08
K08475	2.4
K08476	2.4
K08478	1.4
K08482	0
K08483	34.47
K08484	2.89
K08485	2.89
K08566	1.49
K08586	0
K08587	9.21
K08589	0
K08591	34.83
K08598	1
K08600	32.34
K08602	16.9
K08603	0.18
K08604	0
K08605	0
K08641	6.49
K08642	0
K08643	0
K08644	7.45
K08646	0
K08652	0
K08659	1.18
K08676	1
K08677	0
K08678	12
K08679	2
K08680	12.72
K08681	23.9
K08682	2.89
K08685	0
K08686	0
K08687	0
K08688	0
K08691	0
K08692	0
K08693	0
K08698	1.09
K08714	0
K08715	0
K08717	0
K08720	0
K08721	0
K08722	10.89
K08723	2.89
K08724	0.5
K08728	0
K08738	0
K08744	21.61
K08762	0
K08884	78.8
K08926	0
K08927	0
K08928	0
K08929	0
K08961	4
K08963	22.76
K08964	0
K08965	0
K08967	0
K08969	0
K08970	2.89
K08972	18.04
K08973	0
K08974	15.84
K08976	0
K08977	0
K08978	11.49
K08981	14.26
K08982	18.4
K08983	0
K08984	10.66
K08985	0
K08986	12.74
K08987	1.64
K08988	0
K08989	2.89
K08990	2.89
K08992	2.89
K08993	2.89
K08994	2.89
K08995	0
K08996	1.89
K08997	2.89
K08998	52.31
K08999	17
K09000	7.36
K09001	5.33
K09002	0
K09003	0
K09004	5.33
K09005	8.18
K09007	3
K09009	1
K09011	9
K09013	31.28
K09014	23.34
K09015	6.89
K09016	3.29
K09017	4.74
K09018	1.89
K09019	1.89
K09020	1.89
K09021	1.89
K09022	50.91
K09023	1.89
K09024	1.89
K09116	1.64
K09117	43.4
K09118	19.04
K09120	0
K09121	35.46
K09122	2
K09123	5.05
K09124	2
K09125	11.39
K09126	2.67
K09127	7.36
K09128	3.05
K09129	0
K09131	5.89
K09133	2
K09134	19.4
K09136	4.89
K09137	3.85
K09138	10.32
K09139	4
K09141	2
K09143	0
K09144	0
K09145	0
K09146	0
K09153	8.67
K09154	0
K09155	14.6
K09157	31.54
K09158	4.89
K09159	2.89
K09160	2.89
K09161	2.89
K09162	1
K09163	4
K09164	0
K09165	4
K09166	0
K09167	16.11
K09181	7.89
K09190	0
K09251	10.49
K09252	2.19
K09384	0.19
K09386	0
K09388	0
K09456	3.89
K09457	17.09
K09458	57.97
K09459	3.77
K09461	0
K09469	0
K09470	0.49
K09471	1.49
K09472	0.49
K09473	0.49
K09474	1
K09475	3.89
K09476	2.89
K09477	2.89
K09487	0
K09516	0
K09607	1.09
K09612	2.89
K09680	9
K09681	0
K09684	6.69
K09685	21.9
K09688	1.4
K09689	1.4
K09690	4
K09691	3
K09692	10.21
K09693	10.12
K09694	0
K09695	4
K09696	12.17
K09697	12.17
K09698	4.52
K09699	0
K09700	0
K09701	0
K09702	13.09
K09703	0
K09704	6.35
K09705	12.43
K09706	8.53
K09707	5.3
K09709	0
K09710	32.91
K09711	0
K09712	2.89
K09722	0
K09726	0
K09729	10.02
K09740	2
K09744	0
K09747	52.29
K09748	53.79
K09749	50.82
K09758	16.94
K09759	14.66
K09760	11.57
K09761	51.11
K09762	46.9
K09763	0
K09764	32.9
K09765	23.42
K09766	30.38
K09767	13.41
K09768	24.97
K09769	15.5
K09770	29.05
K09771	8.44
K09772	46.9
K09773	39.72
K09774	4.89
K09775	8.52
K09776	12.76
K09777	38.24
K09778	4.85
K09779	44.45
K09780	3.93
K09781	2.89
K09785	0
K09786	21.41
K09787	37.25
K09788	2.08
K09789	2
K09790	18.5
K09791	5.89
K09792	0
K09793	8
K09794	3.89
K09795	0
K09796	0
K09797	0
K09798	4.89
K09799	0
K09800	4.89
K09801	2.89
K09802	2.89
K09803	1
K09804	0
K09805	9
K09806	2.89
K09807	6.89
K09808	13.54
K09809	5
K09810	8.65
K09811	67.37
K09812	63.45
K09813	0
K09814	0
K09815	49.43
K09816	43.79
K09817	43.79
K09818	0
K09819	1
K09820	1
K09822	0
K09823	2.89
K09824	3.89
K09825	52.9
K09826	0
K09835	1.09
K09836	0
K09844	0
K09845	0
K09846	0
K09847	0
K09857	2.89
K09858	4.89
K09859	0
K09860	0
K09861	24.08
K09862	2.89
K09880	0
K09882	0
K09883	0
K09888	35.93
K09889	4.89
K09890	2.89
K09891	2.89
K09892	2.89
K09893	2.89
K09894	2.89
K09895	2.89
K09896	2.89
K09897	2.89
K09898	2.89
K09899	2.89
K09900	2.89
K09901	2.89
K09902	2.89
K09903	54.79
K09904	2.89
K09906	2.89
K09907	2.89
K09908	2.89
K09909	2.89
K09910	2.89
K09911	2.89
K09912	2.89
K09913	12.75
K09914	2.89
K09915	2.89
K09916	2.89
K09917	2.89
K09918	2.89
K09919	2
K09920	2.89
K09921	2.89
K09922	2
K09923	2.89
K09924	0
K09925	1.49
K09926	0
K09927	2.89
K09928	7
K09929	0
K09930	1.73
K09931	11.36
K09932	0
K09933	2.89
K09934	1.89
K09935	11.39
K09936	62.56
K09937	4.89
K09938	0
K09939	1
K09940	1
K09941	0
K09942	4
K09943	0
K09944	0
K09945	0
K09946	3.53
K09947	0
K09948	0
K09949	3
K09950	0
K09951	40.61
K09952	1
K09953	1
K09954	3.89
K09955	25.13
K09956	0
K09957	7.36
K09958	0
K09959	0
K09960	0
K09961	0
K09962	0
K09963	25.74
K09964	0
K09965	0
K09966	0
K09967	2.4
K09968	1.4
K09969	1.89
K09970	1.89
K09971	1.89
K09972	1.89
K09973	5.98
K09974	3.89
K09975	1.89
K09976	0.5
K09977	0
K09978	2.89
K09979	2.89
K09980	2.89
K09981	0
K09982	2.4
K09983	0
K09984	0
K09985	0
K09986	0
K09987	0
K09988	1.4
K09989	0
K09990	0
K09991	0
K09992	0
K09994	7.57
K09996	3.89
K09997	3.89
K09998	2.89
K09999	2.89
K10000	2.89
K10001	2.89
K10002	2.89
K10003	2.89
K10004	2.89
K10005	0
K10006	0
K10007	0
K10008	1
K10009	4.65
K10010	3.65
K10011	2.89
K10012	2.89
K10013	2.89
K10014	2.89
K10015	2.89
K10016	2.89
K10017	2.89
K10018	0
K10019	0
K10020	0
K10021	0
K10022	0
K10023	0
K10024	0
K10025	0
K10026	20.11
K10027	4.88
K10036	3.94
K10037	3.94
K10038	2.89
K10039	11.63
K10040	9.62
K10041	4.81
K10094	0
K10107	1.4
K10108	2.89
K10109	2.89
K10110	2.89
K10111	2.89
K10112	44.69
K10117	59.8
K10118	49.39
K10119	49.39
K10120	0.67
K10121	0.67
K10122	0.67
K10124	3.78
K10125	1.4
K10126	1.4
K10188	4.58
K10189	4.58
K10190	4.58
K10192	0
K10193	0
K10194	0
K10195	0
K10200	4.29
K10201	4.29
K10202	4.29
K10206	40.63
K10208	0
K10209	0
K10210	0
K10211	0
K10212	0
K10213	1.89
K10215	0
K10216	0
K10217	0
K10218	0
K10219	0
K10220	0
K10221	0
K10227	0
K10228	0
K10229	0
K10231	0
K10232	0
K10233	0
K10234	0
K10236	0
K10237	0
K10238	0
K10240	0
K10241	0
K10242	0
K10253	0
K10254	14.08
K10255	0
K10277	0
K10353	0
K10380	0
K10439	36.19
K10440	21.39
K10441	40.88
K10530	0
K10531	0
K10533	0
K10536	23.5
K10537	3.53
K10538	1.89
K10539	1.89
K10540	35.54
K10541	7.88
K10542	8.88
K10543	3.53
K10544	3.53
K10545	3.53
K10546	9.64
K10547	9.64
K10548	11.64
K10549	1.4
K10550	1.4
K10551	1.4
K10552	0
K10553	0
K10554	0
K10555	1.68
K10556	1.68
K10557	1.68
K10558	1.68
K10559	8
K10560	8
K10561	8
K10562	8
K10563	14.39
K10564	0
K10622	0
K10670	30.78
K10672	0.04
K10673	0
K10674	0
K10678	2.89
K10679	4.89
K10680	2.89
K10681	0
K10682	0
K10708	0.49
K10709	1.08
K10710	0.49
K10711	0.49
K10713	0
K10714	0
K10716	20.65
K10742	0
K10747	0
K10748	2.89
K10762	1.49
K10763	2.89
K10764	0
K10771	0
K10773	54.79
K10778	2.89
K10780	0
K10793	25.15
K10794	27.15
K10795	18.74
K10796	16.74
K10797	18.81
K10800	1
K10804	4.89
K10805	3.89
K10806	3.89
K10810	0
K10811	7.36
K10815	0
K10816	0
K10819	4.35
K10823	55.49
K10824	1.91
K10831	7.57
K10834	0
K10843	1
K10844	2.54
K10850	0
K10851	0
K10857	2.89
K10873	0
K10906	2.49
K10907	52.92
K10908	0
K10909	0
K10910	0
K10914	2.89
K10915	0
K10916	0
K10917	0
K10918	0
K10924	0
K10926	0
K10927	0
K10938	0
K10939	1.4
K10941	0
K10942	0
K10943	0
K10947	36.87
K10954	0
K10960	0
K10972	2.89
K10973	2.89
K10974	4.83
K10975	2.89
K10979	12
K10984	4.2
K10985	3.53
K10986	3.53
K11003	0
K11004	0
K11005	0
K11007	0.49
K11008	0
K11013	0
K11014	0
K11015	0
K11016	0
K11017	0
K11018	0
K11020	0
K11021	0
K11023	0
K11024	0
K11025	0
K11026	0
K11027	0
K11029	0
K11031	3.94
K11040	0
K11041	9.51
K11044	0
K11045	0
K11046	7.36
K11047	0
K11048	0
K11049	0
K11050	0
K11051	0
K11052	0
K11053	0
K11054	0
K11055	0
K11056	0
K11057	1.85
K11059	1.85
K11060	1.85
K11061	0
K11062	1.85
K11063	0
K11065	21.16
K11066	2.89
K11068	47.09
K11069	34.65
K11070	40.57
K11071	41.12
K11072	44.46
K11073	2.89
K11074	2.89
K11075	2.89
K11076	2.89
K11079	0
K11081	1
K11082	1
K11083	1
K11084	1
K11085	25.1
K11089	1
K11102	13.26
K11103	2.89
K11104	2.49
K11105	7.92
K11106	1.89
K11107	2.89
K11139	0.49
K11144	10.82
K11145	35.4
K11159	0
K11175	53.29
K11177	0.49
K11178	0.49
K11179	4.89
K11180	2
K11181	2
K11183	3.89
K11184	1
K11189	43.18
K11192	1.89
K11195	0
K11200	2.43
K11201	5.27
K11202	7.67
K11203	5.27
K11208	1.89
K11209	5.78
K11210	0
K11211	0
K11212	0
K11214	0
K11216	1.68
K11249	3.89
K11250	2.89
K11258	2.89
K11261	21.36
K11263	1
K11264	0.49
K11275	0
K11311	0
K11312	0
K11329	0
K11333	0
K11334	0
K11335	0
K11336	0
K11337	0
K11357	0
K11358	33.53
K11381	9
K11382	2.4
K11383	0
K11384	0
K11387	0
K11391	2.89
K11392	4.89
K11442	0
K11443	0
K11444	0
K11472	1.89
K11473	13.89
K11474	1.89
K11475	0
K11476	0
K11477	1.89
K11521	0
K11527	4.58
K11529	0
K11530	6.85
K11531	1.49
K11532	0
K11533	0
K11534	8.11
K11535	5.12
K11537	3.89
K11593	0
K11601	0
K11602	0
K11603	0
K11604	2.4
K11605	2.4
K11606	3.8
K11607	1.4
K11614	2
K11615	5.68
K11616	2
K11617	0
K11618	0
K11621	3.81
K11623	0.09
K11624	0.09
K11625	0.09
K11631	0
K11632	0
K11635	9.36
K11636	9.55
K11645	22.21
K11646	2
K11685	3.89
K11688	8
K11689	4
K11690	5.96
K11691	4.02
K11692	4.02
K11693	1.85
K11694	0
K11695	0
K11703	0
K11704	0
K11705	1
K11706	1
K11707	0.5
K11708	0.5
K11709	0.5
K11710	1.5
K11711	0
K11712	0
K11717	22.34
K11719	2.89
K11720	9.78
K11731	0
K11732	2.89
K11733	19.44
K11734	4.89
K11735	2.89
K11736	2.89
K11737	12.78
K11738	5.89
K11739	1.89
K11740	1.89
K11741	10.67
K11742	2.89
K11743	2.89
K11744	3.89
K11745	2.89
K11746	2.89
K11747	2.89
K11748	3.98
K11749	53.79
K11750	2.89
K11751	2.89
K11752	35.79
K11753	54.79
K11754	54.79
K11755	42.23
K11779	0
K11782	6
K11783	2
K11784	6
K11785	2
K11787	0
K11788	0
K11811	0
K11839	0
K11890	2
K11891	5.29
K11892	5.29
K11893	5.29
K11894	2.89
K11895	5.29
K11896	5.29
K11897	1
K11898	1
K11900	5.29
K11901	5.29
K11902	1
K11903	6.29
K11904	7.18
K11905	4.29
K11906	5.29
K11907	5.29
K11909	2.89
K11910	4.29
K11911	2.89
K11912	0
K11913	0
K11914	0
K11915	0
K11916	0
K11917	0
K11918	0
K11919	0
K11921	1.49
K11922	2.13
K11923	2.89
K11924	2.89
K11925	3.89
K11926	2.89
K11927	34.88
K11928	36.56
K11929	2.89
K11930	4.53
K11931	1.4
K11932	2.89
K11933	2.89
K11934	2.89
K11935	1.4
K11936	1.4
K11937	0
K11938	2.89
K11939	3.89
K11940	2.89
K11941	2.89
K11942	0
K11953	0
K11956	0
K11958	0
K11959	1.94
K11960	1.94
K11961	1.94
K11962	1.94
K11963	1.94
K11991	55.46
K11996	9.91
K12049	0
K12050	0
K12053	0
K12055	0
K12056	1.4
K12057	1.4
K12058	1.4
K12059	1.4
K12060	1.4
K12061	1.4
K12062	1.4
K12063	1.4
K12064	1.4
K12065	1.89
K12066	1.89
K12067	1.4
K12068	1.4
K12069	0
K12070	0
K12071	0
K12072	1.4
K12078	0
K12079	0
K12080	0
K12081	0
K12082	0
K12083	0
K12084	0
K12085	0
K12097	0
K12111	1.89
K12112	1.89
K12113	1.89
K12136	10.81
K12137	7.31
K12138	7.31
K12139	0.49
K12140	9.31
K12141	9.31
K12142	0.49
K12143	10.81
K12144	0.49
K12145	0.49
K12146	0.49
K12147	2.89
K12148	2.89
K12149	3.38
K12151	2.89
K12152	2.89
K12203	0
K12204	0
K12206	0
K12209	0
K12213	0
K12214	0
K12234	0
K12238	0
K12239	0
K12240	0.19
K12241	0
K12242	0
K12243	0
K12246	1.4
K12247	0
K12248	0
K12251	9.58
K12252	0
K12254	0
K12255	0
K12256	0
K12257	26.35
K12262	2.89
K12264	5.08
K12265	2.89
K12266	2.89
K12267	13.09
K12268	0
K12269	0
K12270	0
K12276	0
K12278	0
K12279	0
K12280	0
K12281	0
K12282	0
K12283	0
K12284	0
K12285	0
K12286	0
K12287	0
K12288	2.89
K12289	2.89
K12290	2.89
K12291	2.89
K12292	0
K12293	0
K12294	0
K12295	0
K12296	0
K12297	13.39
K12299	1.89
K12308	11.52
K12339	2.89
K12340	4.89
K12343	1
K12349	0
K12368	2.89
K12369	2.89
K12370	2.89
K12371	2.89
K12372	2.89
K12373	28.14
K12405	0
K12410	45.32
K12428	0
K12437	0
K12448	2
K12452	2.33
K12453	1
K12454	1
K12472	0
K12500	2.89
K12503	1
K12506	6
K12507	13.59
K12508	0
K12509	0
K12510	25.09
K12511	23.09
K12512	0
K12513	0
K12514	0
K12515	0
K12516	3.8
K12517	1.4
K12518	1.4
K12519	1.4
K12520	1.4
K12521	1.4
K12522	1.4
K12523	1.4
K12524	4.89
K12525	2.89
K12527	12.89
K12528	1.89
K12529	1.89
K12531	0
K12536	0
K12537	0
K12538	0
K12541	4
K12542	3
K12543	3
K12545	0
K12551	0
K12552	0
K12553	0
K12554	0
K12555	0
K12556	0
K12573	49.79
K12574	53.17
K12581	0
K12582	2.89
K12583	1
K12585	0
K12658	0
K12660	2.4
K12661	2.4
K12678	2.47
K12681	0
K12682	0
K12683	0
K12684	3.29
K12685	0
K12686	0
K12687	2.38
K12688	0
K12689	0
K12690	0
K12700	3.39
K12733	0
K12826	0
K12910	0
K12940	2.34
K12941	0.68
K12942	7.39
K12943	2.89
K12944	2.89
K12945	2.89
K12950	0.86
K12952	15.99
K12954	1
K12957	2.89
K12960	27.43
K12961	2.89
K12962	3.94
K12963	2.89
K12972	2.89
K12973	2.89
K12974	2.89
K12975	2.89
K12976	0
K12979	1
K12981	1
K12982	0
K12983	1.4
K12984	0
K12985	1.4
K12987	0
K12988	0
K12989	0
K12990	0.15
K12991	0
K12992	4.88
K12993	0
K12994	0
K12995	0
K12996	1.01
K12997	0
K12998	0
K12999	0
K13002	0
K13004	2
K13005	1
K13006	0
K13007	0
K13010	2.09
K13012	2.02
K13013	0
K13014	2.89
K13015	21.21
K13016	0
K13017	0
K13018	5.86
K13019	19.27
K13020	0
K13021	1
K13028	0
K13038	49.79
K13040	1
K13041	1
K13043	1
K13049	0
K13051	2.89
K13052	1.5
K13053	2.89
K13057	0
K13058	0
K13059	0
K13060	0
K13061	0
K13063	0
K13069	2.38
K13075	0
K13085	1
K13238	0
K13243	1.89
K13244	0
K13245	0
K13252	10.5
K13255	2.89
K13256	2.89
K13275	0
K13277	1.83
K13280	11.7
K13281	19.73
K13282	24.14
K13283	2.89
K13284	1
K13285	1
K13286	1
K13287	1
K13288	3.89
K13292	65.71
K13301	2.89
K13378	5.89
K13381	1.4
K13408	1.4
K13409	1.4
K13421	0
K13450	1
K13472	0
K13478	0
K13479	11.36
K13480	1.89
K13481	0
K13482	0
K13483	0.49
K13485	0
K13486	0
K13487	0
K13488	0
K13489	0
K13490	0
K13491	0
K13497	3.89
K13498	2.89
K13500	0
K13503	0.67
K13522	0
K13525	2
K13527	0
K13529	0
K13530	2
K13531	0.5
K13540	0
K13541	0
K13542	31.4
K13543	0
K13546	0
K13566	0
K13570	0
K13571	0
K13572	1
K13573	1
K13574	1.89
K13580	0
K13581	0
K13582	0
K13583	0
K13584	0
K13585	0
K13586	0
K13587	0
K13588	0
K13589	0
K13590	0
K13591	0
K13592	0
K13593	0
K13598	2
K13599	2
K13607	7.36
K13609	0
K13611	0
K13612	0
K13613	0
K13614	0
K13620	2.89
K13622	2
K13623	2
K13626	35.05
K13628	2.89
K13629	2.4
K13630	2.89
K13631	2.89
K13632	2.89
K13633	0
K13634	2.89
K13635	1.89
K13636	2.4
K13637	3.89
K13638	5.58
K13639	2.89
K13640	12.5
K13641	2.89
K13643	2.89
K13650	1.89
K13651	0
K13652	11.26
K13653	59.58
K13654	2.89
K13655	0
K13657	0
K13660	0
K13662	0
K13663	0
K13665	0
K13668	0
K13670	1
K13671	1
K13677	0.5
K13678	0.09
K13683	2.89
K13684	3.89
K13686	0
K13687	0
K13688	0
K13689	0
K13693	0
K13694	3.89
K13695	2.89
K13701	0
K13714	0
K13727	0
K13730	14.4
K13732	0
K13734	0
K13735	5.78
K13740	1
K13741	1
K13743	0.49
K13745	0
K13747	19.86
K13766	0
K13767	0.09
K13770	6
K13771	4.53
K13774	0
K13775	0
K13776	0
K13777	0
K13778	0
K13779	0
K13787	11.5
K13788	5.89
K13789	40.4
K13790	0
K13794	1
K13795	1
K13796	1
K13810	0
K13815	0
K13816	0
K13818	0
K13819	2
K13820	22.03
K13821	5.89
K13829	1
K13832	0
K13853	0
K13873	0
K13874	0
K13875	0
K13876	0
K13877	0
K13886	0
K13888	4.89
K13889	2.89
K13890	2.89
K13891	3.07
K13892	2.89
K13893	4.89
K13894	3.89
K13895	3.89
K13896	2.89
K13918	1.89
K13919	6
K13920	6
K13921	2.64
K13922	16.12
K13923	1
K13924	2
K13925	0
K13926	1.89
K13927	0
K13928	0
K13929	2
K13930	0
K13931	2
K13932	2
K13933	0
K13934	2
K13935	2
K13936	0
K13938	1.89
K13940	16.11
K13950	1
K13953	5.53
K13954	15.18
K13955	0
K13963	9.94
K13979	1.89
K13990	1
K13991	0
K13992	0
K13993	60.98
K13995	0
K14026	0
K14028	0
K14029	0
K14048	1.94
K14051	2.89
K14052	0.49
K14053	1.89
K14054	2.89
K14055	2.89
K14056	0.49
K14057	0.49
K14058	2.89
K14059	4.38
K14060	0.49
K14061	2.89
K14062	2.89
K14063	0.49
K14064	2.89
K14067	0
K14080	9.36
K14083	0
K14084	0
K14086	20.5
K14087	2
K14088	20.5
K14089	2
K14090	12.5
K14091	0
K14105	8
K14136	0
K14138	6
K14145	0
K14153	1
K14155	49.81
K14159	0
K14160	0
K14161	0
K14162	1
K14166	0
K14170	32.33
K14187	2.89
K14188	5.86
K14189	0.09
K14194	0
K14205	6.41
K14257	0
K14259	0
K14260	7.57
K14261	4.89
K14266	0
K14267	0
K14268	0
K14287	2.89
K14333	0
K14335	1
K14337	1
K14338	0
K14339	1
K14340	2
K14347	4.89
K14348	2.89
K14358	0
K14392	13.21
K14393	8.89
K14414	2.89
K14415	6.98
K14441	54.29
K14445	8
K14446	0
K14447	0
K14448	0
K14449	0
K14470	0
K14472	0
K14475	1.09
K14519	0
K14534	5.36
K14540	35.4
K14578	0
K14581	0
K14585	0
K14587	2.4
K14588	2.89
K14591	2.89
K14597	0
K14623	3.89
K14645	0
K14652	32.9
K14654	0
K14665	0
K14666	0
K14682	3.89
K14683	0
K14698	1
K14699	0
K14727	0
K14742	17.91
K14743	0
K14744	8.65
K14745	0
K14750	0
K14761	25.79
K14762	2.89
K14835	0.18
K14940	0
K14941	0
K14949	0
K14956	0
K14974	0
K14977	4.83
K14978	1
K14979	1
K14980	0
K14981	0
K14982	0
K14983	0
K14986	0
K14987	0
K14988	0
K14989	0
K14998	0
K15011	0
K15012	0
K15016	0
K15022	0
K15023	6
K15024	7.75
K15034	4.89
K15051	11.5
K15054	0
K15060	0
K15065	0
K15067	0
K15125	0.09
K15126	0
K15228	0
K15229	0
K15232	4
K15255	0
K15256	4.62
K15257	2.89
K15268	2.89
K15269	0
K15270	0
K15311	0
K15312	0
K15313	0
K15328	0
K15329	0
K15331	1
K15337	0
K15342	30.29
K15344	1
K15345	1
K15346	1
K15347	1
K15350	1
K15351	1
K15352	1
K15353	1
K15354	1
K15357	0
K15366	1
K15367	1
K15368	1
K15371	0
K15372	7.24
K15373	0
K15383	10.95
K15396	2.89
K15408	0
K15460	7.91
K15461	2.89
K15469	0
K15470	0
K15471	0
K15495	0
K15497	1.09
K15509	0
K15511	0
K15512	0
K15513	0
K15514	0
K15515	0
K15518	0
K15519	0
K15520	1
K15521	1
K15524	4.28
K15525	1
K15526	1
K15527	0
K15531	1
K15532	39.67
K15533	5.29
K15534	8
K15536	2.89
K15538	1
K15539	4.89
K15540	1.89
K15545	2.89
K15546	0
K15547	1.89
K15548	2.89
K15549	1.89
K15550	1.89
K15551	7.57
K15552	7.57
K15553	9.72
K15554	8.67
K15555	17.79
K15576	0
K15577	0
K15578	0
K15579	0
K15580	49.21
K15581	38.07
K15582	45.17
K15583	46.21
K15584	3.85
K15585	1.91
K15586	4.1
K15587	3.85
K15598	6.58
K15599	5.58
K15600	5.58
K15629	8.12
K15632	7.36
K15633	53.29
K15634	68.73
K15635	11
K15640	0
K15650	0
K15654	0.19
K15667	0
K15669	0.09
K15674	0
K15675	0
K15676	0
K15677	0
K15678	0
K15679	0
K15721	1.89
K15722	2.89
K15723	2.89
K15724	4.89
K15725	2
K15726	8
K15727	3
K15733	0
K15734	0
K15735	2.89
K15736	2.89
K15737	3.89
K15738	29.79
K15739	0
K15746	0
K15765	0
K15770	18.32
K15771	16.82
K15772	16.82
K15773	1.89
K15777	9.12
K15778	2
K15780	0
K15781	0
K15782	0
K15783	0
K15784	0
K15785	0
K15786	0
K15790	0
K15792	0
K15827	2.89
K15828	2.89
K15829	2.89
K15830	9.71
K15831	3.56
K15832	9.71
K15833	2.89
K15834	9.71
K15835	0.49
K15836	2.89
K15852	0
K15855	0
K15856	0
K15857	0
K15860	0
K15861	0
K15862	0
K15864	0
K15866	4.49
K15868	0
K15873	0
K15876	8
K15878	0
K15879	0
K15894	0
K15895	0
K15896	0
K15897	0
K15898	11.37
K15899	0
K15907	0
K15910	0
K15912	0
K15913	0
K15914	0
K15915	0
K15918	0
K15921	8.47
K15922	2.16
K15923	19.79
K15924	0.37
K15973	0.5
K15974	2.89
K15975	0.5
K15976	9.09
K15977	8.78
K15982	0
K15983	0
K15984	6.57
K15986	40.9
K15987	25.88
K16011	2
K16012	2.89
K16013	2.89
K16014	1
K16017	0
K16041	0.49
K16042	0.49
K16043	0
K16044	0
K16047	0
K16048	0
K16049	0
K16050	0
K16051	0
K16052	13.74
K16053	4.91
K16055	0
K16066	2.89
K16074	2.89
K16076	2.89
K16077	0
K16078	2
K16079	0
K16080	0
K16081	0
K16087	2.8
K16088	2.89
K16089	12.18
K16090	1.89
K16091	0.49
K16092	2.89
K16095	0
K16118	0
K16124	0
K16135	0.49
K16136	1.89
K16137	6.62
K16139	3.89
K16140	1.89
K16146	1
K16147	1
K16148	1
K16149	8.76
K16150	0
K16152	0
K16153	0
K16163	1
K16164	0
K16165	1
K16167	0
K16168	0
K16169	8.86
K16171	0
K16180	0
K16181	0
K16182	0
K16188	4
K16199	0
K16200	0
K16201	0
K16202	0
K16203	0.02
K16209	0.86
K16210	6.95
K16211	1
K16212	2
K16213	9
K16214	0
K16215	0
K16216	0
K16234	0
K16235	0
K16236	0
K16237	0
K16238	1.33
K16242	0
K16243	0
K16244	0
K16245	0
K16246	0
K16248	1.85
K16249	0
K16254	0
K16255	0
K16256	0
K16257	0
K16258	0
K16259	0
K16263	2.89
K16264	4.98
K16267	0
K16291	2.89
K16293	0
K16294	0
K16299	0
K16300	0
K16301	1.89
K16318	0
K16319	0
K16320	0
K16321	1.89
K16322	4.78
K16323	0
K16324	1.89
K16325	0.49
K16326	1.89
K16328	18.19
K16329	11.27
K16331	0
K16345	6.78
K16346	1.89
K16347	2.89
K16348	2.89
K16363	3
K16370	3.07
K16371	10.42
K16422	0
K16423	0
K16435	0
K16509	0.5
K16511	10
K16514	0
K16515	0
K16516	0
K16563	0
K16619	1.85
K16623	8.45
K16624	7.45
K16625	7.45
K16626	7.45
K16628	0
K16636	0
K16637	0
K16647	0
K16648	0
K16649	0
K16650	1
K16651	12.19
K16652	1
K16653	0
K16692	3.38
K16693	2.89
K16694	0
K16695	2.89
K16698	0
K16703	2.89
K16704	2.89
K16705	3.05
K16710	2.89
K16711	2.89
K16712	0
K16713	0
K16783	3
K16784	3
K16785	133.76
K16786	49.62
K16787	111.46
K16788	20.44
K16789	23.67
K16792	0
K16793	0
K16839	0
K16840	0
K16841	0
K16842	0
K16843	0
K16844	0
K16845	0
K16846	0
K16849	1.67
K16850	1.67
K16856	0
K16868	2.89
K16869	0.5
K16870	0
K16871	0
K16872	0
K16873	0
K16874	0.02
K16875	0
K16876	0
K16877	0
K16878	0
K16879	0
K16880	0
K16881	6.76
K16885	2
K16886	2
K16887	6
K16898	45.4
K16899	45.4
K16905	0
K16906	0
K16907	0
K16913	0
K16915	2
K16917	0
K16920	0
K16922	0.86
K16923	9.04
K16924	12.98
K16925	1
K16926	19.15
K16927	18.26
K16937	2.64
K16950	26
K16951	26
K16957	2
K16958	10
K16959	10
K16960	10
K16961	11.45
K16962	22.66
K16963	11.3
K16968	0
K16969	0
K17060	0
K17061	0
K17073	2.12
K17074	2.8
K17076	2.62
K17103	33.93
K17195	1.4
K17202	0
K17203	0
K17204	0
K17205	0
K17206	0
K17207	0
K17208	0
K17209	0
K17210	0
K17213	5.74
K17214	0.02
K17215	2.02
K17216	1.73
K17217	0.09
K17218	0
K17222	0
K17223	0
K17224	0
K17225	0
K17226	0
K17227	0
K17228	0
K17229	0
K17230	0
K17234	1.64
K17235	1.64
K17236	1.64
K17241	0
K17242	0
K17243	0
K17244	0
K17245	0
K17246	0
K17247	2.89
K17248	0
K17249	0
K17250	0
K17251	0
K17285	0
K17310	0
K17315	0
K17316	0
K17317	0
K17318	103.49
K17319	88.27
K17320	88.27
K17321	0
K17322	0
K17323	0
K17324	0
K17325	0
K17329	0
K17330	0
K17331	0
K17363	10.32
K17364	0
K17462	0.28
K17463	1
K17464	2.4
K17465	2.4
K17466	2.4
K17467	2.4
K17468	1
K17472	0
K17473	2
K17489	2
K17490	1
K17624	1.85
K17640	0
K17662	0
K17675	18.83
K17680	1
K17686	46.52
K17713	2.89
K17716	7.5
K17722	18.06
K17723	19.7
K17733	1.09
K17734	1.02
K17735	0
K17736	0
K17737	0
K17752	0.19
K17754	0
K17759	42.95
K17762	0.19
K17763	0.19
K17810	10.5
K17828	49.4
K17829	0
K17830	0
K17835	0
K17836	26.43
K17837	1.38
K17838	0
K17850	0
K17865	7.99
K17869	0
K17883	1
K17892	0
K17893	0
K17898	0.02
K17899	0.02
K17910	8
K17938	2.89
K17947	0
K17948	2.89
K17950	0
K17989	0
K17992	12.02
K18000	0
K18003	0
K18005	0
K18006	0
K18007	0
K18008	2
K18009	0
K18011	0.02
K18012	0.02
K18013	0.02
K18014	8.02
K18015	1.49
K18028	0
K18029	0
K18030	0
K18067	0
K18068	0
K18069	0
K18070	0
K18072	0
K18073	0
K18093	0
K18094	1
K18095	1
K18096	0
K18098	0
K18100	0
K18101	0
K18104	0
K18118	1.02
K18119	0
K18120	7.91
K18121	1
K18122	8.05
K18123	0
K18129	0
K18130	0
K18131	0
K18132	0
K18133	0
K18135	0
K18136	0
K18138	10.58
K18139	4.4
K18140	2.89
K18141	1.89
K18142	2.89
K18143	0
K18144	0
K18145	0
K18146	0
K18148	2.98
K18149	6.62
K18151	1.94
K18153	0
K18195	0.19
K18197	2
K18199	0
K18205	0
K18206	0
K18209	0
K18210	0
K18214	3.58
K18216	0
K18217	0
K18220	2.44
K18221	0
K18230	0
K18231	19.17
K18234	7.34
K18235	1.64
K18236	0
K18242	0
K18243	0
K18248	0
K18249	0
K18257	0
K18277	0
K18282	0.19
K18284	0
K18285	6
K18288	1
K18289	0
K18290	1
K18291	0
K18292	1
K18294	0
K18295	0
K18296	0
K18297	0
K18298	0
K18299	0
K18300	0
K18301	0
K18302	0
K18303	0
K18304	0
K18305	0
K18306	0
K18307	0
K18308	0
K18320	0
K18324	2.89
K18325	1
K18326	2.89
K18330	13.02
K18331	13.04
K18332	13.04
K18333	0
K18334	0
K18335	0.67
K18336	0
K18337	0
K18344	2
K18345	4
K18346	0.02
K18348	2.14
K18349	3.23
K18350	3.23
K18351	0
K18352	0
K18353	0
K18364	0
K18365	0
K18366	0
K18369	1
K18373	0
K18374	0
K18376	0
K18379	0
K18381	0
K18383	0
K18384	10.43
K18427	1.09
K18428	1.09
K18429	1.09
K18430	4.09
K18431	2.09
K18445	0
K18446	2.89
K18455	1
K18456	0
K18459	0
K18471	2.4
K18473	0
K18474	0
K18475	34.65
K18476	0
K18478	2.89
K18479	1.49
K18480	0
K18530	0.49
K18531	0.49
K18540	0
K18541	0
K18545	0
K18552	0
K18554	1
K18567	0
K18574	0
K18575	0
K18581	11.44
K18586	0
K18587	0
K18588	0
K18590	0
K18611	0
K18640	28.72
K18650	0.28
K18652	1.4
K18654	0
K18657	2.89
K18660	0
K18661	0
K18672	35.9
K18673	0.09
K18675	0
K18676	0
K18677	0
K18678	0
K18682	50.9
K18691	5.89
K18692	0.5
K18697	3.89
K18698	0
K18699	0
K18700	0
K18701	0
K18702	3.91
K18704	0
K18707	47.4
K18765	2.89
K18766	0
K18775	1.43
K18778	2.89
K18782	0
K18783	0
K18785	12.94
K18800	2.89
K18814	0
K18815	0
K18816	1
K18820	0
K18824	0
K18828	2.49
K18829	2.49
K18830	0
K18831	3.38
K18833	0
K18837	5.67
K18838	7.56
K18841	0.49
K18842	0.49
K18843	0.49
K18845	0
K18846	0
K18850	2.89
K18851	0
K18856	0.5
K18862	4.85
K18866	0
K18887	4.63
K18888	4.63
K18889	2.89
K18890	2.89
K18891	0
K18892	0
K18893	0
K18895	2.4
K18898	1.89
K18899	1.89
K18900	0
K18901	1
K18902	0
K18903	0
K18906	1.94
K18907	3.64
K18908	0
K18910	0
K18916	0
K18917	0
K18918	1
K18919	4.76
K18920	2.38
K18921	0
K18922	4.27
K18923	3
K18924	0
K18925	0
K18926	16.57
K18928	4.89
K18929	4.89
K18930	1
K18933	0
K18934	0
K18935	0
K18936	1
K18939	4
K18940	0
K18941	0
K18954	0
K18955	3
K18966	0
K18967	3.56
K18968	2.89
K18979	13.83
K18981	0
K18982	0
K18983	0
K18984	1
K18986	0
K18987	0
K18988	2.89
K18991	0
K18992	0
K18997	2.89
K19000	2.89
K19002	0.68
K19005	0
K19033	0
K19046	1.49
K19047	0
K19048	4.89
K19049	1
K19050	1
K19051	0
K19052	2
K19055	21.15
K19056	1
K19058	0
K19062	2
K19068	3.5
K19070	2
K19071	2
K19072	4
K19075	18
K19076	7.36
K19077	0
K19078	0
K19081	0
K19082	0
K19083	0
K19084	0
K19088	18
K19090	18
K19091	56.53
K19092	2.83
K19097	1
K19110	0
K19113	0
K19114	8.79
K19115	8.79
K19116	8.79
K19117	3
K19118	3
K19119	3
K19123	1.49
K19124	1.49
K19125	1.49
K19126	1.49
K19127	1.4
K19128	0
K19129	1.4
K19130	0
K19131	1
K19132	1
K19133	1
K19134	0
K19137	0
K19138	0
K19139	0
K19140	0
K19141	7.36
K19142	7.36
K19145	0
K19147	1.85
K19148	1.49
K19155	0.49
K19156	0.49
K19157	5.99
K19158	1.89
K19159	1.89
K19160	1.4
K19161	1.4
K19162	2.89
K19163	3.4
K19164	3.4
K19165	0.67
K19166	1.49
K19167	0
K19168	2.89
K19169	0
K19170	0
K19171	0
K19172	0
K19173	0
K19174	0
K19175	0
K19180	0
K19181	0
K19187	0
K19190	0
K19191	0
K19200	0
K19209	0
K19212	0
K19216	0
K19219	0
K19221	41.7
K19222	13.21
K19223	0
K19224	0
K19225	23.88
K19226	2.89
K19227	2.89
K19228	2.89
K19229	2.89
K19230	2.89
K19231	1
K19234	2.89
K19235	2.89
K19236	2.89
K19237	0
K19238	2.89
K19239	0
K19240	0
K19242	0.09
K19244	0
K19246	0
K19265	19.14
K19267	2.89
K19268	4
K19270	5.78
K19271	41.84
K19272	0
K19276	0
K19285	0.5
K19286	4.92
K19290	0
K19291	0
K19292	0
K19293	0
K19294	6.55
K19295	0
K19296	0
K19299	1
K19300	0
K19302	60.7
K19303	2.89
K19304	2.89
K19309	26.41
K19310	28.75
K19311	0
K19314	0
K19332	0
K19333	2.89
K19334	3.89
K19335	1.49
K19336	1.49
K19337	3.89
K19338	1.89
K19339	0
K19340	0
K19341	0
K19342	0
K19344	0
K19345	0
K19349	0
K19350	9.28
K19353	5.38
K19354	2.89
K19355	0
K19405	34.9
K19411	34.9
K19413	0
K19416	2.89
K19419	0
K19422	1.19
K19423	0
K19424	0
K19425	0
K19426	0.67
K19427	0
K19429	0
K19430	0
K19431	0
K19504	1
K19505	10.37
K19506	6.42
K19507	3.82
K19508	5.64
K19509	5.46
K19510	3.14
K19519	0
K19540	0.49
K19545	0
K19548	0
K19555	1
K19556	1
K19572	0
K19575	0
K19576	0
K19577	1.89
K19578	0
K19585	0
K19586	0
K19587	0
K19591	0
K19592	1
K19593	0
K19594	1
K19595	1
K19597	1
K19609	0
K19610	0
K19611	3.89
K19620	0
K19621	0
K19622	0
K19623	0
K19624	0
K19633	0
K19640	0
K19641	0
K19661	0
K19666	0
K19667	0
K19668	0
K19670	1.64
K19686	0
K19688	2.89
K19689	28.98
K19696	0
K19697	1
K19701	2.09
K19707	0
K19709	2.89
K19710	3
K19711	0
K19713	0
K19714	0
K19715	0
K19723	0
K19725	0
K19726	0
K19727	0
K19731	0
K19736	0
K19741	0
K19743	0
K19744	0
K19745	2.89
K19746	0
K19775	1.89
K19776	2.89
K19777	1.89
K19778	2.89
K19780	1.49
K19784	10.89
K19789	2.89
