function.	air_26
K00001	785.22
K00002	0
K00003	671.8
K00004	217.65
K00005	469.12
K00007	16.87
K00008	558.15
K00009	691.32
K00010	469.77
K00011	0
K00012	598.29
K00013	926.88
K00014	1648.48
K00015	98.99
K00016	958.41
K00018	102.25
K00019	44.61
K00020	421.62
K00021	12.4
K00023	8.01
K00024	681.51
K00025	0
K00027	905.44
K00028	0
K00029	461.95
K00030	1
K00031	1023.07
K00032	1.84
K00033	1013.52
K00034	19.99
K00035	1
K00036	1056.18
K00038	101.28
K00039	15.88
K00040	761.59
K00041	62.49
K00042	676.11
K00043	2.5
K00045	117.22
K00046	123.78
K00048	349.21
K00050	23.02
K00052	1031.04
K00053	1017.51
K00054	334.03
K00055	116.66
K00057	1020
K00058	974.93
K00059	1840.32
K00060	348.21
K00064	4.01
K00065	391.15
K00066	1.85
K00067	448.75
K00068	375.85
K00073	345.93
K00074	261.95
K00075	1021.49
K00076	37.2
K00077	1565.4
K00078	0
K00082	49.94
K00086	13.25
K00087	47.38
K00088	1430.73
K00090	355.88
K00091	2.83
K00094	321.21
K00096	6
K00097	796.51
K00098	115.69
K00099	683.47
K00100	326.2
K00101	719.73
K00102	6
K00104	73.05
K00105	2.09
K00106	0
K00108	510.42
K00111	1261.33
K00112	354.21
K00113	354.21
K00114	10.45
K00116	1083.85
K00117	372.28
K00118	1
K00121	224.1
K00122	315.28
K00123	1822.57
K00124	405.74
K00126	2.5
K00127	359.69
K00128	1157.4
K00130	621.17
K00131	5.92
K00132	0
K00133	1027.82
K00134	1745.8
K00135	1556.58
K00137	363.84
K00138	570.16
K00140	210.31
K00141	3.15
K00145	939.66
K00146	456.94
K00147	689.86
K00148	3.84
K00150	0
K00151	355.11
K00153	164.07
K00154	16.98
K00156	585.86
K00158	338.73
K00161	457.92
K00162	457.92
K00163	686.79
K00164	928.38
K00166	332.98
K00167	332.98
K00169	0.5
K00170	0
K00171	0
K00172	0.5
K00174	341.14
K00175	341.14
K00176	0
K00177	0.5
K00179	1.01
K00180	1.01
K00184	0.99
K00185	0.99
K00194	0
K00196	0
K00197	0
K00198	0
K00200	0
K00201	0
K00202	0
K00208	806.27
K00209	13.13
K00210	95.83
K00214	0
K00215	1020.5
K00216	370.19
K00217	205.48
K00218	0
K00219	119.79
K00220	1.5
K00221	1.45
K00226	345.03
K00227	0
K00228	360.62
K00230	349.21
K00231	558.71
K00232	36.45
K00239	1022.73
K00240	1024.3
K00241	1020.91
K00242	455.45
K00243	337.06
K00244	455.43
K00245	348.21
K00246	348.21
K00247	348.21
K00248	14.72
K00249	124.85
K00252	432.31
K00253	13.91
K00254	697.84
K00255	9.66
K00256	0.99
K00257	464.48
K00259	745.83
K00260	427.64
K00261	336.2
K00262	679.86
K00263	16.02
K00265	825.1
K00266	832.53
K00270	0
K00271	2
K00273	12.91
K00274	12.92
K00275	469.86
K00276	59.13
K00278	482.53
K00280	0
K00281	602.92
K00282	331.14
K00283	331.14
K00284	0.41
K00285	604.24
K00286	1029.91
K00287	1019
K00288	0
K00290	2.34
K00293	0
K00294	332.55
K00297	693.45
K00298	0
K00299	584.64
K00301	103.25
K00302	3.84
K00303	9.43
K00304	2.85
K00305	2.85
K00311	133.7
K00313	461.56
K00314	0
K00315	0
K00316	0.5
K00317	0.83
K00318	332.47
K00320	0
K00322	354.64
K00324	492.46
K00325	478.21
K00326	0
K00329	0
K00330	465.46
K00331	463.96
K00332	109.83
K00333	111.81
K00334	463.96
K00335	477.96
K00336	477.96
K00337	465.55
K00338	463.96
K00339	463.96
K00340	463.96
K00341	477.96
K00342	464.96
K00343	464.96
K00344	523.6
K00346	112.44
K00347	112.44
K00348	125.36
K00349	112.44
K00350	116.42
K00351	112.44
K00354	1
K00355	21.7
K00356	3
K00360	1
K00362	724.6
K00363	698.32
K00364	682.94
K00365	1.41
K00366	1
K00367	0
K00368	242.33
K00370	1176.16
K00371	1167.38
K00372	36.46
K00373	906.17
K00374	1149.4
K00375	940.46
K00376	3.48
K00380	794.72
K00381	550.15
K00382	1961.26
K00383	371.58
K00384	1721.27
K00385	285.84
K00387	0
K00389	503.67
K00390	719.72
K00392	170.07
K00394	0
K00395	0
K00404	109.22
K00405	109.21
K00406	109.7
K00407	105.74
K00410	12.8
K00411	116.7
K00412	114.21
K00413	102.41
K00423	0.99
K00425	1482.12
K00426	1552.72
K00427	351.54
K00428	332.49
K00432	1239.81
K00433	31.93
K00435	0
K00436	2
K00441	0.5
K00446	114.63
K00448	146.77
K00449	153.7
K00450	408.05
K00451	10.83
K00452	0
K00453	8.84
K00455	336.74
K00456	0
K00457	132.43
K00459	703.42
K00462	0
K00464	0
K00466	2.84
K00467	0
K00471	1
K00472	3.49
K00476	0
K00477	1.5
K00479	14.34
K00480	424.08
K00481	146.03
K00483	342.34
K00484	430.25
K00486	0
K00491	330.14
K00493	0.99
K00496	17.9
K00499	2.01
K00500	4.32
K00504	0
K00505	2.59
K00507	14.93
K00508	93.08
K00510	208.81
K00514	0
K00517	133.81
K00518	2
K00520	107.3
K00523	378.11
K00525	1412.72
K00526	1474.61
K00527	770.3
K00528	879.2
K00529	164.31
K00531	0
K00532	0
K00533	0
K00534	1.5
K00537	1057.39
K00543	0
K00544	0
K00547	405.36
K00548	540.82
K00549	1146.43
K00554	1020.6
K00556	347.21
K00557	450.2
K00558	1021.74
K00560	1019.51
K00561	3.1
K00563	584.03
K00564	608.52
K00566	1021
K00567	1027.67
K00568	462.93
K00569	2.82
K00570	4
K00571	915.05
K00573	466.24
K00574	781.92
K00575	359.01
K00577	0
K00584	0
K00587	0
K00588	1
K00590	7.99
K00594	0
K00595	181.29
K00596	0
K00598	65.71
K00600	1284.7
K00602	1020
K00603	2.25
K00604	1041.45
K00605	911.42
K00606	873.04
K00608	0
K00609	1019
K00610	444.04
K00611	1505.2
K00612	5.86
K00613	1.01
K00615	2041.54
K00616	1378.4
K00619	1.5
K00620	605.58
K00621	0.5
K00624	1.6
K00625	345.17
K00626	1456.46
K00627	927.28
K00631	355.62
K00632	961.61
K00633	37.03
K00634	79.9
K00635	7.58
K00638	6.45
K00639	675.85
K00640	1032.16
K00641	793.4
K00643	6.47
K00645	825.49
K00646	0
K00647	388.66
K00648	788.29
K00651	354.31
K00652	825.09
K00655	1144.99
K00656	1550.65
K00657	540.08
K00658	1016.11
K00661	525.9
K00662	0
K00663	2.41
K00666	833.75
K00672	0
K00673	374.09
K00674	1096.88
K00675	346.59
K00677	456.45
K00680	794.83
K00681	933.57
K00683	100.75
K00684	462.45
K00685	13.16
K00686	0
K00687	238.83
K00688	923.64
K00689	0
K00690	48.84
K00691	94.83
K00692	2.33
K00693	0
K00694	388.15
K00695	0
K00696	0
K00697	573.6
K00698	0
K00700	587.46
K00701	0
K00702	0
K00703	369.03
K00705	580.94
K00709	0
K00712	657.74
K00713	0
K00720	0.99
K00721	235.91
K00728	0
K00737	0
K00745	0
K00748	471.45
K00752	1
K00754	441.99
K00756	334.73
K00757	606.71
K00758	450.61
K00759	1016
K00760	1016.5
K00761	1036.11
K00762	1020
K00763	1020.01
K00764	1020.01
K00765	926.88
K00766	669.8
K00767	600.88
K00768	606.44
K00769	349.71
K00772	2.5
K00773	1017
K00782	262.71
K00783	790.68
K00784	698.63
K00785	107.13
K00786	5.74
K00788	984.72
K00789	1021.63
K00790	1356.71
K00791	1020
K00793	1018.75
K00794	1026.21
K00795	454.13
K00796	1233.23
K00797	559.04
K00798	190.11
K00799	1491.28
K00800	1034.34
K00801	0.67
K00803	26.65
K00805	559.96
K00806	1020.5
K00808	1.5
K00809	1
K00812	10.44
K00813	443.04
K00817	1564.19
K00818	251.24
K00819	493.03
K00820	1025.96
K00821	460.13
K00822	12.33
K00823	402.47
K00824	335.14
K00826	1023.01
K00830	3.5
K00831	687.51
K00832	476.69
K00833	882.96
K00835	442.29
K00836	33.45
K00839	14.87
K00840	380.27
K00841	334.43
K00842	2
K00844	0
K00845	1201.29
K00847	1092.66
K00848	351.14
K00849	617.35
K00850	922.82
K00851	1170.98
K00852	1401.53
K00853	632.19
K00854	613.61
K00855	348.71
K00856	4.5
K00857	696.87
K00858	1020
K00859	1020
K00860	443.42
K00862	0.99
K00863	34.78
K00864	962.73
K00865	2413.23
K00867	581.12
K00868	1368.73
K00869	347.44
K00870	0
K00872	905.76
K00873	1517.01
K00874	469.76
K00875	0.01
K00876	686.78
K00878	825.7
K00879	352.31
K00880	336.01
K00881	2.62
K00882	1009.7
K00883	107.75
K00884	373.63
K00885	334.96
K00886	229.32
K00887	97.49
K00891	1339.07
K00892	361.07
K00895	7
K00897	2.25
K00899	15.87
K00901	695.97
K00906	360.97
K00912	457.95
K00917	335.18
K00918	0
K00919	1015.91
K00924	25.83
K00925	1109.91
K00926	1221.1
K00927	1020
K00928	1347
K00929	1.87
K00930	944.11
K00931	689.86
K00932	348.83
K00936	345.15
K00937	564.18
K00938	347.44
K00939	1020
K00940	1017.75
K00941	864.47
K00942	1021
K00943	1007
K00945	1011.06
K00946	684.77
K00947	1
K00948	1036.58
K00949	335.23
K00950	1020.82
K00951	1037.25
K00952	0
K00954	1021
K00955	8.33
K00956	618.94
K00957	626.26
K00958	96.2
K00960	0
K00962	1020
K00963	1564.47
K00965	449.02
K00966	221.31
K00968	1
K00969	1250.42
K00970	684.77
K00971	660.61
K00972	235.74
K00973	1072.42
K00974	789.18
K00975	586.2
K00978	279.95
K00979	457.45
K00980	355.1
K00981	1061.03
K00982	693.27
K00983	94.39
K00984	296.26
K00986	3.24
K00988	0
K00989	685.77
K00990	662.43
K00991	1151.06
K00992	108.24
K00995	1243.55
K00996	283.67
K00997	1009.99
K00998	335.55
K00999	1
K01000	1020
K01002	370.42
K01003	4.33
K01004	5.84
K01006	108.65
K01007	671.58
K01008	376.07
K01011	1020.09
K01012	1064.14
K01014	0
K01015	0
K01023	569.68
K01026	14.77
K01027	0.26
K01028	264.29
K01029	166.79
K01031	42.33
K01032	32.4
K01034	36.74
K01035	36.74
K01039	6.74
K01040	5.74
K01042	702.72
K01046	827.29
K01048	349.71
K01051	347.72
K01053	24.27
K01055	180.08
K01056	1235.72
K01057	330.97
K01058	417.26
K01060	2.09
K01061	441.87
K01066	1169.75
K01067	0
K01069	568.36
K01070	491.15
K01071	3.09
K01073	0.5
K01075	7.34
K01077	571.47
K01078	2.25
K01079	680.36
K01081	527.5
K01082	642.66
K01083	5.32
K01085	348.09
K01086	0
K01087	591.26
K01089	348.21
K01090	523.36
K01091	1115.66
K01092	1577.22
K01093	73.28
K01095	452.61
K01096	351.54
K01101	2.1
K01104	2065.44
K01113	185.33
K01114	332.38
K01115	0
K01117	0
K01118	710.56
K01119	364.33
K01120	0
K01121	0
K01126	2562.43
K01128	0
K01129	592.43
K01130	195.75
K01133	1.84
K01135	0
K01137	0
K01138	94.83
K01139	458.69
K01141	354.55
K01142	1029.99
K01143	258
K01144	2
K01146	347.21
K01147	446.54
K01150	350.05
K01151	689.36
K01153	1164.96
K01154	1141.14
K01155	196.57
K01156	767.51
K01158	0
K01159	686.77
K01160	266.19
K01163	0
K01166	9.16
K01167	2.5
K01169	350.05
K01173	32.7
K01174	569.08
K01175	348.54
K01176	703.83
K01178	0
K01179	385.02
K01181	1.01
K01182	2
K01183	276.42
K01184	0.52
K01185	806.78
K01186	169.65
K01187	753.51
K01190	85.18
K01191	2.83
K01192	2
K01193	774.64
K01194	710.41
K01195	47.89
K01197	0
K01198	35.72
K01200	53.72
K01201	12
K01205	0
K01206	2.84
K01207	700.25
K01208	100.49
K01209	1
K01210	1.99
K01212	1
K01215	1.84
K01216	0
K01218	0
K01219	0.51
K01220	334.4
K01222	401.38
K01223	1397.99
K01224	19.87
K01226	676.57
K01227	2.34
K01230	0
K01232	89.11
K01233	0.2
K01235	0
K01236	125.79
K01239	860.68
K01240	0
K01241	558.75
K01243	940.57
K01246	1116.53
K01247	357.2
K01250	583.95
K01251	233.17
K01252	356.19
K01253	2.99
K01255	1054.16
K01256	709.51
K01258	1016.7
K01259	539.39
K01261	333.23
K01262	820.95
K01263	0
K01264	0.5
K01265	1274.16
K01266	1.83
K01267	230.22
K01269	0
K01270	356.46
K01271	846.09
K01273	19.1
K01274	247.99
K01277	0
K01278	3
K01281	3.34
K01283	3
K01284	589.77
K01286	110.69
K01295	11.33
K01297	454.38
K01299	28.17
K01301	0
K01303	0
K01304	366.07
K01305	333.34
K01308	0
K01318	487.35
K01322	289.21
K01325	0
K01338	462.29
K01342	0
K01347	300.1
K01350	0
K01354	583.04
K01355	12.41
K01356	928.83
K01358	1252.14
K01361	0.5
K01372	161.9
K01387	0
K01389	0
K01390	1.34
K01392	5.33
K01399	2.5
K01400	0
K01401	251.61
K01406	3.83
K01407	362.21
K01409	1033.24
K01414	460.88
K01415	3.5
K01416	0
K01417	0
K01419	687.18
K01420	577.79
K01421	627.62
K01424	1719.28
K01425	557.21
K01426	164.87
K01427	11.91
K01428	568.14
K01429	557.55
K01430	558.55
K01432	1.63
K01433	489.7
K01434	32.81
K01436	410.83
K01437	0
K01438	453.89
K01439	1401.95
K01442	690.3
K01443	889.37
K01444	0
K01446	235.74
K01447	5.5
K01448	1835.73
K01449	0
K01451	484.84
K01452	0.99
K01453	8.95
K01455	16.21
K01457	9.71
K01458	3.99
K01459	3.99
K01460	340.28
K01461	1
K01462	1583.51
K01464	54.83
K01465	1369.03
K01466	333.83
K01467	47.47
K01468	596.56
K01469	3.19
K01470	31.87
K01471	0.51
K01473	127.54
K01474	127.54
K01476	260.54
K01477	19.57
K01478	660.15
K01479	612.5
K01480	447.86
K01482	2.71
K01483	71.69
K01484	369.25
K01485	473.69
K01486	63.38
K01487	77.81
K01488	431.52
K01489	789.57
K01491	1021.02
K01492	0
K01493	344.22
K01494	676.97
K01495	598.26
K01496	336.41
K01497	453.6
K01499	0
K01501	100.43
K01502	1.5
K01505	4.33
K01507	718.95
K01512	911.38
K01515	1018.58
K01518	0
K01520	936.21
K01521	364.05
K01523	331.98
K01524	1376.77
K01525	453.95
K01531	651.76
K01533	230.68
K01534	507.39
K01535	0
K01537	19.91
K01539	0
K01545	18.84
K01546	688.18
K01547	674.18
K01548	674.3
K01551	72.35
K01555	12.17
K01556	7.34
K01560	257.61
K01561	46.23
K01563	2.6
K01567	0
K01568	1.5
K01569	1
K01571	519.52
K01572	409.32
K01573	351.95
K01574	3.19
K01575	709.8
K01576	3.01
K01577	37.2
K01578	1.5
K01579	828.28
K01580	89.31
K01581	769.87
K01582	922.74
K01583	1.34
K01584	337.68
K01585	444.87
K01586	1818.7
K01588	1020
K01589	1018
K01590	5.95
K01591	1021
K01593	1.33
K01594	0
K01595	668.19
K01596	231.81
K01597	347.44
K01598	3.09
K01599	1028.91
K01601	4.5
K01602	2
K01607	452.34
K01608	325.36
K01609	669.79
K01610	705.11
K01611	353.2
K01613	459.71
K01615	1
K01616	220.32
K01617	0.99
K01619	1229.15
K01620	726.99
K01621	8.67
K01622	0.01
K01623	339.15
K01624	1061.79
K01625	659.21
K01626	1530.54
K01627	457.45
K01628	357.4
K01629	89.09
K01630	349.21
K01631	107.75
K01633	1011.41
K01635	412.29
K01637	584.33
K01638	523.77
K01639	753.88
K01640	129.97
K01641	346.43
K01643	636.78
K01644	878.19
K01646	622.78
K01647	1067.63
K01649	1284.27
K01652	2151.18
K01653	1128.97
K01654	95.39
K01655	0
K01657	1003.5
K01658	882.69
K01659	677.53
K01661	906.93
K01662	684.47
K01664	463.71
K01665	689.7
K01666	249.94
K01667	59.05
K01668	0
K01669	819.21
K01671	332.29
K01673	825.3
K01674	15.8
K01676	841.6
K01677	26.84
K01678	26.84
K01679	1017.76
K01681	1076.64
K01682	466.95
K01683	0
K01684	240.94
K01685	63.88
K01686	376.26
K01687	1080.88
K01689	1026
K01690	451.36
K01692	241.72
K01693	483.84
K01695	1015.13
K01696	1025.62
K01697	72.25
K01698	1023.17
K01699	316.39
K01702	1.99
K01703	1043.9
K01704	1045.23
K01706	356.54
K01707	105.32
K01708	360.85
K01709	277.96
K01710	1265.92
K01711	338.37
K01712	608.57
K01713	15.22
K01714	1478.74
K01715	5.51
K01716	354.54
K01719	798.99
K01720	579.06
K01721	6
K01724	133.55
K01725	53.7
K01727	237.58
K01728	4
K01729	1.84
K01730	18.49
K01732	0
K01733	1024.02
K01734	351.71
K01735	1083.47
K01736	1020
K01737	864.99
K01738	1744.5
K01739	948.76
K01740	350.71
K01744	802.53
K01745	601.2
K01746	1.25
K01749	1014.91
K01750	617.33
K01751	89.59
K01752	2344.81
K01753	354.51
K01754	1800.12
K01755	1018.74
K01756	1030.97
K01758	14.77
K01759	510.63
K01760	802.06
K01761	25.17
K01766	351.04
K01768	156.42
K01769	0.99
K01770	671.07
K01771	235.74
K01772	1030.08
K01775	2041.27
K01776	1020
K01777	1
K01778	685.5
K01779	313.99
K01781	1
K01782	371.72
K01783	1330.15
K01784	1646.13
K01785	1212.93
K01787	0
K01788	1139.91
K01790	715.73
K01791	1272.03
K01792	542.47
K01795	1.84
K01796	22.1
K01799	2.5
K01800	10.89
K01801	307.93
K01802	321.93
K01803	1037.89
K01804	358.12
K01805	372.7
K01807	789.68
K01808	273.83
K01809	1231.56
K01810	1111.33
K01811	631.43
K01812	468.68
K01813	347.09
K01814	809.75
K01815	334.34
K01816	899.44
K01817	684.66
K01818	350.55
K01819	667.12
K01820	0.59
K01821	500.42
K01822	1
K01823	904.12
K01825	354.62
K01826	344.41
K01829	0
K01834	1349.23
K01835	955.74
K01838	143.21
K01839	683.13
K01840	1145.37
K01841	0.33
K01843	3.83
K01844	0.41
K01845	1373.56
K01846	14.15
K01847	406.64
K01848	0.41
K01849	1.41
K01851	0.5
K01854	523.16
K01856	143.52
K01857	263.2
K01858	200.96
K01865	0
K01866	1020.51
K01867	1324.7
K01868	1112.39
K01869	1020
K01870	1020
K01872	1020
K01873	1020.01
K01874	1021.5
K01875	1034
K01876	1021.25
K01878	461.54
K01879	461.54
K01880	558.46
K01881	1020
K01883	1034.86
K01884	0.5
K01885	911.09
K01886	461.45
K01887	1020.2
K01889	1021
K01890	1020
K01892	1023.24
K01893	697.44
K01894	455.45
K01895	1053.14
K01896	0
K01897	1442.23
K01902	916.16
K01903	916.16
K01904	0
K01905	0
K01906	315.6
K01907	5.9
K01908	336.72
K01909	0
K01910	622.78
K01911	906.67
K01912	173.91
K01914	352.05
K01915	1280.56
K01916	992.01
K01918	1071.94
K01919	462.2
K01920	455.45
K01921	1373.28
K01922	3.09
K01923	1026.48
K01924	1021
K01925	1020
K01926	337.23
K01928	691.53
K01929	1034
K01933	1019.01
K01934	779.76
K01935	1289.42
K01937	936.02
K01938	542.77
K01939	1019
K01940	1017.41
K01941	9.03
K01945	1019
K01947	94.83
K01950	30.97
K01951	1549.74
K01952	2042.98
K01953	592.78
K01955	1020.25
K01956	1019.25
K01958	549.53
K01959	2.83
K01960	6.81
K01961	1125.34
K01962	791.68
K01963	974.63
K01965	8
K01966	478.59
K01968	14.91
K01969	29.15
K01971	26.65
K01972	1369.54
K01974	68.21
K01975	466.39
K01989	145.16
K01990	5656.1
K01991	498.06
K01992	5624.78
K01993	727.52
K01994	0
K01995	436.22
K01996	444.16
K01997	441.57
K01998	449.75
K01999	803.31
K02000	125.92
K02001	383.42
K02002	447.81
K02003	2678.17
K02004	2134.58
K02005	253.7
K02006	330.32
K02007	65.98
K02008	324.39
K02009	322.39
K02010	351.91
K02011	402.33
K02012	643.92
K02013	4292.55
K02014	1638.64
K02015	7109.32
K02016	5900.43
K02017	696.88
K02018	854.91
K02019	357.16
K02020	1166.21
K02021	353.4
K02022	6.47
K02024	428.31
K02025	288.97
K02026	298.21
K02027	312.72
K02028	1420.27
K02029	1234.24
K02030	1720.05
K02031	958.4
K02032	2417.83
K02033	2071.92
K02034	2176.72
K02035	2594.23
K02036	929.17
K02037	925.48
K02038	926.27
K02039	926.1
K02040	1006.51
K02041	607.24
K02042	1050.82
K02043	58.43
K02044	695.35
K02045	473.36
K02046	473.86
K02047	473.86
K02048	830.57
K02049	671.69
K02050	438.12
K02051	540.5
K02052	133.23
K02053	85.67
K02054	85.42
K02055	219.7
K02056	424.63
K02057	579.13
K02058	413.35
K02062	351.2
K02063	445.04
K02064	459.04
K02065	465.02
K02066	469.02
K02067	476.02
K02068	692.35
K02069	696.27
K02071	1679.41
K02072	1663.93
K02073	1928.53
K02074	394.3
K02075	399.46
K02076	330.14
K02077	452.28
K02078	1313.82
K02079	47.38
K02080	48.95
K02081	64.3
K02082	132.32
K02083	336.8
K02086	333.23
K02092	0
K02093	0
K02094	0
K02095	0
K02096	0
K02097	0
K02099	351.17
K02100	339.15
K02103	0.67
K02106	45.63
K02107	2
K02108	1019
K02109	1021.5
K02110	1019
K02111	1019
K02112	1019
K02113	781.92
K02114	1019.5
K02115	1019
K02116	456.03
K02117	4
K02118	4
K02119	4
K02120	4
K02121	3
K02122	4
K02123	4
K02124	4
K02160	1139.35
K02164	2.49
K02167	68.42
K02168	395.63
K02169	562.78
K02170	449.2
K02171	240.74
K02172	240.74
K02173	47.5
K02182	347.66
K02188	325.38
K02189	319.23
K02190	310.39
K02191	310.39
K02192	414.65
K02193	372.9
K02194	348.86
K02195	348.86
K02196	346.86
K02197	348.86
K02198	355.79
K02199	356.79
K02200	406.01
K02203	13.16
K02204	109.24
K02205	0.5
K02217	897.67
K02221	921.17
K02224	402.06
K02225	5.83
K02226	360.87
K02227	392.85
K02228	64.09
K02229	102.09
K02230	68.09
K02231	536.32
K02232	389.85
K02233	536.82
K02234	4.83
K02236	333.23
K02237	1314.15
K02238	1008.16
K02239	0
K02240	333.23
K02241	0
K02242	333.23
K02243	333.23
K02244	333.23
K02245	332.73
K02246	323.23
K02247	0
K02248	3.09
K02249	0
K02250	330.14
K02251	0
K02253	0
K02254	0
K02255	354.14
K02258	8.83
K02259	560.29
K02274	260.45
K02275	240.12
K02276	233.15
K02277	0.99
K02278	7.4
K02279	22.82
K02280	22.33
K02281	2.51
K02282	24.27
K02283	253.59
K02284	0
K02285	0
K02286	0
K02287	0
K02288	0
K02289	0
K02290	0
K02291	106.32
K02292	0
K02293	0
K02294	0
K02297	360.22
K02298	595.96
K02299	599.45
K02300	595.96
K02302	530.75
K02303	622.76
K02304	333.81
K02305	3.48
K02313	1020
K02314	1374.79
K02315	396.32
K02316	1019
K02317	354.14
K02334	113.51
K02335	1023.31
K02336	365.04
K02337	1123.19
K02338	1020.99
K02339	456.2
K02340	1020
K02341	1020
K02342	1712.77
K02343	1021
K02344	348.21
K02345	362.08
K02346	1029.66
K02347	330.15
K02348	458.33
K02351	10.92
K02352	335.26
K02355	1052.78
K02356	1381.21
K02357	1020
K02358	1293.55
K02361	574.84
K02362	343.11
K02363	358.02
K02364	354.28
K02371	43.59
K02372	791.68
K02377	333.36
K02379	864.43
K02380	351.7
K02381	336.96
K02383	0
K02385	2
K02386	343.18
K02387	347.18
K02388	348.68
K02389	348.18
K02390	348.19
K02391	357.68
K02392	345.18
K02393	347.18
K02394	359.18
K02395	327.67
K02396	346.18
K02397	344.68
K02398	340.67
K02399	338.17
K02400	407.68
K02401	347.18
K02402	351.72
K02403	337.72
K02404	6.33
K02405	346.79
K02406	375.58
K02407	358.67
K02408	347.06
K02409	361.06
K02410	345.06
K02411	347.05
K02412	361.06
K02413	338.55
K02414	341.55
K02415	347.89
K02416	359.18
K02417	347.68
K02418	340.67
K02419	348.18
K02420	347.18
K02421	347.18
K02422	343.67
K02423	337.46
K02424	783.45
K02425	332.34
K02426	700.74
K02427	456.45
K02428	1202.26
K02429	757.94
K02430	370.76
K02431	364.47
K02433	812
K02434	671.79
K02435	671.79
K02436	321.21
K02437	911.73
K02438	868.85
K02439	351.04
K02440	788.06
K02441	350.03
K02442	5.33
K02443	387.55
K02444	777.36
K02445	797.22
K02446	603.81
K02448	3.48
K02450	2
K02451	15.87
K02452	58.4
K02453	75.45
K02454	84.99
K02455	72.71
K02456	83.87
K02457	61.87
K02458	66.7
K02459	66.71
K02460	66.2
K02461	66.2
K02462	64.2
K02463	24.68
K02464	16.87
K02465	9.55
K02466	347.21
K02467	347.33
K02468	347.38
K02469	1028
K02470	1028
K02471	239.38
K02472	690.48
K02473	259.5
K02474	267.92
K02475	102.91
K02476	114.15
K02477	414.08
K02478	424.94
K02479	0
K02480	4
K02481	5
K02482	1.5
K02483	666.24
K02484	794.1
K02485	347.21
K02486	0.5
K02487	266.7
K02488	3.5
K02490	0
K02491	0
K02492	1013.41
K02493	1033.5
K02494	453.95
K02495	1783.13
K02496	448.87
K02497	94.4
K02498	451.87
K02499	336.64
K02500	925.93
K02501	928.38
K02502	109.24
K02503	796.27
K02504	347.33
K02505	359.12
K02506	346.7
K02507	357.98
K02508	349.88
K02509	451.62
K02510	555.19
K02511	343.58
K02517	807.09
K02518	1032.5
K02519	1036
K02520	1020
K02521	348.21
K02523	456.45
K02525	28.01
K02526	389.53
K02527	471.45
K02528	1020
K02529	2718.85
K02530	332.56
K02531	2.79
K02532	219.69
K02533	449.16
K02535	457.45
K02536	457.57
K02538	319.94
K02545	235.74
K02547	235.74
K02548	909.15
K02549	906.67
K02550	35.08
K02551	906.67
K02552	699.28
K02553	483.84
K02554	150.2
K02556	349.88
K02557	398.27
K02558	439.95
K02560	349.26
K02562	347.21
K02563	1020
K02564	897.69
K02565	347.21
K02566	554.69
K02567	349.83
K02568	335.83
K02569	336.82
K02570	335.83
K02571	2.49
K02572	333.84
K02573	333.34
K02574	333.34
K02575	835.22
K02584	1.5
K02585	1.5
K02586	1.5
K02587	1.5
K02588	2.49
K02589	0
K02590	0
K02591	1.5
K02592	1.5
K02593	1.5
K02594	1.49
K02595	1.5
K02596	1.5
K02597	2.99
K02598	334.34
K02600	1020.12
K02601	1013.08
K02609	165.41
K02610	165.41
K02611	165.41
K02612	165.41
K02613	165.41
K02614	177.03
K02615	48.1
K02616	55.07
K02617	53.16
K02618	162.91
K02619	674.84
K02621	789.68
K02622	789.68
K02623	1.51
K02624	189.47
K02625	5.51
K02626	0.59
K02634	0
K02635	0
K02636	0
K02637	0
K02638	0
K02639	0.99
K02640	0
K02641	0
K02642	0
K02643	0
K02647	645.81
K02650	75.94
K02651	27.82
K02652	107.82
K02653	109.15
K02654	324
K02655	209.49
K02656	106.74
K02657	10.66
K02658	10.66
K02659	10.66
K02660	10.66
K02661	1.49
K02662	11.07
K02663	105.74
K02664	105.74
K02665	105.41
K02666	105.74
K02667	18.83
K02668	18.83
K02669	454.77
K02670	204.32
K02671	105.74
K02672	108.24
K02673	99.66
K02674	109.66
K02676	105.16
K02679	336.91
K02680	348.21
K02681	348.21
K02682	347.33
K02686	349.71
K02687	795.66
K02688	337.06
K02689	0
K02690	0
K02691	0
K02692	0
K02693	0
K02694	0
K02696	0
K02697	0
K02698	0
K02699	0
K02700	0
K02702	0
K02703	0
K02704	0
K02705	0
K02706	0
K02707	0
K02708	0
K02709	0
K02710	0
K02711	0
K02712	0
K02713	0
K02714	0
K02715	0
K02716	0
K02717	0
K02718	0
K02719	0
K02720	0
K02722	0
K02723	0
K02724	0
K02742	348.2
K02744	52.09
K02745	49.22
K02746	49.22
K02747	49.22
K02750	520.4
K02753	76.23
K02755	235.74
K02756	0
K02757	556.94
K02759	476.76
K02760	492.28
K02761	521.5
K02763	0
K02765	594.38
K02768	6.82
K02769	6.32
K02770	1853.29
K02771	0.25
K02773	1170.94
K02774	1169.94
K02775	1157.1
K02777	730.81
K02778	14.87
K02779	352.64
K02781	384.07
K02783	746.36
K02784	349.21
K02786	333.06
K02788	335.4
K02791	413.77
K02793	128.64
K02794	481.8
K02795	488.8
K02796	474.63
K02798	295.11
K02799	0
K02800	739.82
K02802	1
K02803	2
K02804	755.82
K02805	348.54
K02806	453.37
K02810	1097.53
K02812	34.73
K02813	27.8
K02814	27.8
K02815	26.8
K02819	683.5
K02821	1811.19
K02822	1348.93
K02823	5.38
K02824	780.1
K02825	562.88
K02826	94.4
K02827	330.14
K02828	94.4
K02829	94.4
K02834	1020
K02835	1020
K02836	1020
K02837	1010
K02838	1020
K02839	322.54
K02840	297.14
K02841	447.37
K02843	465.87
K02844	352.03
K02846	347.21
K02847	333.84
K02848	335.17
K02849	347.21
K02850	332.34
K02851	908.42
K02852	348.21
K02853	348.21
K02854	352.81
K02855	351.17
K02856	347.21
K02858	353.04
K02859	0
K02860	1020
K02862	0
K02863	1013.07
K02864	1020
K02867	1013.07
K02871	1020
K02874	1029.17
K02876	937.84
K02878	925.17
K02879	1029.5
K02881	1020
K02884	1020
K02886	1037
K02887	1020
K02888	1020
K02890	1028.5
K02891	0
K02892	1028.5
K02895	1029.18
K02897	1015.91
K02899	1013.07
K02902	1021
K02904	1028.5
K02906	1028.5
K02907	1028.5
K02909	1451.91
K02911	1012.66
K02913	1416.59
K02914	713.16
K02916	1020
K02919	1090.26
K02926	1028.5
K02927	0
K02931	1029.17
K02933	1029.5
K02935	1020
K02936	0
K02939	1019
K02945	1019
K02946	1020
K02948	921.4
K02950	1020
K02952	1028.5
K02954	1360.14
K02956	1020
K02959	1019
K02961	1028.5
K02963	1019
K02965	1028.5
K02967	1020
K02968	1012.06
K02970	790.69
K02972	347.21
K02982	1028.5
K02986	1029.5
K02988	1037
K02990	1018.01
K02992	1020
K02994	1029.5
K02996	1020
K03040	1028.5
K03043	1020
K03046	1020
K03048	334.23
K03060	1020
K03070	1501.01
K03071	530.98
K03072	700.71
K03073	1010.72
K03074	699.77
K03075	1017.17
K03076	1290.19
K03077	335.91
K03078	337.03
K03079	335.91
K03086	1022.99
K03087	577.86
K03088	1931.31
K03089	456.47
K03090	335.55
K03091	331.14
K03092	458.71
K03093	0
K03095	333.23
K03098	498.89
K03100	1499.39
K03101	1020
K03106	1020
K03110	1020
K03111	2283.34
K03112	350.04
K03113	354.04
K03116	1115.77
K03117	694.36
K03118	1021.21
K03119	95.13
K03146	0
K03147	594.91
K03148	347.33
K03149	734.6
K03150	347.21
K03151	686.27
K03152	354.79
K03153	378.68
K03154	468.04
K03168	1024.33
K03169	973.56
K03177	1020
K03179	457.7
K03181	467.95
K03182	473.56
K03183	1016.4
K03184	348.21
K03185	363.12
K03186	803.78
K03187	545.17
K03188	557.23
K03189	559.54
K03190	559.54
K03191	0
K03192	12.8
K03194	45.33
K03195	40.75
K03196	35.55
K03197	20.38
K03198	4.98
K03199	38.39
K03200	38.39
K03201	33.53
K03202	0
K03203	32.41
K03204	39.26
K03205	27.35
K03206	0
K03207	332.34
K03208	332.16
K03210	1019.05
K03212	350.21
K03214	348.21
K03215	696.85
K03216	1012
K03217	1403.14
K03218	1020
K03219	580.32
K03220	289.23
K03221	607.38
K03222	602.55
K03223	3.34
K03224	579.99
K03225	619.6
K03226	613.22
K03227	613.22
K03228	627.22
K03229	623.78
K03230	593.99
K03263	0
K03269	453.95
K03270	454.95
K03271	454.35
K03272	353.54
K03273	452.86
K03274	446.54
K03275	53.04
K03276	75.5
K03277	11.3
K03278	327.86
K03279	342.37
K03280	317.56
K03281	707.61
K03282	923.92
K03284	1224.91
K03285	0
K03286	378.45
K03287	0
K03288	325.8
K03289	347.21
K03290	358.91
K03291	463.81
K03292	1489.95
K03293	947.93
K03294	731.7
K03296	345.82
K03297	346.57
K03298	17.24
K03299	1253.99
K03300	465.01
K03301	1.99
K03303	936.4
K03304	392.25
K03305	2317.14
K03306	652.06
K03307	1284.94
K03308	739.34
K03309	0.01
K03310	1859.77
K03311	1464.82
K03312	911.75
K03313	372.03
K03314	349.71
K03315	712.73
K03316	1130.03
K03317	107.88
K03319	820.25
K03320	1071.2
K03321	749.2
K03322	753.56
K03324	608.66
K03325	271.74
K03326	463.39
K03327	884.89
K03328	751.22
K03329	332.22
K03332	1
K03333	13.84
K03335	161.78
K03336	136.2
K03337	136.2
K03338	136.2
K03339	235.74
K03340	113.28
K03342	101.42
K03343	18.36
K03346	333.23
K03365	101
K03366	448.61
K03367	333.23
K03379	7.86
K03380	248.83
K03381	244.31
K03382	0
K03383	3
K03385	389.32
K03386	1124.17
K03387	718.95
K03388	0
K03389	0
K03390	0
K03391	1.41
K03392	10.2
K03394	323.23
K03395	0
K03396	1
K03399	310.89
K03402	1151.68
K03403	2.49
K03404	180.19
K03405	219.26
K03406	692.88
K03407	366.68
K03408	356.54
K03409	1.59
K03410	1
K03411	7
K03412	357
K03413	367.68
K03414	343.66
K03415	304.14
K03416	66.01
K03417	678.2
K03418	0.02
K03424	1829.99
K03425	347.21
K03426	571.93
K03427	1340.76
K03428	1.49
K03429	330.14
K03430	306.54
K03431	1020
K03432	8
K03433	8
K03435	376.71
K03436	637.82
K03437	668.45
K03438	1020
K03439	1020
K03442	1111.98
K03444	0
K03445	348.22
K03446	517.67
K03449	700.03
K03451	379.71
K03453	768.47
K03455	793.17
K03457	53.73
K03458	18.57
K03459	36.37
K03462	5.5
K03464	152.44
K03465	236.93
K03466	1996.78
K03468	354.14
K03469	831.96
K03470	1020.01
K03471	333.23
K03472	354.04
K03473	354.62
K03474	455.45
K03475	1557.72
K03476	418.28
K03477	336.91
K03478	355.52
K03480	309.93
K03481	329.61
K03482	98.17
K03483	247.61
K03484	427.13
K03485	333.21
K03486	330.86
K03487	62.37
K03488	335.9
K03489	314.14
K03490	347.09
K03491	2.34
K03492	17.21
K03493	79.37
K03495	792.68
K03496	849.65
K03497	1156.21
K03498	703.45
K03499	1132.3
K03500	1133.84
K03501	1020
K03502	1070.28
K03503	741.88
K03516	332.34
K03517	586.04
K03518	14.12
K03519	10.5
K03520	12.5
K03521	712.41
K03522	701.11
K03523	565.31
K03524	926.17
K03525	17.66
K03526	673.57
K03527	675.07
K03528	355.62
K03529	689.4
K03530	810.63
K03531	1022.01
K03532	321.16
K03533	321.04
K03534	348.8
K03535	728.22
K03536	758.77
K03537	0
K03543	509.71
K03544	1019
K03545	1020
K03546	708.78
K03547	694.77
K03548	350.71
K03549	475.94
K03550	1020
K03551	1034
K03553	1020.98
K03554	449.37
K03555	805.43
K03556	360.62
K03557	453.95
K03558	458.45
K03559	492.41
K03560	367.44
K03561	482.59
K03562	363.94
K03563	356.8
K03564	1019.25
K03565	1020.48
K03566	415.39
K03567	350.63
K03568	455.87
K03569	362.87
K03570	458.86
K03571	457.86
K03572	791.43
K03573	348.21
K03574	1729.34
K03575	1092.53
K03576	454.45
K03577	434.12
K03578	777.1
K03579	582.43
K03580	355.61
K03581	794.69
K03582	472.45
K03583	472.45
K03584	1034
K03585	535.25
K03586	453.95
K03587	998.27
K03588	1034.51
K03589	1020
K03590	789.68
K03591	348.21
K03592	451.87
K03593	1015.91
K03594	572.02
K03595	1020
K03596	1028.5
K03597	352.54
K03598	351.54
K03599	453.95
K03600	453.95
K03601	1020
K03602	969.47
K03603	348.21
K03604	348.21
K03605	943
K03606	357.49
K03607	357.76
K03608	450.97
K03609	454.95
K03610	454.95
K03611	740.63
K03612	351.7
K03613	351.7
K03614	353.7
K03615	363.64
K03616	453.95
K03617	351.7
K03618	621.39
K03619	593.38
K03620	607.4
K03621	779.17
K03623	392.24
K03624	1018
K03625	983.48
K03628	1016.91
K03629	921.67
K03630	903.32
K03631	1020
K03632	362.21
K03633	348.21
K03634	453.95
K03635	866
K03636	687.43
K03637	848.94
K03638	686.41
K03639	856.75
K03640	354.69
K03641	354.69
K03642	463.05
K03643	456.45
K03644	1018.91
K03645	348.21
K03646	369.07
K03647	993.46
K03648	1018.5
K03649	444.95
K03650	790.68
K03651	356.12
K03652	509.3
K03653	1
K03654	1247.66
K03655	1119.37
K03656	453.95
K03657	1513.49
K03658	347.22
K03660	1
K03664	1020
K03665	1019
K03666	786.59
K03667	687.18
K03668	350.04
K03669	354.53
K03670	354.53
K03671	1262.65
K03672	370.36
K03673	950.85
K03674	348.21
K03675	427.17
K03676	473.44
K03680	0
K03683	355.62
K03684	601.34
K03685	1020
K03686	1256.32
K03687	1026
K03688	482.28
K03690	367.62
K03692	0
K03693	238.83
K03694	455.45
K03695	1036.91
K03696	564.47
K03697	3.09
K03698	333.23
K03699	264.52
K03700	333.9
K03701	1085.23
K03702	1020
K03703	1041.07
K03704	3416.12
K03705	569.55
K03706	333.23
K03707	138.03
K03708	334.23
K03709	807.83
K03710	768.96
K03711	1049.68
K03712	344.85
K03713	333.23
K03716	1
K03717	354.04
K03718	350.47
K03719	699.4
K03720	362.21
K03721	364.03
K03722	865.39
K03723	1037.99
K03724	403.29
K03727	228.32
K03731	0
K03732	355.62
K03733	1015.9
K03734	652.92
K03735	370.29
K03736	370.41
K03737	361.71
K03738	0
K03739	333.23
K03740	333.23
K03741	274.09
K03742	6.5
K03743	689.59
K03744	38.07
K03745	454.95
K03746	405.79
K03747	350.21
K03748	348.21
K03749	353.54
K03750	1249.08
K03752	784.59
K03753	680.35
K03755	392.02
K03756	406.9
K03757	335.79
K03758	836.11
K03759	335.58
K03760	451.68
K03761	385.75
K03762	846.22
K03763	335.23
K03764	348.21
K03765	313.12
K03767	686.11
K03768	1013.5
K03769	476.65
K03770	457.45
K03771	457.86
K03772	557.79
K03773	406.15
K03774	358.12
K03775	455.95
K03776	379.38
K03777	461.77
K03778	1123.28
K03779	355.1
K03780	355.22
K03781	1035.28
K03782	372.44
K03783	21.93
K03784	993.17
K03785	786.6
K03786	257.18
K03787	460.82
K03788	349.71
K03789	1010.41
K03790	596.97
K03791	314.69
K03793	0.25
K03794	0.67
K03795	9.5
K03796	347.21
K03797	799
K03798	1039.96
K03799	541.75
K03800	1481.21
K03801	683.77
K03802	7.43
K03803	350.7
K03804	348.21
K03805	353
K03806	450.95
K03807	350.04
K03808	805.07
K03809	360.31
K03810	361.71
K03811	809.29
K03812	76.6
K03813	5.97
K03814	457.45
K03815	330.37
K03816	341.38
K03817	685.45
K03818	332.34
K03819	339.27
K03820	687.27
K03821	20.13
K03822	0
K03823	994.57
K03824	708.86
K03825	352.03
K03826	348.2
K03827	353.58
K03828	347.97
K03829	22.73
K03830	340.91
K03831	351.71
K03832	395.75
K03833	387.73
K03834	349.21
K03835	445.16
K03836	47.5
K03837	496.05
K03838	89.21
K03839	349.21
K03840	347.21
K03841	455.45
K03851	0
K03852	0
K03855	339.72
K03856	2.59
K03862	138.23
K03863	158.23
K03867	0
K03885	1015.21
K03886	0
K03887	0
K03888	0
K03889	221.32
K03890	221.32
K03891	221.32
K03892	1175.82
K03893	426.29
K03894	16.15
K03895	16.15
K03896	16.15
K03897	22.3
K03918	0
K03919	556.46
K03921	0
K03923	295.2
K03924	397.61
K03925	1009.83
K03926	349.21
K03928	663.41
K03929	898.49
K03930	3.09
K03931	36.32
K03932	329.16
K03933	1.84
K03943	0
K03969	356.21
K03970	347.21
K03971	347.21
K03972	418.73
K03973	363.82
K03974	363.21
K03975	684.57
K03976	917.58
K03977	1028.9
K03978	789.68
K03979	1020
K03980	691.47
K03981	473.58
K04013	333.34
K04014	333.34
K04015	333.34
K04016	333.34
K04017	327.61
K04018	356.13
K04019	356.5
K04020	345.59
K04021	352.52
K04022	349.57
K04023	346.09
K04024	353.21
K04025	345.59
K04026	345.59
K04027	87.59
K04028	353.21
K04029	667.91
K04030	352.67
K04031	660.98
K04032	352.66
K04033	353.87
K04034	2
K04035	1.49
K04036	1.49
K04037	1.49
K04038	1.49
K04039	1.49
K04040	1.49
K04041	331.64
K04042	1024.98
K04043	1026
K04044	453.95
K04045	80.54
K04046	358.38
K04047	961.32
K04049	0.5
K04050	0
K04051	0.5
K04052	0.5
K04053	0.5
K04054	0.5
K04056	0.5
K04057	0.5
K04058	290.14
K04059	0.5
K04060	0.5
K04061	5.33
K04062	342.78
K04063	364.44
K04064	335.71
K04065	351.04
K04066	1019
K04067	348.21
K04068	684.19
K04069	1278.7
K04070	0
K04072	595.24
K04073	244.96
K04074	333.23
K04075	1035
K04076	0
K04077	1262.87
K04078	1030.52
K04079	461.82
K04080	649.03
K04081	347.21
K04082	453.95
K04083	791.68
K04084	462.56
K04085	365.45
K04086	317.36
K04087	358.87
K04088	357.04
K04090	10.68
K04091	318.06
K04092	7
K04093	507.5
K04094	335.73
K04095	450.5
K04096	1028.99
K04098	301.75
K04099	21.17
K04100	4.48
K04101	100.98
K04102	0.01
K04103	678.84
K04105	2
K04107	0.5
K04108	0.5
K04109	0.5
K04110	0.5
K04112	0.5
K04113	0.5
K04114	0.5
K04115	0.5
K04116	1.49
K04117	1.75
K04127	0.5
K04128	0.5
K04333	347.09
K04334	346.22
K04335	334.72
K04336	332.22
K04337	333.21
K04338	333.83
K04343	6.17
K04477	364.21
K04478	94.4
K04480	0
K04485	1018
K04486	5.75
K04487	1457.61
K04488	1017.5
K04516	1.25
K04517	660.38
K04518	570
K04561	395.35
K04562	8.33
K04564	1603.13
K04565	549.86
K04566	3.5
K04567	1372.89
K04568	355.29
K04618	0
K04651	713.76
K04652	358.93
K04653	970.44
K04654	351.99
K04655	352.99
K04656	587.73
K04691	355.62
K04708	0
K04710	0
K04719	7.33
K04720	313.01
K04744	457.45
K04747	0
K04748	239.72
K04749	338.57
K04750	918.35
K04751	671.7
K04752	364.12
K04753	348.21
K04754	457.53
K04755	655.68
K04756	110.9
K04757	345.92
K04758	480.48
K04759	727.7
K04760	453.7
K04761	678.76
K04762	682.77
K04763	1029.91
K04764	456.45
K04765	353.79
K04766	325.14
K04767	9.09
K04768	344
K04769	0
K04770	348.21
K04771	705.05
K04772	355.71
K04773	469.32
K04774	455.92
K04775	347.21
K04780	0
K04781	2.5
K04782	2.84
K04783	81.7
K04784	80.03
K04785	2.5
K04786	3
K04787	0
K04788	0
K04793	2.5
K04794	2
K04805	0
K04835	14.15
K04844	47.38
K04940	331.15
K04962	0
K05020	331.31
K05245	332.22
K05275	1
K05281	0
K05286	0
K05296	0
K05297	7.92
K05299	0
K05301	1
K05303	0
K05304	0
K05306	306.54
K05311	331.14
K05337	344.34
K05338	329.97
K05339	329.97
K05340	253.91
K05341	2
K05342	16.84
K05343	223.82
K05346	77.36
K05349	491.6
K05350	29.02
K05351	0
K05352	488.49
K05356	0
K05358	29.1
K05362	333.23
K05363	2.25
K05364	11.6
K05365	355.62
K05366	1038.41
K05367	358.98
K05368	347.21
K05371	0
K05372	2.5
K05373	2.5
K05374	2.5
K05375	3.93
K05396	353.22
K05499	348.21
K05501	351.71
K05515	661.91
K05516	355.88
K05517	348.54
K05518	0
K05519	0
K05520	775.99
K05521	2
K05522	629.64
K05523	287.77
K05524	15.4
K05525	0
K05526	374.22
K05527	456.45
K05539	457.45
K05540	453.95
K05541	453.07
K05548	343.1
K05549	150.62
K05550	143.18
K05551	0
K05552	0
K05553	0
K05556	0
K05558	1
K05559	7.66
K05560	243.4
K05561	7.66
K05562	8.93
K05563	243.4
K05564	7.66
K05565	1557.29
K05566	660.28
K05567	1086.81
K05568	1087.06
K05569	1036.6
K05570	1035.01
K05571	1037.54
K05572	0
K05573	0
K05574	0
K05575	0
K05576	1
K05577	330.43
K05578	0
K05579	0
K05580	0
K05581	0
K05582	0
K05583	0
K05584	0
K05585	0
K05586	0
K05587	0
K05588	0
K05589	454.95
K05590	348.21
K05591	353.54
K05592	925.08
K05593	1.95
K05594	332.84
K05595	454.16
K05596	576.58
K05597	7.16
K05599	4.84
K05600	4.84
K05601	348.21
K05602	226.82
K05603	5.83
K05606	179.86
K05685	484.68
K05687	0
K05708	36.08
K05709	36.08
K05710	54.77
K05711	36.03
K05712	261.6
K05713	147.45
K05714	50.95
K05715	0
K05739	0
K05747	0
K05772	1.52
K05773	1.51
K05774	66.58
K05775	362.08
K05776	347.21
K05777	62.37
K05778	62.37
K05779	62.37
K05780	58.43
K05781	66.23
K05782	485.9
K05783	142.18
K05784	143.19
K05785	374.02
K05786	1006.91
K05787	344.11
K05788	456.45
K05789	346.84
K05790	347.21
K05791	3.24
K05792	2.25
K05793	9.61
K05794	342.71
K05795	13.4
K05796	378.92
K05797	0
K05798	347.21
K05799	511.53
K05800	355.05
K05801	352.04
K05802	695.41
K05803	348.21
K05804	420.36
K05805	448.87
K05807	456.45
K05808	361.62
K05809	348.21
K05810	1032.28
K05811	347.71
K05812	351.54
K05813	484.6
K05814	482.35
K05815	482.35
K05816	370.83
K05817	40.53
K05818	51.95
K05819	56.79
K05820	358.37
K05822	331.14
K05823	2.59
K05824	0
K05825	5.5
K05826	0
K05827	0.26
K05828	0
K05829	0
K05830	0
K05831	0
K05832	140.88
K05833	143.22
K05834	357.37
K05835	429.15
K05836	322.6
K05837	694.1
K05838	603.2
K05839	366.07
K05841	0
K05844	351.3
K05845	1088.96
K05846	2526.57
K05847	1423.27
K05851	365.04
K05873	1
K05874	100.14
K05875	645.98
K05876	88.34
K05877	47.5
K05878	403.54
K05879	421.15
K05880	62.37
K05881	140.23
K05882	101.49
K05884	0
K05886	0
K05887	74.34
K05889	1.01
K05895	392.22
K05896	671.79
K05898	99.41
K05910	0
K05913	0.51
K05916	814.48
K05917	0
K05919	1
K05921	351.46
K05922	0
K05927	0
K05928	0
K05929	0
K05934	315.39
K05936	384.49
K05937	3.64
K05939	349.21
K05946	334.13
K05951	1.49
K05952	112.44
K05962	0
K05964	633.67
K05966	622.95
K05967	0
K05970	0
K05973	6
K05979	2.5
K05982	348.2
K05984	347.21
K05985	335.23
K05986	0
K05988	0
K05989	9.96
K05991	1.41
K05992	0
K05994	0
K05995	448.98
K05996	1
K05997	347.21
K05998	0
K05999	0
K06001	13.32
K06006	333.21
K06011	0
K06012	0
K06013	5.5
K06015	18.69
K06016	71.82
K06019	6
K06020	98.33
K06021	0.01
K06023	432.56
K06024	671.79
K06033	0
K06034	0
K06039	348.21
K06041	457.45
K06042	399.48
K06044	428.97
K06045	1.5
K06048	587.72
K06049	1.49
K06073	347.21
K06074	347.21
K06075	369.25
K06076	460.57
K06077	354.16
K06078	647.2
K06079	347.54
K06080	347.21
K06113	2
K06118	36.29
K06120	13.25
K06121	13.25
K06122	19.25
K06131	1608.71
K06132	435.91
K06133	498.78
K06134	11.66
K06135	0.83
K06136	22.58
K06137	22.58
K06138	23.58
K06139	23.57
K06140	353.87
K06141	347.21
K06142	453.7
K06143	357.27
K06144	347.21
K06145	649.71
K06146	300.56
K06147	1956.33
K06148	944.95
K06149	391.64
K06151	17.71
K06152	17.71
K06153	1024.92
K06155	347.21
K06156	347.21
K06157	298.94
K06158	791.68
K06159	347.21
K06160	4.33
K06162	67.36
K06163	66.23
K06164	66.23
K06165	59.42
K06166	59.42
K06167	66.24
K06168	1016.91
K06169	318.42
K06173	1034
K06175	350.46
K06176	353.29
K06177	836.66
K06178	1020
K06179	566.73
K06180	1688.13
K06181	407.59
K06182	450.37
K06183	892.76
K06186	453.95
K06187	1020
K06188	84.37
K06189	453.95
K06190	455.46
K06191	573
K06192	448.37
K06193	635.45
K06194	463.45
K06195	355.04
K06196	230.17
K06197	347.72
K06198	332.23
K06199	1314.89
K06200	658.09
K06201	354.42
K06202	449.37
K06203	351.63
K06204	475.54
K06205	350.54
K06206	353.04
K06207	1020
K06208	2
K06209	330.14
K06211	350.46
K06212	348.45
K06213	695.72
K06214	333.95
K06215	559.8
K06216	252.61
K06217	1381.21
K06218	383.77
K06219	350.29
K06221	356.54
K06222	356.66
K06223	1272.73
K06257	0
K06281	686.5
K06282	699
K06283	0
K06284	0
K06285	0
K06286	333.23
K06287	731.88
K06288	0
K06289	0
K06290	0
K06291	0
K06292	0
K06293	0
K06294	0
K06295	0
K06296	0
K06297	0
K06298	0
K06299	0
K06300	0
K06301	0
K06302	0
K06303	0
K06304	0
K06305	0
K06306	0
K06307	0
K06308	0
K06309	0
K06310	0
K06311	0
K06312	0
K06313	0
K06314	0
K06315	0
K06317	1
K06318	0
K06319	0
K06320	0
K06321	0
K06322	0
K06323	0
K06324	0
K06325	0
K06327	0
K06328	0
K06329	0
K06330	0
K06331	0
K06332	0
K06333	0
K06334	0
K06335	0
K06336	0
K06337	0
K06338	0
K06340	0
K06341	0
K06342	0
K06343	0
K06344	0
K06345	0
K06346	15.09
K06347	94.4
K06348	0
K06349	0
K06350	235.74
K06351	0
K06355	0
K06360	0
K06361	0
K06362	0
K06364	0
K06365	0
K06366	0
K06368	0
K06369	0
K06370	0
K06371	0
K06372	0
K06373	0
K06374	0
K06375	0
K06377	2.2
K06378	1
K06379	0
K06380	0
K06381	1
K06382	0
K06383	0
K06384	0
K06385	0
K06386	0
K06387	0
K06388	0
K06390	0
K06391	0
K06392	0
K06393	0
K06394	0
K06395	0
K06396	0
K06397	0
K06398	0
K06399	0
K06400	4.02
K06401	0
K06402	0
K06403	0
K06404	0
K06405	0
K06406	0
K06407	0
K06408	0
K06409	0
K06410	0.5
K06411	0
K06412	332.14
K06413	0
K06415	2
K06416	0
K06417	0
K06418	0
K06419	0
K06421	0
K06422	0
K06423	0
K06425	0
K06426	0
K06427	0
K06428	0
K06431	0
K06432	0
K06433	0
K06434	0
K06436	0
K06437	0
K06438	0
K06439	0
K06440	0
K06442	231.91
K06443	16.37
K06445	355.21
K06446	7.01
K06447	394.16
K06518	1092.51
K06591	0
K06595	0
K06596	10.66
K06597	1.49
K06598	2.83
K06599	0.5
K06600	0.83
K06601	3.5
K06602	2.51
K06603	4.83
K06605	132.37
K06606	29.71
K06607	0
K06608	0
K06609	30.18
K06610	0
K06714	285.34
K06718	0.99
K06720	1
K06726	712.62
K06857	1.5
K06858	349.53
K06859	39.84
K06860	214.67
K06861	457.45
K06864	105.93
K06866	348.21
K06867	622.21
K06871	1356.88
K06872	60.64
K06873	0
K06876	5.58
K06877	242.32
K06878	374.81
K06879	357.12
K06880	0
K06881	542.71
K06882	0
K06883	0
K06884	958.03
K06885	346.48
K06886	663.45
K06887	351.34
K06888	24.32
K06889	861.68
K06890	1054.1
K06891	683.94
K06893	6.01
K06894	393.34
K06895	913.03
K06896	4.09
K06897	298.15
K06898	107.42
K06899	610.36
K06900	0
K06901	1477.79
K06902	134.79
K06903	619.4
K06904	25.31
K06905	874.53
K06906	599.57
K06907	880.24
K06908	874.41
K06909	266.92
K06910	1209.42
K06911	1266.19
K06912	1
K06915	83.54
K06916	480.91
K06917	353.04
K06918	349.71
K06919	449.03
K06920	788.08
K06921	0
K06922	0
K06923	108.24
K06925	1005.76
K06926	18.72
K06928	0
K06929	354.3
K06931	0
K06934	556.93
K06937	1
K06938	97.61
K06940	671.84
K06941	1025.78
K06942	1118.56
K06945	108.41
K06946	73.69
K06948	334.23
K06949	1020.5
K06950	688.19
K06951	0
K06952	54.21
K06953	2.5
K06954	113.56
K06955	6.92
K06956	983.85
K06957	334.21
K06958	1019.29
K06959	1009
K06960	14.09
K06962	332.64
K06966	1310.53
K06967	335.57
K06968	351.04
K06969	789.76
K06970	350.04
K06971	304.08
K06972	5.58
K06973	331.14
K06974	0
K06975	752.44
K06976	9
K06977	1
K06978	336.49
K06979	8.36
K06980	684.77
K06983	0
K06985	7.48
K06986	142.65
K06987	8.14
K06988	222.76
K06989	30.21
K06990	13
K06991	6.66
K06992	296.65
K06994	1226.6
K06995	310.9
K06996	597.51
K06997	1021
K06998	2.01
K06999	390.43
K07000	705.33
K07001	617.11
K07002	349.81
K07003	10.83
K07004	148.02
K07005	494.15
K07006	49.1
K07007	709.76
K07008	456.54
K07009	559.55
K07010	27.78
K07011	366.86
K07012	475.83
K07013	0
K07014	362.71
K07015	333.23
K07016	0
K07017	427.64
K07018	108.24
K07019	453.45
K07020	5.83
K07023	332.14
K07024	4517.67
K07025	1933.34
K07026	332.34
K07027	579.56
K07028	5.33
K07029	354.8
K07030	557.55
K07031	0
K07032	434.76
K07033	235.74
K07034	349.21
K07035	749.39
K07037	1
K07038	1182.11
K07039	445.27
K07040	1017
K07041	0
K07042	1019
K07043	787.13
K07044	40.97
K07045	463.89
K07046	1
K07047	380.62
K07048	348.21
K07050	2.82
K07051	0
K07052	2138.04
K07053	474.25
K07054	585.44
K07056	1118.33
K07057	0.5
K07058	1534.46
K07059	0
K07061	0
K07062	309.64
K07063	0
K07064	4
K07065	0
K07066	0
K07067	125.93
K07068	9.76
K07069	11
K07070	354.63
K07071	909.83
K07074	52.58
K07075	16.56
K07076	0
K07077	53.47
K07078	429.43
K07079	0
K07080	8.84
K07082	702.86
K07084	500.2
K07085	1112.42
K07086	0.99
K07088	747.28
K07089	179.16
K07090	2488.76
K07091	505.83
K07092	1.49
K07093	71.42
K07094	330.14
K07095	685.93
K07096	0
K07097	0
K07098	21.2
K07099	1
K07100	2.74
K07101	308.29
K07102	108.24
K07104	535.92
K07105	4.29
K07106	697.02
K07107	1614.89
K07109	399.67
K07110	327.94
K07112	838.02
K07113	621.24
K07114	320.82
K07115	456.45
K07116	6.99
K07117	9
K07118	72.48
K07119	773.43
K07120	1032.29
K07121	356.37
K07122	451.7
K07123	0
K07124	349.35
K07125	0
K07126	1086.38
K07127	381.4
K07129	0
K07130	3.34
K07131	108.08
K07132	334.1
K07133	26.38
K07136	348.21
K07137	9.32
K07138	0
K07139	682.44
K07140	367.44
K07141	59.24
K07145	331.14
K07146	1057.85
K07147	353.54
K07148	432.39
K07149	102.27
K07150	379.01
K07152	111.48
K07153	355.37
K07154	192.98
K07155	0
K07156	581.84
K07157	8.83
K07160	939.34
K07161	10.5
K07164	178.19
K07165	79.32
K07166	323.04
K07167	3.49
K07168	26.53
K07169	2
K07171	477.17
K07172	140.53
K07173	804.63
K07175	157.06
K07177	231.41
K07178	3.83
K07180	358.14
K07181	6
K07182	210.93
K07183	24.66
K07184	349.83
K07186	348.21
K07190	0
K07192	101.33
K07213	737.71
K07214	541.95
K07215	101.9
K07216	4.83
K07217	312.73
K07218	97.32
K07219	0.01
K07220	339.63
K07221	4
K07222	257.4
K07223	473.2
K07224	498.09
K07225	21.72
K07226	6.33
K07227	4.36
K07228	1
K07229	347.21
K07230	14.91
K07231	2.83
K07232	75.65
K07233	17.62
K07234	101.56
K07235	355.62
K07236	351.29
K07237	351.04
K07238	678.9
K07239	0
K07240	169.34
K07241	549.66
K07242	0
K07243	509.15
K07245	580.18
K07246	87.76
K07248	173.88
K07250	512.17
K07251	347.21
K07255	0
K07256	0
K07257	1
K07258	1783.98
K07259	678.02
K07260	17
K07261	349.71
K07262	454.95
K07263	77.24
K07264	363.37
K07265	94.83
K07266	94.83
K07267	33.53
K07268	1
K07269	347.21
K07270	184.07
K07271	3.18
K07272	3.25
K07273	59.27
K07274	396.47
K07275	370.49
K07276	5
K07277	473.31
K07278	454.95
K07279	36.56
K07280	263.63
K07282	104.53
K07283	348.21
K07284	884.47
K07285	387.39
K07286	351.04
K07287	461.87
K07288	94.83
K07289	353.04
K07290	358.48
K07291	0
K07300	468.49
K07301	450.98
K07302	22.81
K07303	20.32
K07304	1584.09
K07305	923.08
K07306	419.91
K07307	1110.8
K07308	947.09
K07309	340.06
K07310	346.46
K07311	11.35
K07312	358.51
K07313	458.29
K07314	321.04
K07315	335.06
K07316	572.54
K07317	0
K07318	4.33
K07319	340.84
K07320	455.45
K07321	0
K07322	762.76
K07323	453.7
K07326	89.49
K07334	88.27
K07335	16.59
K07336	63.73
K07337	348.22
K07338	2.83
K07339	44.29
K07340	356.13
K07341	319.13
K07343	351.83
K07344	3.98
K07345	1353.59
K07346	518.07
K07347	3056.57
K07348	360.62
K07349	72.98
K07350	369.66
K07351	344.37
K07352	11.35
K07353	9.05
K07354	36.08
K07355	12.72
K07356	33.57
K07357	311.63
K07358	75.5
K07386	240.91
K07387	680.05
K07389	11.06
K07390	457.44
K07391	936.86
K07393	522.66
K07394	7.41
K07395	24.7
K07396	8.34
K07397	679.59
K07399	375.63
K07400	355.62
K07401	17.71
K07402	124.54
K07403	4
K07404	356.81
K07405	0
K07406	337.57
K07407	20.41
K07442	228.32
K07443	355.62
K07444	432.56
K07445	0
K07447	1020
K07448	573.36
K07449	0
K07451	32.64
K07452	4.86
K07453	7.01
K07454	337.38
K07455	274.98
K07456	335.23
K07457	328.94
K07458	389.55
K07459	347.72
K07460	628
K07461	826.12
K07462	792.68
K07464	0.99
K07465	222.32
K07467	328.46
K07469	0
K07470	347.21
K07471	0.17
K07473	73.21
K07474	401.11
K07476	330.14
K07478	1021
K07479	347.21
K07480	316.42
K07481	998.13
K07482	796.33
K07483	1774.83
K07484	248.01
K07485	336.43
K07486	407.04
K07487	0.01
K07488	842.97
K07490	364.32
K07491	957.68
K07492	1.34
K07493	380.65
K07494	105.67
K07495	4
K07496	362.54
K07497	3128.97
K07498	629.39
K07499	0
K07501	99.41
K07502	1
K07503	228.32
K07504	110.4
K07505	0.99
K07506	43.78
K07507	395.74
K07516	268.97
K07518	0.5
K07533	334.23
K07535	16.26
K07536	1.49
K07537	0
K07538	0
K07539	0
K07543	0
K07544	0
K07546	0
K07550	0
K07552	1210.99
K07559	40.71
K07560	1017.5
K07566	1026.42
K07568	813.68
K07570	3.09
K07571	331.14
K07574	690.85
K07576	12.99
K07577	7.83
K07584	335.23
K07586	334.23
K07588	228.95
K07589	66.19
K07590	331.14
K07591	0.12
K07592	347.21
K07636	693.6
K07637	350.04
K07638	361.12
K07639	370.61
K07640	348.21
K07641	368.43
K07642	355.38
K07643	361.09
K07644	133.75
K07645	456.7
K07646	676.77
K07647	321.04
K07648	348.21
K07649	312.96
K07650	0
K07651	330.14
K07652	334.23
K07653	203.42
K07654	222.32
K07657	368.12
K07658	333.48
K07659	362.74
K07660	356.97
K07661	356.61
K07662	446.54
K07663	354.43
K07664	354.04
K07665	96.99
K07666	358.04
K07667	676.18
K07668	569.97
K07669	214.33
K07670	228.32
K07673	476.26
K07674	346.34
K07675	370.17
K07676	347.21
K07677	348.37
K07678	354.62
K07679	66.6
K07680	0
K07681	94.4
K07683	330.14
K07684	459.3
K07685	332.34
K07686	361.18
K07687	352.2
K07688	322.66
K07689	340.28
K07690	66.26
K07691	0
K07692	0
K07693	150.4
K07694	95.59
K07695	0
K07696	330.14
K07697	0
K07698	0
K07699	0
K07700	637.77
K07701	361.09
K07702	637.65
K07703	349.21
K07704	320.47
K07705	320.47
K07706	334.57
K07707	334.57
K07708	360.37
K07709	352.52
K07710	35.48
K07711	347.37
K07712	360.37
K07713	345.59
K07714	35.48
K07715	350.21
K07716	4
K07717	0.5
K07718	5.18
K07719	0.5
K07720	245.62
K07722	353.04
K07723	91.4
K07724	921.65
K07726	782.66
K07727	114.33
K07729	521.53
K07733	392.27
K07734	101.7
K07735	672.26
K07736	231.82
K07738	1020
K07739	0
K07740	350.04
K07741	295.6
K07742	554.22
K07746	327.52
K07749	149.73
K07751	348.21
K07757	350.05
K07768	228.32
K07769	0
K07770	0
K07771	349.09
K07772	321.55
K07773	348.21
K07774	301.96
K07775	565.88
K07776	228.32
K07777	0
K07778	481.02
K07780	0
K07781	347.21
K07782	352.39
K07783	402.89
K07784	646.95
K07786	36.2
K07787	98.95
K07788	341.04
K07789	355.04
K07790	295.81
K07791	569.87
K07792	464.72
K07793	422.48
K07794	396.06
K07795	408.54
K07796	68.57
K07797	36.2
K07798	74.49
K07799	360.03
K07800	330.14
K07803	345.59
K07804	559.96
K07805	258.11
K07806	355.52
K07807	5.96
K07810	69.56
K07811	321.04
K07812	47.5
K07813	330.14
K07814	7.52
K07816	762.86
K07821	47.5
K07823	5.33
K07862	453.53
K07978	0
K07979	337.94
K08068	96.33
K08070	0.5
K08076	0
K08077	0
K08081	0
K08082	7.83
K08083	11.17
K08084	109.56
K08085	1.01
K08086	6.83
K08087	284.84
K08088	284.84
K08092	323.49
K08093	345.48
K08094	358.81
K08095	10.91
K08097	0
K08100	0
K08137	351.19
K08138	48.61
K08139	82.53
K08151	86.71
K08152	0.5
K08153	1
K08154	347.21
K08156	77.91
K08159	345.32
K08160	355.69
K08161	669.36
K08162	347.21
K08163	349.91
K08164	0
K08166	19.86
K08167	534.7
K08168	296.69
K08169	98.53
K08170	1011.07
K08172	62.5
K08173	335.46
K08174	0
K08177	360.2
K08178	298.09
K08191	388.97
K08194	126.51
K08195	366.95
K08196	8.5
K08217	1.34
K08218	469.38
K08219	347.09
K08220	0
K08221	0
K08222	0
K08223	358.52
K08224	578.7
K08225	340.28
K08226	4.97
K08227	354.14
K08234	351.87
K08252	2
K08253	2.98
K08255	330.14
K08256	227.32
K08258	251.74
K08259	237.41
K08260	0
K08261	0
K08276	348.71
K08277	332.22
K08279	332.22
K08280	0
K08281	679.05
K08282	2.5
K08286	0
K08289	576.69
K08295	2.5
K08296	472.37
K08297	338.22
K08298	338.22
K08299	334.72
K08300	683.77
K08301	454.95
K08302	371.33
K08303	1738.54
K08304	450.88
K08305	457.03
K08306	348.21
K08307	448.62
K08308	347.21
K08309	470.46
K08310	447.79
K08311	457.95
K08312	351.04
K08313	47.5
K08314	348.21
K08315	347.21
K08316	824.77
K08317	326.14
K08318	332.53
K08319	327.47
K08320	347.33
K08321	347.09
K08322	436.64
K08323	356.23
K08324	443.38
K08325	350.21
K08326	36.2
K08344	312
K08348	395.81
K08349	89.21
K08350	93.19
K08351	369.03
K08352	312.84
K08353	332.34
K08354	332.34
K08355	0
K08356	0
K08357	310.14
K08358	296.14
K08359	282.14
K08363	2.81
K08364	2.81
K08365	4.14
K08368	345.37
K08369	318.54
K08372	235.32
K08384	1
K08475	306.78
K08476	292.78
K08477	14
K08478	289.94
K08479	0
K08480	0
K08481	2.48
K08482	9.82
K08483	1083.69
K08484	356.87
K08485	351.54
K08566	279.89
K08586	0
K08587	0
K08589	0
K08591	798.94
K08598	26.84
K08600	314.52
K08602	336.73
K08603	0
K08604	2.5
K08641	379.82
K08642	0.5
K08643	2.68
K08644	0
K08646	1
K08651	0
K08652	1
K08659	1.5
K08675	0.01
K08676	5
K08677	0.01
K08678	2.49
K08679	28.42
K08680	678.35
K08681	549.26
K08682	361.21
K08685	0
K08686	0
K08687	0
K08688	1.17
K08689	0
K08691	1
K08692	0
K08693	0
K08696	0
K08697	0
K08698	0
K08699	0
K08700	0
K08713	0
K08714	0.99
K08715	0.5
K08717	334.47
K08720	0
K08721	0.5
K08722	347.21
K08723	347.21
K08724	235.74
K08728	0
K08738	21.83
K08744	17.5
K08776	0
K08777	0
K08884	1335.9
K08900	0
K08902	0
K08903	0
K08904	0
K08906	0
K08926	1.49
K08927	1.49
K08928	1.49
K08929	1.49
K08930	3.49
K08939	3.49
K08961	0
K08963	20.2
K08964	17.36
K08965	0
K08966	0
K08967	17.7
K08969	6.32
K08970	100.99
K08972	165.54
K08973	108.24
K08974	549.54
K08976	330.14
K08977	1
K08978	99.82
K08981	265.26
K08982	5
K08983	4.99
K08984	55.33
K08985	2.33
K08986	3.09
K08987	483.29
K08988	3.33
K08989	339.88
K08990	363.71
K08992	348.79
K08993	348.22
K08994	355.46
K08995	12.63
K08996	366.29
K08997	351.79
K08998	595.75
K08999	165.95
K09000	0
K09001	456.45
K09002	0
K09003	1
K09004	6.01
K09005	3
K09007	434.24
K09009	227.32
K09011	0
K09012	0
K09013	914.25
K09014	914.62
K09015	912.25
K09016	50.95
K09017	464.97
K09018	52.28
K09019	164.12
K09020	52.28
K09021	52.28
K09022	734.64
K09023	52.28
K09024	58.51
K09065	0
K09116	0
K09117	327.39
K09118	228.33
K09120	0
K09121	109.61
K09122	2.5
K09123	2.5
K09124	0
K09125	986.72
K09126	0
K09127	0
K09128	2
K09129	0.51
K09131	352.21
K09132	0
K09133	0
K09134	242.3
K09136	501.29
K09137	0.01
K09138	1
K09141	0
K09143	0
K09144	0.99
K09145	94.4
K09146	218.72
K09153	139.95
K09154	0
K09155	5.93
K09157	324.04
K09158	452.95
K09159	456.45
K09160	358.12
K09161	347.88
K09162	560.05
K09163	0
K09164	109.39
K09165	6.34
K09166	1.59
K09167	501
K09181	355.11
K09190	12
K09251	347.54
K09252	14.31
K09253	0.99
K09384	184.98
K09386	4.01
K09388	0
K09456	370.12
K09457	430.81
K09458	924.02
K09459	0
K09461	3
K09469	0
K09470	55.07
K09471	453.3
K09472	57.03
K09473	51.07
K09474	301.45
K09475	388.05
K09476	353.61
K09477	332.47
K09478	0
K09483	4.33
K09487	0
K09516	0
K09607	0.41
K09612	347.21
K09650	0
K09680	330.14
K09681	22.11
K09682	0.2
K09683	0
K09684	185.15
K09685	333.23
K09688	352.83
K09689	352.83
K09690	292.9
K09691	292.41
K09692	708.46
K09693	444.79
K09694	2.51
K09695	1.51
K09696	3
K09697	3
K09698	334.23
K09699	332.98
K09700	2
K09701	23.39
K09702	24.56
K09703	1
K09704	1.59
K09705	333.89
K09706	0
K09707	0
K09709	1.5
K09710	1019
K09711	0
K09712	436.57
K09726	0
K09729	0
K09740	1
K09744	0
K09747	1019
K09748	922.43
K09749	1
K09758	0
K09759	0.41
K09760	501.31
K09761	1020
K09762	563.55
K09763	95.99
K09764	10.9
K09765	472.49
K09766	0
K09767	376.12
K09768	688.25
K09769	333.64
K09770	0
K09771	605.44
K09772	563.55
K09773	900.24
K09774	456.45
K09775	2
K09776	0
K09777	0
K09778	3.5
K09779	1.49
K09780	764.69
K09781	665.52
K09785	0
K09786	368.04
K09787	335.23
K09788	239.71
K09789	95.83
K09790	867.16
K09791	678.92
K09792	101.41
K09793	433.86
K09794	146.73
K09795	95.35
K09796	325.06
K09797	3.04
K09798	353.54
K09799	6.58
K09800	453.95
K09801	453.95
K09802	347.21
K09803	352.75
K09804	0
K09805	0.25
K09806	452.19
K09807	351.46
K09808	840.3
K09809	334.14
K09810	460.26
K09811	681.78
K09812	681.78
K09813	94.4
K09814	330.14
K09815	710.95
K09816	701.69
K09817	701.69
K09818	0
K09819	169.4
K09820	76.47
K09822	330.43
K09823	458.88
K09824	728
K09825	332.89
K09826	2.5
K09833	0
K09834	0
K09835	0
K09836	0
K09844	1.49
K09845	1.49
K09846	1.49
K09847	0
K09857	447.71
K09858	407.32
K09859	1.01
K09860	0
K09861	695.36
K09862	455.7
K09879	0
K09880	17.36
K09882	13.8
K09883	2.5
K09888	786.26
K09889	453.95
K09890	445.37
K09891	362.21
K09892	351.04
K09893	348.21
K09894	348.21
K09895	354.62
K09896	348.21
K09897	348.21
K09898	351.04
K09899	348.21
K09900	347.21
K09901	348.21
K09902	355.62
K09903	1020
K09904	348.21
K09906	94.79
K09907	348.21
K09908	365.04
K09909	337.92
K09910	347.21
K09911	348.21
K09912	355.25
K09913	355.2
K09914	349.05
K09915	353.05
K09916	354.62
K09917	348.21
K09918	350.04
K09919	8.83
K09920	350.04
K09921	354.54
K09922	9.32
K09923	445.87
K09924	102.17
K09925	33.73
K09926	101.41
K09927	117.04
K09928	9.07
K09929	97.83
K09930	106.97
K09931	2.08
K09932	30.95
K09933	355.54
K09934	38.09
K09935	37.66
K09936	1169.01
K09937	351.71
K09938	3.82
K09939	5.49
K09940	332.76
K09941	98.33
K09942	0
K09943	95.82
K09944	0
K09945	18.71
K09946	209.07
K09947	2.83
K09948	4.33
K09949	3.5
K09950	5.66
K09951	604.53
K09952	131.3
K09953	297.19
K09954	350.55
K09955	288.69
K09956	117.5
K09957	18.11
K09958	22.37
K09959	1
K09960	265
K09961	284.81
K09962	10.53
K09963	330.94
K09964	2.83
K09965	7.5
K09966	7.33
K09967	18.75
K09968	353
K09969	54.35
K09970	51.58
K09971	51.34
K09972	52.35
K09973	365.21
K09974	63.54
K09975	82.62
K09976	333.23
K09977	102.99
K09978	349.58
K09979	349.21
K09980	322.76
K09981	2.5
K09982	567.58
K09983	8.34
K09984	16.25
K09985	2.5
K09986	9.91
K09987	2.5
K09988	0.05
K09989	13.16
K09990	3.5
K09991	2.5
K09992	2
K09994	333.84
K09996	646.92
K09997	377.41
K09998	347.21
K09999	347.21
K10000	347.21
K10001	368.36
K10002	357.89
K10003	357.9
K10004	357.88
K10005	207.31
K10006	205.8
K10007	206.8
K10008	212.8
K10009	785.27
K10010	775.27
K10011	349.04
K10012	350.42
K10013	364.03
K10014	358.15
K10015	350.21
K10016	350.21
K10017	363.88
K10018	1.74
K10019	2.12
K10020	1.62
K10021	2.12
K10022	6.67
K10023	3.84
K10024	5.46
K10025	3.84
K10026	684.76
K10027	7.42
K10036	347.21
K10037	347.21
K10038	347.71
K10039	1.84
K10040	3.68
K10041	57.14
K10094	0
K10107	352.83
K10108	587.81
K10109	351.08
K10110	351.08
K10111	375.77
K10112	859.93
K10117	26.04
K10118	24.85
K10119	23.85
K10120	0
K10121	0
K10122	0
K10123	0
K10124	87.38
K10125	11.66
K10126	11.66
K10156	0
K10188	0
K10189	0
K10190	0
K10191	0.01
K10192	23.8
K10193	16.87
K10194	16.87
K10195	16.87
K10200	0
K10201	0
K10202	0
K10206	0
K10208	333.27
K10209	332.27
K10210	322.27
K10211	322.27
K10212	322.27
K10213	36.2
K10215	11.24
K10216	97.1
K10217	0
K10218	113.76
K10219	3.49
K10220	99.99
K10221	3.49
K10227	5.82
K10228	5.82
K10229	5.82
K10231	0
K10232	1.41
K10233	0.41
K10234	0.41
K10235	0
K10236	0
K10237	49.53
K10238	0
K10240	0
K10241	0
K10242	0
K10253	3.83
K10254	344.71
K10255	0.68
K10257	0
K10380	0
K10439	561.34
K10440	563.86
K10441	545.51
K10530	8.52
K10531	5.43
K10533	0.41
K10536	5.17
K10537	64.54
K10538	64.54
K10539	64.54
K10540	351.05
K10541	348.21
K10542	351.17
K10543	70
K10544	70
K10545	76.93
K10546	4
K10547	4
K10548	4
K10549	2.62
K10550	2.62
K10551	2.62
K10552	0
K10553	0
K10554	0
K10555	347.09
K10556	347.09
K10557	346.98
K10558	347.09
K10559	26.17
K10560	26.17
K10561	33.1
K10562	27.17
K10563	1195.98
K10564	0.01
K10565	0.51
K10619	0
K10620	0
K10621	0
K10622	0.99
K10670	1
K10672	0
K10673	2.72
K10674	1.99
K10676	105.68
K10677	0
K10678	347.46
K10679	351.54
K10680	372.19
K10681	321.22
K10682	84.98
K10697	0
K10704	0.01
K10708	36.27
K10709	36.15
K10710	36.15
K10711	36.15
K10713	0
K10714	0
K10715	0
K10716	616.21
K10742	0
K10747	104.66
K10748	358.51
K10762	296.57
K10763	453.95
K10764	106.74
K10773	1020
K10774	0
K10778	378.54
K10780	0
K10793	0
K10794	0
K10795	0
K10796	0
K10797	0
K10798	0
K10800	0
K10804	356.22
K10805	583.94
K10806	454.7
K10810	94.4
K10811	0
K10814	0
K10815	0.5
K10816	0.5
K10817	0
K10819	1.84
K10820	0
K10823	687.47
K10824	480.07
K10831	79.12
K10834	0
K10843	219.68
K10844	0
K10850	330.14
K10851	330.14
K10854	0
K10855	0
K10856	0
K10857	355.79
K10896	0
K10906	34.22
K10907	6
K10908	0
K10911	0
K10912	0
K10913	0
K10914	355.37
K10915	0
K10916	1.5
K10917	0
K10918	0
K10921	0
K10922	0
K10924	1
K10925	0
K10926	1.99
K10927	1.99
K10938	1.05
K10939	35.03
K10940	0
K10941	2.83
K10942	2.83
K10943	2.83
K10947	413.78
K10948	0
K10954	68.22
K10960	1.49
K10972	333.96
K10973	321.04
K10974	339.87
K10975	49.92
K10979	14.84
K10984	48.95
K10985	48.95
K10986	48.95
K11003	97.38
K11004	97.38
K11005	1.05
K11006	8.1
K11007	31.77
K11008	0
K11013	2
K11014	1
K11015	1
K11016	0.33
K11017	0.33
K11018	0
K11020	0.5
K11021	1.33
K11023	258
K11024	0
K11025	0
K11026	0
K11027	0
K11028	0
K11029	0
K11031	1.34
K11032	471.48
K11033	0
K11034	0
K11035	0
K11036	0
K11037	0
K11038	1179.5
K11039	235.74
K11040	1414.44
K11041	239.5
K11042	235.74
K11044	0
K11045	0.5
K11046	0
K11047	0.5
K11048	0.5
K11049	0.5
K11050	101.5
K11051	102.5
K11052	0.5
K11053	0.5
K11054	0.5
K11055	0.5
K11056	0.5
K11059	0
K11060	0
K11061	0
K11062	0
K11063	0
K11065	900.42
K11066	354.54
K11068	1008.5
K11069	687.43
K11070	684.44
K11071	684.44
K11072	685.04
K11073	660.2
K11074	447.37
K11075	454.3
K11076	503.83
K11077	0.01
K11078	0.01
K11079	0.01
K11080	0.01
K11081	299.71
K11082	299.71
K11083	299.71
K11084	313.71
K11085	786.09
K11089	26.85
K11102	683.99
K11103	547.3
K11104	343.96
K11105	378.78
K11106	62.38
K11107	442.29
K11139	291.9
K11144	333.23
K11145	334.23
K11159	4.49
K11169	0
K11175	1019
K11177	37.4
K11178	59.08
K11179	355.62
K11180	0
K11181	0
K11183	359.21
K11184	0
K11189	1223.29
K11192	51.07
K11195	0
K11200	44.65
K11201	147.66
K11202	162.35
K11203	147.66
K11208	59.77
K11209	739.48
K11210	244.41
K11211	1
K11212	2
K11214	0
K11216	361.09
K11249	334.29
K11250	352.79
K11258	348.21
K11261	0
K11263	319.62
K11264	47.5
K11275	0
K11311	0.84
K11312	1.51
K11325	0
K11329	2
K11333	1.49
K11334	1.49
K11335	1.49
K11336	1.49
K11337	1.49
K11356	0
K11357	2.5
K11358	0
K11381	0.01
K11382	292.78
K11383	2.83
K11384	2.83
K11385	0
K11386	0
K11387	219.32
K11391	347.21
K11392	347.21
K11440	0
K11441	1.34
K11442	94.4
K11443	2.5
K11444	2.84
K11472	45.57
K11473	46.57
K11474	38.57
K11475	6.51
K11476	94.4
K11477	39.08
K11520	0
K11521	0
K11522	0
K11524	0
K11525	0
K11526	0
K11527	0
K11529	0
K11530	346.59
K11531	347.09
K11532	2.5
K11533	337.18
K11534	631.97
K11535	691.35
K11537	329.37
K11601	22.98
K11602	22.98
K11603	12.74
K11604	319.32
K11605	319.32
K11606	319.32
K11607	317.48
K11608	0
K11609	0
K11610	0
K11611	0
K11614	1.66
K11615	2.16
K11616	2.29
K11617	238.83
K11618	476.57
K11619	0
K11621	0
K11622	0
K11623	0
K11624	0
K11625	0
K11626	0
K11629	0
K11630	235.74
K11631	565.88
K11632	330.14
K11633	0
K11634	0
K11635	0
K11636	0
K11637	0
K11638	0
K11645	348.83
K11646	0
K11685	364.05
K11686	0
K11688	13.28
K11689	6.81
K11690	7.49
K11691	0
K11692	0
K11693	330.14
K11694	94.4
K11695	94.4
K11703	0
K11704	335.17
K11705	336.67
K11706	333.83
K11707	145.29
K11708	79.11
K11709	79.11
K11710	314.85
K11711	5
K11712	5
K11717	933.25
K11719	456.45
K11720	509.81
K11731	7.33
K11732	365.32
K11733	936.92
K11734	407.31
K11735	416.51
K11736	347.21
K11737	1242.8
K11738	536.92
K11739	13.41
K11740	37.09
K11741	409.25
K11742	347.71
K11743	347.71
K11744	347.21
K11745	350.71
K11746	356.64
K11747	360.96
K11748	347.21
K11749	790.68
K11750	347.21
K11751	592.33
K11752	1033.75
K11753	1020
K11754	1023.09
K11755	596.4
K11777	0
K11779	2.41
K11780	0
K11781	0
K11782	0
K11783	0
K11784	0
K11785	0
K11787	1
K11788	0
K11811	21.27
K11814	0
K11815	0
K11839	0
K11889	0
K11890	287.36
K11891	639.78
K11892	364.3
K11893	364.18
K11894	41.71
K11895	363.4
K11896	357.35
K11897	288.52
K11898	280.34
K11899	0
K11900	340.12
K11901	344.12
K11902	546.7
K11903	697.27
K11904	937.13
K11905	69.5
K11906	356.37
K11907	343.34
K11908	0
K11909	38.87
K11910	56
K11911	75.47
K11912	1.84
K11913	1.84
K11914	2.83
K11915	3.67
K11916	2.33
K11917	0.51
K11918	0.51
K11919	0.51
K11920	9.05
K11921	578.23
K11922	44.65
K11923	347.21
K11924	347.21
K11925	373.94
K11926	347.21
K11927	354.55
K11928	1027.52
K11929	351.19
K11930	321.16
K11931	52.65
K11932	401.33
K11933	361.21
K11934	347.33
K11935	55.08
K11936	369.92
K11937	13.58
K11938	347.21
K11939	629.29
K11940	350.7
K11941	347.21
K11942	5.5
K11950	0
K11951	0
K11952	0
K11953	0
K11954	0
K11955	0
K11956	0
K11957	0
K11958	0
K11959	132.61
K11960	132.6
K11961	132.6
K11962	134.1
K11963	133.6
K11987	1
K11991	922.66
K11996	980.77
K12048	0
K12049	0
K12050	0
K12052	0
K12053	0
K12055	258.83
K12056	35.6
K12057	26.18
K12058	29.68
K12059	14.88
K12060	27.68
K12061	27.68
K12062	27.68
K12063	27.68
K12064	27.51
K12065	38.09
K12066	28.68
K12067	27.18
K12068	26.68
K12069	0
K12070	11.3
K12071	11.3
K12072	26.18
K12073	0
K12078	0
K12079	0
K12080	0
K12081	0
K12082	0
K12083	0
K12084	0
K12085	0
K12086	0
K12087	0
K12088	0
K12089	0
K12090	0
K12091	0
K12092	0
K12093	0
K12094	0
K12095	0
K12096	0
K12097	0
K12098	0
K12099	0
K12100	0
K12101	0
K12102	0
K12103	0
K12104	0
K12105	0
K12106	0
K12107	0
K12108	0
K12109	0
K12110	0
K12111	36.08
K12112	36.2
K12113	36.08
K12136	36.2
K12137	36.32
K12138	36.2
K12139	36.32
K12140	36.71
K12141	36.71
K12142	36.2
K12143	36.2
K12144	35.2
K12145	36.2
K12146	36.32
K12147	354.14
K12148	347.21
K12149	352.84
K12151	348.83
K12152	347.21
K12203	7.87
K12204	7.87
K12205	7.87
K12206	7.87
K12209	7.87
K12211	7.87
K12212	0
K12213	7.87
K12214	7.87
K12217	7.87
K12218	7.87
K12222	7.87
K12227	7.87
K12228	7.87
K12234	2
K12238	0.5
K12239	0.5
K12240	2.17
K12241	0.5
K12242	0.5
K12243	0.5
K12246	0
K12247	0
K12248	0
K12251	4.83
K12252	1.5
K12253	0
K12254	5.34
K12255	12.73
K12256	3.83
K12257	331.14
K12262	460.94
K12263	0
K12264	347.21
K12265	361.21
K12266	350.04
K12267	340
K12268	261.69
K12269	261.69
K12270	252.69
K12276	1.99
K12278	1.99
K12279	1.99
K12280	1.99
K12281	1.99
K12282	1.99
K12283	1.99
K12284	1.99
K12285	1.99
K12286	1.99
K12287	0.99
K12288	351.19
K12289	347.21
K12290	335.96
K12291	329.59
K12292	1.59
K12293	1.59
K12294	0.25
K12295	1.25
K12296	3.5
K12297	355.62
K12299	60.75
K12308	25.45
K12339	360.12
K12340	461.05
K12343	0
K12349	14.07
K12368	359.31
K12369	352.05
K12370	352.05
K12371	352.05
K12372	352.05
K12373	131.27
K12405	0.5
K12410	858.83
K12428	217.82
K12429	0
K12436	0
K12437	217.82
K12441	0
K12448	1.99
K12449	0
K12452	276.95
K12453	260.84
K12454	261.83
K12466	0
K12472	255.74
K12500	442.04
K12503	228.32
K12506	4.5
K12507	74.34
K12508	21.42
K12509	0
K12510	244.35
K12511	26.53
K12512	1.62
K12513	1.62
K12514	1.62
K12515	0
K12516	538.53
K12517	0
K12518	0
K12519	0
K12520	0
K12521	0
K12522	0
K12523	0
K12524	348.21
K12525	347.21
K12526	0
K12527	49
K12528	47.38
K12529	47.38
K12530	0
K12531	0
K12532	0
K12533	0
K12534	0
K12535	0
K12536	3.34
K12537	2.34
K12538	2.34
K12539	0
K12540	0
K12541	323.43
K12542	320.59
K12543	324.52
K12544	0
K12545	0.5
K12547	0
K12548	0
K12549	0
K12551	94.4
K12552	94.4
K12553	94.4
K12554	476.07
K12555	3.09
K12556	3.09
K12573	791.68
K12574	899.88
K12581	0
K12582	347.21
K12583	218.08
K12585	0
K12619	0
K12658	5.46
K12660	347.21
K12661	321.8
K12678	506.03
K12679	11.42
K12681	0
K12682	0
K12683	0
K12684	89.16
K12685	2.49
K12686	295.99
K12687	44.73
K12688	94.83
K12689	0
K12690	94.83
K12700	441.61
K12784	1.05
K12785	1.17
K12786	1
K12787	1.05
K12788	1
K12790	1.05
K12810	0
K12821	0
K12826	2
K12910	0
K12940	52.19
K12941	54.07
K12942	699.46
K12943	340.78
K12944	347.09
K12945	347.21
K12950	1
K12952	20.1
K12954	51.07
K12955	1
K12957	93.54
K12960	9.42
K12961	347.21
K12962	349.04
K12963	348.92
K12972	367.08
K12973	348.95
K12974	354.14
K12975	347.21
K12976	2.83
K12977	0
K12978	0
K12979	314.92
K12980	0
K12981	297.14
K12982	1
K12983	0.17
K12984	15.87
K12985	16.97
K12986	0
K12987	0.51
K12988	1.82
K12989	1
K12990	1.5
K12991	0
K12992	277.3
K12993	1.5
K12994	1.51
K12995	3.5
K12996	2.75
K12997	1.75
K12998	1
K12999	0.5
K13002	0
K13004	0
K13005	260.84
K13006	0
K13007	2.5
K13008	0
K13009	11.3
K13010	0.01
K13011	0
K13012	314.94
K13013	2.5
K13014	349.04
K13015	0.32
K13016	0.01
K13017	2.01
K13018	2.01
K13019	0.01
K13020	2
K13021	27.93
K13028	0.01
K13037	0
K13038	1019.89
K13039	0
K13040	296.14
K13041	296.14
K13043	0
K13049	3.99
K13051	350.71
K13052	331.39
K13053	349.54
K13057	1
K13059	0
K13060	12.79
K13061	1.33
K13063	2
K13069	119.04
K13075	0
K13085	284.96
K13126	0
K13184	0
K13208	0
K13243	47.5
K13244	2.8
K13245	1
K13252	0
K13255	348.22
K13256	357.88
K13275	0
K13276	0
K13277	0
K13280	3.85
K13281	0
K13282	14.59
K13283	348.71
K13284	268.07
K13285	284.96
K13286	284.96
K13287	284.96
K13288	781.15
K13292	791.68
K13300	0
K13301	347.21
K13307	0
K13308	0
K13309	0
K13310	0
K13311	0
K13315	0
K13317	0
K13318	0
K13344	0
K13378	354.13
K13381	1
K13408	284.59
K13409	189.61
K13419	0
K13421	0
K13444	0
K13450	2.96
K13472	1.51
K13478	0
K13479	47.38
K13480	47.38
K13481	17.63
K13482	17.63
K13483	58.09
K13485	0.51
K13486	3.84
K13487	2.84
K13488	2.84
K13489	2.84
K13490	2.84
K13491	2.84
K13497	349.55
K13498	568.03
K13500	0
K13503	1.5
K13520	0.12
K13522	5.08
K13525	0.99
K13527	223.32
K13529	6.53
K13530	0
K13531	0
K13532	0
K13533	0
K13540	64.25
K13541	1.84
K13542	464.06
K13543	3.5
K13570	223.32
K13571	446.64
K13572	138.58
K13573	240.23
K13574	52.71
K13580	163.05
K13581	2.5
K13582	2.5
K13583	3.51
K13584	2.5
K13585	0
K13586	0
K13587	2.5
K13588	2.5
K13589	2.5
K13590	12.8
K13591	1
K13592	2.5
K13593	2.5
K13598	2.5
K13599	2.5
K13607	0
K13609	1.34
K13611	0
K13612	0
K13613	0
K13614	0
K13615	0
K13620	60.34
K13622	1.5
K13623	0.5
K13626	2
K13628	788.08
K13629	316.38
K13630	343.23
K13631	356.31
K13632	343.23
K13633	31.13
K13634	449.37
K13635	72.45
K13636	325.32
K13637	372.25
K13638	347.21
K13639	355.89
K13640	234.32
K13641	349.34
K13642	0
K13643	466.25
K13650	62.37
K13651	2.38
K13652	344.89
K13653	5.58
K13654	332.34
K13655	2.38
K13656	0
K13657	0
K13658	0
K13659	0
K13660	0
K13661	0
K13662	0
K13663	0
K13664	0
K13665	0
K13668	220.32
K13669	0
K13670	0
K13671	364.94
K13677	2.75
K13678	1.34
K13683	332.34
K13684	335.18
K13686	219.32
K13687	196.24
K13688	2
K13689	0
K13693	208.73
K13694	361.51
K13695	363.08
K13701	0
K13714	330.14
K13715	245.74
K13727	14.87
K13730	0.01
K13731	0
K13732	235.74
K13733	236.34
K13734	0
K13735	379.88
K13739	17
K13740	270.84
K13741	556.84
K13742	0.12
K13743	2.17
K13745	21.44
K13746	0
K13747	4.92
K13766	16.33
K13767	0
K13770	0
K13771	462.63
K13772	0
K13774	5.16
K13775	1
K13776	6.16
K13777	7.33
K13778	7.66
K13779	4.83
K13786	0.01
K13787	236.25
K13788	676.77
K13789	440.8
K13790	0.12
K13791	0.12
K13792	0.12
K13793	0.12
K13794	297.14
K13795	298.64
K13796	311.65
K13797	0
K13799	0
K13810	1.5
K13815	0
K13816	0
K13818	0
K13819	0.5
K13820	0
K13821	633.13
K13829	7.98
K13832	0
K13853	330.14
K13873	0
K13874	3.5
K13875	3
K13876	0
K13877	0
K13886	0
K13888	463.75
K13889	347.71
K13890	347.71
K13891	347.71
K13892	354.64
K13893	362.54
K13894	358.21
K13895	358.21
K13896	372.21
K13918	344.49
K13919	316.39
K13920	316.39
K13921	309.39
K13922	317.01
K13923	309.39
K13924	4.32
K13925	1.34
K13926	351.86
K13927	0
K13928	17.7
K13929	115.53
K13930	116.52
K13931	18.72
K13932	115.53
K13933	115.53
K13934	115.53
K13935	114.51
K13936	14.88
K13938	65.2
K13940	238.33
K13950	215.79
K13953	979.06
K13954	54.66
K13955	0
K13963	1
K13967	0
K13979	204.28
K13990	0
K13991	1.49
K13992	0
K13993	40.03
K13994	0
K13995	1
K14026	0
K14028	0.99
K14029	0
K14048	0.99
K14051	346.34
K14052	51.57
K14053	47.5
K14054	347.21
K14055	352.21
K14056	51.07
K14057	64.93
K14058	453.95
K14059	413.42
K14060	46.3
K14061	358.51
K14062	359.59
K14063	55.45
K14064	347.09
K14067	0
K14080	0
K14083	0
K14084	0
K14086	0
K14087	0
K14088	0
K14089	0
K14090	0
K14091	0
K14105	0
K14136	219.32
K14138	0
K14153	140.75
K14155	611.78
K14159	4.58
K14160	6
K14161	180.85
K14162	190.09
K14164	0
K14165	0
K14166	21.88
K14170	454.95
K14187	348.71
K14188	333.23
K14189	0
K14192	255.74
K14193	0
K14194	857.68
K14195	251.74
K14196	236.94
K14197	235.94
K14198	235.74
K14199	471.48
K14201	313.27
K14203	235.74
K14204	235.74
K14205	335.98
K14257	0
K14259	0
K14260	700.2
K14261	351.55
K14266	4
K14267	343.38
K14268	2.33
K14287	346.69
K14330	0
K14331	0
K14333	14.24
K14335	10.83
K14337	217.08
K14338	0.51
K14339	226.32
K14340	12
K14347	584.19
K14348	351.54
K14358	0
K14366	0
K14367	0
K14368	0
K14369	0
K14370	0
K14375	0
K14379	0
K14392	352.19
K14393	597.2
K14414	82.35
K14415	226.79
K14441	361.62
K14445	656.77
K14446	0
K14447	2
K14448	1
K14449	0
K14451	0
K14470	1
K14471	0
K14472	0
K14475	2.83
K14518	0
K14519	110.31
K14520	1.01
K14534	0
K14540	433.06
K14572	0
K14578	0.5
K14581	0.5
K14587	296.14
K14588	361.21
K14591	347.22
K14596	0.99
K14597	0.99
K14605	0
K14606	0
K14623	149.52
K14629	0
K14631	0
K14645	13.45
K14647	0
K14652	672.55
K14654	0
K14657	0.02
K14658	0.01
K14659	0.01
K14660	0
K14665	0
K14666	0.01
K14667	1
K14668	1
K14669	1
K14670	1
K14671	1
K14672	0
K14673	1
K14676	0
K14680	0
K14681	0
K14682	452.95
K14683	125.17
K14698	17.91
K14699	10.91
K14727	14.33
K14728	0
K14733	2
K14742	694.19
K14743	208.48
K14744	151.55
K14745	0.5
K14748	0
K14749	0
K14750	0
K14761	735.81
K14762	347.21
K14832	0
K14835	0
K14940	0
K14941	2.41
K14949	219.32
K14952	0
K14953	0
K14954	1
K14955	0
K14956	13.34
K14974	0
K14977	322.42
K14978	284.84
K14979	284.84
K14980	2.5
K14981	2.5
K14982	3.09
K14983	3.09
K14986	3
K14987	2.5
K14988	0
K14989	0
K14998	5.5
K15011	10.33
K15012	10.33
K15016	0.41
K15023	0
K15024	8.55
K15034	385.08
K15051	4.59
K15054	0
K15060	0
K15061	0
K15062	0
K15063	0
K15065	0
K15066	0
K15067	0
K15125	439.32
K15126	0
K15226	0
K15228	1
K15229	1
K15236	0
K15237	0
K15238	0
K15239	0
K15240	0
K15242	0
K15255	0
K15256	357.45
K15257	366.28
K15268	363.12
K15269	37.24
K15270	3.5
K15311	0
K15312	0
K15313	0
K15314	0
K15315	0
K15327	0
K15328	0
K15329	0
K15337	0
K15342	516.43
K15344	284.84
K15345	298.84
K15346	284.84
K15347	270.84
K15349	0.11
K15350	284.84
K15351	284.84
K15352	277.84
K15353	298.84
K15354	2.84
K15357	0
K15358	1
K15366	2.84
K15367	284.84
K15368	285.84
K15371	9.34
K15372	128.86
K15373	16.37
K15383	3.99
K15396	355.62
K15408	6.95
K15460	348.21
K15461	360.12
K15468	0.01
K15469	0
K15495	0
K15496	0
K15497	0
K15509	0.31
K15510	0
K15511	0
K15512	1.5
K15513	1.5
K15514	0
K15515	0
K15518	330.14
K15519	330.14
K15520	227.32
K15521	227.32
K15524	45.01
K15525	227.32
K15526	227.92
K15527	0
K15531	0
K15532	311.01
K15533	1
K15534	0
K15536	352.54
K15538	0
K15539	354.54
K15540	330.99
K15545	348.21
K15546	1.5
K15547	50.95
K15548	361.07
K15549	50.95
K15550	50.95
K15551	81.07
K15552	82.73
K15553	222.92
K15554	187.1
K15555	179.66
K15576	38.68
K15577	30.86
K15578	31.55
K15579	0
K15580	1673.87
K15581	895.98
K15582	637.98
K15583	921.43
K15584	392.34
K15585	392.34
K15586	392.34
K15587	385.41
K15598	31.78
K15599	25.78
K15600	14.87
K15629	9.19
K15632	0
K15633	687.26
K15634	1580.87
K15635	0
K15640	0.67
K15650	0
K15652	0
K15654	0
K15655	0
K15656	0
K15657	0
K15658	0.33
K15659	0
K15660	0.33
K15661	0
K15662	0
K15663	0
K15664	0
K15665	0
K15666	0
K15667	0
K15668	0
K15669	0
K15677	0
K15719	0
K15721	3
K15722	349.79
K15723	347.21
K15724	453.95
K15725	15.65
K15726	19.48
K15727	17.48
K15731	1
K15733	218.32
K15734	0
K15735	338.66
K15736	338.99
K15737	341.5
K15738	863.57
K15739	0
K15746	1
K15749	0
K15750	0
K15760	0.99
K15761	0.99
K15762	2.97
K15763	0.99
K15764	0.99
K15765	0.99
K15770	321.57
K15771	316.48
K15772	314.64
K15773	52.96
K15777	368.3
K15778	106
K15780	0.5
K15781	0
K15782	0
K15783	0
K15784	0
K15785	0
K15786	0
K15790	1.5
K15792	0
K15827	347.21
K15828	361.33
K15829	347.21
K15830	347.21
K15831	347.21
K15832	347.33
K15833	347.21
K15834	347.21
K15835	36.2
K15836	347.33
K15842	0
K15843	0
K15844	0
K15845	0
K15846	0
K15847	0
K15848	0
K15852	0
K15855	0
K15856	2
K15857	0
K15860	0
K15861	3.03
K15862	0
K15864	2.48
K15866	100.73
K15868	1
K15873	0
K15876	55.19
K15878	0
K15879	0
K15894	1
K15895	0
K15896	0
K15897	0
K15898	0
K15899	0
K15910	0
K15912	0
K15913	0
K15914	0
K15915	0
K15918	1
K15921	0
K15922	309.5
K15923	7.34
K15924	0
K15926	1
K15973	315.14
K15974	348.21
K15975	395.55
K15976	0
K15977	1349.72
K15981	1
K15982	1
K15983	1.99
K15984	450.95
K15986	346.53
K15987	8.5
K15998	0
K16004	0
K16009	0
K16010	0
K16011	7.33
K16012	790.01
K16013	790.01
K16014	9
K16017	0
K16022	0
K16039	0
K16041	2.05
K16042	1.05
K16043	0
K16044	0
K16047	97.51
K16048	3
K16049	1
K16050	1
K16051	0
K16052	333.09
K16053	367.62
K16055	0
K16066	353.71
K16074	384.74
K16076	106.27
K16077	32.08
K16078	305.78
K16079	13
K16080	2
K16081	1.84
K16087	555.15
K16088	215.02
K16089	390.92
K16090	67.73
K16091	44.84
K16092	361.97
K16124	0
K16135	63.37
K16136	80.78
K16137	396.57
K16138	0
K16139	36.2
K16140	36.08
K16146	142.49
K16147	220.65
K16148	216.81
K16149	1
K16150	0
K16152	0.5
K16153	0
K16163	117.43
K16164	311.72
K16165	303.2
K16167	1.99
K16168	1.99
K16169	333.23
K16171	7.74
K16173	0
K16188	0
K16199	0
K16200	0
K16201	1
K16202	0
K16203	0.5
K16209	0
K16210	55.58
K16211	101.83
K16212	0
K16213	0
K16214	1
K16215	0
K16216	0
K16217	0
K16218	0
K16234	20.71
K16235	36.62
K16236	0.5
K16237	309.25
K16238	25.53
K16242	0
K16243	0
K16244	0
K16245	0
K16246	0
K16247	0
K16248	0
K16249	0
K16254	0
K16255	0
K16256	0
K16257	0
K16258	0
K16259	0
K16260	0
K16263	347.62
K16264	1261.67
K16267	3.5
K16268	0
K16291	350.04
K16299	3
K16300	1.02
K16301	497.84
K16303	0
K16304	0
K16306	0
K16317	0
K16319	0
K16320	0
K16321	133.87
K16322	396.43
K16323	330.14
K16324	51.35
K16325	32.35
K16326	36.08
K16327	0
K16328	95.03
K16329	383.38
K16331	0
K16345	499.35
K16346	47.38
K16347	340.16
K16348	89.1
K16363	1
K16370	614.87
K16371	373.21
K16378	0.99
K16421	0
K16422	1
K16423	0
K16435	0
K16436	0
K16437	0
K16438	0
K16444	0
K16509	335.32
K16511	331.89
K16514	114.23
K16515	13.26
K16516	13.25
K16517	0
K16552	0
K16553	0
K16554	1
K16555	0
K16556	0
K16557	0
K16558	0
K16559	0
K16560	0
K16562	0
K16563	0
K16564	0
K16565	0
K16566	0.99
K16567	0
K16568	0
K16593	0
K16619	0
K16623	0
K16624	0
K16625	0
K16626	0
K16636	0.5
K16637	0.5
K16638	0.34
K16644	0
K16645	1
K16647	210.08
K16648	210.08
K16649	221.32
K16650	230.32
K16651	309.39
K16652	225.32
K16653	219.32
K16654	0
K16692	391.23
K16693	347.54
K16694	0
K16695	334.16
K16696	0
K16697	0
K16698	0
K16699	0
K16700	0
K16703	332.16
K16704	348.21
K16705	0
K16706	0
K16707	0
K16708	0
K16709	0
K16710	170.66
K16711	332.16
K16712	0.5
K16713	0.5
K16783	208.65
K16784	227.32
K16785	1641.69
K16786	890.5
K16787	1875.9
K16788	239.33
K16789	1.5
K16792	0
K16793	0
K16839	19.2
K16840	49.36
K16841	21.17
K16842	12.27
K16843	0.01
K16844	0.25
K16845	0
K16846	0
K16849	284.84
K16850	284.84
K16856	0.01
K16868	444.13
K16869	330.14
K16870	222.31
K16871	1.02
K16872	12.41
K16873	0.03
K16874	0.01
K16875	0
K16876	0.01
K16877	0.01
K16878	0.01
K16879	0.01
K16880	0.01
K16881	0
K16882	0
K16898	339.23
K16899	338.23
K16905	0
K16906	0
K16907	0
K16915	0
K16916	236.41
K16917	236.41
K16918	0
K16919	0
K16920	0
K16922	5.02
K16923	467.03
K16924	475.57
K16925	626.92
K16926	191.72
K16927	106.75
K16937	395.2
K16950	285.84
K16951	285.84
K16956	0
K16957	12.26
K16958	10.92
K16959	12.76
K16960	12.76
K16961	0
K16962	0
K16963	12.01
K16964	0.99
K16965	0.99
K16966	0.99
K16967	0
K16968	0
K16969	0
K17050	0.99
K17051	0.99
K17052	0.99
K17060	1.84
K17061	1.84
K17062	0
K17063	0
K17067	0
K17073	0
K17074	4.09
K17076	4.09
K17103	111.49
K17108	0
K17195	20.19
K17202	26.17
K17203	26.17
K17204	26.17
K17205	0.33
K17206	0.33
K17207	0.33
K17208	0.02
K17209	0.01
K17210	0.01
K17213	31.31
K17214	17.71
K17215	17.71
K17216	330.14
K17217	330.14
K17218	106.65
K17222	6
K17223	5.99
K17224	3
K17225	2.5
K17226	8
K17227	6
K17228	8.74
K17229	0
K17230	0
K17234	0
K17235	0
K17236	0
K17237	0
K17238	0
K17239	0
K17240	0
K17241	0
K17242	0
K17243	0
K17244	1
K17245	1
K17246	1
K17247	353.54
K17248	0
K17249	0
K17250	0
K17251	0
K17285	0.01
K17310	0
K17315	7.84
K17316	6.84
K17317	6.84
K17318	85.46
K17319	85.46
K17320	85.46
K17321	5.33
K17322	5.33
K17323	5.33
K17324	5.33
K17325	5.33
K17329	0
K17330	0.41
K17331	0.41
K17363	0
K17364	0
K17462	0.2
K17463	305.7
K17464	305.7
K17465	305.7
K17466	305.7
K17467	305.7
K17468	319.7
K17472	94.4
K17473	308.54
K17474	0
K17476	0
K17485	0
K17486	0
K17489	80.22
K17490	7.76
K17585	0
K17618	0
K17623	1.34
K17624	1.54
K17662	2.5
K17675	4.5
K17680	6.93
K17686	1087.95
K17713	370.12
K17716	314.82
K17722	332.46
K17723	593.17
K17733	2.83
K17734	0
K17735	8.51
K17736	1.84
K17737	21.09
K17742	0
K17744	0
K17752	4
K17754	0
K17755	0
K17758	0
K17759	353.04
K17760	2.49
K17762	4
K17763	4
K17810	1
K17828	5.38
K17829	2
K17835	0
K17836	19.93
K17837	287.84
K17838	6.49
K17840	0.59
K17850	12.13
K17865	1.02
K17880	1
K17883	225.91
K17892	0
K17893	1
K17898	0
K17899	0
K17910	0
K17938	351.55
K17947	2.58
K17948	332.03
K17950	2.62
K17989	2.5
K17992	0
K18000	0.5
K18003	0
K18005	0
K18006	0
K18007	0
K18009	0.01
K18011	0.41
K18012	0.41
K18013	11.3
K18014	0.41
K18015	298.49
K18028	1
K18029	1.51
K18030	1
K18067	0
K18068	0
K18069	0
K18070	0
K18072	0.83
K18073	0.83
K18087	0
K18092	0
K18093	4.83
K18094	0.5
K18095	0.5
K18096	2
K18098	2.01
K18099	0.33
K18100	1.16
K18101	0.83
K18104	333.82
K18115	0
K18118	355.79
K18119	0
K18120	0
K18121	0.79
K18122	0
K18129	0.5
K18130	0.5
K18131	0.5
K18132	94.83
K18133	94.83
K18135	1.98
K18136	1
K18137	4.33
K18138	547.92
K18139	418.5
K18140	87.59
K18141	342.75
K18142	352.76
K18143	4.16
K18144	4.16
K18145	0
K18146	12.11
K18147	4.33
K18148	322.71
K18149	0
K18151	0
K18153	0
K18164	0
K18195	0
K18197	0
K18199	1.84
K18214	0
K18215	0
K18216	1
K18217	1
K18218	0
K18220	0.5
K18221	0
K18223	0.01
K18224	0.01
K18225	0.01
K18226	0.01
K18229	0
K18230	318.6
K18231	6.34
K18232	0
K18233	0
K18234	0
K18235	1.51
K18236	0
K18240	0
K18242	0.5
K18243	0.5
K18248	0
K18249	0
K18277	107.69
K18284	0
K18285	0
K18286	1
K18288	23.95
K18289	1.82
K18290	23.95
K18291	1.82
K18292	75.55
K18294	0.51
K18295	0.51
K18296	0.51
K18297	5.51
K18298	2.83
K18299	2.83
K18300	2.83
K18301	20.24
K18302	7.16
K18303	7.16
K18304	0.51
K18305	0.5
K18306	2.5
K18307	2.51
K18308	0.5
K18316	0
K18320	595.4
K18321	0
K18322	0
K18323	0
K18324	347.33
K18325	318.4
K18326	347.21
K18330	0
K18331	0
K18332	0
K18333	0
K18334	0
K18335	1.51
K18336	0
K18337	0
K18344	0
K18345	0
K18346	10.5
K18347	0
K18348	0
K18349	0
K18350	0
K18351	2.41
K18352	1
K18353	0
K18354	1
K18355	0.5
K18356	0.5
K18357	0.5
K18358	0.5
K18359	0.5
K18360	0
K18361	0.5
K18362	0.5
K18363	0.5
K18364	0
K18365	0
K18366	0
K18369	215.34
K18370	0
K18371	0
K18372	0.01
K18373	2.5
K18374	0.5
K18375	0
K18376	1
K18377	0
K18378	0
K18379	0.5
K18380	0
K18381	0.5
K18382	1.6
K18383	5.51
K18384	1
K18425	0
K18427	0
K18428	0
K18429	0
K18430	0
K18431	0
K18433	0
K18434	0
K18445	0
K18446	347.21
K18455	227.32
K18456	3.82
K18457	0.33
K18459	2.12
K18471	36.87
K18472	2
K18473	0.5
K18474	1.75
K18475	299.84
K18476	6
K18478	332.34
K18479	310.5
K18480	5.32
K18481	3
K18530	48.38
K18531	47.38
K18534	0
K18540	0.5
K18541	4
K18545	0
K18546	0
K18547	0
K18552	0
K18553	1.2
K18554	0
K18555	2
K18567	1
K18572	0
K18574	0
K18575	0
K18581	3.46
K18586	1
K18587	1
K18588	2.5
K18589	0.12
K18590	0
K18591	0
K18608	0
K18611	0
K18626	0
K18640	115.71
K18642	0
K18649	0
K18650	0.5
K18652	0
K18653	0
K18654	1
K18657	347.21
K18661	4.5
K18662	0
K18672	334.23
K18673	14.87
K18675	0
K18676	3
K18677	0
K18678	0
K18682	341.23
K18691	365.04
K18692	333.23
K18697	357.11
K18698	3.79
K18699	9.27
K18700	100.75
K18701	254.58
K18702	37.2
K18704	477.82
K18707	332.97
K18749	0
K18765	347.21
K18766	241.41
K18767	13.3
K18770	0
K18775	0
K18778	350.71
K18783	0
K18785	0
K18786	0
K18799	0
K18800	351.04
K18814	0
K18815	0
K18816	286.09
K18820	1
K18821	0
K18824	10.17
K18827	0.01
K18828	324.27
K18829	320.07
K18830	1
K18831	377.48
K18833	100.75
K18836	0
K18837	100.03
K18838	118.69
K18840	0.12
K18841	81.65
K18842	81.65
K18843	47.38
K18844	0
K18845	0
K18850	373.99
K18851	110.85
K18855	0
K18856	0
K18862	435.1
K18866	0
K18874	0
K18879	0.02
K18887	1.75
K18888	1.75
K18889	350.45
K18890	350.33
K18891	1.59
K18892	1.59
K18893	106.25
K18895	305.63
K18896	0
K18898	36.2
K18899	36.2
K18900	12.78
K18901	5
K18902	4.5
K18903	4.5
K18904	0
K18905	0
K18906	94.4
K18907	0
K18908	323.27
K18909	87.53
K18910	0
K18911	2.75
K18912	1
K18913	1
K18916	0.17
K18917	211.15
K18918	320.15
K18919	100.04
K18920	141.16
K18921	20.23
K18922	133.8
K18923	78.54
K18924	95.07
K18925	95.07
K18926	418.16
K18927	0
K18928	262.71
K18929	262.71
K18930	45.86
K18933	0
K18934	419
K18935	94.4
K18936	330.94
K18938	0
K18939	0.5
K18940	94.4
K18941	94.4
K18954	30.01
K18955	802.08
K18957	0
K18958	2
K18966	0
K18967	0
K18968	334.01
K18974	0.17
K18975	4.17
K18979	691.26
K18981	8.85
K18982	0
K18983	0
K18984	284.84
K18986	1.25
K18987	1.25
K18988	361.21
K18989	1
K18990	1
K18991	110.2
K18992	0
K18996	0
K18997	353.55
K19000	347.71
K19002	4.09
K19003	0
K19005	331.89
K19032	0
K19033	0
K19046	351.29
K19047	0.5
K19048	860.06
K19049	0.01
K19050	0
K19051	0
K19052	0
K19053	0
K19054	0
K19055	351.97
K19056	40.09
K19057	0
K19058	1.32
K19059	0
K19062	102.15
K19063	0.12
K19068	314.32
K19070	0
K19071	0
K19072	0
K19073	0.99
K19075	0
K19076	0
K19077	330.14
K19078	94.4
K19079	93.53
K19080	329.27
K19081	328.27
K19082	328.27
K19083	328.27
K19084	328.27
K19088	0
K19090	0
K19091	1.25
K19092	309.15
K19096	0
K19106	0.31
K19110	0
K19113	3.34
K19114	0
K19115	0
K19116	0
K19117	0
K19118	0
K19119	0
K19120	0
K19121	0
K19122	0
K19123	351.29
K19124	358.74
K19125	416.63
K19126	364.11
K19127	0.25
K19128	4.25
K19129	4.25
K19130	0.25
K19131	110.2
K19132	109.95
K19133	108.95
K19134	0
K19136	0
K19137	0.5
K19138	0
K19139	0
K19140	0
K19141	0
K19142	0
K19145	0
K19147	5.22
K19148	333.84
K19155	47.39
K19156	47.39
K19157	57.41
K19158	301.42
K19159	316.36
K19160	3.8
K19161	1
K19162	347.21
K19163	53.53
K19164	48.22
K19165	1
K19166	303.79
K19167	11
K19168	443.38
K19169	0
K19170	0
K19171	0
K19172	0
K19173	0
K19174	0
K19175	0
K19180	2
K19187	0
K19190	10.68
K19191	0.42
K19200	0
K19203	0
K19209	0
K19211	0
K19212	0
K19213	0
K19215	0
K19216	0
K19219	0
K19220	0
K19221	441.28
K19222	348.5
K19223	0
K19224	0
K19225	332.59
K19226	347.21
K19227	347.21
K19228	334.21
K19229	348.21
K19230	334.21
K19231	14.14
K19234	89.33
K19235	347.21
K19236	347.21
K19237	0
K19238	333.72
K19239	15.67
K19240	0
K19242	0
K19244	0.01
K19246	0.5
K19265	571.06
K19267	451.46
K19268	14.15
K19270	696.75
K19271	15.87
K19272	0.6
K19273	0
K19274	4
K19275	0
K19278	0.17
K19285	330.14
K19286	1
K19290	1.84
K19291	1.84
K19292	1.84
K19293	1.84
K19294	4.36
K19295	1.86
K19296	1.85
K19298	516
K19299	0
K19300	0.5
K19302	961.21
K19303	347.21
K19304	347.21
K19309	0
K19310	0
K19311	0
K19312	0
K19318	0
K19321	0
K19332	4
K19333	459.92
K19334	374.05
K19335	343.97
K19336	341.36
K19337	475.47
K19338	67.4
K19339	97.32
K19340	97.32
K19341	2.49
K19342	97.32
K19343	0
K19344	1.49
K19345	1.49
K19349	1
K19350	0
K19351	0
K19353	338.22
K19354	332.34
K19355	0
K19405	331.14
K19411	331.14
K19413	0
K19416	452.37
K19418	0
K19419	0
K19420	0
K19421	0
K19422	0
K19423	0
K19424	0
K19425	0
K19426	0
K19427	0
K19428	0
K19429	0
K19430	0
K19431	0
K19433	0
K19449	0
K19504	32.98
K19505	46.98
K19506	32.98
K19507	32.98
K19508	72.21
K19509	33.15
K19510	32.98
K19540	36.15
K19545	0
K19546	0
K19547	0
K19548	0
K19549	0
K19550	0
K19555	2.84
K19556	2.84
K19563	0
K19572	1
K19576	330.14
K19577	417.28
K19580	0
K19585	22.19
K19586	22.19
K19587	22.19
K19591	3.33
K19592	17.17
K19593	0.83
K19594	28.17
K19595	28.17
K19597	28.16
K19609	3.33
K19610	3.33
K19611	671.5
K19615	1
K19616	0
K19617	0
K19618	0
K19620	1.5
K19621	1.5
K19622	1.5
K19623	1.5
K19624	0.5
K19633	0
K19640	0.34
K19641	1.5
K19649	0
K19659	0
K19661	1.5
K19666	0.5
K19667	0.5
K19668	0.5
K19670	0
K19686	0.5
K19687	0.5
K19688	347.21
K19689	335.23
K19694	0
K19696	2.49
K19697	337.39
K19700	0
K19701	0
K19702	0
K19707	2.93
K19709	74.34
K19710	228.32
K19711	0.5
K19713	3.49
K19714	0
K19715	0
K19720	0.01
K19723	2
K19725	2
K19726	2
K19727	2
K19731	1
K19732	0
K19733	0
K19734	11.63
K19736	4.34
K19741	2
K19743	2
K19744	1.83
K19745	541.73
K19746	1.83
K19775	62.37
K19776	139.56
K19777	36.2
K19778	348.59
K19780	13.45
K19784	535.84
K19789	362.2
