function.	oral_18
K00001	15.44
K00002	0.68
K00003	83.06
K00004	7.92
K00005	27.56
K00007	0.95
K00008	18.98
K00009	9.83
K00010	8.67
K00011	0
K00012	60.39
K00013	66.13
K00014	110.75
K00015	0
K00016	67.18
K00018	42.15
K00019	5.98
K00020	28.67
K00021	0
K00023	2.1
K00024	61.53
K00025	0
K00027	41.69
K00028	3
K00029	64.45
K00030	1.9
K00031	73.58
K00032	0
K00033	43.77
K00034	2.81
K00036	41.1
K00038	0
K00039	0
K00040	3.18
K00041	1.01
K00042	3.6
K00043	0.75
K00045	1.23
K00046	14.91
K00048	4.69
K00050	1.25
K00052	84.05
K00053	86.77
K00054	38.42
K00055	0.2
K00057	119.72
K00058	111.84
K00059	212.88
K00060	1.53
K00064	2.22
K00065	2.77
K00066	0
K00067	61.48
K00068	10.13
K00073	2.5
K00074	27.56
K00075	117.98
K00076	13.63
K00077	48.53
K00078	0
K00082	0
K00086	1.49
K00087	0.03
K00088	123.25
K00090	0.95
K00091	5.08
K00094	0.17
K00096	3.26
K00097	73.97
K00098	3.13
K00099	80.51
K00100	43.94
K00101	15.65
K00102	2.65
K00103	0
K00104	47.28
K00105	27.53
K00108	2.5
K00111	36.07
K00112	10.53
K00113	10.53
K00114	0.2
K00116	51.05
K00117	1.01
K00118	0.47
K00121	11.32
K00122	0.2
K00123	102.09
K00124	49.32
K00125	0
K00126	0.95
K00127	49.61
K00128	35.58
K00130	16.05
K00131	24.64
K00132	0
K00133	103.82
K00134	142.25
K00135	36.27
K00137	0.75
K00138	2.57
K00140	4.13
K00141	1.35
K00145	65.4
K00146	2.5
K00147	91.12
K00148	0.95
K00150	2
K00151	3.62
K00153	0.26
K00154	0.95
K00156	3.92
K00158	10.56
K00161	40.75
K00162	40.75
K00163	16.43
K00164	23.1
K00166	0.95
K00167	0.95
K00169	0.38
K00170	0.26
K00171	0
K00172	0.38
K00174	49
K00175	49
K00176	45.52
K00177	45.52
K00179	4.1
K00180	4.1
K00183	0
K00184	7.9
K00185	7.9
K00194	2.2
K00196	0.2
K00197	2.2
K00198	4.19
K00200	0
K00201	0
K00202	0
K00208	59.89
K00209	23.35
K00210	4
K00215	103.47
K00216	0
K00217	0.2
K00218	0.4
K00219	2.9
K00220	0
K00221	0
K00226	32.19
K00227	0
K00228	5.74
K00230	7.51
K00231	7.19
K00232	1.16
K00239	50.2
K00240	52.64
K00241	51.59
K00242	4.95
K00243	44
K00244	90.84
K00245	47.17
K00246	47.17
K00247	7.68
K00248	16.66
K00249	5.9
K00252	15.5
K00253	0.95
K00254	62.51
K00256	0.2
K00257	22.95
K00259	24.52
K00260	23.19
K00261	24.99
K00262	63.83
K00263	1.83
K00265	43.39
K00266	68.28
K00273	0
K00274	1.02
K00275	20.58
K00276	0
K00278	15.58
K00280	0.33
K00281	15.56
K00282	18.81
K00283	18.81
K00284	4.6
K00285	13.38
K00286	98.8
K00287	63.07
K00288	0.47
K00290	56.44
K00293	0
K00294	9.31
K00297	77.37
K00298	1.61
K00299	5.14
K00301	0.4
K00302	0.95
K00303	1.27
K00304	0.95
K00305	0.95
K00311	6.15
K00313	4.18
K00316	3.99
K00317	0
K00318	8.53
K00322	0
K00324	46.74
K00325	30.53
K00330	52.25
K00331	52.74
K00332	44.08
K00333	44.08
K00334	28.17
K00335	57.87
K00336	71.14
K00337	51.99
K00338	52.32
K00339	51.99
K00340	51.99
K00341	51.99
K00342	52.19
K00343	51.99
K00344	4.96
K00346	18.1
K00347	19.86
K00348	19.96
K00349	19.69
K00350	19.69
K00351	19.69
K00354	10.84
K00355	14.61
K00356	4.75
K00362	4.4
K00363	4.55
K00364	31.76
K00365	0
K00366	1.32
K00367	2.58
K00368	8.97
K00370	3.46
K00371	3.46
K00372	0.99
K00373	3.46
K00374	3.46
K00375	26.88
K00376	12.92
K00380	20.64
K00381	7.24
K00382	98.22
K00383	42.81
K00384	212.43
K00385	5.02
K00387	0
K00389	2.71
K00390	10.96
K00392	6.6
K00394	0.29
K00395	0.29
K00404	43.96
K00405	38.03
K00406	51.22
K00407	40.71
K00411	44.44
K00412	44.44
K00413	44.44
K00425	57.67
K00426	57.5
K00427	4.6
K00428	102.4
K00432	61.78
K00433	3.16
K00435	0.35
K00436	0.26
K00437	0
K00441	0
K00446	2.2
K00448	0.95
K00449	3.09
K00450	0.2
K00451	8.49
K00452	4.79
K00453	5.74
K00455	3.62
K00456	0
K00457	9.64
K00459	58.3
K00466	0.2
K00467	0
K00469	0.27
K00471	0.95
K00472	0
K00476	0.95
K00477	0.95
K00479	0.95
K00480	0.2
K00481	0.95
K00483	2.87
K00484	11.71
K00486	4.79
K00491	0
K00493	0.2
K00496	1.3
K00499	0.95
K00500	6.34
K00505	0.95
K00507	3.41
K00508	5.65
K00510	0
K00517	0.93
K00520	1.73
K00523	4.95
K00525	126.54
K00526	115.71
K00527	86.78
K00528	33.32
K00529	2.35
K00531	0
K00532	2.2
K00533	0.29
K00534	0.29
K00537	75.25
K00543	0.75
K00547	13.86
K00548	30.12
K00549	83.55
K00554	118.98
K00556	7.94
K00557	54.97
K00558	110.88
K00560	63.53
K00561	10.96
K00563	26.58
K00564	45.5
K00566	167.06
K00567	115.12
K00568	12.66
K00569	0.47
K00570	0
K00571	80.88
K00573	54.21
K00574	34.51
K00575	64.97
K00584	0
K00588	4.86
K00590	0
K00595	3.53
K00596	0.2
K00598	0.85
K00600	116.01
K00602	120.27
K00603	23.81
K00604	150.9
K00605	34.5
K00606	37.2
K00608	13.95
K00609	97.49
K00610	10.71
K00611	99.65
K00612	1.7
K00613	0.92
K00615	208.84
K00616	86.02
K00619	10.56
K00620	20.58
K00621	0
K00625	56.3
K00626	50.63
K00627	54.38
K00631	24.26
K00632	8.46
K00633	4.13
K00634	1.44
K00635	0
K00638	2.11
K00639	34.92
K00640	110.27
K00641	25.78
K00643	0
K00645	118.44
K00646	0.75
K00647	14.83
K00648	175.75
K00651	36.32
K00652	64.59
K00655	125.24
K00656	73.99
K00657	107.12
K00658	31.48
K00661	42.74
K00662	46.58
K00663	0
K00666	9.89
K00672	0
K00673	1.9
K00674	83.13
K00675	1.45
K00677	69.43
K00680	50.34
K00681	23.18
K00683	0.02
K00684	67.89
K00685	40.44
K00686	0
K00687	27.71
K00688	89.25
K00689	2
K00690	19.21
K00691	12.44
K00692	1.48
K00694	5.7
K00696	0
K00697	2.43
K00700	54.07
K00702	2
K00703	72.28
K00705	77.69
K00709	0
K00712	0
K00720	6.4
K00721	22.73
K00728	0
K00737	0.5
K00745	0
K00748	69.18
K00752	6.07
K00754	27.85
K00756	48.43
K00757	21.72
K00758	3.46
K00759	118.29
K00760	60.57
K00761	117.47
K00762	116.55
K00763	99.14
K00764	119.98
K00765	66.13
K00766	25.72
K00767	29.15
K00768	29.65
K00769	40.24
K00772	3.04
K00773	118.65
K00782	54.31
K00783	99.72
K00784	57.75
K00785	10.68
K00786	1.04
K00788	136.4
K00789	126.28
K00790	149.57
K00791	134.76
K00793	73.7
K00794	73.5
K00795	24.9
K00796	98.37
K00797	21.51
K00798	25.63
K00799	11.01
K00800	120.9
K00801	0.95
K00803	1.29
K00805	53.97
K00806	120.79
K00808	0
K00809	7.82
K00812	64.77
K00813	11.8
K00817	87.47
K00818	44.7
K00819	9.01
K00820	107.59
K00821	20.32
K00822	1.7
K00823	2.66
K00824	13.75
K00826	114.19
K00830	0
K00831	89.22
K00832	12.51
K00833	64.15
K00835	4
K00836	5.59
K00839	0.17
K00840	0
K00841	30.65
K00842	29.68
K00844	17.04
K00845	58.27
K00847	61.12
K00848	1.33
K00849	92.34
K00850	83.91
K00851	16.47
K00852	24.8
K00853	4.4
K00854	29.13
K00855	0
K00856	0.95
K00857	51.18
K00858	118.98
K00859	118.73
K00860	45.15
K00862	0
K00863	32.79
K00864	69.64
K00865	65.02
K00867	39.6
K00868	68.54
K00869	38.55
K00870	4.5
K00872	87.32
K00873	118.81
K00874	59.38
K00876	77.81
K00878	25.88
K00879	3.84
K00880	7.56
K00881	2.67
K00882	64.69
K00883	1.4
K00884	6.68
K00885	6.68
K00886	5.89
K00887	29.32
K00891	118.66
K00892	0
K00895	20.91
K00897	1.75
K00899	15.25
K00901	59.33
K00906	0.95
K00912	64.23
K00917	45.04
K00918	0
K00919	91.41
K00924	2.43
K00925	117.12
K00926	44.27
K00927	120.98
K00928	108.2
K00929	0.97
K00930	65.4
K00931	93.63
K00932	0
K00936	65.45
K00937	68.05
K00938	30.85
K00939	122.76
K00940	94.29
K00941	73.46
K00942	104.51
K00943	108.78
K00945	77.81
K00946	64.83
K00947	0
K00948	149.05
K00949	49.34
K00950	81.18
K00951	127.38
K00954	114.27
K00955	2.37
K00956	9.98
K00957	13.32
K00958	39.49
K00962	118.81
K00963	97.23
K00965	47.73
K00966	0
K00968	1.47
K00969	110.43
K00970	52.79
K00971	28.87
K00972	0.33
K00973	83.48
K00974	109.51
K00975	101.04
K00978	16.62
K00979	68.27
K00980	10.73
K00981	128
K00982	17.09
K00983	36.48
K00984	0.2
K00986	1.12
K00988	0
K00989	19.25
K00990	51.95
K00991	49.55
K00992	4.95
K00993	13.03
K00995	134.46
K00996	5.76
K00997	100.92
K00998	7.85
K01000	118.98
K01002	13
K01003	0
K01004	2.18
K01006	54.85
K01007	21.24
K01008	67.39
K01011	11.36
K01012	76.97
K01023	39.62
K01026	8.16
K01027	0
K01028	8.49
K01029	8.49
K01031	0.95
K01032	0.95
K01034	11.99
K01035	11.99
K01039	4.79
K01040	4.79
K01042	64.67
K01046	7.26
K01048	3.17
K01051	0.27
K01053	5.55
K01055	0.95
K01056	118.98
K01057	17.19
K01058	46.45
K01060	9.52
K01061	5.38
K01066	3.95
K01067	1.22
K01069	19.89
K01070	8.11
K01071	29.32
K01073	0
K01075	0.2
K01077	14.82
K01078	0.75
K01079	83.65
K01081	34.06
K01082	53.89
K01083	3.05
K01085	0.95
K01086	0
K01087	1.28
K01089	42.33
K01090	30.97
K01091	161.9
K01092	73.98
K01093	0
K01095	56.74
K01096	7.68
K01101	21.35
K01104	118.26
K01113	4.33
K01114	6.75
K01117	0
K01118	16.04
K01119	42.18
K01120	0.24
K01121	4.5
K01126	95.4
K01129	24.01
K01130	1.19
K01133	0.95
K01134	0.42
K01135	0
K01136	0.64
K01137	0
K01138	5.45
K01139	44.27
K01141	7.68
K01142	124.73
K01144	5.54
K01146	0
K01147	28.21
K01150	19.29
K01151	21.02
K01153	140.16
K01154	181.68
K01155	29.64
K01156	79.68
K01158	0.75
K01159	89.65
K01160	0.67
K01163	34.36
K01165	12
K01166	8.63
K01167	1.28
K01169	0
K01173	38.22
K01174	1.32
K01175	7.68
K01176	24.91
K01178	0.75
K01179	9.97
K01181	7.41
K01182	22.05
K01183	2.22
K01184	0
K01185	2.68
K01186	17.83
K01187	24.47
K01188	0
K01190	37.29
K01191	18.3
K01192	6.51
K01193	56.15
K01194	1.88
K01195	12.65
K01197	1.2
K01198	6.31
K01200	29.73
K01201	6.29
K01205	0.03
K01206	24.39
K01207	92.77
K01208	1.49
K01209	4.76
K01210	0
K01212	0.58
K01215	29.31
K01216	0
K01218	2.33
K01219	0.4
K01220	27.16
K01222	21.7
K01223	143.34
K01224	3.3
K01226	26.01
K01227	6.04
K01232	6.83
K01233	0
K01235	1.27
K01236	3.13
K01239	7.75
K01241	3.2
K01243	100.46
K01246	53.64
K01247	4.67
K01250	0.85
K01251	8.79
K01252	0
K01253	0.4
K01255	74.17
K01256	42.88
K01258	69.99
K01259	28.87
K01261	29.33
K01262	125.7
K01263	0
K01264	0
K01265	126.61
K01266	2.37
K01267	22.61
K01269	4.5
K01270	85.86
K01271	35.24
K01273	17.91
K01274	17.12
K01277	4
K01278	17.17
K01281	30.55
K01283	0
K01284	19.33
K01286	9.76
K01295	5.3
K01297	15.5
K01299	7.1
K01301	0.74
K01303	5.24
K01304	46.25
K01305	1
K01308	0
K01318	0
K01322	28.51
K01338	94.14
K01342	0
K01347	14.37
K01354	22.53
K01355	0
K01356	27.67
K01358	144.1
K01361	13.77
K01372	35.49
K01387	1.5
K01390	5.96
K01392	0
K01399	0
K01400	0
K01401	0
K01406	0
K01407	4.84
K01409	123.97
K01414	13.38
K01415	0.24
K01417	0
K01419	68.97
K01420	100.53
K01421	33.02
K01424	100.79
K01425	10.57
K01426	31.39
K01427	0
K01428	3.67
K01429	3.18
K01430	3.18
K01432	0
K01433	54.99
K01434	4.97
K01436	22.39
K01438	13.99
K01439	105.53
K01440	0
K01442	0.77
K01443	49.8
K01444	4.4
K01446	3.2
K01447	8.65
K01448	126.06
K01449	0.69
K01451	36.29
K01452	0.2
K01453	1.53
K01455	0.2
K01457	0.2
K01458	1.9
K01460	0.17
K01461	0
K01462	151.3
K01464	3.01
K01465	147.18
K01466	1.09
K01467	27.05
K01468	33.12
K01469	0.2
K01470	0.74
K01471	0.75
K01473	0
K01474	0
K01476	0.49
K01477	1.9
K01478	39.57
K01479	14.08
K01480	17.32
K01482	0.46
K01483	2.16
K01484	0.95
K01485	8.66
K01486	6.79
K01487	1.18
K01488	46.72
K01489	70.82
K01491	118.98
K01492	0.29
K01493	63.36
K01494	56.06
K01495	100.21
K01496	8.67
K01497	42.63
K01499	0
K01501	40.67
K01502	0.8
K01505	37.1
K01507	77.56
K01512	54.94
K01515	56.63
K01518	0
K01520	72.73
K01521	0
K01523	7.67
K01524	122.26
K01525	12.8
K01531	8.85
K01533	63.94
K01534	82.79
K01535	0
K01537	39.58
K01545	0
K01546	40.1
K01547	29.91
K01548	30.15
K01551	10.41
K01555	8.49
K01556	5.86
K01560	11.92
K01561	1.15
K01563	0.2
K01567	0.4
K01568	0
K01569	0.95
K01571	33.01
K01572	26.51
K01573	11.48
K01574	0.95
K01575	28.32
K01576	0.95
K01577	0
K01578	0
K01579	38.93
K01580	2.25
K01581	23.53
K01582	11.77
K01583	1
K01584	1.31
K01585	55.51
K01586	99.69
K01588	118.78
K01589	52.01
K01590	0.16
K01591	116.3
K01593	0
K01594	0
K01595	44.56
K01596	9.04
K01597	38.55
K01598	28.38
K01599	96.6
K01601	0
K01602	0
K01607	51.73
K01608	0.95
K01609	65.42
K01610	72.15
K01611	3.34
K01613	109.31
K01615	6.87
K01616	0
K01617	0
K01619	72.18
K01620	44.46
K01621	2.2
K01622	0
K01623	23.96
K01624	104.19
K01625	52.22
K01626	103.38
K01627	69.02
K01628	38.3
K01629	0
K01630	1.48
K01631	0.95
K01633	74.95
K01635	48
K01637	2.25
K01638	2.25
K01639	26.88
K01640	8.97
K01641	31.61
K01643	27.86
K01644	32.84
K01646	27.86
K01647	77.57
K01649	101.04
K01652	110.28
K01653	86.81
K01654	21.87
K01655	0
K01657	71.31
K01658	51.67
K01659	4.98
K01661	19.51
K01662	92.89
K01664	44.11
K01665	31.69
K01666	3.7
K01667	26.67
K01668	20.17
K01669	20.82
K01671	0
K01673	97.37
K01674	4.1
K01676	12.32
K01677	17.42
K01678	17.42
K01679	65.87
K01681	36.92
K01682	53.44
K01683	0
K01684	1.15
K01685	8.06
K01686	28.18
K01687	88.46
K01689	118.98
K01690	4.95
K01692	3.16
K01693	20.11
K01695	71.3
K01696	98.87
K01697	11.02
K01698	68.55
K01699	2.75
K01703	80.93
K01704	81.73
K01706	0.4
K01707	0.2
K01708	0.2
K01709	16.12
K01710	120.36
K01711	35.88
K01712	31.87
K01713	1.24
K01714	150.11
K01715	17.7
K01716	7.51
K01719	67.05
K01720	5.53
K01721	0.4
K01724	4.38
K01725	0.95
K01727	5.54
K01728	0
K01729	1.06
K01730	0
K01733	126.95
K01734	12.82
K01735	112.47
K01736	118.98
K01737	77.94
K01738	116.69
K01739	35.57
K01740	55.44
K01744	79.56
K01745	42.11
K01746	4.76
K01749	64.54
K01750	15.4
K01751	3.5
K01752	145.32
K01753	6.26
K01754	92.48
K01755	90.23
K01756	150.19
K01758	0.31
K01759	89.52
K01760	61.32
K01761	28.25
K01766	7.68
K01768	47.81
K01770	41.14
K01771	0.73
K01772	106.92
K01775	127.12
K01776	123.43
K01777	0.2
K01778	63.86
K01779	43.53
K01781	0
K01782	0.75
K01783	126.28
K01784	149.58
K01785	67.88
K01787	0.41
K01788	43.84
K01790	104.94
K01791	45.93
K01792	10.18
K01795	0
K01796	0.2
K01799	0.6
K01800	0
K01801	0.95
K01802	104.04
K01803	129.96
K01804	5.31
K01805	14.5
K01807	57.35
K01808	88.1
K01809	60.43
K01810	122.98
K01811	2.21
K01812	23.72
K01813	1
K01814	63.75
K01815	8.64
K01816	5.95
K01817	80.18
K01818	5.97
K01819	56.74
K01820	2.34
K01821	106.45
K01823	38.89
K01825	0
K01826	4.62
K01829	1.54
K01834	69.61
K01835	81.25
K01838	12.45
K01839	31.34
K01840	22.78
K01841	19.5
K01843	23.94
K01844	6.75
K01845	70.04
K01846	20.68
K01847	19.69
K01848	1.04
K01849	1.04
K01850	1
K01851	0.95
K01854	28.92
K01856	1.15
K01857	1.45
K01858	0.5
K01866	120.08
K01867	119.93
K01868	119.01
K01869	120.2
K01870	119.9
K01872	126.79
K01873	119.18
K01874	118.98
K01875	119.18
K01876	123.4
K01878	88.5
K01879	88.5
K01880	30.48
K01881	120.18
K01883	118.98
K01884	6.57
K01885	132.3
K01886	28.3
K01887	119.98
K01889	119.45
K01890	118.98
K01892	118.98
K01893	70.56
K01894	5.95
K01895	63.91
K01896	0
K01897	124.51
K01902	63.06
K01903	62.06
K01905	0.75
K01906	0.83
K01907	0
K01908	0.52
K01910	29.49
K01911	20.15
K01912	15.69
K01914	40.06
K01915	114.2
K01916	88.68
K01918	38.39
K01919	36.51
K01920	5.9
K01921	122.16
K01922	29.38
K01923	137.58
K01924	120.1
K01925	118.98
K01926	54.62
K01928	126.01
K01929	120.73
K01933	118.95
K01934	78.51
K01935	72.01
K01937	112.09
K01938	68.8
K01939	105.73
K01940	88.37
K01941	0.95
K01945	118.98
K01947	4
K01950	22.66
K01951	122.95
K01952	219.6
K01953	33.32
K01955	105.78
K01956	104.76
K01958	4.19
K01959	39.49
K01960	42.99
K01961	137.37
K01962	112.42
K01963	112.84
K01965	3.3
K01966	3.63
K01968	0.95
K01969	0.95
K01971	1.35
K01972	118.98
K01974	0
K01975	3.03
K01989	79.97
K01990	538.57
K01991	28.48
K01992	501.41
K01993	21.13
K01994	0
K01995	101.44
K01996	102.93
K01997	103.4
K01998	103.4
K01999	140.27
K02000	12.46
K02001	3.3
K02002	20.39
K02003	429.37
K02004	483.3
K02005	47.03
K02006	29.8
K02007	30.97
K02008	31
K02009	36.72
K02010	123.15
K02011	107.31
K02012	109.2
K02013	268.31
K02014	219.04
K02015	318.37
K02016	253.09
K02017	52.46
K02018	66.11
K02019	17.03
K02020	70.73
K02021	0.33
K02022	0
K02024	0.34
K02025	69.55
K02026	65.66
K02027	102.99
K02028	216.61
K02029	260.31
K02030	310.11
K02031	137.43
K02032	159.86
K02033	179.18
K02034	186.86
K02035	268.96
K02036	118.16
K02037	91.66
K02038	91.66
K02039	46.54
K02040	96.22
K02041	21.09
K02042	36.93
K02043	0.75
K02044	21.59
K02045	5.24
K02046	5.24
K02047	5.24
K02048	6.79
K02049	56.06
K02050	59.8
K02051	60.42
K02052	68.82
K02053	45.51
K02054	42.21
K02055	49.8
K02056	78.92
K02057	156.14
K02058	11
K02062	23.23
K02063	27.52
K02064	27.52
K02065	69.43
K02066	69.43
K02067	69.43
K02068	10.01
K02069	12.43
K02071	99.67
K02072	95.72
K02073	200.8
K02074	5.54
K02075	6.68
K02076	3.47
K02077	10.37
K02078	190.69
K02079	0
K02080	0.27
K02081	0.59
K02082	25.67
K02083	1.98
K02086	29.33
K02099	2.84
K02100	0.79
K02103	1.47
K02106	8.59
K02107	7.65
K02108	101.24
K02109	114.07
K02110	101.24
K02111	101.24
K02112	101.24
K02113	60.73
K02114	101.44
K02115	101.44
K02116	14.19
K02117	39.92
K02118	39.92
K02119	17.66
K02120	40.42
K02121	33.64
K02122	20.92
K02123	39.92
K02124	39.92
K02160	109.23
K02164	0.75
K02167	0.95
K02168	14.9
K02169	74.94
K02170	4
K02171	0.2
K02172	0.2
K02173	2.03
K02182	0
K02188	23.96
K02189	21.96
K02190	24.78
K02191	20.01
K02192	4.45
K02193	8.72
K02194	8.72
K02195	8.72
K02196	7.51
K02197	8.72
K02198	8.72
K02199	15.36
K02200	15.19
K02203	3.72
K02204	9.77
K02205	0
K02217	71.65
K02221	103.73
K02224	26.29
K02225	0.95
K02226	30.63
K02227	27.24
K02228	0.33
K02229	0.95
K02230	17.56
K02231	28.14
K02232	31.91
K02233	29.98
K02234	0.95
K02236	27.83
K02237	111.47
K02238	101.49
K02240	29.33
K02241	6.94
K02242	74.38
K02243	29.33
K02244	29.32
K02245	28.62
K02246	27
K02248	29.52
K02250	0
K02251	0
K02255	0
K02258	0.95
K02259	6.4
K02274	7.57
K02275	8.64
K02276	10.86
K02277	1.49
K02278	7.49
K02279	10.62
K02280	10.62
K02281	0
K02282	10.74
K02283	15.83
K02291	9
K02297	1.7
K02298	1.7
K02299	1.7
K02300	1.7
K02302	5.55
K02303	6.52
K02304	12.46
K02305	0
K02313	114.36
K02314	127.13
K02315	4.21
K02316	121.98
K02317	0
K02334	72.25
K02335	119.4
K02336	2.2
K02337	125.87
K02338	95.83
K02339	12.46
K02340	118.98
K02341	76.24
K02342	127.64
K02343	137.23
K02344	7.68
K02345	0
K02346	88.91
K02347	0.95
K02348	33.62
K02351	0.95
K02352	0
K02355	164
K02356	118.83
K02357	118.98
K02358	133.36
K02361	9.06
K02362	0
K02363	0
K02364	0
K02371	48.56
K02372	110.03
K02377	35.72
K02379	40.56
K02380	8.88
K02381	0
K02383	16.75
K02385	20.61
K02386	27.8
K02387	61.05
K02388	61.05
K02389	60.79
K02390	91.11
K02391	0.95
K02392	119.14
K02393	41.48
K02394	41.48
K02395	19.75
K02396	61.05
K02397	60.79
K02398	19.81
K02399	0.95
K02400	63.05
K02401	62.88
K02402	1.15
K02403	2.1
K02404	59.18
K02405	61.05
K02406	178.74
K02407	61.8
K02408	61.05
K02409	61.8
K02410	77.8
K02411	55.12
K02412	61.05
K02413	21.56
K02414	3.4
K02415	74.57
K02416	61.05
K02417	100.24
K02418	21.04
K02419	61.05
K02420	61.05
K02421	60.85
K02422	61.25
K02423	0.95
K02424	60.77
K02425	0
K02426	17.88
K02427	29.21
K02428	122.77
K02429	33.82
K02430	3.84
K02431	6.18
K02433	104.92
K02434	103.4
K02435	101.15
K02436	1.64
K02437	39.14
K02438	33.42
K02439	7.68
K02440	90.86
K02441	2.84
K02443	4.62
K02444	15.31
K02445	11.33
K02446	11.56
K02448	0
K02450	0
K02451	0
K02452	0.95
K02453	61.54
K02454	49.44
K02455	45.48
K02456	67.52
K02457	0.95
K02458	0.95
K02459	0.95
K02460	0.95
K02461	0.95
K02462	0.95
K02463	0.95
K02464	27.42
K02466	3.09
K02467	0
K02468	2.84
K02469	121.75
K02470	121.58
K02471	16.87
K02472	7.39
K02473	7.78
K02474	23.77
K02475	7.63
K02476	7.75
K02477	22.09
K02478	5.53
K02479	0.75
K02480	2.95
K02481	42.94
K02482	10.65
K02483	128.03
K02484	143.75
K02485	0
K02486	0
K02487	4.42
K02488	0
K02490	0.12
K02492	68.53
K02493	119.67
K02494	12.63
K02495	193.23
K02496	11.68
K02497	0
K02498	12.63
K02499	22.59
K02500	96.96
K02501	96.96
K02502	8.08
K02503	103.77
K02504	7.85
K02505	7.68
K02506	7.68
K02507	7.85
K02508	2.67
K02509	3.87
K02510	3.62
K02511	0
K02517	77.36
K02518	120.62
K02519	120.76
K02520	118.98
K02521	7.68
K02523	78.07
K02525	4.75
K02526	20.56
K02527	62.82
K02528	119.23
K02529	168.01
K02530	27.87
K02531	18.67
K02532	5.84
K02533	21.7
K02535	59.93
K02536	78.27
K02538	0.2
K02548	28.28
K02549	10.45
K02550	0
K02551	19.51
K02552	10.95
K02553	8.52
K02554	2.2
K02556	62.77
K02557	121.63
K02558	20.16
K02560	7.68
K02562	3.01
K02563	118.98
K02564	69.42
K02565	3.96
K02566	41.49
K02567	47.37
K02568	47.37
K02569	16.67
K02570	20.45
K02571	2.84
K02572	16.5
K02573	56.16
K02574	69.11
K02575	8.73
K02584	22.22
K02585	3.29
K02586	6.29
K02587	4
K02588	12.54
K02589	3
K02590	3
K02591	5.29
K02592	3
K02593	0
K02594	1.2
K02595	0
K02596	0
K02597	0
K02598	0.77
K02600	118.98
K02601	134.73
K02609	1.83
K02610	1.83
K02611	1.83
K02612	1.83
K02613	9.37
K02614	27.25
K02615	0
K02616	1.15
K02617	0.88
K02618	1.15
K02619	27.5
K02621	67.74
K02622	67.91
K02623	0.95
K02624	1.15
K02625	0.01
K02626	2.25
K02635	0
K02636	0
K02647	6.06
K02650	6.97
K02651	13.57
K02652	14.97
K02653	15.22
K02654	55.39
K02655	8.95
K02656	11.51
K02657	0
K02658	0
K02659	0
K02660	0
K02661	0
K02662	0.97
K02663	5.27
K02664	4.5
K02665	4
K02666	20.94
K02667	1.69
K02668	0.69
K02669	29.34
K02670	8
K02671	4
K02672	4.95
K02673	4
K02674	4.49
K02676	4
K02679	7.51
K02680	7.51
K02681	7.51
K02682	7.68
K02686	8.88
K02687	99.45
K02688	1.15
K02742	7.51
K02744	10.96
K02745	4.96
K02746	4.96
K02747	4.96
K02750	4.05
K02753	0
K02755	0
K02756	0
K02757	33.3
K02759	50.17
K02760	59.92
K02761	81.29
K02763	0.29
K02765	4.18
K02768	12.76
K02769	1.89
K02770	62.78
K02771	0
K02773	19.6
K02774	20.01
K02775	20.14
K02777	20.67
K02778	0
K02779	46.8
K02781	12.26
K02782	0.08
K02783	18.88
K02784	15.5
K02786	26.16
K02788	27.16
K02791	9.77
K02793	32.12
K02794	73.99
K02795	72.42
K02796	70.22
K02798	7.81
K02800	13.81
K02802	0.66
K02803	3.34
K02804	11.14
K02805	5.51
K02806	64.57
K02808	0
K02810	45.97
K02812	0
K02813	0
K02814	0.29
K02815	0
K02819	26.18
K02821	37.65
K02822	52.79
K02823	32.32
K02824	66.86
K02825	58.04
K02826	0
K02827	0
K02828	0
K02829	0
K02834	88.97
K02835	118.98
K02836	118.98
K02837	52.73
K02838	118.98
K02839	0.98
K02840	0
K02841	49.44
K02843	75.51
K02844	8.66
K02846	0
K02847	10.1
K02848	0
K02849	9.86
K02850	9.24
K02851	52.6
K02852	5.98
K02853	4.84
K02854	1
K02855	0
K02856	0.4
K02858	5.75
K02859	3.06
K02860	118.98
K02862	0
K02863	118.98
K02864	118.98
K02867	118.98
K02871	118.81
K02874	119.67
K02876	116.42
K02878	115.23
K02879	119.67
K02881	118.92
K02884	118.98
K02886	120.36
K02887	118.98
K02888	118.98
K02890	119.84
K02892	119.67
K02895	119.17
K02897	85.1
K02899	118.81
K02902	119.89
K02904	119.67
K02906	119.67
K02907	79.04
K02909	131.57
K02911	116.6
K02913	139.44
K02914	117.61
K02916	118.98
K02919	69.63
K02926	119.67
K02927	0
K02931	119.67
K02933	119.67
K02935	118.81
K02939	118.98
K02945	114.85
K02946	118.86
K02948	115.73
K02950	118.81
K02952	119.67
K02954	140.76
K02956	118.81
K02959	118.81
K02961	119.67
K02963	118.98
K02965	119.67
K02967	119.15
K02968	118.98
K02970	114.62
K02972	0
K02982	119.67
K02986	119.67
K02988	120.36
K02990	118.98
K02992	118.98
K02994	119.67
K02996	118.81
K03040	119.67
K03043	117.98
K03046	117.98
K03048	31.69
K03060	78.51
K03070	125.02
K03071	13.21
K03072	78.99
K03073	97.52
K03074	78.82
K03075	112.28
K03076	125.34
K03077	0.49
K03078	10.68
K03079	0.33
K03086	167.2
K03087	1.07
K03088	173.27
K03089	12.63
K03090	0.46
K03091	15.98
K03092	82.02
K03093	0
K03095	29.32
K03098	33.37
K03100	190.5
K03101	126.62
K03106	118.98
K03110	119.15
K03111	188.59
K03112	0
K03113	17.63
K03116	72.74
K03117	50.13
K03118	64.87
K03119	5.85
K03146	0
K03147	56.01
K03148	45.31
K03149	57.84
K03150	58.01
K03151	55.91
K03152	88.91
K03153	5.28
K03154	57.34
K03168	119.48
K03169	43.95
K03177	118.98
K03179	65.68
K03181	12.21
K03182	52.99
K03183	69.56
K03184	7.51
K03185	8.46
K03186	52.99
K03187	3.79
K03188	3.67
K03189	3.67
K03190	3.67
K03191	0
K03192	0
K03194	0.4
K03195	6.89
K03196	8.05
K03197	4.98
K03198	3.82
K03199	7.06
K03200	4.77
K03201	1.53
K03202	0
K03203	2.35
K03204	7.09
K03205	52.43
K03207	0
K03208	0.22
K03210	120.39
K03212	10.12
K03214	23.43
K03215	72.46
K03216	96.87
K03217	148.3
K03218	120.51
K03219	2.45
K03220	1.5
K03221	0.75
K03222	2.45
K03223	1.7
K03224	2.45
K03225	2.45
K03226	2.45
K03227	2.45
K03228	2.45
K03229	2.45
K03230	2.45
K03269	62.32
K03270	68.85
K03271	97.27
K03272	48.34
K03273	54.73
K03274	57.45
K03275	0
K03276	0
K03278	0.25
K03279	0
K03280	0
K03281	9.94
K03282	61.2
K03284	112.53
K03285	4.62
K03286	76.23
K03287	4.5
K03288	0.4
K03289	0.97
K03290	0.66
K03291	0
K03292	10.97
K03293	20.13
K03294	69.94
K03296	61.78
K03297	11.99
K03298	0
K03299	22.88
K03300	45.11
K03301	7.82
K03303	49.87
K03304	13.19
K03305	73.17
K03306	63.79
K03307	27.61
K03308	159.03
K03309	0.75
K03310	153.61
K03311	76
K03312	49.81
K03313	97.04
K03314	7.7
K03315	26.19
K03316	32.34
K03317	17.02
K03319	61.06
K03320	39.6
K03321	25.62
K03322	17.63
K03324	79.65
K03325	15.24
K03326	77.91
K03327	47.95
K03328	18.54
K03329	0
K03332	2.21
K03333	2.01
K03335	6.12
K03336	5.92
K03337	5.75
K03338	3.92
K03339	2.94
K03340	5.97
K03342	46.87
K03343	0
K03346	29.33
K03365	0
K03366	1.11
K03367	26.33
K03379	0.2
K03380	0
K03381	1.15
K03382	0
K03385	50.05
K03386	91.74
K03387	18.82
K03388	0.12
K03389	0.12
K03390	0.12
K03391	0.2
K03392	2.82
K03394	24.09
K03395	0.24
K03396	0.12
K03399	20.01
K03402	101.62
K03403	0
K03404	28.36
K03405	20.18
K03406	514.02
K03407	74.75
K03408	83.05
K03409	20.26
K03410	6.3
K03411	5.55
K03412	66.21
K03413	71.19
K03414	0.95
K03415	42.4
K03416	0.33
K03417	4.79
K03418	0
K03424	177.31
K03425	0
K03426	16.48
K03427	143.41
K03428	0
K03429	16.57
K03430	19.77
K03431	92.03
K03432	0.33
K03433	0.33
K03435	2.84
K03436	37.51
K03437	79.51
K03438	119.78
K03439	120.3
K03442	66.77
K03444	0
K03445	2.67
K03446	10.96
K03449	52.7
K03451	13.15
K03453	17.51
K03455	48.35
K03457	3.5
K03458	19.43
K03459	0
K03462	16.27
K03464	0.95
K03465	57.74
K03466	122.45
K03468	0
K03469	80.21
K03470	118.98
K03471	27.84
K03472	0
K03473	2.25
K03474	53.39
K03475	61.14
K03476	30.55
K03477	7.68
K03478	2.16
K03480	1.25
K03481	3.25
K03482	0
K03483	9.8
K03484	33.9
K03485	0
K03486	38.91
K03487	0
K03488	39.86
K03489	0.12
K03490	0
K03491	30.42
K03492	8.4
K03493	20.17
K03495	122.03
K03496	97.53
K03497	128.42
K03498	137.68
K03499	167.8
K03500	65.19
K03501	118.81
K03502	24.47
K03503	5.91
K03516	0
K03517	25.45
K03518	18.03
K03519	0.27
K03520	0.27
K03521	36.49
K03522	36.49
K03523	57.95
K03524	117.14
K03525	58.93
K03526	80.76
K03527	83.13
K03528	7.68
K03529	61.61
K03530	106.14
K03531	120.42
K03532	48.82
K03533	2.84
K03534	12.69
K03535	0.8
K03536	103.87
K03537	0.2
K03543	13.49
K03544	120.01
K03545	118.98
K03546	30.61
K03547	24.62
K03548	7.68
K03549	13.19
K03550	118.98
K03551	118.98
K03553	120.6
K03554	11.88
K03555	76.72
K03556	8.76
K03557	12.63
K03558	82.49
K03559	141.73
K03560	12.37
K03561	114.53
K03562	8.46
K03563	66.46
K03564	68.14
K03565	79.49
K03566	11.93
K03567	0
K03568	26.84
K03569	98.27
K03570	108.5
K03571	51.98
K03572	76.72
K03573	7.68
K03574	162.2
K03575	90.01
K03576	11.63
K03577	4.95
K03578	19.57
K03579	5.31
K03580	7.51
K03581	44.95
K03582	52.45
K03583	12.96
K03584	79.49
K03585	68.8
K03586	12.63
K03587	89.36
K03588	119.15
K03589	79.48
K03590	113.51
K03591	7.68
K03592	26.1
K03593	67.29
K03594	10.84
K03595	118.98
K03596	119.67
K03597	8.63
K03598	7.63
K03599	12.63
K03600	12.63
K03601	115.9
K03602	111.4
K03603	7.68
K03604	12.66
K03605	40.29
K03606	10.03
K03607	8.63
K03608	11.56
K03609	13.17
K03610	16.01
K03611	60.95
K03612	33.3
K03613	34.55
K03614	53.19
K03615	53.11
K03616	13.83
K03617	37.02
K03618	0
K03619	0
K03620	40.53
K03621	87.89
K03623	6.66
K03624	96.41
K03625	118.98
K03628	91.55
K03629	74.71
K03630	83.01
K03631	119.22
K03632	7.85
K03633	7.68
K03634	27.68
K03635	55.56
K03636	23.76
K03637	56.8
K03638	0
K03639	59.58
K03640	50.57
K03641	48.12
K03642	74.98
K03643	12.63
K03644	29.27
K03645	7.85
K03646	11.8
K03647	35.28
K03648	103.68
K03649	2.51
K03650	116.21
K03651	8.68
K03652	10.14
K03653	5.82
K03654	77.63
K03655	155.52
K03656	12.63
K03657	192.72
K03658	0.2
K03660	0.46
K03664	118.86
K03665	78.04
K03666	15.31
K03667	68.97
K03668	2.5
K03669	0
K03670	0
K03671	140.99
K03672	0.59
K03673	99.88
K03674	7.51
K03675	10.51
K03676	4.95
K03680	0
K03683	7.51
K03684	12.45
K03685	118.98
K03686	178.72
K03687	118.98
K03688	20.99
K03690	9.15
K03693	29.32
K03694	60.82
K03695	92.97
K03696	62.73
K03697	29.32
K03698	29.82
K03699	57.66
K03700	29.33
K03701	132.6
K03702	118.98
K03703	118.98
K03704	83.14
K03705	74.33
K03706	31.31
K03707	41.81
K03708	31.05
K03709	61.39
K03710	65.72
K03711	90.67
K03712	0
K03713	27.95
K03715	13.03
K03716	6.19
K03717	0.95
K03718	22.38
K03719	34.94
K03720	10.23
K03721	7.68
K03722	68.74
K03723	119.48
K03724	16.05
K03727	2.77
K03731	0
K03732	9.48
K03733	46.95
K03734	93.39
K03735	5.94
K03736	5.94
K03737	84.65
K03738	0.12
K03739	26.33
K03740	26.33
K03741	11.05
K03742	63.59
K03743	66.45
K03744	73.14
K03745	14.4
K03746	16.81
K03747	0.31
K03748	26.72
K03749	43.44
K03750	102.19
K03752	49.66
K03753	42.36
K03755	0
K03756	2.87
K03757	0
K03758	10.79
K03759	0
K03760	48.81
K03761	33.49
K03762	5.12
K03763	38.64
K03764	7.68
K03765	0
K03767	36.47
K03768	95.98
K03769	14.57
K03770	68.14
K03771	26.6
K03772	33.72
K03773	29.09
K03774	0.95
K03775	75.52
K03776	4.22
K03777	4
K03778	31.28
K03779	1.25
K03780	1.25
K03781	67.17
K03782	7.57
K03783	43.43
K03784	67.55
K03785	38.15
K03786	69.23
K03787	67.4
K03788	6.09
K03789	108.6
K03790	65.61
K03791	0.17
K03793	0
K03794	0
K03795	0.95
K03796	43.11
K03797	104.83
K03798	125.68
K03799	45.24
K03800	55.8
K03801	26.35
K03802	1.52
K03803	18.63
K03804	7.68
K03805	0
K03806	12.46
K03807	0
K03808	13.58
K03809	5.46
K03810	10.9
K03811	24.09
K03812	0
K03813	11.83
K03814	18.12
K03815	0
K03816	31.26
K03817	1.49
K03818	0.22
K03819	0.95
K03820	69.69
K03821	1.9
K03823	31.26
K03824	0.95
K03825	1.15
K03826	1.69
K03827	9.2
K03828	10.7
K03829	0
K03830	8.68
K03831	48.12
K03832	177.99
K03833	64.3
K03834	15.55
K03835	14.18
K03836	0
K03837	46.33
K03838	0
K03839	69.5
K03840	0
K03841	59.65
K03851	0
K03852	0
K03855	2.18
K03856	16.46
K03862	0.6
K03863	0.6
K03885	39.35
K03889	0.33
K03890	0.33
K03891	0.33
K03892	56.69
K03893	38.2
K03894	0
K03895	0
K03896	0
K03897	0.53
K03918	1.13
K03919	0
K03921	6.39
K03923	42.35
K03924	63.48
K03925	44.58
K03926	2.28
K03928	18.43
K03929	7.49
K03930	26.58
K03931	0.03
K03932	0.32
K03933	1.5
K03969	10.1
K03970	0
K03971	0
K03972	4.35
K03973	14.88
K03974	0
K03975	17.43
K03976	51.26
K03977	118.98
K03978	112.49
K03979	118.98
K03980	81.41
K03981	52.18
K04013	7.51
K04014	8.01
K04015	8.01
K04016	7.68
K04017	7.51
K04018	4.84
K04019	4.99
K04020	0
K04021	0
K04022	0
K04023	4.9
K04024	4.5
K04025	0
K04026	4.7
K04027	4.7
K04028	7.57
K04029	4.7
K04030	4.7
K04031	4.7
K04032	4.7
K04033	0.95
K04034	0.6
K04035	0
K04037	0
K04038	0
K04039	0
K04040	0
K04041	18.85
K04042	92.36
K04043	121.15
K04044	12.63
K04045	0.45
K04046	0.95
K04047	117.04
K04049	0
K04051	0
K04052	0
K04053	0
K04054	0.2
K04056	0
K04057	0
K04058	0.75
K04059	0
K04060	0
K04061	58.49
K04062	2.07
K04063	1.83
K04064	0.95
K04065	12.09
K04066	119.15
K04067	7.68
K04068	52.37
K04069	116.5
K04070	17.79
K04072	39.22
K04073	2.95
K04074	30.55
K04075	118.65
K04076	0
K04077	121.46
K04078	120.88
K04079	79.03
K04080	0
K04081	0
K04082	12.63
K04083	63.52
K04084	64.46
K04085	7.68
K04086	26.38
K04087	25.5
K04088	25.5
K04090	1.9
K04091	2.15
K04092	2.72
K04093	0.95
K04094	32.54
K04095	33.21
K04096	123.48
K04098	0.2
K04099	0
K04100	0
K04101	0
K04102	0
K04103	0
K04109	0
K04110	0
K04127	1.01
K04128	0
K04333	0
K04334	0
K04335	0
K04336	0
K04337	0
K04338	1.07
K04343	0.2
K04477	4.01
K04478	0
K04480	0
K04485	118.97
K04486	44.65
K04487	149.93
K04488	69.87
K04516	26.85
K04517	80.14
K04518	29.79
K04561	7.51
K04562	76.93
K04564	100.47
K04565	27.59
K04566	16.75
K04567	104.91
K04568	24.43
K04618	1.5
K04651	42.46
K04652	42.2
K04653	41.05
K04654	40.96
K04655	40.96
K04656	40.96
K04691	7.68
K04708	0
K04719	0.95
K04720	28.21
K04744	53.16
K04748	0
K04749	22.83
K04750	23.73
K04751	20.8
K04752	9.11
K04753	42.06
K04754	58.89
K04755	21.6
K04756	1.28
K04757	5.08
K04758	52.81
K04759	90.44
K04760	12.98
K04761	22.78
K04762	25.6
K04763	105.2
K04764	12.46
K04765	8.85
K04766	0
K04767	32.85
K04768	0
K04769	0.69
K04770	7.51
K04771	99
K04772	8.97
K04773	88.65
K04774	12.02
K04775	0.25
K04780	0.75
K04781	0
K04782	0.95
K04783	0
K04784	0
K04785	0
K04786	0
K04794	0
K04805	0
K04835	16.18
K04844	0
K04940	0.2
K04962	0
K05020	0.91
K05245	0
K05275	0
K05281	0
K05286	0
K05296	0
K05297	0
K05299	0
K05301	0
K05303	0
K05304	0
K05306	0
K05311	3.14
K05337	15.96
K05338	4.71
K05339	4.71
K05340	4.36
K05341	1.4
K05342	2.02
K05343	3.72
K05346	2.18
K05349	26.01
K05350	22.58
K05351	0.95
K05352	5.71
K05358	0
K05362	26.38
K05363	26.78
K05364	3.48
K05365	6.68
K05366	123.65
K05367	31.21
K05368	0
K05372	0
K05373	0
K05374	0
K05375	2.45
K05396	1.5
K05499	0
K05501	8.8
K05515	84.08
K05516	44.76
K05517	0.12
K05520	9.28
K05521	0
K05522	1.12
K05523	1.62
K05524	1.7
K05526	0.95
K05527	12.63
K05539	13.83
K05540	52.58
K05541	12.02
K05548	0
K05549	0.95
K05550	0.95
K05559	0
K05560	0
K05561	0
K05562	0
K05563	0
K05564	0
K05565	1.97
K05566	0.12
K05567	1.97
K05568	1.97
K05569	1.72
K05570	1.72
K05571	1.97
K05576	0
K05577	0.29
K05578	22.58
K05589	13.83
K05590	7.68
K05591	0.95
K05592	76.34
K05593	14.32
K05594	0
K05595	65.71
K05596	1.9
K05597	0
K05599	0
K05600	0
K05601	32.98
K05602	2.52
K05603	1.15
K05606	9.07
K05655	0
K05658	0
K05685	54.37
K05687	0
K05708	0
K05709	0
K05710	3.44
K05711	0
K05712	2.5
K05713	0.2
K05714	0.2
K05715	0
K05739	0.4
K05747	0
K05772	30.13
K05773	30.13
K05774	0.75
K05775	0.34
K05776	6.15
K05777	0
K05778	0
K05779	0
K05780	0.95
K05781	0.95
K05782	1.15
K05783	0.95
K05784	0.95
K05785	0
K05786	22.43
K05787	7.68
K05788	29.21
K05789	0.17
K05790	2.84
K05791	0.9
K05792	1.2
K05793	0
K05794	12.2
K05795	3.9
K05796	4.4
K05797	0
K05798	0
K05799	9.57
K05800	1.54
K05801	47.26
K05802	7.85
K05803	7.68
K05804	0
K05805	4.95
K05807	55.96
K05808	61.14
K05809	7.68
K05810	67.65
K05811	0
K05812	0
K05813	1.62
K05814	1.62
K05815	1.62
K05816	1.15
K05817	0
K05818	0.2
K05819	1.65
K05820	11.48
K05822	2.94
K05823	25.74
K05824	0
K05825	1.35
K05826	0
K05827	0
K05828	0
K05829	0
K05830	0
K05831	0
K05832	63.78
K05833	64.98
K05834	0
K05835	0
K05836	1.55
K05837	112.21
K05838	11.4
K05839	0
K05841	0.2
K05844	14.23
K05845	6.5
K05846	50.65
K05847	43.73
K05851	7.68
K05873	3.8
K05874	5.5
K05875	1.9
K05876	0
K05877	0
K05878	52.24
K05879	53.33
K05880	0
K05881	1.08
K05882	0.33
K05884	0
K05886	0
K05887	0
K05895	22.04
K05896	61.28
K05898	0.26
K05910	0
K05913	0.75
K05916	8.62
K05919	17.08
K05921	7.24
K05922	39.49
K05927	69.99
K05929	0.75
K05934	20.76
K05936	22.04
K05937	0
K05939	31.67
K05946	20.66
K05952	11.68
K05962	0
K05964	8.65
K05966	21.65
K05967	0.2
K05970	5.69
K05973	1.7
K05979	2.25
K05982	0.75
K05984	0
K05985	37.14
K05988	0.2
K05989	1
K05991	0.66
K05992	0
K05994	1.88
K05995	26.56
K05997	0
K05998	1.9
K05999	0.75
K06001	2.99
K06006	0
K06011	0
K06012	0.69
K06013	43.87
K06015	6.44
K06016	8.74
K06019	1.49
K06020	5.9
K06023	56.6
K06024	61.28
K06027	0
K06033	0
K06039	6.51
K06041	70.71
K06042	22.04
K06044	3.13
K06045	1.15
K06048	5.82
K06049	0
K06073	0
K06074	0
K06075	0.2
K06076	30.55
K06077	8.63
K06078	0
K06079	10.28
K06080	0
K06113	3.88
K06118	0
K06120	2.25
K06121	0
K06122	0
K06131	54.06
K06132	7.82
K06133	12.42
K06134	0.95
K06135	0
K06136	0.76
K06137	0.2
K06138	0.2
K06139	0.2
K06140	4.23
K06141	0
K06142	54.51
K06143	5.38
K06144	0
K06145	6.88
K06146	0
K06147	383.54
K06148	148.11
K06149	7.68
K06151	31.57
K06152	33
K06153	112.45
K06155	1.76
K06156	0.2
K06157	0
K06158	80.85
K06159	39.16
K06160	1.15
K06162	1.21
K06163	0.95
K06164	0.95
K06165	0.95
K06166	0.95
K06167	10.87
K06168	89.83
K06169	8.77
K06173	125.41
K06175	9.47
K06176	47.17
K06177	22.39
K06178	118.98
K06179	51.98
K06180	326.43
K06181	15.28
K06182	13.35
K06183	90.1
K06186	12.63
K06187	118.98
K06188	14.84
K06189	12.46
K06190	12.63
K06191	31.76
K06192	4.95
K06193	87.85
K06194	15.39
K06195	6.27
K06196	32.45
K06197	0
K06198	29.32
K06199	83.05
K06200	50.22
K06201	58.91
K06202	12.63
K06203	10.82
K06204	52.45
K06205	7.51
K06206	10.59
K06207	102.23
K06208	16.79
K06209	6.17
K06211	10.08
K06212	9.28
K06213	51.82
K06214	1.07
K06215	35.19
K06216	0
K06217	73.5
K06218	77.37
K06219	0
K06221	15.94
K06222	0.2
K06223	54.72
K06257	0
K06281	1.3
K06282	1.3
K06283	0.69
K06284	0.99
K06285	0
K06286	29.32
K06287	75.81
K06289	0
K06295	0
K06296	0
K06297	0
K06298	0
K06305	0
K06306	0
K06307	0
K06308	0
K06310	0
K06311	0
K06312	0
K06313	0
K06317	1.04
K06320	0.5
K06324	0
K06327	0
K06328	0
K06329	0
K06330	0
K06331	0
K06333	0.4
K06334	0.89
K06335	0
K06337	0
K06338	0
K06345	0
K06346	72.45
K06347	0
K06348	0
K06350	0
K06351	2.14
K06373	0.2
K06374	0.2
K06377	0
K06378	0.69
K06379	0.69
K06381	6.61
K06382	0.69
K06383	0.69
K06384	0.2
K06385	0.69
K06386	0
K06387	0.69
K06390	0.2
K06391	0.2
K06392	0.69
K06393	0.2
K06394	0.69
K06395	0.2
K06396	0.69
K06397	0.69
K06398	0.69
K06399	0.69
K06400	5.53
K06402	0
K06403	0
K06404	0
K06405	0.69
K06406	0.69
K06407	0.69
K06408	0
K06409	1.99
K06410	0.2
K06411	0.2
K06412	23.52
K06413	0
K06415	0
K06416	1.48
K06419	0
K06421	0
K06423	0
K06425	0
K06426	0
K06434	0
K06436	0.2
K06438	0.69
K06439	0
K06440	0
K06441	0
K06442	80.4
K06443	2.01
K06445	0
K06446	0
K06447	0.95
K06518	31.78
K06580	0
K06591	0.27
K06595	0
K06596	0
K06597	0
K06598	0
K06599	0
K06600	0
K06601	0
K06602	0
K06603	49.13
K06605	0.2
K06606	2
K06608	1.49
K06609	0.33
K06610	0
K06714	2.7
K06718	0
K06720	0.2
K06726	14.87
K06794	0
K06857	30.13
K06858	0
K06859	0
K06860	2.44
K06861	85.93
K06864	5.5
K06866	7.68
K06867	122.91
K06871	12.19
K06872	53.4
K06873	1
K06876	3.43
K06877	4.98
K06878	36.16
K06879	8.63
K06880	1.89
K06881	66.64
K06882	30.58
K06883	0
K06884	0
K06885	42.53
K06886	48.23
K06887	0.75
K06888	4.86
K06889	120.66
K06890	39.38
K06891	70.63
K06893	27.36
K06894	31.21
K06895	53.05
K06896	29.03
K06897	2.83
K06898	5.5
K06899	7.68
K06900	0.75
K06901	130.5
K06902	14.41
K06903	20.92
K06904	0
K06905	21.68
K06906	21.11
K06907	23.09
K06908	21.35
K06909	1.96
K06910	16.25
K06911	27.17
K06912	0
K06915	53.73
K06916	4.95
K06917	36.66
K06918	7.68
K06919	20.34
K06920	61.35
K06921	66.86
K06922	0
K06923	47.66
K06925	118.98
K06926	12.82
K06928	0.03
K06929	71.6
K06933	0
K06934	1.52
K06936	0
K06937	1
K06938	1.9
K06940	88.52
K06941	117.37
K06942	119.24
K06945	3.69
K06946	1
K06948	35.64
K06949	81.33
K06950	62.29
K06951	0
K06952	0
K06953	0
K06954	4.2
K06955	0
K06956	52.61
K06957	7.68
K06958	55.45
K06959	73.29
K06960	96.15
K06962	25.11
K06966	77.34
K06967	31.32
K06968	23.43
K06969	63.95
K06970	4.94
K06971	0.46
K06972	19.28
K06973	24.85
K06974	0.5
K06975	31
K06976	19.58
K06978	4.91
K06979	0
K06980	15.4
K06982	1
K06985	0
K06986	0
K06987	6.34
K06988	2.32
K06989	1.15
K06990	19.85
K06991	4.71
K06992	39.16
K06993	0
K06994	2.69
K06995	2.35
K06996	7.73
K06997	118.14
K06998	0.24
K06999	27.3
K07000	16.63
K07001	63.79
K07002	2.31
K07003	96.11
K07004	16.46
K07005	44.78
K07006	6.43
K07007	51.1
K07008	12.41
K07009	29
K07010	130.49
K07011	20.96
K07012	21.14
K07013	0
K07014	7.85
K07015	29.82
K07016	2.5
K07017	18
K07018	4.95
K07019	9.29
K07020	0
K07023	69.68
K07024	341.8
K07025	178.51
K07026	0
K07027	12.4
K07028	1.07
K07029	26.06
K07030	37.48
K07031	27.76
K07032	19.33
K07033	1.2
K07034	3.08
K07035	40.82
K07037	29.44
K07038	9.93
K07039	4
K07040	46.84
K07042	108.78
K07043	70.22
K07044	5.1
K07045	23.89
K07046	1.99
K07047	10.66
K07048	0.33
K07050	1.7
K07051	0.27
K07052	228.53
K07053	40.21
K07054	29.78
K07056	132.77
K07057	0
K07058	119.76
K07059	3.91
K07062	50.12
K07063	0
K07064	0.66
K07065	12.95
K07066	12
K07067	6.94
K07068	0
K07069	6.17
K07070	0
K07071	20.15
K07074	1.05
K07075	35.67
K07076	0.29
K07077	0.53
K07078	23.62
K07079	11.4
K07080	7.83
K07082	118.98
K07084	56.25
K07085	21.78
K07086	0.51
K07088	102.22
K07089	92.82
K07090	176.59
K07091	58.91
K07092	0
K07093	34.99
K07094	3.53
K07095	63.95
K07096	13.25
K07097	39.48
K07098	62.36
K07099	0.46
K07100	10.43
K07101	26.19
K07102	4.95
K07104	28.64
K07105	35.07
K07106	19.11
K07107	103.1
K07109	6.68
K07110	1.7
K07112	82.35
K07113	13
K07114	67.93
K07115	28.35
K07116	0
K07117	0.95
K07118	51.18
K07119	4.4
K07120	9.08
K07121	7.51
K07122	12.63
K07123	0.2
K07124	48.73
K07125	3.67
K07126	82.93
K07127	37.1
K07129	1.12
K07130	1.15
K07131	4
K07132	4.69
K07133	150.59
K07136	0.2
K07137	17.45
K07138	5.75
K07139	25.02
K07140	5.23
K07141	2.76
K07145	0
K07146	33.89
K07147	38.96
K07148	0
K07149	6.85
K07150	30.34
K07151	0
K07152	61.5
K07153	7.68
K07154	40.79
K07156	2.1
K07157	1.69
K07160	44.03
K07161	0.27
K07162	0
K07164	69.47
K07165	1.15
K07166	37.78
K07167	0
K07168	0.95
K07169	0.75
K07171	47.33
K07172	19.01
K07173	92.42
K07175	5.03
K07177	26.05
K07178	0
K07180	0.95
K07181	0.25
K07182	3.99
K07183	9.2
K07184	7.68
K07186	7.51
K07192	16.45
K07213	7.87
K07214	0.75
K07215	4.2
K07216	144.51
K07217	4.05
K07218	16.61
K07219	4.32
K07220	15.56
K07221	0.25
K07222	1.31
K07223	9.96
K07224	10.41
K07225	2.4
K07226	51.93
K07227	3.84
K07228	0
K07229	0
K07230	64.82
K07231	0.47
K07232	0.95
K07233	0
K07234	14.5
K07235	7.68
K07236	7.68
K07237	7.68
K07238	68.38
K07239	0
K07240	66.84
K07241	0.95
K07243	71.47
K07245	2.23
K07246	1.2
K07248	20.82
K07250	0.33
K07251	0
K07257	5.05
K07258	76.96
K07259	23.74
K07260	56.08
K07261	7.68
K07262	10.66
K07263	49.1
K07264	0
K07265	38.93
K07266	37.98
K07267	1.15
K07268	7.68
K07269	0
K07270	75.41
K07271	20.73
K07272	20.62
K07273	32.25
K07274	18.04
K07275	14.37
K07276	0.33
K07277	85.93
K07278	12.8
K07279	0
K07280	11.57
K07282	51.93
K07283	0
K07284	54.95
K07285	2.84
K07286	16.67
K07287	8.91
K07288	38.25
K07289	0.56
K07290	0.95
K07300	4.3
K07301	15.45
K07302	4.24
K07303	4.37
K07304	66.11
K07305	64.86
K07306	11.32
K07307	9.32
K07308	9.32
K07309	0
K07310	0
K07311	0
K07312	0
K07313	36.41
K07314	0
K07315	25.63
K07316	71.31
K07317	15.65
K07318	80.92
K07319	1.69
K07320	12.63
K07321	4.4
K07322	13.02
K07323	52.12
K07326	20.4
K07334	23.07
K07335	57.59
K07336	0.95
K07337	33.15
K07338	0
K07339	0.17
K07340	6.68
K07341	6.98
K07343	7.94
K07344	2.41
K07345	5.1
K07346	4.15
K07347	5.3
K07348	0
K07349	0
K07350	0
K07351	0
K07354	0
K07355	0
K07356	0
K07357	0
K07358	0
K07386	54.19
K07387	4.68
K07389	0.86
K07390	12.46
K07391	90.65
K07393	17.66
K07394	4.48
K07395	0
K07396	12.46
K07397	33.06
K07399	5.28
K07400	7.68
K07401	7.33
K07402	3.42
K07403	7.86
K07404	32.81
K07405	2.5
K07406	2.25
K07407	46.08
K07442	2.77
K07443	11.57
K07444	67.79
K07445	0
K07447	102.23
K07448	5.72
K07451	7.78
K07452	44.83
K07454	0.53
K07455	2.08
K07456	103.61
K07457	44.09
K07458	16.76
K07459	7.87
K07460	89.82
K07461	54.02
K07462	122.15
K07464	15.66
K07465	2.44
K07467	5.9
K07469	0
K07470	0
K07471	0
K07473	85.82
K07474	0.75
K07476	0
K07478	119.14
K07479	7.85
K07480	0
K07481	40.3
K07482	30.5
K07483	51.65
K07484	7.54
K07485	14.96
K07486	14.92
K07487	1
K07488	50.79
K07490	0
K07491	40.65
K07492	2.7
K07493	1.41
K07494	1
K07495	0
K07496	22.97
K07497	45.58
K07498	27.61
K07499	0.75
K07501	52.14
K07502	2.73
K07503	2.77
K07504	5.02
K07505	0
K07506	1.15
K07507	36.77
K07516	9.64
K07518	0.95
K07533	30.28
K07535	0
K07536	0.2
K07543	0
K07544	0
K07546	0
K07550	0
K07552	62.84
K07559	6
K07560	64.29
K07566	76.98
K07568	118.54
K07570	29.59
K07571	4.24
K07574	45.93
K07576	19.52
K07577	1.52
K07584	42.68
K07586	29.33
K07588	10.58
K07589	0
K07590	1.53
K07592	0
K07636	42.93
K07637	0
K07638	2.3
K07639	0
K07640	7.34
K07641	0.2
K07642	2.29
K07643	0
K07644	3.05
K07645	10.71
K07646	31.21
K07647	0
K07648	7.68
K07649	3.05
K07650	0.01
K07651	2.94
K07652	29.58
K07653	0.33
K07654	2.77
K07657	9.68
K07658	23.78
K07659	3.1
K07660	0
K07661	0
K07662	12.26
K07663	0.2
K07664	0
K07665	2.8
K07666	7.49
K07667	2.43
K07668	29.58
K07669	0.58
K07670	2.77
K07673	4.75
K07674	7.68
K07675	3.93
K07676	0
K07677	2.3
K07678	2.75
K07679	0
K07680	0
K07681	0
K07683	0.12
K07684	5.89
K07685	7.68
K07686	2.67
K07687	3.6
K07688	0
K07689	0
K07690	0
K07693	4.35
K07694	0
K07696	0
K07699	0.7
K07700	0
K07701	0
K07702	0
K07703	0.71
K07704	6.87
K07705	6.87
K07706	31.48
K07707	36.88
K07708	0.95
K07709	2
K07710	1
K07711	0
K07712	6.57
K07713	3.46
K07714	17.47
K07715	0
K07716	0
K07717	1.12
K07718	40.84
K07719	1.12
K07720	43.75
K07722	8.99
K07723	2.3
K07724	8.2
K07726	13.69
K07727	28.31
K07729	86.18
K07733	5.26
K07734	6.84
K07735	20.5
K07736	22.04
K07738	69.94
K07739	0
K07740	0
K07741	4.31
K07742	38.05
K07746	5.06
K07749	2.15
K07751	7.68
K07757	0
K07768	2.51
K07770	0.01
K07771	0.75
K07772	0
K07773	7.68
K07774	1.15
K07775	3.94
K07776	2.76
K07777	1.3
K07778	23.1
K07781	0
K07782	1.5
K07783	3.34
K07784	3.09
K07786	0
K07787	5.97
K07788	0.95
K07789	0.95
K07790	0
K07791	41.93
K07792	55.72
K07793	16.61
K07794	15.83
K07795	7.66
K07796	0
K07797	0
K07798	4.83
K07799	0.95
K07800	0
K07803	0
K07804	0
K07806	0
K07807	0
K07810	0
K07811	2.84
K07812	56.32
K07813	0.89
K07814	32.07
K07816	33.41
K07821	8.18
K07823	0
K07862	74.29
K07979	27.9
K08068	9.76
K08070	0
K08077	39.49
K08081	0
K08082	0
K08083	0
K08084	4.95
K08086	0.31
K08087	0
K08088	0
K08092	6.78
K08093	0.2
K08094	0.2
K08095	0
K08097	0
K08100	0.95
K08137	0
K08138	1.69
K08139	0
K08151	7.01
K08152	4.63
K08153	1.2
K08154	0
K08156	2.42
K08159	8.61
K08160	0
K08161	1.86
K08162	0
K08163	0
K08164	0
K08166	1.35
K08167	0.58
K08168	0
K08169	1.15
K08170	0.83
K08172	0.95
K08173	29.81
K08177	13.11
K08178	0.95
K08191	3.21
K08194	2.75
K08195	4.35
K08196	0
K08217	3.35
K08218	15.25
K08219	0
K08220	0
K08221	0
K08222	0.2
K08223	3.62
K08224	9.85
K08225	0
K08226	0
K08227	0.2
K08234	28.99
K08252	0
K08253	0
K08255	0
K08256	2.18
K08259	0
K08260	0
K08261	0.95
K08276	4.82
K08277	0
K08279	0
K08280	0
K08281	15.61
K08282	1.11
K08289	9.97
K08295	0.95
K08296	56.95
K08297	0
K08298	0
K08299	0.2
K08300	15.4
K08301	29.19
K08302	1.45
K08303	138.29
K08304	12.63
K08305	11.63
K08306	7.68
K08307	69.01
K08308	0
K08309	71.15
K08310	14.13
K08311	51.95
K08312	7.68
K08313	0
K08314	1.4
K08315	8.99
K08316	36.12
K08317	4.43
K08318	0
K08319	3.01
K08320	0
K08321	2.87
K08322	1.75
K08323	2.24
K08324	4
K08325	20.59
K08326	0
K08344	0
K08348	0
K08349	0
K08350	0
K08351	0
K08352	1.33
K08353	0
K08354	0
K08355	0
K08356	0
K08357	2.84
K08358	2.84
K08359	2.84
K08363	3.84
K08364	3.84
K08365	4.47
K08368	0.33
K08369	4.55
K08372	2.77
K08384	1.99
K08475	2.84
K08476	2.84
K08478	2.84
K08482	0
K08483	69.72
K08484	0
K08485	0.33
K08566	0
K08586	1.14
K08587	0
K08589	7.9
K08591	89.26
K08598	0
K08600	0.65
K08602	92.54
K08603	0
K08604	0
K08605	0
K08641	8.67
K08642	0.75
K08643	11.42
K08644	0
K08646	0
K08652	4.42
K08659	22.75
K08676	1.27
K08677	0.95
K08678	4.44
K08679	15.97
K08680	7.68
K08681	15.34
K08682	0
K08685	0
K08686	0
K08687	0
K08688	0
K08691	0
K08692	0
K08693	0
K08698	0
K08714	0.5
K08715	2.18
K08717	2.42
K08720	0.95
K08721	0
K08722	2.84
K08723	2.67
K08724	2.95
K08728	0
K08738	16.77
K08744	4.22
K08762	0
K08884	49.94
K08926	0
K08927	0
K08928	0
K08929	0
K08961	0.32
K08963	17.81
K08964	0
K08965	0
K08967	0
K08969	1.49
K08970	0
K08972	14
K08973	52.14
K08974	51.93
K08976	4.79
K08977	0.29
K08978	28.1
K08981	4.39
K08982	10.47
K08983	0.75
K08984	4.42
K08986	27.41
K08987	37.44
K08988	25.28
K08989	0.45
K08990	7.68
K08992	7.68
K08993	0
K08994	7.29
K08995	2.1
K08996	30.35
K08997	0
K08998	74.07
K08999	11.75
K09000	0.02
K09001	20.4
K09002	2.5
K09003	1.73
K09004	9.63
K09005	21.58
K09007	7.91
K09009	2.77
K09011	3.32
K09013	61.99
K09014	60.24
K09015	44.05
K09016	0
K09017	0.95
K09018	0
K09019	1.28
K09020	0
K09021	0
K09022	76.19
K09023	0
K09024	0
K09116	0
K09117	56.09
K09118	2.7
K09120	0
K09121	5.7
K09122	1.95
K09123	13.15
K09124	0
K09125	41.14
K09126	0
K09127	0.02
K09128	13.15
K09129	0.75
K09131	9.98
K09133	13
K09134	39.05
K09136	7.96
K09137	1
K09138	3.05
K09139	0
K09141	3.59
K09143	1
K09144	0.2
K09145	0
K09146	0
K09153	5.41
K09154	0
K09155	33.73
K09157	37.95
K09158	20.33
K09159	12.63
K09160	7.68
K09161	2.84
K09162	0.59
K09163	2.47
K09164	5.92
K09165	5.18
K09166	1.18
K09167	6.16
K09181	1.54
K09190	0
K09251	0
K09252	1.35
K09384	1.45
K09386	0.27
K09388	0
K09456	1.7
K09457	52.94
K09458	116.05
K09459	19.5
K09461	0.2
K09469	0.75
K09470	0
K09471	9.74
K09472	1.15
K09473	0
K09474	0
K09475	0
K09476	0
K09477	0
K09487	0
K09516	1.05
K09607	0.25
K09612	0
K09680	2.25
K09681	0
K09684	0.33
K09685	30.27
K09688	37.98
K09689	37.98
K09690	25.85
K09691	12.9
K09692	1.82
K09693	1.82
K09694	1.95
K09695	1.95
K09696	0.4
K09697	0.4
K09698	30.7
K09699	0.95
K09700	0
K09701	0.2
K09702	15.74
K09703	0.95
K09704	18.43
K09705	3.03
K09706	0.03
K09707	0.49
K09709	0.53
K09710	111.23
K09711	0.2
K09712	6.15
K09722	1
K09726	7.66
K09729	5.86
K09740	0
K09744	0
K09747	112.06
K09748	118.98
K09749	21.52
K09758	1.69
K09759	3.47
K09760	61.14
K09761	105.33
K09762	39.91
K09763	0
K09764	7.16
K09765	96.12
K09766	18.05
K09767	50.25
K09768	20.79
K09769	42.3
K09770	18.74
K09771	9.94
K09772	45.57
K09773	16.88
K09774	63.21
K09775	21.48
K09776	0.5
K09777	1.53
K09778	45.31
K09779	1.81
K09780	15.6
K09781	8.87
K09785	0
K09786	0.95
K09787	37.14
K09788	8.81
K09789	58.75
K09790	42.84
K09791	13.29
K09792	51.19
K09793	11.15
K09794	51.76
K09795	47.04
K09796	47.31
K09797	43.13
K09798	64.21
K09799	8.19
K09800	15.04
K09801	12.63
K09802	12.18
K09803	59.11
K09804	9.48
K09805	47.91
K09806	12.46
K09807	18.64
K09808	86.12
K09809	1.82
K09810	49.23
K09811	72.89
K09812	95.38
K09813	0
K09814	0
K09815	139.2
K09816	105.25
K09817	105.42
K09818	0
K09819	2.18
K09820	2.51
K09822	0.29
K09823	13.94
K09824	21.4
K09825	73.97
K09826	0
K09835	2
K09836	0
K09844	0
K09845	0
K09846	0
K09847	0
K09857	4.95
K09858	19.63
K09859	33.15
K09860	15.79
K09861	88.19
K09862	12.21
K09880	0
K09882	0.22
K09883	0.2
K09888	41.82
K09889	12.8
K09890	10.43
K09891	7.68
K09892	7.51
K09893	7.51
K09894	7.68
K09895	7.85
K09896	7.51
K09897	7.68
K09898	7.68
K09899	7.68
K09900	7.51
K09901	7.68
K09902	7.68
K09903	118.98
K09904	7.68
K09906	7.68
K09907	7.68
K09908	7.68
K09909	6.85
K09910	7.51
K09911	7.51
K09912	0
K09913	0.86
K09914	0
K09915	0.95
K09916	0
K09917	7.68
K09918	0
K09919	0.95
K09920	0
K09921	3.62
K09922	1.71
K09923	11.57
K09924	5.52
K09925	0
K09926	4
K09927	1.68
K09928	0
K09929	6.84
K09930	8.34
K09931	4.05
K09932	0.2
K09933	4.84
K09934	0
K09935	1.69
K09936	4.64
K09937	0.95
K09938	0
K09939	2.69
K09940	12.01
K09941	4.95
K09942	3.47
K09943	35.5
K09944	39.49
K09945	0
K09946	10.88
K09947	0
K09948	0
K09949	6.86
K09950	0
K09951	95.39
K09952	58.1
K09953	0
K09954	7.9
K09955	2.31
K09956	0.33
K09957	1.97
K09958	2.12
K09959	1.62
K09960	0.67
K09961	0.67
K09962	26.78
K09963	20.09
K09964	1.23
K09965	0.95
K09966	0.29
K09967	0.6
K09968	4.6
K09969	1.49
K09970	1.49
K09971	1.49
K09972	1.49
K09973	16.06
K09974	4.29
K09975	1.4
K09976	29.33
K09977	8.24
K09978	0
K09979	47
K09980	0
K09981	39.11
K09982	0
K09983	0.95
K09984	1.06
K09985	0
K09986	0
K09987	0
K09988	3.14
K09989	1.15
K09990	1.95
K09991	0
K09992	2
K09994	0
K09996	0
K09997	7.85
K09998	7.68
K09999	7.68
K10000	7.68
K10001	2.85
K10002	0.95
K10003	0.95
K10004	2.1
K10005	0.33
K10006	0.33
K10007	0.33
K10008	0.33
K10009	55.03
K10010	32.35
K10011	0
K10012	0.95
K10013	3.25
K10014	1.55
K10015	3.05
K10016	3.05
K10017	3.05
K10018	0.2
K10019	0.2
K10020	0.2
K10021	0.2
K10022	0
K10023	0.2
K10024	0
K10025	0.2
K10026	8.94
K10027	7.53
K10036	0.95
K10037	0.95
K10038	12.49
K10039	66.2
K10040	131.74
K10041	68.87
K10094	0.17
K10107	37.98
K10108	4.01
K10109	4.01
K10110	4.01
K10111	5.91
K10112	63.18
K10117	37.18
K10118	33.18
K10119	32.85
K10120	0
K10121	0
K10122	0
K10124	0
K10125	2.4
K10126	1.9
K10188	2.59
K10189	2.59
K10190	2.71
K10192	0
K10193	0
K10194	0
K10195	0
K10200	0.33
K10201	0.33
K10202	0.33
K10206	4.51
K10208	0
K10209	0
K10210	1.61
K10211	1.61
K10212	1.61
K10213	1
K10215	0
K10216	2
K10217	2.68
K10218	0.2
K10219	0
K10220	0.2
K10221	0
K10227	0.95
K10228	0.95
K10229	0.95
K10231	1
K10232	1.33
K10233	1
K10234	1
K10236	0
K10237	0
K10238	0
K10240	0.33
K10241	0.33
K10242	0.33
K10253	0.95
K10254	20.29
K10255	0.75
K10277	0
K10353	0
K10380	0
K10439	56.56
K10440	40.9
K10441	41.41
K10530	9.43
K10531	0.95
K10533	0.2
K10536	14.7
K10537	1.9
K10538	1.9
K10539	1.15
K10540	28.47
K10541	16.3
K10542	16.47
K10543	4.01
K10544	1.37
K10545	1.88
K10546	2.72
K10547	4.21
K10548	3.19
K10549	2.67
K10550	2.67
K10551	2.67
K10552	0
K10553	0
K10554	0
K10555	4.87
K10556	2.87
K10557	2.87
K10558	3.04
K10559	1
K10560	1
K10561	1
K10562	1
K10563	47.14
K10564	0
K10622	0
K10670	71.59
K10672	54.32
K10673	0
K10674	0
K10678	0.34
K10679	2.87
K10680	1.82
K10681	7.17
K10682	6.46
K10708	0
K10709	0
K10710	0
K10711	0
K10713	0
K10714	0
K10716	43.63
K10742	0.12
K10747	45.35
K10748	0
K10762	0
K10763	12.63
K10764	10.87
K10771	0
K10773	121.29
K10778	5.79
K10780	24.98
K10793	0.2
K10794	0.4
K10795	0.2
K10796	0.2
K10797	13.28
K10800	0
K10804	2.36
K10805	8.41
K10806	52.12
K10810	0
K10811	0.75
K10815	0
K10816	0
K10819	6.42
K10823	97.26
K10824	5.91
K10831	2.28
K10834	0
K10843	17.41
K10844	0.95
K10850	0
K10851	0
K10857	0
K10873	0
K10906	0
K10907	3.44
K10908	0
K10909	0
K10910	0
K10914	8.09
K10915	0
K10916	0
K10917	0
K10918	0
K10924	0
K10926	0
K10927	0
K10938	59.34
K10939	0
K10941	0
K10942	0
K10943	28.58
K10947	97.4
K10954	1.81
K10960	0
K10972	0
K10973	0
K10974	4.34
K10975	0
K10979	1.15
K10984	0
K10985	0
K10986	0
K11003	4.2
K11004	4.2
K11005	0.34
K11007	0
K11008	0
K11013	23.78
K11014	46.48
K11015	20.76
K11016	1
K11017	1
K11018	0.2
K11020	0
K11021	0
K11023	0
K11024	0
K11025	0
K11026	0
K11027	0
K11029	0
K11031	9.51
K11040	0
K11041	14.62
K11044	0
K11045	2.87
K11046	0.25
K11047	0.71
K11048	0.71
K11049	0.71
K11050	6.21
K11051	6.21
K11052	0.71
K11053	0.71
K11054	0.71
K11055	0.71
K11056	0.71
K11057	0
K11059	0
K11060	0
K11061	0
K11062	0
K11063	0.4
K11065	91.8
K11066	9.68
K11068	64.97
K11069	59.43
K11070	49.72
K11071	49.59
K11072	51.11
K11073	14.3
K11074	5.9
K11075	5.9
K11076	9.81
K11079	0
K11081	0.95
K11082	0.95
K11083	0.95
K11084	0.95
K11085	87.36
K11089	0
K11102	0.32
K11103	50.28
K11104	13
K11105	19.51
K11106	0
K11107	6.84
K11139	0
K11144	29.33
K11145	35.94
K11159	0.95
K11175	117.97
K11177	0
K11178	0
K11179	7.85
K11180	0
K11181	0
K11183	9.81
K11184	0
K11189	63.62
K11192	2.67
K11195	0
K11200	0.2
K11201	0
K11202	1.4
K11203	1.4
K11208	0
K11209	24.8
K11210	1.62
K11211	7.68
K11212	0
K11214	0
K11216	2.87
K11249	1.75
K11250	0.95
K11258	6.51
K11261	0.2
K11263	2.26
K11264	0.2
K11275	0
K11311	0
K11312	1.4
K11329	0
K11333	0
K11334	0
K11335	0
K11336	0
K11337	0
K11357	0
K11358	3.96
K11381	8.14
K11382	40.44
K11383	0
K11384	0
K11387	0
K11391	0
K11392	2.47
K11442	0
K11443	0
K11444	0.2
K11472	1.15
K11473	8.98
K11474	0.2
K11475	0
K11476	0
K11477	0.2
K11521	27.82
K11527	0
K11529	0
K11530	3.84
K11531	2.84
K11532	0
K11533	1.93
K11534	3.04
K11535	0
K11537	6.19
K11593	0
K11601	0.51
K11602	0.54
K11603	0.51
K11604	15.87
K11605	15.7
K11606	15.7
K11607	15.7
K11614	1.49
K11615	3.81
K11616	0
K11617	29.32
K11618	33.32
K11621	0
K11623	0
K11624	0
K11625	0
K11631	0
K11632	0
K11635	0.4
K11636	0.4
K11645	13.15
K11646	0
K11685	0
K11688	3.84
K11689	3.84
K11690	4.13
K11691	0
K11692	0.12
K11693	0
K11694	5.4
K11695	1.6
K11703	0
K11704	17.5
K11705	18.21
K11706	16.5
K11707	37.07
K11708	37.07
K11709	37.07
K11710	37.07
K11711	0
K11712	0
K11717	63.5
K11719	12.63
K11720	85.93
K11731	0.75
K11732	0
K11733	11.52
K11734	3.12
K11735	1.15
K11736	0
K11737	3.5
K11738	1.39
K11739	0
K11740	0
K11741	6.93
K11742	30.01
K11743	30.01
K11744	7.99
K11745	0
K11746	0
K11747	6.46
K11748	4.76
K11749	116.04
K11750	0
K11751	15.17
K11752	74.25
K11753	131.93
K11754	144.65
K11755	60.39
K11779	0
K11782	16.83
K11783	0
K11784	40.53
K11785	39.49
K11787	0
K11788	31.4
K11811	1.45
K11839	0
K11890	1.7
K11891	5.7
K11892	6.45
K11893	5.7
K11894	0
K11895	4.95
K11896	7.2
K11897	3.95
K11898	1.5
K11900	5.7
K11901	5.7
K11902	3.95
K11903	5.7
K11904	14.69
K11905	1.75
K11906	4.95
K11907	4.7
K11909	0
K11910	1.75
K11911	0
K11912	0
K11913	0
K11914	0
K11915	0.12
K11917	0
K11918	0
K11919	0
K11921	1.47
K11922	0
K11923	0
K11924	0.03
K11925	0
K11926	0
K11927	25.81
K11928	72.95
K11929	0
K11930	0
K11931	0.54
K11932	0
K11933	0
K11934	0
K11935	0
K11936	1.86
K11937	0
K11938	0
K11939	3.09
K11940	0
K11941	0
K11942	5.65
K11953	0
K11956	0
K11958	0
K11959	1.15
K11960	1.35
K11961	1.15
K11962	1.15
K11963	1.15
K11991	53.42
K11996	24.18
K12049	0
K12050	0
K12053	0
K12055	4.07
K12056	6.85
K12057	0.06
K12058	0.06
K12059	0.06
K12060	0.06
K12061	0.06
K12062	0.06
K12063	0.06
K12064	0.06
K12065	0.06
K12066	0.06
K12067	0.06
K12068	0.06
K12069	0.06
K12070	0.06
K12071	0.06
K12072	0.06
K12078	0
K12079	0
K12080	0
K12081	0
K12082	0
K12083	0
K12084	0
K12085	0
K12097	0.5
K12111	1.12
K12112	0
K12113	0
K12136	1.17
K12137	1.17
K12138	1.5
K12139	0.34
K12140	10.2
K12141	10.37
K12142	0.17
K12143	0.17
K12144	0.17
K12145	0.17
K12146	0
K12147	0
K12148	0
K12149	0
K12151	0
K12152	6.51
K12203	0
K12204	0
K12206	0
K12209	0
K12213	0
K12214	0
K12234	1.6
K12238	0.95
K12239	0.95
K12240	0.95
K12241	0.95
K12242	0.95
K12243	0.95
K12246	0
K12247	4.41
K12248	3.67
K12251	69.43
K12252	0
K12254	0
K12255	1.15
K12256	1.9
K12257	10.46
K12262	9.12
K12264	0
K12265	0
K12266	0
K12267	73.27
K12268	5.67
K12269	5.67
K12270	5.67
K12276	0
K12278	0
K12279	0
K12280	0
K12281	0
K12282	0
K12283	0
K12284	0
K12285	0
K12286	0
K12287	0
K12288	0
K12289	0
K12290	0
K12291	0
K12292	5.71
K12293	5.71
K12294	4.71
K12295	6.46
K12296	32.88
K12297	8.68
K12299	0
K12308	24.7
K12339	6.6
K12340	23.2
K12343	14.03
K12349	0
K12368	12.96
K12369	8.46
K12370	8.46
K12371	8.46
K12372	8.46
K12373	31.33
K12405	0
K12410	84.72
K12428	0
K12437	0.75
K12448	0
K12452	4
K12453	0
K12454	0
K12472	0
K12500	4
K12503	2.97
K12506	72.15
K12507	0
K12508	1.9
K12509	7.51
K12510	15.08
K12511	9.56
K12512	7.51
K12513	7.51
K12514	7.51
K12515	7.51
K12516	12.76
K12517	0
K12518	0
K12519	0
K12520	0
K12521	0
K12522	0
K12523	0
K12524	18.85
K12525	0
K12527	0.03
K12528	0
K12529	0
K12531	0
K12536	0
K12537	0
K12538	0
K12541	1.75
K12542	1.75
K12543	1
K12545	0
K12551	0
K12552	0
K12553	0
K12554	28.34
K12555	29.32
K12556	26.38
K12573	99.34
K12574	112.84
K12581	0
K12582	4.84
K12583	0.33
K12585	4.08
K12658	4.99
K12660	0
K12661	0.2
K12678	2.67
K12681	0
K12682	0
K12683	0
K12684	34.66
K12685	0.75
K12686	2.67
K12687	0
K12688	4.93
K12689	28.02
K12690	3.69
K12700	0
K12733	0
K12826	0
K12910	0
K12940	3.67
K12941	6.82
K12942	17.53
K12943	0
K12944	0
K12945	0
K12950	6.74
K12952	23.06
K12954	0.33
K12957	0
K12960	13.36
K12961	0
K12962	0
K12963	0
K12972	1.42
K12973	0
K12974	0
K12975	0
K12976	0
K12979	0.95
K12981	0
K12982	7.68
K12983	0
K12984	7.68
K12985	0
K12987	0
K12988	0
K12989	0
K12990	4.46
K12991	0
K12992	0.5
K12993	0
K12994	0
K12995	0.03
K12996	22.17
K12997	21.01
K12998	4.95
K12999	7.71
K13002	0
K13004	0
K13005	0
K13006	0
K13007	0
K13010	0
K13012	10.97
K13013	0
K13014	0
K13015	0.08
K13016	1.47
K13017	31.5
K13018	2.66
K13019	0.41
K13020	0
K13021	0
K13028	0.2
K13038	78.91
K13040	2.84
K13041	2.84
K13043	5.1
K13049	13.48
K13051	4.86
K13052	28.66
K13053	0
K13057	0.8
K13058	2.14
K13059	1.85
K13060	0
K13061	2.45
K13063	0
K13069	0
K13075	0
K13085	0
K13238	0.27
K13243	0
K13244	0
K13245	0
K13252	0
K13255	0.95
K13256	4.04
K13275	0.2
K13277	0
K13280	0.38
K13281	2.94
K13282	1.79
K13283	32.88
K13284	0
K13285	0.75
K13286	0.75
K13287	0.75
K13288	15.4
K13292	117.01
K13301	0
K13378	8.24
K13381	0
K13408	14.1
K13409	9.78
K13421	3.91
K13450	0
K13472	0.75
K13478	0
K13479	0.03
K13480	0
K13481	0.95
K13482	0.95
K13483	0
K13485	0.95
K13486	0.95
K13487	0.95
K13488	0.95
K13489	0.95
K13490	2.95
K13491	6.19
K13497	42.92
K13498	9.4
K13500	2.67
K13503	0
K13522	0.2
K13525	0
K13527	3.03
K13529	0.2
K13530	2
K13531	1.61
K13540	0
K13541	0.95
K13542	9.14
K13543	0.95
K13546	0
K13566	0
K13570	3.03
K13571	6.06
K13572	1.17
K13573	2.84
K13574	0.2
K13580	0.95
K13581	0
K13582	0
K13583	0
K13584	0
K13585	0
K13586	0
K13587	0
K13588	0
K13589	0
K13590	0
K13591	0
K13592	0
K13593	0
K13598	0
K13599	3.47
K13607	0
K13609	0
K13611	0.75
K13612	0.2
K13613	0
K13614	0.4
K13620	0
K13622	1.2
K13623	0
K13626	58.49
K13628	20.33
K13629	0
K13630	0
K13631	0
K13632	0
K13633	0.95
K13634	12.63
K13635	0.95
K13636	0
K13637	3.01
K13638	0
K13639	0.2
K13640	42.26
K13641	0
K13643	15.63
K13650	0
K13651	0
K13652	2
K13653	13.24
K13654	0
K13655	0.29
K13657	0
K13660	0
K13662	0
K13663	0
K13665	0
K13668	1.85
K13670	0
K13671	0.66
K13677	24.7
K13678	5.71
K13683	0
K13684	0
K13686	0
K13687	0
K13688	0
K13689	24.57
K13693	3
K13694	9.52
K13695	52.55
K13701	0.2
K13714	0
K13727	0
K13730	1.14
K13732	0
K13734	0
K13735	0.49
K13740	0
K13741	0.75
K13743	0
K13745	5.39
K13747	59.86
K13766	9.05
K13767	0
K13770	0
K13771	6.17
K13774	0.75
K13775	0
K13776	0
K13777	0.75
K13778	0.75
K13779	0.75
K13787	3.77
K13788	56.62
K13789	72.13
K13790	0.75
K13794	0.2
K13795	7.53
K13796	7.53
K13810	0
K13815	0
K13816	0.2
K13818	2.04
K13819	40.6
K13820	0.32
K13821	52.39
K13829	2.11
K13832	16.75
K13853	0
K13873	0.2
K13874	0.95
K13875	0.2
K13876	0.2
K13877	0
K13886	0
K13888	56.44
K13889	0.95
K13890	0.95
K13891	0.95
K13892	0.95
K13893	1.15
K13894	1.15
K13895	1.15
K13896	3.15
K13918	0
K13919	2.75
K13920	2.75
K13921	0
K13922	3.08
K13923	0
K13924	0
K13925	1
K13926	3.99
K13927	14.17
K13928	0
K13929	0.95
K13930	0.95
K13931	0.95
K13932	0.95
K13933	0.95
K13934	0.95
K13935	0
K13936	0
K13938	0
K13940	12.32
K13950	0.33
K13953	28.67
K13954	14.62
K13955	0.12
K13963	1.69
K13979	34.24
K13990	0.25
K13991	0
K13992	0
K13993	34.15
K13995	0.2
K14026	0
K14028	0
K14029	0
K14048	1.27
K14051	0.2
K14052	0
K14053	0
K14054	0
K14055	2.67
K14056	0
K14057	0
K14058	42.26
K14059	2.28
K14060	0.95
K14061	0
K14062	0
K14063	0
K14064	0
K14067	0
K14080	12
K14083	0
K14084	0
K14086	0
K14087	0
K14088	0
K14089	0
K14090	0
K14091	0
K14105	0
K14136	0
K14138	2.2
K14145	0.12
K14153	0.17
K14155	83.36
K14159	0
K14160	0.95
K14161	3.46
K14162	6.25
K14166	0
K14170	56.67
K14187	8.39
K14188	26.33
K14189	0.4
K14194	0
K14205	0.91
K14257	1.7
K14259	0.27
K14260	39.48
K14261	39.49
K14266	0.95
K14267	4.95
K14287	2.6
K14333	0
K14335	0.33
K14337	0.33
K14338	0
K14339	0
K14340	0
K14347	4.19
K14348	0
K14358	0
K14392	13.34
K14393	12.99
K14414	0.2
K14415	2.5
K14441	37.81
K14445	21.29
K14446	0
K14447	0
K14448	0
K14449	0
K14470	0
K14472	0
K14475	0
K14519	6.08
K14534	2.48
K14540	41.14
K14578	0
K14581	0
K14585	0
K14587	0
K14588	0
K14591	0
K14597	2.03
K14623	2.71
K14645	2.03
K14652	75.9
K14654	0
K14665	0.2
K14666	0
K14682	16.18
K14683	0
K14698	0.33
K14699	0
K14727	0
K14742	45.15
K14743	0
K14744	0
K14745	0.71
K14750	0
K14761	14.77
K14762	0
K14835	0
K14940	0
K14941	0
K14949	0
K14956	0
K14974	0.2
K14977	0.37
K14978	0
K14979	0.75
K14980	0
K14981	0
K14982	26.38
K14983	26.38
K14986	0
K14987	0
K14988	0.12
K14989	0.12
K14998	0
K15011	0.95
K15012	0.95
K15016	3.8
K15022	0
K15023	2.2
K15024	3.21
K15034	9.32
K15051	42.64
K15054	0.6
K15060	0
K15065	0.2
K15067	2.68
K15125	76.37
K15126	0
K15228	0.2
K15229	0.2
K15232	0
K15255	3.91
K15256	51.95
K15257	47.34
K15268	0.95
K15269	0.33
K15270	0
K15311	0.75
K15312	0.75
K15313	0.75
K15328	0
K15329	0.75
K15331	0
K15337	0.75
K15342	71.63
K15344	0
K15345	0
K15346	0
K15347	0
K15350	0
K15351	0
K15352	0
K15353	0
K15354	0
K15357	0.2
K15366	0
K15367	0
K15368	0
K15371	0.53
K15372	0.2
K15373	0
K15383	14.35
K15396	9.98
K15408	0.95
K15460	18.34
K15461	48.95
K15469	0
K15470	0
K15471	0
K15495	0
K15497	0
K15509	0
K15511	0.2
K15512	0.2
K15513	0.2
K15514	0.2
K15515	0
K15518	0
K15519	0
K15520	0
K15521	0
K15524	1.4
K15525	0
K15526	0
K15527	0
K15531	0
K15532	2
K15533	2.77
K15534	0
K15536	7.51
K15538	0.5
K15539	8.63
K15540	0.95
K15545	7.68
K15546	0.2
K15547	0.2
K15548	0
K15549	0.2
K15550	0
K15551	2.28
K15552	2.28
K15553	4
K15554	2.85
K15555	2.95
K15576	3.09
K15577	2.14
K15578	2.14
K15579	2.14
K15580	119.2
K15581	62.53
K15582	62.36
K15583	52
K15584	6.58
K15585	6.41
K15586	7.16
K15587	8.41
K15598	2.67
K15599	2.67
K15600	2.67
K15629	1.49
K15632	0
K15633	57.16
K15634	137.58
K15635	0
K15640	0
K15650	1.5
K15654	0
K15667	0
K15669	27.47
K15674	0
K15675	0
K15676	0
K15677	0
K15678	0
K15679	0
K15721	0
K15722	0
K15723	0
K15724	12.46
K15725	3.55
K15726	13.61
K15727	12.45
K15733	0.26
K15734	1.26
K15735	0
K15736	0
K15737	0
K15738	93.35
K15739	0
K15746	5.8
K15765	0
K15770	51.13
K15771	67.8
K15772	51.01
K15773	0.75
K15777	4.9
K15778	44.44
K15780	3.77
K15781	0
K15782	0
K15783	0
K15784	0
K15785	0
K15786	0
K15790	0.2
K15792	1.58
K15827	0
K15828	1
K15829	0
K15830	0
K15831	7.99
K15832	0
K15833	0
K15834	8.99
K15835	6.47
K15836	0.2
K15852	0.75
K15855	0
K15856	0
K15857	2
K15860	0.2
K15861	0
K15862	39.41
K15864	0
K15866	15.91
K15868	0
K15873	0
K15876	42.37
K15878	0
K15879	0
K15894	39.99
K15895	39.49
K15896	39.17
K15897	31.5
K15898	43.4
K15899	27.92
K15907	0
K15910	32.56
K15912	29.27
K15913	35.58
K15914	39.49
K15915	39.49
K15918	0
K15921	0
K15922	0
K15923	8.09
K15924	0
K15973	4.94
K15974	0
K15975	25.89
K15976	0
K15977	39.46
K15982	0
K15983	0
K15984	11.68
K15986	40.15
K15987	27.7
K16011	5.52
K16012	16
K16013	16
K16014	1.24
K16017	0
K16041	0
K16042	0
K16043	0
K16044	0
K16047	0
K16048	0
K16049	0
K16050	0
K16051	0
K16052	42.02
K16053	20.67
K16055	1.14
K16066	4.96
K16074	0.95
K16076	0
K16077	0
K16078	0
K16079	0
K16080	0
K16081	0
K16087	96.4
K16088	10.64
K16089	78.56
K16090	1.55
K16091	7.3
K16092	8.87
K16095	0
K16118	0
K16124	0
K16135	0.95
K16136	0
K16137	3.37
K16139	0
K16140	0
K16146	0.33
K16147	3.96
K16148	2.77
K16149	17.95
K16150	0
K16152	0
K16153	0
K16163	0.33
K16164	0
K16165	0.95
K16167	0
K16168	0
K16169	14.72
K16171	0.95
K16180	0
K16181	0
K16182	0
K16188	0
K16199	0
K16200	0
K16201	0
K16202	0
K16203	1.15
K16209	14.04
K16210	13.03
K16211	9.01
K16212	1.47
K16213	1.56
K16214	18.42
K16215	0.75
K16216	0.8
K16234	0.95
K16235	12.45
K16236	0
K16237	0
K16238	1.24
K16242	0
K16243	0
K16244	0
K16245	0
K16246	0
K16248	0
K16249	0
K16254	0
K16255	0
K16256	0
K16257	0
K16258	0
K16259	0
K16263	0.95
K16264	79.12
K16267	0
K16291	0.27
K16293	1.33
K16294	1.33
K16299	7.66
K16300	7.66
K16301	5.9
K16318	1
K16319	0.95
K16320	0.95
K16321	0
K16322	0
K16323	0.29
K16324	0
K16325	0
K16326	0
K16328	1.84
K16329	1.12
K16331	0
K16345	7.14
K16346	0.62
K16347	0.17
K16348	2.67
K16363	11.19
K16370	2.66
K16371	1.12
K16422	0
K16423	0
K16435	0
K16509	48.89
K16511	28.07
K16514	0
K16515	0
K16516	0
K16563	0
K16619	0
K16623	0
K16624	0
K16625	0
K16626	0
K16628	0
K16636	0
K16637	0
K16647	0
K16648	0
K16649	0
K16650	0
K16651	0.74
K16652	0
K16653	0
K16692	5.92
K16693	1
K16694	0
K16695	0
K16698	0.32
K16703	0.47
K16704	4.84
K16705	0
K16710	0
K16711	0
K16712	0
K16713	0
K16783	16.75
K16784	17.08
K16785	195.6
K16786	39.28
K16787	193.26
K16788	30.03
K16789	23.66
K16792	0
K16793	0
K16839	0
K16840	0
K16841	1.15
K16842	0
K16843	0
K16844	0
K16845	0
K16846	0
K16849	19.83
K16850	27.61
K16856	0.95
K16868	29.51
K16869	2.94
K16870	2.44
K16871	0.2
K16872	0
K16873	0.2
K16874	0
K16875	0
K16876	0
K16877	0
K16878	0
K16879	0
K16880	0
K16881	0
K16885	0
K16886	0
K16887	0
K16898	60.52
K16899	31.31
K16905	0.28
K16906	0.2
K16907	0.48
K16913	1
K16915	13.83
K16917	0
K16920	0
K16922	0.53
K16923	2.57
K16924	31.55
K16925	9.21
K16926	116.1
K16927	0.66
K16937	2.12
K16950	5.02
K16951	5.02
K16957	7.45
K16958	2.45
K16959	10.87
K16960	9.16
K16961	2.28
K16962	0.28
K16963	2.08
K16968	0
K16969	0
K17060	0
K17061	0
K17073	1.59
K17074	30.67
K17076	29.18
K17103	60.91
K17195	4.16
K17202	0
K17203	0
K17204	0
K17205	0.75
K17206	0.75
K17207	0.75
K17208	0.17
K17209	0.17
K17210	0.17
K17213	4.04
K17214	2.49
K17215	3.49
K17216	1.61
K17217	1.61
K17218	11.13
K17222	0
K17223	0
K17224	0
K17225	0.2
K17226	0
K17227	0
K17228	1.55
K17229	0
K17230	0
K17234	0
K17235	0
K17236	0
K17241	0
K17242	0
K17243	0
K17244	0
K17245	0
K17246	0
K17247	38.96
K17248	47.62
K17249	48.75
K17250	31.01
K17251	40.49
K17285	0.2
K17310	1.12
K17315	2.54
K17316	2.54
K17317	2.54
K17318	46.58
K17319	46.21
K17320	47.78
K17321	0
K17322	0
K17323	0
K17324	0
K17325	0
K17329	0
K17330	0
K17331	0
K17363	12.24
K17364	0
K17462	13.61
K17463	0
K17464	0.2
K17465	0.2
K17466	1.69
K17467	1.69
K17468	0
K17472	1
K17473	0
K17489	1.45
K17490	0.33
K17624	7.31
K17640	0
K17662	0
K17675	0
K17680	0
K17686	139.72
K17713	1.42
K17716	3.41
K17722	0
K17723	0.49
K17733	2.73
K17734	0
K17735	0.95
K17736	0.95
K17737	0
K17752	0.2
K17754	0.2
K17759	10.14
K17762	0.2
K17763	0.2
K17810	3.52
K17828	48.73
K17829	0
K17830	0
K17835	0
K17836	10.07
K17837	1.31
K17838	24.2
K17850	0.2
K17865	3.12
K17869	0
K17883	0.33
K17892	0
K17893	0
K17898	3.03
K17899	3.03
K17910	0
K17938	40.49
K17947	1.08
K17948	2.84
K17950	0
K17989	0.2
K17992	1.47
K18000	0
K18003	0.75
K18005	1.12
K18006	0.12
K18007	0
K18008	0
K18009	0.2
K18011	6.75
K18012	6.75
K18013	6.75
K18014	6.75
K18015	0
K18028	0.2
K18029	0.2
K18030	0.2
K18067	0.2
K18068	0
K18069	0
K18070	0
K18072	0
K18073	0
K18093	0
K18094	0.95
K18095	0.95
K18096	0
K18098	0
K18100	1.7
K18101	0.95
K18104	14.9
K18118	4.19
K18119	2.45
K18120	2.6
K18121	0
K18122	9.49
K18123	0
K18129	0.95
K18130	0
K18131	0
K18132	4.31
K18133	4
K18136	2.84
K18138	53.92
K18139	48.58
K18140	0
K18141	0
K18142	0
K18143	0.2
K18144	0.4
K18145	0.2
K18146	0.2
K18148	0.2
K18149	1.61
K18151	0
K18153	0
K18195	0
K18197	0
K18199	1.95
K18205	0
K18206	0
K18209	0
K18210	0
K18214	0
K18216	16.76
K18217	18.25
K18220	14.79
K18221	3.51
K18230	1.17
K18231	14.28
K18234	4.87
K18235	0
K18236	0.12
K18242	0
K18243	0
K18248	1.21
K18249	0.95
K18257	0
K18277	0.72
K18282	0
K18284	40.49
K18285	41.57
K18288	0.75
K18289	0
K18290	0.75
K18291	0
K18292	0.75
K18294	0
K18295	0
K18296	0
K18297	0
K18298	0
K18299	0
K18300	0
K18301	0
K18302	0
K18303	1.04
K18304	0.2
K18305	0
K18306	0.95
K18307	0.95
K18308	0
K18320	0
K18324	0
K18325	0
K18326	0
K18330	1.12
K18331	2.59
K18332	3.15
K18333	16.88
K18334	0.47
K18335	0.95
K18336	0.95
K18337	0.2
K18344	0.2
K18345	0
K18346	1.87
K18348	0.08
K18349	0.2
K18350	0.2
K18351	0
K18352	0.33
K18353	0
K18364	0
K18365	0
K18366	0
K18369	13.56
K18373	2.25
K18374	1.5
K18376	0
K18379	0.75
K18381	1.5
K18383	0.95
K18384	0.2
K18427	0.2
K18428	0.2
K18429	27.22
K18430	27.22
K18431	27.47
K18445	0
K18446	0
K18455	1.6
K18456	0
K18459	0
K18471	0
K18473	0
K18474	14.17
K18475	1.08
K18476	0.2
K18478	0
K18479	0.85
K18480	32.78
K18530	1.2
K18531	0
K18540	0.2
K18541	1.15
K18545	0
K18552	0
K18554	0.2
K18567	0
K18574	2.25
K18575	0
K18581	5.24
K18586	0
K18587	0
K18588	0
K18590	0
K18611	0.2
K18640	0
K18650	0
K18652	0
K18654	2.67
K18657	0
K18660	0.27
K18661	0
K18672	48.07
K18673	0
K18675	0
K18676	0.95
K18677	0
K18678	0
K18682	103.91
K18691	10.1
K18692	29.33
K18697	0.2
K18698	0
K18699	0
K18700	0
K18701	0
K18702	0
K18704	0
K18707	34.57
K18765	0
K18766	0
K18775	0.95
K18778	0.95
K18783	0
K18785	4.08
K18800	7.51
K18814	1.04
K18815	11.24
K18816	15.23
K18820	0
K18824	0.12
K18828	42.85
K18829	13.04
K18830	17.17
K18831	3.43
K18833	0
K18837	0
K18838	0
K18841	2.34
K18842	2.17
K18843	12.67
K18845	0
K18846	0
K18850	8.8
K18851	0
K18856	0.08
K18862	0
K18866	0.08
K18887	22.33
K18888	22.33
K18889	0
K18890	0
K18891	23.72
K18892	23.72
K18893	7.21
K18895	0
K18898	0
K18899	0
K18900	1.15
K18901	0.95
K18902	0.95
K18903	1.15
K18906	0
K18907	0
K18908	0
K18910	0.27
K18916	0
K18917	0
K18918	22.85
K18919	0
K18920	0
K18921	0
K18922	0
K18923	0.37
K18924	39.49
K18925	39.49
K18926	0
K18928	55.43
K18929	54.48
K18930	8.21
K18933	0
K18934	0
K18935	0
K18936	0
K18939	0
K18940	0
K18941	0.03
K18954	0.5
K18955	10.75
K18966	0
K18967	1.49
K18968	0
K18979	35.83
K18981	3.14
K18982	0.2
K18983	0.2
K18984	0
K18986	13.21
K18987	13.21
K18988	0
K18991	4.71
K18992	39.49
K18997	0.17
K19000	0
K19002	44.51
K19005	29.93
K19033	2.94
K19046	0
K19047	0
K19048	0.4
K19049	0.36
K19050	0
K19051	0
K19052	0
K19055	27.29
K19056	0
K19058	1.49
K19062	2.31
K19068	3.41
K19070	0
K19071	0
K19072	0
K19075	0.2
K19076	0
K19077	0
K19078	0
K19081	0
K19082	0
K19083	0
K19084	0
K19088	0.2
K19090	0.2
K19091	16.18
K19092	16.04
K19097	0
K19110	0.75
K19113	0
K19114	8.7
K19115	8.7
K19116	8.7
K19117	4.14
K19118	4.83
K19119	4.58
K19123	0
K19124	1.85
K19125	1.6
K19126	1.85
K19127	2.96
K19128	2.96
K19129	2.96
K19130	2.96
K19131	0.33
K19132	0.33
K19133	0
K19134	1
K19137	14.86
K19138	0
K19139	2.5
K19140	0
K19141	0.02
K19142	0.02
K19145	0
K19147	43.84
K19148	0
K19155	0.06
K19156	0.06
K19157	16.84
K19158	65.22
K19159	40.5
K19160	0
K19161	0
K19162	0
K19163	0
K19164	0
K19165	3.1
K19166	2.2
K19167	2.45
K19168	4
K19169	0
K19170	1.12
K19171	1.12
K19172	1.12
K19173	0.12
K19174	0.12
K19175	0.12
K19180	1.53
K19181	0
K19187	0
K19190	0
K19191	0
K19200	0.2
K19209	0
K19212	9.71
K19216	0.5
K19219	0
K19221	24.79
K19222	2.15
K19223	0
K19224	0
K19225	8.29
K19226	8.02
K19227	7.68
K19228	7.68
K19229	7.51
K19230	7.85
K19231	0
K19234	0
K19235	0
K19236	0
K19237	6.78
K19238	0
K19239	1.19
K19240	0
K19242	0
K19244	1.45
K19246	0
K19265	4.68
K19267	5
K19268	20.68
K19270	0.95
K19271	4.92
K19272	0
K19276	0
K19285	3.8
K19286	0.57
K19290	0
K19291	0
K19292	0
K19293	0
K19294	3.03
K19295	0
K19296	0
K19299	0
K19300	0
K19302	45.62
K19303	0
K19304	0
K19309	0.4
K19310	0.4
K19311	1.85
K19332	0.33
K19333	0.2
K19334	0
K19335	0
K19336	0
K19337	4.95
K19338	0.2
K19339	5.06
K19340	7.31
K19341	3.62
K19342	7.31
K19344	0
K19345	0
K19349	1.49
K19350	1
K19353	3.4
K19354	2.11
K19355	0.69
K19405	15.99
K19411	16.48
K19413	0
K19416	52.12
K19419	0.5
K19422	0.12
K19423	0
K19424	0
K19425	0
K19426	0
K19427	0
K19429	1.81
K19430	5.31
K19431	1.29
K19504	1.75
K19505	0.2
K19506	1.95
K19507	2.15
K19508	2.95
K19509	1.95
K19510	1.75
K19519	0
K19540	0
K19545	0
K19548	0.12
K19555	0
K19556	0
K19572	0.77
K19575	0
K19576	0
K19577	2.1
K19578	0
K19585	0.2
K19586	0.2
K19587	0
K19591	0
K19592	0
K19593	0
K19594	0
K19595	0
K19597	0
K19609	0
K19610	1
K19611	0.34
K19620	0
K19621	0
K19622	0
K19623	0
K19624	0
K19633	0.2
K19640	0
K19641	0
K19661	0
K19666	1.7
K19667	0
K19668	0.26
K19670	1.35
K19686	0
K19688	0
K19689	43.9
K19696	0
K19697	0
K19701	1.5
K19707	0
K19709	0
K19710	2.39
K19711	0
K19713	38.32
K19714	3.74
K19715	3.41
K19723	0
K19725	0
K19726	0
K19727	0
K19731	0.95
K19736	0.2
K19741	0
K19743	0.95
K19744	0.2
K19745	0
K19746	0
K19775	0
K19776	0
K19777	0
K19778	0
K19780	0
K19784	8.69
K19789	0
