function.	skin_14
K00001	23.73
K00002	0
K00003	26.73
K00004	3.9
K00005	3.47
K00007	0
K00008	31.51
K00009	16.99
K00010	8.54
K00011	0
K00012	8.45
K00013	20.63
K00014	27.75
K00015	0
K00016	49.35
K00018	1.94
K00019	3.4
K00020	6.52
K00021	0
K00023	0.33
K00024	9.17
K00025	0
K00027	24.7
K00028	0.38
K00029	1.67
K00030	0.4
K00031	24.47
K00032	0
K00033	28.02
K00034	2.63
K00035	0
K00036	24.23
K00038	0.14
K00039	0
K00040	0.25
K00041	0.68
K00042	0.56
K00043	0.33
K00045	0.2
K00046	3.92
K00048	0.76
K00050	0.25
K00052	26.54
K00053	25.71
K00054	21.03
K00055	0
K00057	27.41
K00058	30.72
K00059	62.41
K00060	0.2
K00064	0
K00065	3.68
K00066	0
K00067	5.16
K00068	0.16
K00073	0.51
K00074	5.52
K00075	27.66
K00076	0
K00077	54.97
K00078	0
K00082	0
K00086	0
K00087	0.06
K00088	35.31
K00090	0
K00091	0
K00094	0
K00096	3.65
K00097	4.98
K00098	0
K00099	6.8
K00100	5.93
K00101	1.58
K00102	0.33
K00104	0.76
K00105	2.02
K00106	0
K00108	19.41
K00111	27.39
K00112	3.67
K00113	3.67
K00114	0
K00116	38.63
K00117	0
K00118	0
K00121	4.81
K00122	16.08
K00123	19.35
K00124	0.83
K00126	0.33
K00127	0.83
K00128	57.92
K00130	21.59
K00131	2.49
K00132	0
K00133	28
K00134	46.12
K00135	7.22
K00137	0
K00138	0.47
K00140	4.91
K00141	0
K00145	23.18
K00146	0
K00147	9.07
K00148	0
K00150	0.5
K00151	0.58
K00153	0
K00154	0
K00156	1.34
K00158	23.13
K00161	28.92
K00162	28.92
K00163	4.58
K00164	22.34
K00166	18.09
K00167	18.09
K00169	0.59
K00170	0.59
K00171	0.59
K00172	0.59
K00174	23.42
K00175	23.42
K00176	0.76
K00177	0.76
K00179	1.49
K00180	1.49
K00184	0
K00185	0
K00194	0.06
K00196	0.31
K00197	0.12
K00198	0.62
K00200	0
K00201	0
K00202	0
K00208	25.55
K00209	0.37
K00210	0.37
K00214	0
K00215	27.02
K00216	0
K00217	0
K00218	0
K00219	0.33
K00220	0
K00221	0
K00226	28.08
K00227	0
K00228	0.33
K00230	0.35
K00231	22.55
K00232	0
K00239	26.43
K00240	26.43
K00241	26.43
K00242	0.33
K00243	22.33
K00244	4.09
K00245	0.17
K00246	0.17
K00247	0.17
K00248	0.45
K00249	1.98
K00252	16.48
K00253	0.33
K00254	4.42
K00255	0
K00256	0
K00257	18.14
K00259	40.91
K00260	18.48
K00261	0.64
K00262	9.27
K00263	2.2
K00265	22.26
K00266	25.6
K00270	0
K00271	0
K00273	0
K00274	3.5
K00275	0.87
K00276	0
K00278	8.22
K00280	0
K00281	4.34
K00282	18.27
K00283	18.27
K00284	0.79
K00285	5.81
K00286	27.66
K00287	27.02
K00288	0
K00290	2.47
K00293	0
K00294	18.23
K00297	7.5
K00298	0.29
K00299	18.59
K00301	0
K00302	0.33
K00303	0.45
K00304	0.33
K00305	0.33
K00311	0.33
K00313	3.75
K00314	0
K00315	0
K00316	0
K00317	0
K00318	18.23
K00320	0
K00322	0
K00324	4.33
K00325	4
K00326	0
K00329	0
K00330	4.2
K00331	4.2
K00332	3.83
K00333	3.83
K00334	5.3
K00335	4.91
K00336	5.35
K00337	4.2
K00338	4.2
K00339	4.2
K00340	4.2
K00341	4.2
K00342	4.2
K00343	4.2
K00344	0.66
K00346	0.68
K00347	0.68
K00348	0.68
K00349	0.68
K00350	0.68
K00351	0.68
K00354	0
K00355	0.92
K00356	0.33
K00360	0
K00362	18.09
K00363	18.09
K00364	20.71
K00365	0
K00366	0.43
K00367	0
K00368	3.5
K00370	18.34
K00371	21.84
K00372	0
K00373	7.65
K00374	21.84
K00375	24.89
K00376	0
K00380	18.56
K00381	4.23
K00382	54.78
K00383	5.64
K00384	67.96
K00385	0.06
K00387	0
K00389	0.17
K00390	7.98
K00392	3.5
K00394	0.25
K00395	0.25
K00404	0.33
K00405	0.33
K00406	0.33
K00407	0.33
K00410	0
K00411	0.33
K00412	0.33
K00413	0.33
K00423	0
K00425	22.72
K00426	24.11
K00427	0
K00428	0.31
K00432	36.23
K00433	1.41
K00435	0
K00436	0
K00441	0
K00446	0
K00448	0
K00449	0
K00450	0.14
K00451	0.33
K00452	0
K00453	0.33
K00455	0.33
K00456	0
K00457	0.33
K00459	18.75
K00462	0
K00464	0
K00466	0
K00467	0
K00471	0
K00472	0
K00476	0
K00477	0.33
K00479	0
K00480	0.8
K00481	0
K00483	0
K00484	0
K00486	0
K00491	18.09
K00493	0
K00496	0
K00499	0
K00500	0
K00504	0
K00505	0
K00507	0.33
K00508	0.25
K00510	0.25
K00514	0
K00517	3.5
K00518	0
K00520	0
K00523	0.66
K00525	27.94
K00526	23.64
K00527	24.93
K00528	2.75
K00529	1.65
K00531	0
K00532	0.15
K00533	0.58
K00534	0
K00537	24.91
K00543	0
K00544	0
K00547	20.3
K00548	7.48
K00549	21.32
K00554	27.66
K00556	0
K00557	0.17
K00558	8.76
K00560	27.71
K00561	0.42
K00563	6.62
K00564	21.8
K00566	28.46
K00567	30.39
K00568	0.33
K00569	0.33
K00570	0
K00571	24.67
K00573	0.66
K00574	2
K00575	2.75
K00577	0
K00584	0.06
K00587	0
K00588	0
K00590	0
K00594	0
K00595	4.29
K00596	0
K00598	0.39
K00600	27.49
K00602	27.53
K00603	0.51
K00604	28.69
K00605	22.61
K00606	18.08
K00608	0
K00609	27.82
K00610	1.46
K00611	42.71
K00612	0
K00613	0
K00615	33.24
K00616	28.48
K00619	0
K00620	22.42
K00621	0
K00624	0
K00625	23.5
K00626	43.92
K00627	29.31
K00631	0.17
K00632	15.11
K00633	0.34
K00634	2.3
K00635	0
K00638	0.26
K00639	19.52
K00640	28.13
K00641	22.17
K00643	0
K00645	26.91
K00646	0
K00647	0.17
K00648	28.57
K00651	4.04
K00652	16.21
K00655	39.22
K00656	26.97
K00657	6.33
K00658	22.91
K00661	8.03
K00662	0.51
K00663	0
K00666	16.76
K00672	0
K00673	0
K00674	20.89
K00675	0.06
K00677	1.77
K00680	32.07
K00681	20.65
K00683	0
K00684	4.08
K00685	0.33
K00686	0
K00687	16.84
K00688	10.99
K00689	0
K00690	0.92
K00691	0.83
K00692	0
K00693	0
K00694	0.12
K00695	0
K00696	0
K00697	3.75
K00698	0
K00700	8.89
K00701	0
K00702	0.59
K00703	5.34
K00705	12.34
K00709	0
K00712	33.53
K00713	0
K00720	0
K00721	5.35
K00728	0
K00737	0
K00745	0
K00748	1.26
K00752	0.02
K00754	16.55
K00756	23.61
K00757	1.99
K00758	0.25
K00759	27.27
K00760	27.59
K00761	27.66
K00762	27.41
K00763	27.35
K00764	28.34
K00765	20.38
K00766	25.38
K00767	5.97
K00768	5.52
K00769	0.34
K00772	0.56
K00773	27.66
K00782	4.51
K00783	23.91
K00784	22.08
K00785	0.17
K00786	0.68
K00788	31.07
K00789	28.29
K00790	50.64
K00791	28.17
K00793	24.86
K00794	24.86
K00795	0.5
K00796	29.2
K00797	2.55
K00798	5.13
K00799	2.81
K00800	27.41
K00801	0.14
K00803	3.5
K00805	25.23
K00806	27.78
K00808	0
K00809	0
K00812	3.15
K00813	0.17
K00817	40.17
K00818	7.79
K00819	31.5
K00820	27.02
K00821	1.76
K00822	0.33
K00823	21.78
K00824	19.29
K00826	28.17
K00830	0.33
K00831	7.38
K00832	4.47
K00833	16.26
K00835	0
K00836	0.5
K00839	0.17
K00840	0
K00841	21.51
K00842	0
K00844	1.01
K00845	24.48
K00847	27.62
K00848	2.27
K00849	11.01
K00850	30.02
K00851	22.13
K00852	25.8
K00853	25.73
K00854	9.8
K00855	0
K00856	0.33
K00857	22.55
K00858	27.66
K00859	27.33
K00860	4.41
K00862	0
K00863	4.98
K00864	27.38
K00865	48.12
K00867	6.86
K00868	31.37
K00869	21.03
K00870	0
K00872	22.18
K00873	27.84
K00874	8.5
K00875	0
K00876	25.68
K00878	25.27
K00879	0.42
K00880	0.49
K00881	0
K00882	22.94
K00883	0
K00884	0.17
K00885	0.17
K00886	3.75
K00887	6.9
K00891	24.3
K00892	0
K00895	4.01
K00897	0.52
K00899	0.12
K00901	15.39
K00906	0.33
K00912	1.26
K00917	20.96
K00918	0
K00919	25.84
K00924	2.2
K00925	27.66
K00926	35.26
K00927	27.66
K00928	46.78
K00929	0.74
K00930	23.35
K00931	9.07
K00932	0
K00936	5.84
K00937	9.19
K00938	21.03
K00939	27.66
K00940	26.18
K00941	26.02
K00942	27.66
K00943	26.7
K00945	27.8
K00946	5.26
K00947	0
K00948	34.73
K00949	23.16
K00950	25.09
K00951	28.17
K00952	0
K00954	27.66
K00955	0.25
K00956	4.34
K00957	4.93
K00958	3.9
K00960	0
K00962	27.91
K00963	28.91
K00965	4.26
K00966	0.5
K00968	0.14
K00969	41.68
K00970	5.01
K00971	4.52
K00972	14.19
K00973	8.53
K00974	23.4
K00975	11.9
K00978	0.85
K00979	1.26
K00980	19.57
K00981	28.28
K00982	4.25
K00983	1.82
K00984	0.58
K00986	1.31
K00988	0
K00989	4.81
K00990	0.75
K00991	37.1
K00992	0.33
K00995	31.1
K00996	0.42
K00997	26.2
K00998	0.17
K00999	0
K01000	27.66
K01002	0.17
K01003	0
K01004	0
K01006	10.9
K01007	0.91
K01008	1.06
K01011	5.2
K01012	25.3
K01014	0
K01015	0
K01023	0
K01026	0.56
K01027	0
K01028	1.05
K01029	1.11
K01031	0.66
K01032	0.66
K01034	1.13
K01035	1.13
K01039	0
K01040	0
K01042	0.73
K01046	33.01
K01048	0.67
K01051	1.78
K01053	0.66
K01055	0.66
K01056	27.91
K01057	4.43
K01058	0.14
K01060	1.62
K01061	0.99
K01066	4.3
K01067	0
K01069	0.62
K01070	0.79
K01071	3.08
K01073	0
K01075	0.33
K01077	23.88
K01078	0
K01079	3.89
K01081	2.68
K01082	0.93
K01083	0
K01085	0
K01086	0
K01087	3.75
K01089	0.68
K01090	27.05
K01091	27.16
K01092	40.06
K01093	0
K01095	0.7
K01096	0.17
K01101	2.44
K01104	86.83
K01113	0
K01114	16.33
K01115	0
K01117	0
K01118	19.51
K01119	6.03
K01120	0
K01121	0
K01126	101.99
K01128	0
K01129	7.05
K01130	1.68
K01133	0.53
K01135	0
K01137	0
K01138	0.4
K01139	0.5
K01141	0.17
K01142	10.4
K01143	0
K01144	0.51
K01146	0
K01147	0.5
K01150	0.33
K01151	23.76
K01153	44.82
K01154	51
K01155	1.88
K01156	1.49
K01158	0
K01159	6.09
K01160	0
K01163	1.84
K01166	0.17
K01167	0
K01169	0
K01173	1.11
K01174	33.08
K01175	0.17
K01176	4.02
K01178	0
K01179	4.67
K01181	2.56
K01182	1.12
K01183	14.92
K01184	0
K01185	0.34
K01186	4.29
K01187	27.47
K01190	12.84
K01191	1.62
K01192	0.77
K01193	24.19
K01194	0
K01195	3.24
K01197	0.5
K01198	0.64
K01200	3.01
K01201	0.73
K01205	0.94
K01206	3.71
K01207	8.7
K01208	0
K01209	2.34
K01210	0
K01212	0
K01215	2.04
K01216	0
K01218	2.11
K01219	0
K01220	20.86
K01222	0.34
K01223	32.65
K01224	1.09
K01226	21.41
K01227	0.94
K01230	0
K01232	0.41
K01233	0
K01235	0.54
K01236	0.33
K01239	18.77
K01240	0
K01241	0.84
K01243	23.27
K01246	26.26
K01247	0.97
K01250	14.69
K01251	1.59
K01252	0
K01253	0
K01255	18.93
K01256	7.71
K01258	42.24
K01259	18.52
K01261	21.03
K01262	28
K01263	0
K01264	0
K01265	32.75
K01266	0.33
K01267	4.98
K01269	0
K01270	2.67
K01271	21.26
K01273	1.51
K01274	15.11
K01277	0.51
K01278	1.16
K01281	2.65
K01283	0
K01284	4.91
K01286	3.52
K01295	0.5
K01297	1.86
K01299	0.42
K01301	0
K01303	0
K01304	21.1
K01305	0.45
K01308	0.34
K01318	30.72
K01322	0.37
K01325	0
K01338	3.47
K01342	0
K01347	0.34
K01350	0
K01354	0.25
K01355	0
K01356	26.57
K01358	32.34
K01361	1.37
K01372	11.62
K01387	0
K01389	0
K01390	0.92
K01392	0
K01399	0
K01400	0
K01401	16.53
K01406	0
K01407	0
K01409	30.5
K01414	0.5
K01415	0
K01416	0
K01417	0
K01419	18.94
K01420	6.01
K01421	26.52
K01424	27.98
K01425	0.51
K01426	3.4
K01427	0
K01428	19.07
K01429	19.07
K01430	19.07
K01432	0.33
K01433	1.62
K01434	0
K01436	15.26
K01437	0
K01438	4.93
K01439	52.64
K01442	22.06
K01443	24.46
K01444	0
K01446	15.01
K01447	2.33
K01448	28.83
K01449	2.16
K01451	9.21
K01452	0
K01453	0
K01455	2.7
K01457	0
K01458	0.33
K01459	0
K01460	0
K01461	0.33
K01462	49.56
K01464	0.56
K01465	28.13
K01466	0.5
K01467	2.65
K01468	17.46
K01469	0.33
K01470	0.81
K01471	0
K01473	1.32
K01474	1.32
K01476	17.14
K01477	0
K01478	21.05
K01479	17.61
K01480	2.35
K01482	0
K01483	0.33
K01484	0
K01485	0.29
K01486	0.49
K01487	0.64
K01488	6.12
K01489	24.58
K01491	27.99
K01492	0.7
K01493	26.91
K01494	1.31
K01495	7.53
K01496	4.66
K01497	0.17
K01499	0
K01501	0.66
K01502	0
K01505	0
K01507	8.75
K01512	25.19
K01515	27.69
K01518	0
K01520	20.43
K01521	0
K01523	4.66
K01524	10.08
K01525	0.5
K01531	2.41
K01533	7.73
K01534	8.23
K01535	0
K01537	6.57
K01539	0
K01545	0
K01546	17.23
K01547	17.23
K01548	17.23
K01551	6.07
K01555	0.33
K01556	0.33
K01560	16.78
K01561	0
K01563	0
K01567	0.92
K01568	0
K01569	0.25
K01571	2.28
K01572	2.89
K01573	0.51
K01574	0.31
K01575	40.84
K01576	0
K01577	0
K01578	0.33
K01579	18.1
K01580	4.91
K01581	1.56
K01582	14.44
K01583	1.42
K01584	0.33
K01585	0.37
K01586	42.57
K01588	27.16
K01589	25.49
K01590	0.42
K01591	27.66
K01593	0
K01594	0
K01595	3.15
K01596	1.16
K01597	21.03
K01598	2.65
K01599	24.7
K01601	0.58
K01602	0
K01607	11.45
K01608	0
K01609	25.29
K01610	20.12
K01611	1.4
K01613	2.13
K01615	0.75
K01616	0.25
K01617	0
K01619	39.2
K01620	20.45
K01621	3.93
K01622	0
K01623	22.27
K01624	27.46
K01625	10.88
K01626	8.96
K01627	1.26
K01628	2.56
K01629	0.48
K01630	0.33
K01631	0
K01633	24.58
K01635	23
K01637	0.33
K01638	0.33
K01639	19.49
K01640	1.32
K01641	21.03
K01643	0.44
K01644	5.84
K01646	0.44
K01647	29.67
K01649	45.36
K01652	52.5
K01653	12.1
K01654	0.8
K01655	0
K01657	25.71
K01658	36.9
K01659	0.33
K01661	22.94
K01662	7.12
K01664	7.63
K01665	19.66
K01666	0.14
K01667	0.87
K01668	0
K01669	20.15
K01671	0
K01673	4.72
K01674	0.86
K01676	0.84
K01677	1.7
K01678	1.7
K01679	23.4
K01681	25.62
K01682	0.33
K01683	0
K01684	2.78
K01685	0.68
K01686	4.06
K01687	28.16
K01689	31.3
K01690	0
K01692	7.55
K01693	19.95
K01695	25.71
K01696	26.21
K01697	0
K01698	22.82
K01699	3.56
K01702	0
K01703	25.98
K01704	26.76
K01706	0
K01707	0
K01708	0
K01709	0.79
K01710	8.8
K01711	0.99
K01712	17.86
K01713	0
K01714	28.98
K01715	2.19
K01716	0.17
K01719	18.93
K01720	0.33
K01721	0
K01724	0.33
K01725	0
K01727	15.94
K01728	0.5
K01729	0
K01730	0
K01732	0
K01733	28.24
K01734	3.47
K01735	27.33
K01736	27.16
K01737	21.76
K01738	53.71
K01739	24.16
K01740	8.98
K01744	8.86
K01745	18.03
K01746	0.25
K01749	22.9
K01750	20.11
K01751	0.89
K01752	50.66
K01753	0.76
K01754	41.99
K01755	26.05
K01756	27.14
K01758	0
K01759	7.91
K01760	21.03
K01761	0.09
K01766	0.17
K01768	0.25
K01769	0
K01770	6.34
K01771	14.19
K01772	24.62
K01775	47.47
K01776	26.83
K01777	0
K01778	6.61
K01779	4.53
K01781	0
K01782	0.33
K01783	27.95
K01784	55.81
K01785	23.82
K01787	1.21
K01788	18.96
K01790	8.97
K01791	52.91
K01792	3.67
K01795	0
K01796	0.33
K01799	0.99
K01800	0
K01801	0.33
K01802	12.3
K01803	32.06
K01804	4.23
K01805	1.57
K01807	22.54
K01808	13.06
K01809	43.23
K01810	27.99
K01811	1.67
K01812	3.78
K01813	0.73
K01814	17.13
K01815	1.05
K01816	4.14
K01817	25.43
K01818	1.71
K01819	41.46
K01820	0
K01821	22.05
K01822	0
K01823	21.28
K01825	0
K01826	0.33
K01829	0
K01834	49.95
K01835	27.16
K01838	1.16
K01839	22.44
K01840	1.94
K01841	0.67
K01843	0.76
K01844	0
K01845	45.16
K01846	0
K01847	9.02
K01848	0.25
K01849	0.25
K01851	0
K01854	5.52
K01856	0
K01857	0
K01858	3.7
K01865	0
K01866	28.31
K01867	27.75
K01868	29.64
K01869	27.66
K01870	27.66
K01872	28.09
K01873	27.66
K01874	27.91
K01875	27.66
K01876	28.97
K01878	3.69
K01879	3.69
K01880	24.22
K01881	27.66
K01883	27.66
K01884	0
K01885	10.65
K01886	6.38
K01887	27.89
K01889	27.66
K01890	27.66
K01892	27.91
K01893	23.13
K01894	0.33
K01895	38.65
K01896	0
K01897	29.7
K01902	18.96
K01903	18.96
K01904	0
K01905	0.99
K01906	14.69
K01907	0
K01908	0.33
K01909	0
K01910	0.57
K01911	22.94
K01912	4.12
K01914	4.42
K01915	34.12
K01916	21.62
K01918	18.58
K01919	2.71
K01920	0.33
K01921	28.64
K01922	2.65
K01923	27.16
K01924	27.66
K01925	27.16
K01926	23.2
K01928	10.39
K01929	27.33
K01933	26.91
K01934	12.55
K01935	15.96
K01937	26.91
K01938	26.97
K01939	27.16
K01940	25.72
K01941	0
K01945	27.16
K01947	0
K01950	5.96
K01951	32.79
K01952	67.52
K01953	8.99
K01955	29
K01956	27.67
K01958	19.27
K01959	0
K01960	1.16
K01961	42.48
K01962	22.31
K01963	22.96
K01965	0
K01966	5.02
K01968	0.33
K01969	0.33
K01971	0.78
K01972	27.75
K01974	0
K01975	1.16
K01989	9.07
K01990	244.1
K01991	2.56
K01992	190.24
K01993	2.11
K01994	0
K01995	11.51
K01996	11.51
K01997	11.42
K01998	15.01
K01999	11.6
K02000	1.96
K02001	1.13
K02002	4.9
K02003	111.02
K02004	80.97
K02005	10.54
K02006	4.94
K02007	4.94
K02008	4.94
K02009	4.12
K02010	6.4
K02011	7.88
K02012	21.73
K02013	81.69
K02014	7.81
K02015	210.5
K02016	163.42
K02017	19.3
K02018	22.8
K02019	0.5
K02020	19.8
K02021	3.75
K02022	0.37
K02024	0
K02025	9.78
K02026	9.73
K02027	15.98
K02028	57.19
K02029	27.11
K02030	72.37
K02031	38.38
K02032	64.53
K02033	65.12
K02034	66.92
K02035	71.57
K02036	31.88
K02037	28.69
K02038	28.69
K02039	28.92
K02040	29.23
K02041	18.91
K02042	37.82
K02043	0
K02044	22.67
K02045	4.42
K02046	4.33
K02047	4.33
K02048	4.42
K02049	24.64
K02050	25.06
K02051	28.66
K02052	1.61
K02053	1.94
K02054	1.28
K02055	1.61
K02056	10.26
K02057	19.94
K02058	4.17
K02062	0.17
K02063	0.17
K02064	0.17
K02065	1.59
K02066	1.59
K02067	1.59
K02068	20.01
K02069	23.51
K02071	43.94
K02072	43.94
K02073	48.5
K02074	0.33
K02075	0.33
K02076	18.38
K02077	0.83
K02078	32.41
K02079	0
K02080	0.14
K02081	0
K02082	3.38
K02083	0.29
K02086	21.03
K02092	0
K02093	0
K02094	0
K02095	0
K02096	0
K02097	0
K02099	0
K02100	0
K02103	0.14
K02106	1.66
K02107	0.75
K02108	27.33
K02109	27.47
K02110	27.39
K02111	27.33
K02112	27.33
K02113	11.72
K02114	27.33
K02115	27.33
K02116	4.54
K02117	3.41
K02118	3.41
K02119	2.9
K02120	3.41
K02121	2.72
K02122	2.9
K02123	3.41
K02124	3.41
K02160	41.48
K02164	0
K02167	0
K02168	1.14
K02169	1.59
K02170	0.58
K02171	14.77
K02172	14.53
K02173	0
K02182	4.49
K02188	4.6
K02189	0.79
K02190	1.88
K02191	0.31
K02192	0.58
K02193	0.5
K02194	0.5
K02195	0.5
K02196	0.17
K02197	0.5
K02198	0.5
K02199	0.67
K02200	1
K02203	3.64
K02204	0.33
K02205	0
K02217	20.48
K02221	25.59
K02224	4.85
K02225	0
K02226	1.68
K02227	5.1
K02228	0.25
K02229	0.25
K02230	1.02
K02231	5.1
K02232	4.85
K02233	5.1
K02234	0
K02236	21.03
K02237	26.82
K02238	29.75
K02239	0
K02240	21.03
K02241	0.56
K02242	21.03
K02243	21.03
K02244	21.03
K02245	20.6
K02246	18.83
K02247	0
K02248	2.94
K02249	0
K02250	18.09
K02251	0
K02253	0
K02254	0
K02255	0
K02258	0
K02259	18.67
K02274	0.91
K02275	0.58
K02276	0.58
K02277	0
K02278	0.58
K02279	0.39
K02280	0.66
K02281	0
K02282	0.33
K02283	6.25
K02284	0
K02285	0
K02286	0
K02287	0
K02288	0
K02289	0
K02290	0
K02291	0.51
K02292	0
K02293	0
K02294	0
K02297	0.66
K02298	14.85
K02299	15.16
K02300	14.85
K02302	0.47
K02303	25.74
K02304	19.02
K02305	0
K02313	27.66
K02314	28.79
K02315	5.72
K02316	27.8
K02317	0
K02334	2.93
K02335	27.75
K02336	0
K02337	28
K02338	27.66
K02339	0.5
K02340	27.66
K02341	27.66
K02342	31.34
K02343	27.16
K02344	0.17
K02345	0
K02346	31.22
K02347	18.09
K02348	2.26
K02351	0.33
K02352	17.92
K02355	33.9
K02356	27.66
K02357	27.66
K02358	29.26
K02361	0.76
K02362	0
K02363	0
K02364	0
K02371	7.44
K02372	23.33
K02377	0.65
K02379	18.65
K02380	0.17
K02381	0.34
K02383	0
K02385	1.18
K02386	0.33
K02387	1.57
K02388	1.57
K02389	1.24
K02390	1.57
K02391	0.33
K02392	2.81
K02393	0.33
K02394	0.33
K02395	0.95
K02396	1.97
K02397	1.24
K02398	1.18
K02399	0.33
K02400	1.57
K02401	1.57
K02402	0.33
K02403	0.33
K02404	1.06
K02405	1.57
K02406	2.73
K02407	1.38
K02408	1.24
K02409	1.24
K02410	1.57
K02411	1.24
K02412	1.57
K02413	1.18
K02414	1.1
K02415	0.45
K02416	1.57
K02417	1.57
K02418	1.24
K02419	1.57
K02420	1.57
K02421	1.57
K02422	2.05
K02423	0.33
K02424	22.63
K02425	0
K02426	0.68
K02427	0.5
K02428	31.2
K02429	1.56
K02430	0.17
K02431	1.34
K02433	28.05
K02434	26.49
K02435	26.4
K02436	0
K02437	23.02
K02438	8.23
K02439	0.17
K02440	28.4
K02441	0.26
K02442	0
K02443	21.71
K02444	0.62
K02445	20.1
K02446	0.67
K02448	0
K02450	0.33
K02451	0
K02452	0
K02453	0.58
K02454	0.58
K02455	0.33
K02456	0
K02457	0
K02458	0
K02459	0
K02460	0
K02461	0
K02462	0
K02463	0
K02464	0
K02465	0
K02466	0
K02467	0
K02468	0
K02469	32.72
K02470	32.72
K02471	0.17
K02472	16.2
K02473	1
K02474	1.84
K02475	1.12
K02476	0.98
K02477	1.87
K02478	0.43
K02479	0
K02480	0
K02481	1.22
K02482	0
K02483	4.66
K02484	18.76
K02485	0
K02486	0
K02487	0.17
K02488	0
K02490	0
K02491	0
K02492	23.11
K02493	27.66
K02494	0.5
K02495	30.82
K02496	0.5
K02497	3.9
K02498	0.5
K02499	19.61
K02500	20.63
K02501	20.83
K02502	1.7
K02503	24.33
K02504	0.17
K02505	0.17
K02506	0.17
K02507	0.17
K02508	0
K02509	1.03
K02510	0.91
K02511	0
K02517	5.59
K02518	27.82
K02519	27.66
K02520	27.66
K02521	0.17
K02523	1.26
K02525	0
K02526	0.97
K02527	1.26
K02528	27.66
K02529	57.46
K02530	20.54
K02531	1.44
K02532	1.89
K02533	0.33
K02535	0.75
K02536	1.26
K02538	15.89
K02545	14.19
K02547	14.19
K02548	23.62
K02549	22.43
K02550	0
K02551	22.94
K02552	25.68
K02553	0.17
K02554	0
K02556	1.78
K02557	2.03
K02558	0.64
K02560	0.17
K02562	0
K02563	27.66
K02564	24.35
K02565	0
K02566	0.06
K02567	0.5
K02568	0.5
K02569	0.5
K02570	0.5
K02571	0.33
K02572	0.17
K02573	0.17
K02574	0.17
K02575	0.25
K02584	0
K02585	0.25
K02586	0.4
K02587	1.06
K02588	0.96
K02589	0.06
K02590	0.06
K02591	0.4
K02592	0
K02593	0
K02594	0.12
K02595	0
K02596	0
K02597	0
K02598	0
K02600	27.66
K02601	27.91
K02609	0.33
K02610	0.33
K02611	0.33
K02612	0.33
K02613	0.33
K02614	3.37
K02615	0
K02616	0.33
K02617	0
K02618	0
K02619	8.97
K02621	22.04
K02622	22.04
K02623	0
K02624	0.66
K02625	0
K02626	0.14
K02634	0
K02635	0
K02636	0
K02637	0
K02638	0
K02639	0
K02640	0
K02641	0
K02642	0
K02643	0
K02647	2.93
K02650	0.87
K02651	0.84
K02652	1.35
K02653	1.76
K02654	5.95
K02655	0
K02656	0.17
K02657	0
K02658	0
K02659	0
K02660	0
K02661	0
K02662	0.89
K02663	0.31
K02664	0
K02665	0
K02666	0.25
K02667	0
K02668	0
K02669	1.95
K02670	0
K02671	0
K02672	0
K02673	0
K02674	0
K02676	0
K02679	0.17
K02680	0.17
K02681	0.17
K02682	0.17
K02686	0.5
K02687	23.91
K02688	0.33
K02689	0
K02690	0
K02691	0
K02692	0
K02693	0
K02694	0
K02696	0
K02697	0
K02698	0
K02699	0
K02700	0
K02702	0
K02703	0
K02704	0
K02705	0
K02706	0
K02707	0
K02708	0
K02709	0
K02710	0
K02711	0
K02712	0
K02713	0
K02714	0
K02715	0
K02716	0
K02717	0
K02718	0
K02719	0
K02720	0
K02722	0
K02723	0
K02724	0
K02742	0.17
K02744	2.42
K02745	1.92
K02746	1.92
K02747	1.92
K02750	19.74
K02753	0
K02755	14.59
K02756	0.4
K02757	10.44
K02759	10.5
K02760	7.68
K02761	10.31
K02763	0
K02765	33.25
K02768	1.17
K02769	0.34
K02770	38.95
K02771	0
K02773	17.83
K02774	17.66
K02775	17.31
K02777	19.26
K02778	0
K02779	4.23
K02781	0.51
K02783	0.44
K02784	0.17
K02786	20.11
K02788	21.03
K02791	16.25
K02793	8.37
K02794	12.18
K02795	8.39
K02796	7.89
K02798	16.99
K02799	0
K02800	17.16
K02802	0
K02803	0
K02804	18.26
K02805	0.06
K02806	0.5
K02810	39.93
K02812	0
K02813	0
K02814	0
K02815	0
K02819	21.18
K02821	19.95
K02822	21.49
K02823	4.54
K02824	23.19
K02825	22.04
K02826	3.9
K02827	18.09
K02828	3.9
K02829	3.9
K02834	27.66
K02835	27.66
K02836	27.66
K02837	24.1
K02838	27.66
K02839	0.17
K02840	0
K02841	0.83
K02843	1.2
K02844	0.33
K02846	0
K02847	0.5
K02848	0
K02849	0
K02850	0
K02851	24.87
K02852	0.31
K02853	0
K02854	0
K02855	0
K02856	0.34
K02858	0.5
K02859	0.41
K02860	27.66
K02862	0
K02863	27.66
K02864	27.66
K02867	27.66
K02871	27.66
K02874	27.66
K02876	27.66
K02878	27.66
K02879	27.66
K02881	27.66
K02884	27.66
K02886	27.66
K02887	27.66
K02888	27.66
K02890	27.66
K02891	0
K02892	27.66
K02895	27.66
K02897	23.7
K02899	27.66
K02902	27.66
K02904	27.66
K02906	27.66
K02907	27.66
K02909	27.66
K02911	27.6
K02913	46.27
K02914	23.85
K02916	27.49
K02919	26.65
K02926	27.66
K02927	0
K02931	27.66
K02933	27.66
K02935	27.66
K02936	0
K02939	27.66
K02945	26.72
K02946	27.66
K02948	27.66
K02950	27.83
K02952	27.66
K02954	46.75
K02956	27.66
K02959	27.66
K02961	27.66
K02963	27.66
K02965	27.49
K02967	27.66
K02968	27.66
K02970	23.91
K02972	0
K02982	27.66
K02986	27.66
K02988	27.66
K02990	27.66
K02992	27.83
K02994	27.91
K02996	27.66
K03040	28.03
K03043	27.66
K03046	27.66
K03048	21.01
K03060	26.65
K03070	47.1
K03071	1.89
K03072	5.23
K03073	26.31
K03074	5.23
K03075	27.66
K03076	46.85
K03077	0.2
K03078	0
K03079	0
K03086	28.47
K03087	3.75
K03088	24.48
K03089	0.5
K03090	18.4
K03091	24.05
K03092	1.52
K03093	2
K03095	21.03
K03098	0.47
K03100	55.51
K03101	28.16
K03106	27.66
K03110	27.66
K03111	69.21
K03112	0
K03113	0.68
K03116	23.61
K03117	4.5
K03118	23.61
K03119	1.32
K03146	0.14
K03147	7.39
K03148	1
K03149	10.05
K03150	3.17
K03151	22.82
K03152	4.04
K03153	7.65
K03154	10.16
K03168	27.8
K03169	24.31
K03177	27.66
K03179	0.45
K03181	0.33
K03182	0.33
K03183	23.13
K03184	0
K03185	0.33
K03186	0.33
K03187	19.07
K03188	19.07
K03189	19.07
K03190	19.07
K03191	0.57
K03192	0.33
K03194	0
K03195	0
K03196	0
K03197	0
K03198	0
K03199	0
K03200	0.33
K03201	0.33
K03202	0.33
K03203	0
K03204	0
K03205	1.91
K03206	0
K03207	0
K03208	0
K03210	28.33
K03212	0.17
K03214	0.17
K03215	24.3
K03216	23.65
K03217	36
K03218	27.66
K03219	0.33
K03220	0.33
K03221	0.33
K03222	0.33
K03223	0.33
K03224	0.33
K03225	0.33
K03226	0.33
K03227	0.33
K03228	0.33
K03229	0.33
K03230	0.33
K03263	0
K03269	1.01
K03270	1.26
K03271	1.25
K03272	0.42
K03273	0.75
K03274	0.75
K03275	0
K03276	0
K03277	0
K03278	0
K03279	0
K03280	0
K03281	4.01
K03282	26.95
K03284	41.07
K03285	0
K03286	0.75
K03287	0
K03288	0
K03289	0
K03290	0
K03291	0
K03292	7.06
K03293	27.22
K03294	39.28
K03296	20
K03297	0.47
K03298	0
K03299	28.85
K03300	16.86
K03301	0.33
K03303	41.06
K03304	0.5
K03305	22.89
K03306	23.77
K03307	36
K03308	22.96
K03309	0
K03310	40.71
K03311	54.25
K03312	17.93
K03313	5.01
K03314	0.17
K03315	20.81
K03316	39.18
K03317	1.24
K03319	20.81
K03320	22.67
K03321	6.87
K03322	23.97
K03324	19.24
K03325	0.67
K03326	1.29
K03327	4.35
K03328	35.48
K03329	0
K03332	1.21
K03333	0
K03335	7.67
K03336	4.17
K03337	4.17
K03338	3.67
K03339	14.48
K03340	1.61
K03342	2.15
K03343	0.25
K03346	21.03
K03365	0
K03366	22.77
K03367	21.24
K03379	0
K03380	0.25
K03381	0
K03382	0
K03383	0
K03385	1.02
K03386	26.14
K03387	23.66
K03388	0
K03389	0
K03390	0
K03391	0
K03392	2.2
K03394	4.37
K03395	0
K03396	0.12
K03399	0.31
K03402	46.33
K03403	0
K03404	1.12
K03405	0.31
K03406	9.91
K03407	2.5
K03408	4.41
K03409	1.51
K03410	1.24
K03411	1.63
K03412	2.05
K03413	3.9
K03414	0.33
K03415	0.48
K03416	3.75
K03417	0.33
K03418	0.33
K03424	29.63
K03425	0
K03426	5.24
K03427	46.41
K03428	0
K03429	19.66
K03430	0.82
K03431	27.15
K03432	3.5
K03433	3.5
K03435	0
K03436	23.04
K03437	27.74
K03438	27.97
K03439	27.66
K03442	26.82
K03444	0.17
K03445	0.17
K03446	0.67
K03449	5.87
K03451	18.09
K03453	18.52
K03455	19.64
K03457	0.25
K03458	2.02
K03459	0
K03462	0
K03464	0.33
K03465	0.78
K03466	63.67
K03468	0
K03469	24.76
K03470	27.66
K03471	21.03
K03472	0
K03473	0.51
K03474	0.84
K03475	21.49
K03476	3.81
K03477	0
K03478	0.17
K03480	17.62
K03481	18.35
K03482	0
K03483	17.45
K03484	22.98
K03485	0
K03486	20.98
K03487	0.34
K03488	4.86
K03489	16.01
K03490	0
K03491	1.54
K03492	2
K03493	3.14
K03495	23.89
K03496	14.83
K03497	47.87
K03498	23.49
K03499	50.45
K03500	27.57
K03501	27.66
K03502	24.96
K03503	3.67
K03516	0
K03517	4.72
K03518	0.89
K03519	0.66
K03520	0.66
K03521	6.66
K03522	6.66
K03523	27.73
K03524	27.16
K03525	2.21
K03526	6.63
K03527	6.77
K03528	0.17
K03529	26.98
K03530	25.6
K03531	27.64
K03532	0
K03533	0
K03534	1.1
K03535	17.95
K03536	27.66
K03537	0
K03543	1.21
K03544	28.05
K03545	28.44
K03546	24.17
K03547	23.91
K03548	0.17
K03549	4.95
K03550	27.66
K03551	27.66
K03553	27.97
K03554	0.5
K03555	23.91
K03556	0.2
K03557	0.5
K03558	1.01
K03559	2.34
K03560	0.5
K03561	3.22
K03562	0.5
K03563	1.23
K03564	23.35
K03565	27.66
K03566	1.16
K03567	0
K03568	0.89
K03569	4.71
K03570	8.35
K03571	7.51
K03572	23.91
K03573	0.17
K03574	64.28
K03575	28.16
K03576	0.5
K03577	0
K03578	4.25
K03579	3.75
K03580	0.17
K03581	26.41
K03582	3.67
K03583	3.67
K03584	27.41
K03585	3.93
K03586	0.5
K03587	5.21
K03588	28.28
K03589	26.83
K03590	22.29
K03591	0.17
K03592	0.89
K03593	23.18
K03594	1.42
K03595	27.66
K03596	27.66
K03597	0.5
K03598	0.5
K03599	0.5
K03600	0.5
K03601	27.66
K03602	27.66
K03603	0.17
K03604	0.17
K03605	0.39
K03606	1.11
K03607	0.17
K03608	1.06
K03609	1.93
K03610	1.35
K03611	0.5
K03612	1.8
K03613	1.8
K03614	2.63
K03615	2.56
K03616	0.5
K03617	2.3
K03618	0
K03619	0
K03620	0.39
K03621	22.73
K03623	0
K03624	28.39
K03625	27.66
K03628	24.43
K03629	27.33
K03630	25.12
K03631	27.66
K03632	0.17
K03633	0.17
K03634	0.5
K03635	22.09
K03636	18.59
K03637	22.74
K03638	18.67
K03639	19.24
K03640	0.64
K03641	0.5
K03642	0.64
K03643	0.17
K03644	22.85
K03645	0.17
K03646	0.5
K03647	21.85
K03648	27.14
K03649	3.5
K03650	23.91
K03651	0.5
K03652	22.8
K03653	0
K03654	40.28
K03655	29.84
K03656	0.5
K03657	38.89
K03658	0.17
K03660	1.06
K03664	27.66
K03665	27.66
K03666	18.93
K03667	18.94
K03668	0
K03669	0
K03670	0
K03671	38.15
K03672	7.33
K03673	0.67
K03674	0.17
K03675	0
K03676	2.59
K03680	0
K03683	0.17
K03684	3.67
K03685	27.66
K03686	35.36
K03687	31.16
K03688	5.04
K03690	0.33
K03692	0
K03693	17.13
K03694	0.67
K03695	27.51
K03696	27.1
K03697	3.19
K03698	21.57
K03699	23.29
K03700	21.71
K03701	32
K03702	27.66
K03703	28.14
K03704	69
K03705	26.98
K03706	21.51
K03707	5.59
K03708	22.03
K03709	28.19
K03710	8.82
K03711	26.89
K03712	0
K03713	21.13
K03716	0.5
K03717	0
K03718	1.44
K03719	7.27
K03720	0.17
K03721	0.17
K03722	11.34
K03723	27.66
K03724	4.37
K03727	3.75
K03731	0
K03732	0.17
K03733	23.45
K03734	7.68
K03735	0.42
K03736	0.42
K03737	9.73
K03738	0.18
K03739	21.24
K03740	21.24
K03741	17.24
K03742	5.07
K03743	4.61
K03744	8.32
K03745	0.5
K03746	0.5
K03747	0.33
K03748	0.34
K03749	0.33
K03750	26.57
K03752	18.74
K03753	18.68
K03755	0
K03756	1.81
K03757	0
K03758	17.45
K03759	0
K03760	0
K03761	7.25
K03762	21.59
K03763	23.38
K03764	0.17
K03765	0
K03767	6.94
K03768	25.72
K03769	0.73
K03770	1.01
K03771	1.72
K03772	0.31
K03773	1.36
K03774	0.33
K03775	0.68
K03776	4.16
K03777	4
K03778	38.04
K03779	0.25
K03780	0.25
K03781	24.02
K03782	0
K03783	4.87
K03784	36.55
K03785	24.81
K03786	2.35
K03787	1.26
K03788	0.6
K03789	28.24
K03790	10.94
K03791	0.17
K03793	0
K03794	0.14
K03795	3.5
K03796	0
K03797	22.53
K03798	28.79
K03799	5.53
K03800	60.17
K03801	4.82
K03802	0.91
K03803	1
K03804	0.17
K03805	0.33
K03806	0.5
K03807	0
K03808	0.5
K03809	0.23
K03810	1.12
K03811	1.85
K03812	0
K03813	0.06
K03814	1.01
K03815	0
K03816	22.74
K03817	18.23
K03818	0.4
K03819	0
K03820	4.5
K03821	0.33
K03822	0
K03823	25.6
K03824	14.52
K03825	0.12
K03826	0
K03827	1.58
K03828	0.43
K03829	0
K03830	4.18
K03831	0.5
K03832	2.55
K03833	0.23
K03834	0.34
K03835	0.34
K03836	0
K03837	0.17
K03838	0
K03839	1.19
K03840	0
K03841	0.5
K03851	0.33
K03852	0
K03855	3.75
K03856	2.12
K03862	0
K03863	0.99
K03867	0
K03885	24.48
K03886	0
K03887	0
K03888	0
K03889	0.25
K03890	0.25
K03891	0.25
K03892	42.78
K03893	20.76
K03894	0
K03895	0
K03896	0
K03897	0.33
K03918	0
K03919	0.33
K03921	0
K03923	0.67
K03924	10.64
K03925	24.28
K03926	0.33
K03928	36.47
K03929	18.4
K03930	2.9
K03931	0
K03932	0
K03933	0.51
K03943	0
K03969	4.26
K03970	0
K03971	0
K03972	0
K03973	0.75
K03974	0
K03975	5.77
K03976	27.08
K03977	27.66
K03978	23.91
K03979	27.66
K03980	5.25
K03981	0.5
K04013	0.17
K04014	0.17
K04015	0.17
K04016	0.17
K04017	0
K04018	0.17
K04019	0.42
K04020	0
K04021	0
K04022	0
K04023	0.75
K04024	3.56
K04025	0
K04026	0.48
K04027	0.42
K04028	4.23
K04029	4.1
K04030	0.42
K04031	4.29
K04032	0.42
K04033	0
K04034	0
K04035	0
K04036	0
K04037	0
K04038	0
K04039	0
K04040	0
K04041	20.11
K04042	26.78
K04043	31.3
K04044	0.5
K04045	0.17
K04046	0
K04047	27.68
K04049	0
K04050	0
K04051	0
K04052	0
K04053	0.33
K04054	0.33
K04056	0.33
K04057	0
K04058	0.33
K04059	0.33
K04060	0
K04061	1.12
K04062	0.33
K04063	0.33
K04064	0
K04065	0
K04066	27.66
K04067	0.17
K04068	23.42
K04069	32.07
K04070	1.31
K04072	19.98
K04073	0
K04074	21.95
K04075	27.66
K04076	0.34
K04077	31.58
K04078	31.33
K04079	3.42
K04080	0
K04081	0
K04082	0.5
K04083	23.4
K04084	1.21
K04085	0.67
K04086	18.82
K04087	1
K04088	1
K04090	0.66
K04091	0
K04092	3.9
K04093	0.25
K04094	22.22
K04095	1.23
K04096	31.22
K04098	0
K04099	0
K04100	0
K04101	0
K04102	0.33
K04103	20.71
K04105	0
K04107	0
K04108	0
K04109	0
K04110	0
K04112	0
K04113	0
K04114	0
K04115	0
K04116	0
K04117	0
K04127	0
K04128	0
K04333	0
K04334	0
K04335	0
K04336	0
K04337	0
K04338	0
K04343	0
K04477	1.52
K04478	3.9
K04480	0.06
K04485	27.66
K04486	4.57
K04487	47.39
K04488	27.4
K04516	2.16
K04517	25.65
K04518	24.59
K04561	17.94
K04562	0.73
K04564	41.73
K04565	0.33
K04566	0.25
K04567	45.35
K04568	0.17
K04618	0
K04651	1.03
K04652	1.17
K04653	0.81
K04654	0.64
K04655	0.78
K04656	14.83
K04691	0.5
K04708	0
K04710	0
K04719	0
K04720	1.1
K04744	0.75
K04747	0
K04748	14.19
K04749	19.02
K04750	20.3
K04751	5.43
K04752	0.33
K04753	0.17
K04754	0.5
K04755	1.16
K04756	0.58
K04757	18.79
K04758	12.31
K04759	26.79
K04760	0.5
K04761	1.51
K04762	4.76
K04763	25.05
K04764	0.5
K04765	0.17
K04766	18.09
K04767	7.07
K04768	18.34
K04769	0.92
K04770	0.17
K04771	20.17
K04772	0.5
K04773	4.95
K04774	0.17
K04775	0
K04780	0
K04781	0
K04782	0
K04783	1.39
K04784	1.39
K04785	0
K04786	0.25
K04787	0
K04788	0
K04793	0
K04794	0
K04805	0
K04835	0.66
K04844	0
K04940	18.15
K04962	0.2
K05020	18.84
K05245	0
K05275	0
K05281	0
K05286	0
K05296	0
K05297	0
K05299	0
K05301	0
K05303	0
K05304	0
K05306	0.81
K05311	18.78
K05337	20.16
K05338	18.55
K05339	18.55
K05340	18.36
K05341	0
K05342	0
K05343	4.08
K05346	0
K05349	12.74
K05350	2.62
K05351	0
K05352	31.64
K05356	0
K05358	0
K05362	20.91
K05363	2.18
K05364	5.31
K05365	0.17
K05366	38.68
K05367	0.84
K05368	0
K05371	0
K05372	0
K05373	0
K05374	0
K05375	0
K05396	0.14
K05499	0
K05501	0.5
K05515	2.99
K05516	0.84
K05517	0
K05518	0
K05519	0
K05520	19.61
K05521	0
K05522	3.75
K05523	16.39
K05524	0.33
K05525	0
K05526	0
K05527	0.17
K05539	0.5
K05540	1.25
K05541	0.17
K05548	0.14
K05549	0
K05550	0.33
K05551	0
K05552	0
K05553	0
K05556	0
K05558	0
K05559	0.33
K05560	14.52
K05561	0.33
K05562	0.33
K05563	14.52
K05564	0.33
K05565	64.81
K05566	36.18
K05567	36.43
K05568	36.43
K05569	36.43
K05570	36.43
K05571	36.43
K05572	0
K05573	0
K05574	0
K05575	0
K05576	0
K05577	17.92
K05578	0
K05579	0
K05580	0
K05581	0
K05582	0
K05583	0
K05584	0
K05585	0
K05586	0
K05587	0
K05588	0
K05589	1
K05590	0.17
K05591	0.33
K05592	22.86
K05593	1.94
K05594	0
K05595	6.28
K05596	0.58
K05597	0
K05599	0
K05600	0
K05601	1.88
K05602	3.75
K05603	0
K05606	4.76
K05685	0
K05687	0
K05708	0
K05709	0
K05710	4.22
K05711	0
K05712	0.33
K05713	0.33
K05714	0.33
K05715	0
K05739	0
K05747	0
K05772	0.39
K05773	0.39
K05774	0
K05775	0
K05776	0.51
K05777	0
K05778	0
K05779	0
K05780	0
K05781	0
K05782	0.66
K05783	0
K05784	0
K05785	0
K05786	19.93
K05787	0.17
K05788	0.64
K05789	0.17
K05790	0
K05791	0
K05792	0
K05793	0
K05794	7.25
K05795	0.43
K05796	0.18
K05797	0
K05798	0
K05799	1.06
K05800	0.97
K05801	0.4
K05802	0.17
K05803	0.17
K05804	0
K05805	0
K05807	1.01
K05808	4.44
K05809	0.17
K05810	24.16
K05811	0
K05812	0.33
K05813	4.33
K05814	4.33
K05815	4.33
K05816	0.83
K05817	0
K05818	0
K05819	0
K05820	0.71
K05822	18.38
K05823	2.49
K05824	0
K05825	1.25
K05826	0
K05827	0
K05828	0
K05829	0
K05830	0
K05831	0
K05832	9.02
K05833	9.92
K05834	0.33
K05835	0
K05836	0
K05837	23.52
K05838	3.92
K05839	0
K05841	0.06
K05844	0.51
K05845	27
K05846	74.23
K05847	47.4
K05851	0.17
K05873	0
K05874	0.99
K05875	0.66
K05876	0
K05877	0
K05878	22.55
K05879	22.32
K05880	0
K05881	0
K05882	0
K05884	0
K05886	0
K05887	0
K05889	0
K05895	4.12
K05896	26.98
K05898	0.33
K05910	0.17
K05913	0
K05916	18.42
K05917	0
K05919	1.28
K05921	0.66
K05922	0
K05927	0
K05928	0
K05929	0
K05934	0.79
K05936	4.54
K05937	0.48
K05939	0
K05946	19.84
K05951	0
K05952	0.17
K05962	0
K05964	0.02
K05966	0.02
K05967	0
K05970	2.82
K05973	0.33
K05979	0
K05982	0
K05984	0
K05985	21.61
K05986	0
K05988	0.6
K05989	1.7
K05991	0
K05992	0
K05994	0
K05995	0.54
K05996	0
K05997	0
K05998	0
K05999	0
K06001	5.04
K06006	0
K06011	0
K06012	1.06
K06013	0.33
K06015	0.25
K06016	2.57
K06019	3.67
K06020	0.33
K06021	0
K06023	22.98
K06024	26.98
K06033	0.66
K06034	0
K06039	0
K06041	1.26
K06042	4.6
K06044	0.33
K06045	0
K06048	0.58
K06049	0
K06073	0
K06074	0
K06075	0.33
K06076	0.84
K06077	0.5
K06078	0
K06079	0
K06080	0
K06113	0.87
K06118	3.5
K06120	0
K06121	0
K06122	3.5
K06131	46.66
K06132	0.33
K06133	4.25
K06134	0.33
K06135	0
K06136	0
K06137	0.66
K06138	0
K06139	0
K06140	0.33
K06141	0
K06142	2.53
K06143	0.2
K06144	0
K06145	0
K06146	0
K06147	101.97
K06148	12.04
K06149	0.17
K06151	0.33
K06152	0.33
K06153	27.33
K06155	0.14
K06156	0.25
K06157	0
K06158	25.01
K06159	0
K06160	0
K06162	0
K06163	0
K06164	0
K06165	0
K06166	0
K06167	0.51
K06168	24.72
K06169	0
K06173	28.82
K06175	0.17
K06176	0.17
K06177	1.1
K06178	26.77
K06179	2.12
K06180	73.24
K06181	0.17
K06182	1.22
K06183	25.7
K06186	0.5
K06187	27.66
K06188	1.62
K06189	0.5
K06190	0.5
K06191	3.52
K06192	0.33
K06193	3.66
K06194	0.67
K06195	0.33
K06196	5.05
K06197	0
K06198	20.86
K06199	46.9
K06200	3.98
K06201	3.69
K06202	0.5
K06203	0.17
K06204	4
K06205	0.17
K06206	0.99
K06207	27.66
K06208	0.34
K06209	19.13
K06211	0.42
K06212	0.17
K06213	20.69
K06214	0
K06215	23.75
K06216	16.7
K06217	27.43
K06218	1.56
K06219	0
K06221	8.17
K06222	0.33
K06223	2.34
K06257	0
K06281	0.39
K06282	0.39
K06283	1.06
K06284	1.17
K06285	0.25
K06286	21.03
K06287	6.96
K06288	0
K06289	0
K06290	0
K06291	0
K06292	0
K06293	0
K06294	0
K06295	1.08
K06296	0
K06297	0.83
K06298	0.73
K06299	0
K06300	0
K06301	0
K06302	0
K06303	0
K06304	0
K06305	0
K06306	0.58
K06307	0
K06308	0
K06309	0
K06310	0.34
K06311	0.09
K06312	0.25
K06313	0
K06314	0
K06315	0
K06317	0.59
K06318	0
K06319	0
K06320	0.42
K06321	0
K06322	0
K06323	0
K06324	0.25
K06325	0
K06327	0
K06328	0
K06329	0.25
K06330	0
K06331	0.75
K06332	0
K06333	0.58
K06334	0.72
K06335	0
K06336	0
K06337	0.25
K06338	0.25
K06340	0
K06341	0
K06342	0
K06343	0
K06344	0
K06345	0.25
K06346	8.31
K06347	3.9
K06348	0
K06349	0
K06350	14.19
K06351	0.33
K06355	0
K06360	0
K06361	0
K06362	0
K06364	0
K06365	0
K06366	0
K06368	0
K06369	0
K06370	0
K06371	0
K06372	0
K06373	0.92
K06374	0.92
K06375	0
K06377	0.17
K06378	1.84
K06379	1.31
K06380	0
K06381	1.65
K06382	1.06
K06383	0.92
K06384	0.56
K06385	1.06
K06386	0
K06387	0.92
K06388	0
K06390	1.06
K06391	0.59
K06392	1.06
K06393	1.06
K06394	1.06
K06395	0.59
K06396	1.06
K06397	1.06
K06398	1.06
K06399	1.06
K06400	3.01
K06401	0
K06402	0.58
K06403	0.23
K06404	0.23
K06405	1.06
K06406	1.06
K06407	1.31
K06408	0.34
K06409	3.1
K06410	0.92
K06411	0.92
K06412	18.88
K06413	0
K06415	0.34
K06416	0.83
K06417	0
K06418	0
K06419	0
K06421	0
K06422	0
K06423	0.25
K06425	0.25
K06426	0
K06427	0
K06428	0
K06431	0
K06432	0
K06433	0
K06434	0
K06436	0.59
K06437	0
K06438	0.73
K06439	0
K06440	0
K06442	4.56
K06443	0
K06445	0.66
K06446	0.66
K06447	0
K06518	20.75
K06591	0
K06595	0
K06596	0
K06597	0
K06598	0
K06599	0
K06600	0
K06601	0
K06602	0
K06603	1.18
K06605	3.5
K06606	0
K06607	0
K06608	0.34
K06609	10.5
K06610	0
K06714	0.06
K06718	0.33
K06720	0.33
K06726	18.5
K06857	0.39
K06858	0.33
K06859	0.28
K06860	0.58
K06861	1.26
K06864	1.2
K06866	0.17
K06867	1.08
K06871	9.53
K06872	3.56
K06873	0
K06876	0
K06877	3.81
K06878	21.36
K06879	0.5
K06880	0
K06881	23.32
K06882	0
K06883	0
K06884	0.17
K06885	21.5
K06886	19
K06887	0
K06888	7.31
K06889	8.23
K06890	7.92
K06891	4.42
K06893	0
K06894	0.84
K06895	22.34
K06896	3.11
K06897	0.88
K06898	1.2
K06899	0.17
K06900	0
K06901	27.72
K06902	1.18
K06903	0.31
K06904	0.68
K06905	0.17
K06906	0.17
K06907	0.31
K06908	0.17
K06909	0.34
K06910	18.61
K06911	2.48
K06912	0
K06915	1.24
K06916	0.33
K06917	0.33
K06918	0.17
K06919	4.95
K06920	20.23
K06921	1.08
K06922	0
K06923	1.45
K06925	27.74
K06926	0.86
K06928	0.06
K06929	3.15
K06931	0
K06934	14.91
K06937	0.06
K06938	0.33
K06940	2.11
K06941	27.71
K06942	27.66
K06945	0
K06946	0.17
K06948	21.03
K06949	28.42
K06950	24.2
K06951	0
K06952	0
K06953	0
K06954	0
K06955	0
K06956	19.14
K06957	0.17
K06958	27.15
K06959	23.66
K06960	8.31
K06962	20.42
K06966	26.65
K06967	22.9
K06968	0.17
K06969	24.07
K06970	0.37
K06971	0.17
K06972	1.09
K06973	19.84
K06974	0
K06975	27.21
K06976	3.79
K06977	0
K06978	17.95
K06979	0
K06980	4.25
K06983	0
K06985	0
K06986	0
K06987	1.92
K06988	0.12
K06989	1.44
K06990	7
K06991	0.33
K06992	0
K06994	27.15
K06995	0.99
K06996	0.76
K06997	27.74
K06998	0
K06999	17.13
K07000	0.33
K07001	9.54
K07002	18.56
K07003	1.23
K07004	0.66
K07005	6.08
K07006	1.67
K07007	24.54
K07008	0.17
K07009	25.59
K07010	6.18
K07011	2.41
K07012	4.16
K07013	0.06
K07014	0.17
K07015	22.59
K07016	0.25
K07017	2.06
K07018	0.33
K07019	0.33
K07020	0
K07023	18.52
K07024	155.59
K07025	37.57
K07026	0
K07027	2.55
K07028	0.12
K07029	23.61
K07030	22.32
K07031	0
K07032	19.28
K07033	14.44
K07034	0.79
K07035	42
K07037	2.03
K07038	23.96
K07039	0
K07040	27.15
K07041	0
K07042	26.65
K07043	6.7
K07044	0
K07045	26.13
K07046	0
K07047	5.56
K07048	0
K07050	0
K07051	0
K07052	94.85
K07053	7.83
K07054	1.51
K07056	28.5
K07057	0
K07058	30.91
K07059	0
K07061	0
K07062	0.33
K07063	0
K07064	0
K07065	0
K07066	0
K07067	3.75
K07068	2.97
K07069	2.37
K07070	0
K07071	19.16
K07074	0.17
K07075	2.03
K07076	0.17
K07077	0
K07078	19.61
K07079	2.52
K07080	1.05
K07082	9.57
K07084	18.26
K07085	6.17
K07086	0
K07088	26.48
K07089	4.58
K07090	68.26
K07091	1.01
K07092	0
K07093	0.33
K07094	18.09
K07095	23.93
K07096	0
K07097	0
K07098	4.27
K07099	1.42
K07100	0
K07101	4.08
K07102	0.33
K07104	24.74
K07105	3.65
K07106	19.31
K07107	63.03
K07109	0.17
K07110	0.25
K07112	20.66
K07113	0.25
K07114	14.08
K07115	0.7
K07116	0
K07117	0.33
K07118	11.54
K07119	20.6
K07120	18.36
K07121	0.17
K07122	0.17
K07123	0
K07124	11.71
K07125	0
K07126	1.17
K07127	0
K07129	0
K07130	0.91
K07131	0
K07132	14.7
K07133	7.02
K07136	0
K07137	3.75
K07138	0.92
K07139	23.08
K07140	0.33
K07141	0.83
K07145	18.43
K07146	21.59
K07147	0.33
K07148	3.36
K07149	0.8
K07150	5.23
K07152	0.66
K07153	0.17
K07154	3.83
K07155	0
K07156	0.25
K07157	0.33
K07160	19.42
K07161	0
K07164	4.26
K07165	1.32
K07166	7.26
K07167	0
K07168	0
K07169	0.33
K07171	22.94
K07172	2.54
K07173	25.57
K07175	1.15
K07177	6.69
K07178	0
K07180	0.67
K07181	0.12
K07182	0.5
K07183	5.04
K07184	0.17
K07186	0
K07190	0
K07192	1.35
K07213	22.03
K07214	0.53
K07215	0
K07216	1.35
K07217	0.12
K07218	0
K07219	0.45
K07220	19.77
K07221	0.54
K07222	0.76
K07223	4.84
K07224	18.6
K07225	0.33
K07226	0.17
K07227	0
K07228	0
K07229	0
K07230	0.83
K07231	0.33
K07232	0.66
K07233	0.33
K07234	0.33
K07235	0.17
K07236	0.17
K07237	0
K07238	7.78
K07239	0
K07240	5.53
K07241	16.56
K07242	0
K07243	19.43
K07245	0.5
K07246	0.66
K07248	2.48
K07250	4.28
K07251	0
K07255	0
K07256	0
K07257	0.25
K07258	31.09
K07259	4.76
K07260	7.01
K07261	0.17
K07262	0.5
K07263	1.18
K07264	0
K07265	0.33
K07266	0.33
K07267	0
K07268	0.17
K07269	0
K07270	1.02
K07271	3.74
K07272	1.3
K07273	2.99
K07274	0.33
K07275	0.33
K07276	0
K07277	1.26
K07278	0.5
K07279	0
K07280	0
K07282	10.17
K07283	0
K07284	30.57
K07285	0.17
K07286	0.17
K07287	0.5
K07288	0
K07289	0.33
K07290	0.33
K07291	0
K07300	3.89
K07301	1.47
K07302	0.66
K07303	0.66
K07304	61.07
K07305	23.29
K07306	3.67
K07307	3.67
K07308	3.67
K07309	0
K07310	0
K07311	0
K07312	0
K07313	3.93
K07314	0
K07315	19.85
K07316	5.57
K07317	0.06
K07318	0.4
K07319	0
K07320	0.5
K07321	0.12
K07322	17.11
K07323	0.5
K07326	0.83
K07334	0.54
K07335	10.42
K07336	0.33
K07337	0
K07338	0.33
K07339	0
K07340	0
K07341	1.67
K07343	0.32
K07344	0
K07345	1.66
K07346	0
K07347	0.83
K07348	0
K07349	0
K07350	0
K07351	0
K07352	0
K07353	0
K07354	0
K07355	0
K07356	0
K07357	0.33
K07358	0
K07386	8.27
K07387	0.84
K07389	0.33
K07390	0.5
K07391	6.83
K07393	7.55
K07394	0
K07395	0
K07396	0
K07397	1.3
K07399	0.58
K07400	0.17
K07401	0.33
K07402	2.09
K07403	0.84
K07404	5.98
K07405	0.51
K07406	0.48
K07407	3.26
K07442	3.75
K07443	1.96
K07444	23.49
K07445	0.33
K07447	27.66
K07448	4.54
K07449	0
K07451	1.15
K07452	0.35
K07453	0
K07454	0
K07455	14.67
K07456	23.41
K07457	17.92
K07458	0.57
K07459	0.42
K07460	6.63
K07461	21.67
K07462	24.53
K07464	1.26
K07465	0.25
K07467	14.81
K07469	0.18
K07470	0
K07471	0
K07473	4.26
K07474	20.66
K07476	18.09
K07478	27.66
K07479	0.17
K07480	0.02
K07481	1.2
K07482	2.67
K07483	44.12
K07484	2.04
K07485	15.11
K07486	0
K07487	0
K07488	0.17
K07490	0
K07491	6.78
K07492	1.12
K07493	0
K07494	0.92
K07495	0
K07496	1.17
K07497	4.36
K07498	39.03
K07499	0
K07501	0.33
K07502	0.48
K07503	3.75
K07504	0.17
K07505	0
K07506	0.33
K07507	7.09
K07516	15.44
K07518	0
K07533	22.5
K07535	0.33
K07536	0
K07537	0
K07538	0
K07539	0
K07543	0.33
K07544	0.33
K07546	0
K07550	0.33
K07552	34.76
K07559	0.25
K07560	27.08
K07566	38.41
K07568	24.4
K07570	3.03
K07571	19.21
K07574	23.4
K07576	4.28
K07577	0
K07584	22
K07586	21.17
K07588	4.76
K07589	0
K07590	18.74
K07591	0
K07592	0
K07636	23.29
K07637	0
K07638	0.66
K07639	0
K07640	0
K07641	0
K07642	0.92
K07643	0
K07644	0.66
K07645	0.17
K07646	17.96
K07647	0
K07648	0.17
K07649	0.99
K07650	0
K07651	18.88
K07652	21.43
K07653	3.75
K07654	0.25
K07657	0.75
K07658	22.18
K07659	0.66
K07660	0
K07661	0
K07662	0.17
K07663	0
K07664	0
K07665	0.33
K07666	0.17
K07667	17.2
K07668	36.12
K07669	3.75
K07670	3.75
K07673	0
K07674	0.17
K07675	3.5
K07676	0
K07677	0
K07678	0
K07679	0.33
K07680	0
K07681	3.9
K07683	18.09
K07684	0
K07685	0.17
K07686	0
K07687	0
K07688	0
K07689	0
K07690	0.33
K07691	0
K07692	0
K07693	0.92
K07694	3.92
K07695	0
K07696	18.09
K07697	0
K07698	0
K07699	1.31
K07700	0
K07701	0
K07702	0
K07703	0.43
K07704	16.9
K07705	17.07
K07706	22.98
K07707	21.87
K07708	0.33
K07709	0
K07710	0
K07711	0
K07712	0.33
K07713	2.33
K07714	0
K07715	0
K07716	0
K07717	0.43
K07718	6.97
K07719	0.43
K07720	23.31
K07722	0.14
K07723	4.53
K07724	0
K07726	0.33
K07727	1.1
K07729	31.55
K07733	0
K07734	4.25
K07735	4.51
K07736	5.28
K07738	27.15
K07739	0
K07740	0
K07741	14.53
K07742	26.65
K07746	0
K07749	0.33
K07751	0.17
K07757	0
K07768	3.5
K07769	0
K07770	0
K07771	0
K07772	0
K07773	0.17
K07774	0.99
K07775	32.57
K07776	3.56
K07777	0.64
K07778	20.22
K07780	0
K07781	0
K07782	0
K07783	0.6
K07784	17.69
K07786	0
K07787	0.31
K07788	0.33
K07789	0.33
K07790	0
K07791	11.77
K07792	0.48
K07793	1.3
K07794	0.47
K07795	0.33
K07796	0
K07797	0
K07798	0.31
K07799	0.33
K07800	18.09
K07803	0
K07804	0
K07805	0
K07806	0
K07807	0
K07810	0
K07811	0
K07812	0.17
K07813	19.04
K07814	0.9
K07816	40.86
K07821	0.17
K07823	0
K07862	3.21
K07978	0
K07979	20.58
K08068	0
K08070	0
K08076	0
K08077	0
K08081	0
K08082	0
K08083	0
K08084	0
K08085	0
K08086	0.33
K08087	0
K08088	0
K08092	0
K08093	18.37
K08094	18.23
K08095	0
K08097	0
K08100	0
K08137	0
K08138	0.65
K08139	1.39
K08151	1.56
K08152	0.74
K08153	0
K08154	0
K08156	0.2
K08159	0.17
K08160	0
K08161	0.42
K08162	0
K08163	0
K08164	0
K08166	0
K08167	4.08
K08168	14.19
K08169	1.83
K08170	50.78
K08172	0
K08173	0
K08174	0
K08177	2.61
K08178	0
K08191	0.77
K08194	3.5
K08195	0
K08196	0
K08217	1.44
K08218	1.52
K08219	0
K08220	0
K08221	0
K08222	0.2
K08223	1.26
K08224	0.72
K08225	0
K08226	0
K08227	0
K08234	1.52
K08252	0
K08253	0
K08255	18.09
K08256	3.75
K08258	16.56
K08259	14.5
K08260	0.25
K08261	0
K08276	0
K08277	0
K08279	0
K08280	0
K08281	4.08
K08282	0
K08286	0
K08289	1.09
K08295	0.33
K08296	3.67
K08297	3.5
K08298	3.5
K08299	0
K08300	4.25
K08301	1.99
K08302	0
K08303	40.46
K08304	0.5
K08305	0.33
K08306	0.17
K08307	0.98
K08308	0
K08309	1.33
K08310	0.67
K08311	0.5
K08312	0
K08313	0
K08314	0
K08315	0
K08316	20.38
K08317	0.29
K08318	0.33
K08319	0.17
K08320	0
K08321	0.14
K08322	0
K08323	0
K08324	0
K08325	1.07
K08326	0
K08344	0
K08348	0
K08349	0
K08350	0.17
K08351	0.66
K08352	0
K08353	0
K08354	0
K08355	0
K08356	0
K08357	0.33
K08358	0.33
K08359	0.33
K08363	0.17
K08364	0.17
K08365	0
K08368	7
K08369	0.31
K08372	7.25
K08384	2.44
K08475	0
K08476	0
K08477	0
K08478	0
K08479	0
K08480	0
K08481	0
K08482	0
K08483	28.37
K08484	0
K08485	0
K08566	0
K08586	0
K08587	0
K08589	0
K08591	23.32
K08598	0
K08600	17.03
K08602	22.26
K08603	0
K08604	0
K08641	0.43
K08642	0
K08643	2.24
K08644	0
K08646	0
K08651	0
K08652	1.26
K08659	2.73
K08676	0.51
K08677	0
K08678	0.51
K08679	1.19
K08680	18.68
K08681	23.25
K08682	0
K08685	0
K08686	0
K08687	0
K08688	0
K08689	0
K08691	0
K08692	0
K08693	0
K08696	0
K08697	0
K08698	0
K08699	0
K08700	0
K08713	0
K08714	0
K08715	0
K08717	18.26
K08720	0
K08721	0
K08722	1.72
K08723	0
K08724	14.48
K08728	0
K08738	0.66
K08744	5.28
K08776	0
K08777	0
K08884	42.6
K08900	0
K08902	0
K08903	0
K08904	0
K08906	0
K08926	0
K08927	0
K08928	0
K08929	0
K08930	0
K08939	0
K08961	0.4
K08963	0.95
K08964	0
K08965	0
K08966	0
K08967	0
K08969	0.52
K08970	0
K08972	4.12
K08973	0.33
K08974	20.84
K08976	18.09
K08977	0
K08978	1.34
K08981	4.27
K08982	0.29
K08983	0.33
K08984	0.33
K08985	0
K08986	2.73
K08987	19.33
K08988	0
K08989	0.25
K08990	0.17
K08992	0.17
K08993	0
K08994	0.33
K08995	0.33
K08996	17.78
K08997	0
K08998	26.91
K08999	4.01
K09000	0.17
K09001	0.87
K09002	0.65
K09003	0
K09004	0
K09005	0.33
K09007	18.42
K09009	3.75
K09011	0.51
K09012	0
K09013	26.96
K09014	26.43
K09015	25.29
K09016	0
K09017	0.58
K09018	0
K09019	0.33
K09020	0
K09021	0
K09022	21.9
K09023	0
K09024	0
K09065	0
K09116	0
K09117	9.42
K09118	4.06
K09120	0
K09121	1.26
K09122	0
K09123	0.99
K09124	0.17
K09125	23.35
K09126	0
K09127	0
K09128	0.66
K09129	0
K09131	0
K09132	0
K09133	0
K09134	16.56
K09136	0.17
K09137	0
K09138	0.06
K09141	0
K09143	0
K09144	0
K09145	4.4
K09146	0.25
K09153	5.35
K09154	0
K09155	4.4
K09157	7.26
K09158	0.5
K09159	0.5
K09160	0.17
K09161	0
K09162	22.09
K09163	0.83
K09164	0
K09165	0.33
K09166	0
K09167	18.58
K09181	0.84
K09190	2.2
K09251	0
K09252	0
K09253	0
K09384	1.64
K09386	0.33
K09388	0
K09456	0.33
K09457	20.4
K09458	26.74
K09459	0.34
K09461	0.33
K09469	0.17
K09470	0
K09471	0.17
K09472	0.66
K09473	0
K09474	0
K09475	0
K09476	0
K09477	0.25
K09478	0
K09483	0
K09487	0
K09516	0
K09607	0
K09612	0.5
K09650	0
K09680	18.23
K09681	0
K09682	0
K09683	0
K09684	4.26
K09685	21.68
K09688	0.33
K09689	0.33
K09690	0.42
K09691	0.91
K09692	40.64
K09693	22.05
K09694	0.33
K09695	0.33
K09696	0.5
K09697	0.5
K09698	21.34
K09699	18.09
K09700	0
K09701	0
K09702	0.76
K09703	0.4
K09704	2.19
K09705	19.51
K09706	0.25
K09707	0.25
K09709	0.33
K09710	27.66
K09711	0
K09712	0
K09726	0
K09729	0.5
K09740	0.06
K09744	0
K09747	27.15
K09748	27.66
K09749	2.01
K09758	0.51
K09759	0.59
K09760	7.16
K09761	27.66
K09762	26.65
K09763	3.9
K09764	0.71
K09765	22.12
K09766	0.82
K09767	1.04
K09768	19.38
K09769	19.52
K09770	0.73
K09771	16.81
K09772	26.65
K09773	27.52
K09774	0.75
K09775	1.21
K09776	0.25
K09777	1.67
K09778	0.25
K09779	1.04
K09780	6.53
K09781	0.25
K09785	0
K09786	0.67
K09787	22.9
K09788	0.66
K09789	0.88
K09790	17.79
K09791	4.08
K09792	0
K09793	18.6
K09794	0.66
K09795	0
K09796	0.58
K09797	0
K09798	0.17
K09799	0
K09800	0.75
K09801	0.5
K09802	0.17
K09803	0.33
K09804	0
K09805	0
K09806	0.33
K09807	0.59
K09808	1.69
K09809	19.51
K09810	1.01
K09811	9.57
K09812	9.69
K09813	3.9
K09814	18.09
K09815	30.47
K09816	27.41
K09817	27.08
K09818	0
K09819	0
K09820	0
K09822	17.92
K09823	0.33
K09824	0.59
K09825	21.6
K09826	0
K09833	0
K09834	0
K09835	0
K09836	0
K09844	0
K09845	0
K09846	0
K09847	0
K09857	0.33
K09858	0.5
K09859	0
K09860	0
K09861	4.55
K09862	0.17
K09879	0
K09880	0
K09882	0
K09883	0
K09888	20.51
K09889	0.5
K09890	0.17
K09891	0.17
K09892	0.17
K09893	0.17
K09894	0.17
K09895	0.17
K09896	0.17
K09897	0.17
K09898	0.17
K09899	0.17
K09900	0.17
K09901	0.17
K09902	0.17
K09903	27.66
K09904	0.17
K09906	0.17
K09907	0.17
K09908	0.17
K09909	0.17
K09910	0.17
K09911	0.17
K09912	0
K09913	0.09
K09914	0
K09915	0
K09916	0
K09917	0.17
K09918	0
K09919	0.33
K09920	0
K09921	0.33
K09922	0.51
K09923	0.17
K09924	0.17
K09925	0
K09926	0.33
K09927	0.25
K09928	0
K09929	0.17
K09930	0.5
K09931	0
K09932	0.33
K09933	0.33
K09934	0
K09935	0
K09936	18.57
K09937	0
K09938	0
K09939	0.7
K09940	18.26
K09941	0.33
K09942	0
K09943	0.33
K09944	0
K09945	0
K09946	0.33
K09947	0.33
K09948	0
K09949	0.25
K09950	0
K09951	9.21
K09952	3.51
K09953	0
K09954	0.33
K09955	1.5
K09956	0
K09957	0
K09958	0.47
K09959	0
K09960	0.34
K09961	0.34
K09962	3.07
K09963	19.2
K09964	0
K09965	0.33
K09966	0
K09967	0
K09968	0.29
K09969	1.32
K09970	0.66
K09971	0.66
K09972	0.99
K09973	0.54
K09974	0
K09975	0.33
K09976	21.03
K09977	0
K09978	0
K09979	0
K09980	0
K09981	0
K09982	0
K09983	0
K09984	0
K09985	0
K09986	0
K09987	0
K09988	0
K09989	0.33
K09990	0.33
K09991	0
K09992	0.25
K09994	0
K09996	0
K09997	0.17
K09998	0.17
K09999	0.17
K10000	0.17
K10001	0.66
K10002	0.66
K10003	0.66
K10004	0.66
K10005	0
K10006	0
K10007	0
K10008	3.5
K10009	24.66
K10010	18.95
K10011	0.66
K10012	0.06
K10013	0
K10014	0
K10015	0
K10016	0
K10017	0
K10018	0
K10019	0
K10020	0
K10021	0
K10022	0
K10023	0
K10024	0
K10025	0
K10026	19.13
K10027	0.18
K10036	0.33
K10037	0.33
K10038	0.64
K10039	2.6
K10040	5.2
K10041	2.6
K10094	0.17
K10107	0.33
K10108	14.19
K10109	0
K10110	0
K10111	0
K10112	23.88
K10117	2.84
K10118	2.1
K10119	2.1
K10120	0
K10121	0
K10122	0
K10123	0
K10124	0
K10125	0
K10126	0
K10156	0
K10188	0.25
K10189	0.25
K10190	0.25
K10191	0
K10192	0.09
K10193	0.09
K10194	0.34
K10195	0
K10200	0
K10201	0
K10202	0
K10206	2.02
K10208	20.15
K10209	19.98
K10210	17.9
K10211	17.9
K10212	17.9
K10213	0
K10215	0
K10216	0.33
K10217	0
K10218	0
K10219	0
K10220	0
K10221	0
K10227	0
K10228	0
K10229	0
K10231	0.75
K10232	0
K10233	0
K10234	0
K10235	0
K10236	0
K10237	0
K10238	0
K10240	0
K10241	0
K10242	0
K10253	0
K10254	19.99
K10255	0.14
K10257	0
K10380	0
K10439	5.84
K10440	3.46
K10441	4.04
K10530	1.16
K10531	0
K10533	0
K10536	1.06
K10537	0
K10538	0
K10539	0
K10540	0.42
K10541	0.42
K10542	0.59
K10543	0.42
K10544	0.17
K10545	0.17
K10546	0.34
K10547	0.34
K10548	0.34
K10549	0
K10550	0
K10551	0
K10552	0
K10553	0
K10554	0
K10555	0
K10556	0
K10557	0
K10558	0
K10559	0
K10560	0
K10561	0
K10562	0.5
K10563	29.65
K10564	0
K10565	0
K10619	0
K10620	0
K10621	0
K10622	0
K10670	0.17
K10672	0
K10673	0
K10674	0.33
K10676	0
K10677	0
K10678	0
K10679	0
K10680	0.33
K10681	16.7
K10682	2.48
K10697	0
K10704	0
K10708	0
K10709	0
K10710	0
K10711	0
K10713	0
K10714	0
K10715	0
K10716	1.87
K10742	0
K10747	0.17
K10748	0
K10762	0
K10763	0.5
K10764	0
K10773	28.15
K10774	0
K10778	0.7
K10780	0
K10793	0
K10794	0
K10795	0
K10796	0
K10797	0.4
K10798	0
K10800	0
K10804	0.33
K10805	3.92
K10806	0.5
K10810	3.9
K10811	0
K10814	0
K10815	0
K10816	0
K10817	0
K10819	1.35
K10820	0
K10823	24.26
K10824	21.88
K10831	0.56
K10834	0
K10843	3.75
K10844	0
K10850	18.09
K10851	18.09
K10854	0
K10855	0
K10856	0
K10857	0
K10896	0
K10906	0
K10907	5.65
K10908	0
K10911	0
K10912	0
K10913	0
K10914	0.67
K10915	0
K10916	0
K10917	0
K10918	0
K10921	0
K10922	0
K10924	0
K10925	0
K10926	0
K10927	0
K10938	0
K10939	0
K10940	0
K10941	0
K10942	0
K10943	0
K10947	30.17
K10948	0
K10954	0
K10960	0
K10972	0
K10973	0
K10974	0.37
K10975	0.34
K10979	0.58
K10984	0
K10985	0
K10986	0
K11003	0.33
K11004	0.33
K11005	0
K11006	0
K11007	0
K11008	0.33
K11013	0
K11014	0
K11015	0
K11016	0
K11017	0
K11018	0
K11020	0
K11021	0
K11023	0.33
K11024	0.33
K11025	0.33
K11026	0.33
K11027	0.33
K11028	0
K11029	0.33
K11031	1.3
K11032	28.38
K11033	0
K11034	0
K11035	0
K11036	0
K11037	0
K11038	70.95
K11039	14.19
K11040	85.14
K11041	16.88
K11042	14.19
K11044	0.02
K11045	0.43
K11046	0.02
K11047	0.43
K11048	0.43
K11049	0.43
K11050	1.61
K11051	1.19
K11052	0.43
K11053	0.43
K11054	0.43
K11055	0.43
K11056	0.43
K11059	0
K11060	0
K11061	0
K11062	0
K11063	0
K11065	25.28
K11066	0.33
K11068	25.91
K11069	22.95
K11070	23.08
K11071	22.83
K11072	22.83
K11073	0.33
K11074	0.33
K11075	0.33
K11076	0.33
K11077	0
K11078	0
K11079	0
K11080	0
K11081	0
K11082	0
K11083	0
K11084	0
K11085	20.1
K11089	0
K11102	18.07
K11103	0.25
K11104	0.84
K11105	4.6
K11106	0.25
K11107	0.17
K11139	0
K11144	21.03
K11145	22.9
K11159	0
K11169	0
K11175	27.16
K11177	0
K11178	0
K11179	0.17
K11180	0
K11181	0
K11183	3.67
K11184	0.34
K11189	28.05
K11192	0
K11195	0
K11200	0
K11201	0
K11202	0
K11203	0
K11208	0.33
K11209	2.48
K11210	14.33
K11211	0.5
K11212	0
K11214	0
K11216	0
K11249	0
K11250	0
K11258	0
K11261	0.12
K11263	3.75
K11264	0
K11275	0
K11311	0
K11312	0.06
K11325	0
K11329	0
K11333	0
K11334	0
K11335	0
K11336	0
K11337	0
K11356	0
K11357	0
K11358	0.73
K11381	0.51
K11382	0.25
K11383	0
K11384	0
K11385	0
K11386	0
K11387	0.25
K11391	0
K11392	0
K11440	0
K11441	0
K11442	3.9
K11443	0
K11444	0
K11472	0.33
K11473	0.33
K11474	0.33
K11475	0
K11476	3.9
K11477	0
K11520	0
K11521	0
K11522	0
K11524	0
K11525	0
K11526	0
K11527	0.51
K11529	0
K11530	0
K11531	0
K11532	0
K11533	0.25
K11534	0
K11535	18.09
K11537	0.37
K11601	0
K11602	0
K11603	0
K11604	0.17
K11605	0.17
K11606	0.17
K11607	0.17
K11608	0
K11609	0
K11610	0
K11611	0
K11614	0.31
K11615	0.74
K11616	0.14
K11617	17.13
K11618	31.32
K11619	0
K11621	0
K11622	0
K11623	0
K11624	0
K11625	0
K11626	0
K11629	0
K11630	14.19
K11631	32.28
K11632	18.09
K11633	0
K11634	0
K11635	0
K11636	0
K11637	0
K11638	0
K11645	0.85
K11646	0
K11685	0
K11686	0
K11688	0.33
K11689	0
K11690	0.8
K11691	0
K11692	0
K11693	18.59
K11694	3.9
K11695	3.9
K11703	0
K11704	21.6
K11705	21.86
K11706	20.51
K11707	0.37
K11708	0.37
K11709	0.37
K11710	14.56
K11711	0
K11712	0
K11717	26.43
K11719	0.75
K11720	1.26
K11731	0.33
K11732	0
K11733	33.11
K11734	0
K11735	0
K11736	0
K11737	47.05
K11738	7
K11739	0
K11740	0
K11741	4.68
K11742	0
K11743	0
K11744	0
K11745	0
K11746	0
K11747	0.17
K11748	0.2
K11749	23.91
K11750	0
K11751	0
K11752	25.06
K11753	27.66
K11754	30
K11755	16.16
K11777	0
K11779	0
K11780	0
K11781	0
K11782	0
K11783	0
K11784	0
K11785	0
K11787	0
K11788	0
K11811	0.33
K11814	0
K11815	0
K11839	0
K11889	0
K11890	0.33
K11891	0.33
K11892	0.33
K11893	0.33
K11894	0
K11895	0.33
K11896	0.33
K11897	0.33
K11898	0.33
K11899	0
K11900	0.33
K11901	0.33
K11902	0.33
K11903	0.33
K11904	28.8
K11905	0
K11906	0.33
K11907	0.33
K11908	0
K11909	0
K11910	0
K11911	0
K11912	0
K11913	0
K11914	0
K11915	0
K11916	0
K11917	0
K11918	0
K11919	0
K11920	0
K11921	14.19
K11922	0
K11923	0.17
K11924	0
K11925	0
K11926	0
K11927	1.6
K11928	22.23
K11929	0
K11930	0
K11931	0.33
K11932	0
K11933	0
K11934	0
K11935	0
K11936	15.91
K11937	0
K11938	0
K11939	3.83
K11940	0
K11941	0
K11942	0
K11950	0
K11951	0
K11952	0
K11953	0
K11954	0
K11955	0
K11956	0
K11957	0
K11958	0
K11959	0.25
K11960	0.25
K11961	0.25
K11962	0.25
K11963	0.25
K11987	0
K11991	27.58
K11996	29.78
K12048	0
K12049	0
K12050	0
K12052	0
K12053	0
K12055	0.17
K12056	0
K12057	0
K12058	0
K12059	0
K12060	0
K12061	0
K12062	0
K12063	0
K12064	0
K12065	0
K12066	0
K12067	0
K12068	0
K12069	0
K12070	0
K12071	0
K12072	0
K12073	0
K12078	0.33
K12079	0.33
K12080	0.33
K12081	0.33
K12082	0.33
K12083	0.33
K12084	0.33
K12085	0.33
K12086	0
K12087	0
K12088	0
K12089	0
K12090	0
K12091	0
K12092	0
K12093	0
K12094	0
K12095	0
K12096	0
K12097	0
K12098	0
K12099	0
K12100	0
K12101	0
K12102	0
K12103	0
K12104	0
K12105	0
K12106	0
K12107	0
K12108	0
K12109	0
K12110	0
K12111	0
K12112	0
K12113	0
K12136	0
K12137	0
K12138	0
K12139	0
K12140	0
K12141	0
K12142	0
K12143	0
K12144	0
K12145	0
K12146	0
K12147	0
K12148	0
K12149	0
K12151	0
K12152	0
K12203	0
K12204	0
K12205	0
K12206	0
K12209	0
K12211	0
K12212	0
K12213	0
K12214	0
K12217	0
K12218	0
K12222	0
K12227	0
K12228	0
K12234	0
K12238	0
K12239	0
K12240	0
K12241	0
K12242	0
K12243	0
K12246	0
K12247	0
K12248	0
K12251	1.57
K12252	0
K12253	0
K12254	0
K12255	0
K12256	0
K12257	20
K12262	0
K12263	0
K12264	0
K12265	0
K12266	0
K12267	19.47
K12268	19.19
K12269	19.19
K12270	16.99
K12276	0
K12278	0
K12279	0
K12280	0
K12281	0
K12282	0
K12283	0
K12284	0
K12285	0
K12286	0
K12287	0
K12288	0
K12289	0
K12290	0
K12291	0
K12292	0.94
K12293	0.94
K12294	0
K12295	0.5
K12296	2.32
K12297	0.17
K12299	0
K12308	3.19
K12339	0.39
K12340	2.02
K12343	0.37
K12349	0
K12368	0.17
K12369	0.17
K12370	0.17
K12371	0.17
K12372	0.17
K12373	6.88
K12405	0
K12410	23.89
K12428	0.25
K12429	0
K12436	0
K12437	0.25
K12441	0
K12448	0
K12449	0
K12452	0.31
K12453	0
K12454	0
K12466	0
K12472	18.59
K12500	0
K12503	3.75
K12506	1.08
K12507	0
K12508	0
K12509	0
K12510	5.05
K12511	0.91
K12512	0
K12513	0
K12514	0
K12515	0
K12516	0
K12517	0
K12518	0
K12519	0
K12520	0
K12521	0
K12522	0
K12523	0
K12524	0.68
K12525	0
K12526	0
K12527	0.5
K12528	0
K12529	0
K12530	0
K12531	0
K12532	0
K12533	0
K12534	0
K12535	0
K12536	0
K12537	0
K12538	0
K12539	0
K12540	0
K12541	0.33
K12542	0.33
K12543	0.33
K12544	0
K12545	0
K12547	0
K12548	0
K12549	0
K12551	3.9
K12552	3.9
K12553	3.9
K12554	32.46
K12555	2.94
K12556	2.65
K12573	23.91
K12574	48.13
K12581	0
K12582	0
K12583	3.75
K12585	0
K12619	0
K12658	0
K12660	0
K12661	0
K12678	0
K12679	0
K12681	0.33
K12682	0.66
K12683	0.33
K12684	0
K12685	0
K12686	0
K12687	0
K12688	0.33
K12689	0
K12690	0
K12700	4.82
K12784	0
K12785	0
K12786	0
K12787	0
K12788	0
K12790	0
K12810	0
K12821	0
K12826	0
K12910	0
K12940	0.42
K12941	0
K12942	18.81
K12943	0
K12944	0
K12945	0
K12950	0
K12952	3.44
K12954	3.75
K12955	0
K12957	0
K12960	2.31
K12961	0
K12962	0
K12963	0
K12972	0.66
K12973	0.33
K12974	0
K12975	0
K12976	0
K12977	0
K12978	0
K12979	0.33
K12980	0
K12981	0
K12982	0.17
K12983	0
K12984	0.17
K12985	0
K12986	0
K12987	0
K12988	0
K12989	0
K12990	0.6
K12991	0
K12992	0.39
K12993	0
K12994	0
K12995	0.17
K12996	2.23
K12997	1.73
K12998	0.9
K12999	1.23
K13002	0.2
K13004	0.17
K13005	0
K13006	0.14
K13007	0
K13008	0
K13009	0
K13010	0
K13011	0
K13012	16.53
K13013	0
K13014	0
K13015	0.5
K13016	0
K13017	0.33
K13018	0.8
K13019	0.66
K13020	0.33
K13021	0
K13028	0
K13037	0
K13038	24.82
K13039	0
K13040	0
K13041	0
K13043	0.51
K13049	0.25
K13051	0.47
K13052	19.93
K13053	0
K13057	0
K13059	0
K13060	0
K13061	0
K13063	0
K13069	0.33
K13075	0
K13085	0
K13126	0
K13184	0
K13208	0
K13243	0
K13244	0
K13245	0
K13252	0
K13255	0
K13256	2.93
K13275	0
K13276	0
K13277	0
K13280	0.12
K13281	0.69
K13282	3.92
K13283	0
K13284	0
K13285	0
K13286	0
K13287	0
K13288	4.25
K13292	24.17
K13300	0
K13301	0
K13307	0
K13308	0
K13309	0
K13310	0
K13311	0
K13315	0
K13317	0
K13318	0
K13344	0
K13378	0.37
K13381	0
K13408	0
K13409	0
K13419	0
K13421	0
K13444	0
K13450	0
K13472	0
K13478	0
K13479	0
K13480	0
K13481	0
K13482	0
K13483	0
K13485	0
K13486	0
K13487	0
K13488	0
K13489	0
K13490	0
K13491	0
K13497	0.92
K13498	1.59
K13500	0
K13503	0
K13520	0
K13522	0
K13525	0
K13527	0.25
K13529	0.17
K13530	0.67
K13531	0.29
K13532	0
K13533	0
K13540	0.25
K13541	0
K13542	19.23
K13543	0
K13570	0.25
K13571	0.5
K13572	3.5
K13573	3.75
K13574	0
K13580	0.25
K13581	0
K13582	0
K13583	0
K13584	0
K13585	0
K13586	0
K13587	0
K13588	0
K13589	0
K13590	0
K13591	0
K13592	0
K13593	0
K13598	0
K13599	0
K13607	0.5
K13609	0.66
K13611	0
K13612	0
K13613	0
K13614	0
K13615	0
K13620	0
K13622	0
K13623	0
K13626	1.06
K13628	18.59
K13629	0
K13630	0
K13631	0
K13632	0
K13633	0
K13634	0.5
K13635	0
K13636	0
K13637	0.17
K13638	0
K13639	0.33
K13640	7.25
K13641	0.33
K13642	0
K13643	1
K13650	0
K13651	0.33
K13652	1.41
K13653	4.2
K13654	0
K13655	0.33
K13656	0
K13657	0
K13658	0
K13659	0
K13660	0
K13661	0
K13662	0
K13663	0
K13664	0
K13665	0.2
K13668	0.25
K13669	0
K13670	0
K13671	4
K13677	1.73
K13678	1.09
K13683	0
K13684	0
K13686	0.25
K13687	0.25
K13688	0
K13689	0
K13693	0
K13694	0.68
K13695	0.17
K13701	0
K13714	18.09
K13715	16.39
K13727	0
K13730	0.73
K13731	0
K13732	14.19
K13733	14.19
K13734	0.06
K13735	0
K13739	0
K13740	0
K13741	0
K13742	0
K13743	0
K13745	0.17
K13746	0
K13747	2.8
K13766	0.33
K13767	0
K13770	0
K13771	0.33
K13772	0
K13774	0.33
K13775	0
K13776	0
K13777	0
K13778	0
K13779	0
K13786	0
K13787	3.75
K13788	3.92
K13789	23.41
K13790	0
K13791	0
K13792	0
K13793	0
K13794	0
K13795	0.33
K13796	0.33
K13797	0
K13799	0
K13810	0
K13815	0
K13816	0
K13818	0.25
K13819	0
K13820	0.12
K13821	0.5
K13829	3.5
K13832	0
K13853	18.09
K13873	0
K13874	0
K13875	0
K13876	0
K13877	0
K13886	0
K13888	0.25
K13889	0.83
K13890	0.83
K13891	0.83
K13892	0.66
K13893	0
K13894	0
K13895	0
K13896	0
K13918	0
K13919	3.56
K13920	3.56
K13921	0
K13922	3.81
K13923	0
K13924	0
K13925	0.92
K13926	0
K13927	0.17
K13928	0
K13929	0
K13930	0
K13931	0
K13932	0
K13933	0
K13934	0
K13935	0
K13936	0
K13938	0
K13940	15.42
K13950	3.75
K13953	21.63
K13954	0.18
K13955	0.12
K13963	1.23
K13967	0
K13979	0.31
K13990	0
K13991	0
K13992	0
K13993	12.67
K13994	0
K13995	0.66
K14026	0
K14028	0
K14029	0
K14048	0.25
K14051	0
K14052	0
K14053	0
K14054	0
K14055	0.17
K14056	0
K14057	0
K14058	0.5
K14059	0.33
K14060	0
K14061	0
K14062	0
K14063	0
K14064	0
K14067	0
K14080	0.25
K14083	0.48
K14084	0.06
K14086	0.25
K14087	0.25
K14088	0.25
K14089	0.25
K14090	0.25
K14091	0
K14105	0
K14136	0.25
K14138	0.12
K14153	3.5
K14155	12.24
K14159	0
K14160	0.33
K14161	0.58
K14162	4.08
K14164	0
K14165	0
K14166	2.34
K14170	1.91
K14187	0.6
K14188	21.24
K14189	0
K14192	18.59
K14193	0
K14194	51.54
K14195	16.39
K14196	14.36
K14197	14.19
K14198	14.19
K14199	28.38
K14201	15.58
K14203	14.19
K14204	14.19
K14205	19.09
K14257	0
K14259	0
K14260	6.86
K14261	0.33
K14266	0
K14267	0.58
K14268	0
K14287	0.33
K14330	0
K14331	0
K14333	0.33
K14335	3.5
K14337	3.75
K14338	0
K14339	3.75
K14340	7
K14347	4.08
K14348	0
K14358	0
K14366	0
K14367	0
K14368	0
K14369	0
K14370	0
K14375	0
K14379	0
K14392	0.17
K14393	0.58
K14414	0
K14415	4.32
K14441	2.88
K14445	17.02
K14446	0
K14447	0
K14448	0
K14449	0
K14451	0
K14470	0.33
K14471	0
K14472	0
K14475	0
K14518	0
K14519	0.33
K14520	0
K14534	0
K14540	22.9
K14572	0
K14578	0
K14581	0
K14587	0
K14588	0
K14591	0
K14596	0
K14597	0
K14605	0
K14606	0
K14623	0.59
K14629	0
K14631	0
K14645	0
K14647	0
K14652	24.69
K14654	0
K14657	0
K14658	0
K14659	0
K14660	0
K14665	0
K14666	0
K14667	0
K14668	0
K14669	0
K14670	0
K14671	0
K14672	0
K14673	0
K14676	0
K14680	0
K14681	0
K14682	0.33
K14683	0
K14698	3.5
K14699	0
K14727	0
K14728	0
K14733	0
K14742	17.36
K14743	0.25
K14744	0
K14745	0.43
K14748	0
K14749	0
K14750	0
K14761	15.56
K14762	0
K14832	0
K14835	0
K14940	0.62
K14941	0
K14949	0.25
K14952	0
K14953	0
K14954	0
K14955	0
K14956	0
K14974	0.33
K14977	0.17
K14978	0
K14979	0
K14980	0
K14981	0
K14982	2.82
K14983	2.82
K14986	0
K14987	0
K14988	0
K14989	0
K14998	0.33
K15011	0.33
K15012	0.33
K15016	0
K15023	0.06
K15024	0.37
K15034	0.33
K15051	5.68
K15054	0.33
K15060	0
K15061	0
K15062	0
K15063	0
K15065	0
K15066	0
K15067	0
K15125	1.49
K15126	0.33
K15226	0
K15228	0
K15229	0
K15236	0
K15237	0
K15238	0
K15239	0
K15240	0
K15242	0
K15255	0
K15256	0.17
K15257	0.17
K15268	0.33
K15269	0
K15270	0.33
K15311	0
K15312	0
K15313	0
K15314	0
K15315	0
K15327	0
K15328	0
K15329	0
K15337	0
K15342	8.66
K15344	0
K15345	0
K15346	0
K15347	0
K15349	0
K15350	0
K15351	0
K15352	0
K15353	0
K15354	0
K15357	0.66
K15358	0
K15366	0
K15367	0
K15368	0
K15371	0
K15372	0
K15373	0
K15383	0.5
K15396	0.17
K15408	0
K15460	0.74
K15461	0.5
K15468	0
K15469	0
K15495	0
K15496	0
K15497	0.06
K15509	0
K15510	0
K15511	0
K15512	0
K15513	0
K15514	0
K15515	0
K15518	18.09
K15519	18.09
K15520	4
K15521	3.75
K15524	0.34
K15525	3.75
K15526	3.75
K15527	0
K15531	0.34
K15532	1.52
K15533	0
K15534	0.25
K15536	0
K15538	0.2
K15539	0.17
K15540	0.17
K15545	0
K15546	0
K15547	0
K15548	0
K15549	0
K15550	0
K15551	0.39
K15552	0.89
K15553	0.42
K15554	0.42
K15555	0.76
K15576	0
K15577	0
K15578	0
K15579	0
K15580	43.84
K15581	23.68
K15582	23.83
K15583	38.84
K15584	18.29
K15585	18.29
K15586	19.04
K15587	18.29
K15598	3.67
K15599	0.17
K15600	0.17
K15629	0.25
K15632	0
K15633	20.26
K15634	42.37
K15635	1.01
K15640	0.14
K15650	0
K15652	0
K15654	0
K15655	0
K15656	0
K15657	0
K15658	0
K15659	0
K15660	0
K15661	0
K15662	0
K15663	0
K15664	0
K15665	0
K15666	0
K15667	0
K15668	0
K15669	0
K15677	0
K15719	0
K15721	0
K15722	0
K15723	0
K15724	0.5
K15725	0.65
K15726	1.16
K15727	1.16
K15731	0
K15733	0.25
K15734	0
K15735	0
K15736	0
K15737	0
K15738	23
K15739	0
K15746	0
K15749	0
K15750	0
K15760	0
K15761	0
K15762	0
K15763	0
K15764	0
K15765	0.33
K15770	18.67
K15771	19.9
K15772	18.34
K15773	0
K15777	0.89
K15778	0.66
K15780	1.18
K15781	0
K15782	0
K15783	0
K15784	0
K15785	0
K15786	0
K15790	0
K15792	0.33
K15827	0
K15828	0
K15829	0
K15830	0
K15831	0
K15832	0
K15833	0
K15834	0
K15835	0
K15836	0
K15842	0
K15843	0
K15844	0
K15845	0
K15846	0
K15847	0
K15848	0
K15852	0
K15855	0
K15856	0
K15857	0
K15860	0
K15861	0
K15862	0
K15864	0
K15866	2.69
K15868	0
K15873	0
K15876	0.51
K15878	0
K15879	0
K15894	0
K15895	0
K15896	0
K15897	0
K15898	0.59
K15899	0
K15910	0
K15912	0
K15913	0
K15914	0
K15915	0.29
K15918	0
K15921	0.59
K15922	0
K15923	6.29
K15924	0.54
K15926	0
K15973	16.26
K15974	0
K15975	18.41
K15976	0
K15977	22.82
K15981	0
K15982	0
K15983	0
K15984	0.34
K15986	22.32
K15987	1.21
K15998	0
K16004	0
K16009	0
K16010	0
K16011	0
K16012	17.8
K16013	17.8
K16014	3.75
K16017	0
K16022	0
K16039	0
K16041	0
K16042	0
K16043	0
K16044	0
K16047	0
K16048	0
K16049	0
K16050	0
K16051	0
K16052	0.09
K16053	0.84
K16055	0.14
K16066	0
K16074	0
K16076	0
K16077	0
K16078	0
K16079	0
K16080	0
K16081	0
K16087	2.52
K16088	0.33
K16089	2.39
K16090	0.66
K16091	0.17
K16092	0.58
K16124	0.09
K16135	0.33
K16136	0
K16137	0.5
K16138	0
K16139	0.12
K16140	0
K16146	3.5
K16147	4.08
K16148	3.75
K16149	0
K16150	0
K16152	0
K16153	0
K16163	3.5
K16164	0.14
K16165	0.33
K16167	0
K16168	0
K16169	21.29
K16171	0
K16173	0
K16188	0.25
K16199	0
K16200	0
K16201	0
K16202	0.25
K16203	0.42
K16209	0.65
K16210	0
K16211	0.31
K16212	0.85
K16213	0.65
K16214	0.75
K16215	0
K16216	0
K16217	0
K16218	0
K16234	0
K16235	0.97
K16236	0
K16237	0.25
K16238	0
K16242	0
K16243	0
K16244	0
K16245	0
K16246	0
K16247	0
K16248	0
K16249	0
K16254	0
K16255	0
K16256	0
K16257	0
K16258	0
K16259	0
K16260	0
K16263	0
K16264	45.34
K16267	0.33
K16268	0
K16291	0
K16299	0
K16300	0
K16301	18.6
K16303	0
K16304	0
K16306	0
K16317	0
K16319	0.66
K16320	0.33
K16321	0.14
K16322	0.33
K16323	18.09
K16324	0
K16325	0
K16326	0
K16327	0
K16328	0.25
K16329	15.75
K16331	0
K16345	0.51
K16346	0
K16347	0
K16348	0
K16363	0.76
K16370	0
K16371	0
K16378	0
K16421	0
K16422	0
K16423	0
K16435	0
K16436	0
K16437	0
K16438	0
K16444	0
K16509	22.62
K16511	21.23
K16514	0
K16515	0.33
K16516	0
K16517	0
K16552	0
K16553	0
K16554	0
K16555	0
K16556	0
K16557	0
K16558	0
K16559	0
K16560	0
K16562	0
K16563	0
K16564	0
K16565	0
K16566	0
K16567	0
K16568	0
K16593	0
K16619	0
K16623	0
K16624	0
K16625	0
K16626	0
K16636	0
K16637	0
K16638	0
K16644	0
K16645	0
K16647	0.25
K16648	0.25
K16649	0.25
K16650	3.75
K16651	0.31
K16652	3.75
K16653	0.25
K16654	0
K16692	0
K16693	0
K16694	0
K16695	0
K16696	0
K16697	0
K16698	0.54
K16699	0
K16700	0
K16703	0
K16704	0
K16705	0.17
K16706	0
K16707	0
K16708	0
K16709	0
K16710	0
K16711	0
K16712	0
K16713	0
K16783	4.08
K16784	4.08
K16785	60.84
K16786	36.76
K16787	74.88
K16788	18.48
K16789	2.75
K16792	0
K16793	0
K16839	0
K16840	0
K16841	0
K16842	0
K16843	0
K16844	0.33
K16845	0
K16846	0
K16849	0
K16850	0
K16856	0
K16868	1.92
K16869	18.55
K16870	0.25
K16871	0.33
K16872	0
K16873	0
K16874	0
K16875	0
K16876	0
K16877	0
K16878	0
K16879	0
K16880	0
K16881	0.5
K16882	0
K16898	23.07
K16899	22.9
K16905	0
K16906	0
K16907	0
K16915	0.17
K16916	14.33
K16917	14.33
K16918	0
K16919	0
K16920	0.02
K16922	0
K16923	0.57
K16924	31.47
K16925	25.58
K16926	7.21
K16927	3.96
K16937	17.65
K16950	0.06
K16951	0.06
K16956	0
K16957	3.26
K16958	2.34
K16959	3.69
K16960	4.07
K16961	0
K16962	0
K16963	3.26
K16964	0
K16965	0
K16966	0
K16967	0
K16968	0.33
K16969	0.33
K17050	0
K17051	0
K17052	0
K17060	0
K17061	0
K17062	0
K17063	0
K17067	0
K17073	0.34
K17074	2.99
K17076	3.49
K17103	1.96
K17108	0
K17195	0
K17202	0
K17203	0
K17204	0
K17205	0
K17206	0
K17207	0
K17208	0
K17209	0
K17210	0
K17213	0.34
K17214	0.17
K17215	0.17
K17216	18.38
K17217	18.47
K17218	0.47
K17222	0
K17223	0
K17224	0
K17225	0
K17226	0
K17227	0
K17228	0
K17229	0
K17230	0
K17234	0
K17235	0
K17236	0
K17237	0
K17238	0
K17239	0
K17240	0
K17241	0
K17242	0
K17243	0
K17244	0
K17245	0
K17246	0
K17247	0.33
K17248	0
K17249	0
K17250	0
K17251	0
K17285	0
K17310	0
K17315	0
K17316	0
K17317	0
K17318	7.63
K17319	7.06
K17320	6.97
K17321	0.33
K17322	0.33
K17323	0.33
K17324	0.33
K17325	0.33
K17329	0
K17330	0
K17331	0
K17363	0.25
K17364	0
K17462	0.29
K17463	0
K17464	0
K17465	0
K17466	0
K17467	0
K17468	0
K17472	3.9
K17473	0
K17474	0
K17476	0
K17485	0
K17486	0
K17489	7.5
K17490	3.75
K17585	0
K17618	0
K17623	0
K17624	0.92
K17662	0
K17675	0
K17680	0.93
K17686	34.24
K17713	0.33
K17716	16.12
K17722	0
K17723	0.14
K17733	0.33
K17734	0.39
K17735	0.31
K17736	0
K17737	0
K17742	0
K17744	0
K17752	0
K17754	0
K17755	0
K17758	0
K17759	2.38
K17760	0
K17762	0
K17763	0
K17810	0.12
K17828	4.66
K17829	0
K17835	0
K17836	2.49
K17837	0
K17838	0
K17840	0
K17850	0
K17865	0
K17880	0
K17883	4
K17892	0
K17893	0
K17898	0
K17899	0
K17910	0
K17938	0
K17947	0
K17948	0.17
K17950	0.33
K17989	0
K17992	1.12
K18000	0
K18003	0
K18005	0
K18006	0
K18007	0
K18009	0
K18011	0
K18012	0
K18013	0
K18014	0
K18015	0
K18028	0.66
K18029	0.33
K18030	0.33
K18067	0.33
K18068	0
K18069	0
K18070	0
K18072	0
K18073	0
K18087	0
K18092	0
K18093	0
K18094	0
K18095	0
K18096	0
K18098	0
K18099	0
K18100	0
K18101	0
K18104	20.27
K18115	0
K18118	4.33
K18119	0
K18120	0.06
K18121	0
K18122	0
K18129	0
K18130	0
K18131	0
K18132	0
K18133	0
K18135	0
K18136	0.17
K18137	0
K18138	1.67
K18139	1.17
K18140	0
K18141	0
K18142	0
K18143	0
K18144	0
K18145	0
K18146	0
K18147	0
K18148	0
K18149	0.29
K18151	0
K18153	0
K18164	0
K18195	0
K18197	0.94
K18199	0
K18214	0
K18215	0
K18216	0.54
K18217	0.52
K18218	0
K18220	0.8
K18221	0.34
K18223	0
K18224	0
K18225	0
K18226	0
K18229	0
K18230	0
K18231	2.11
K18232	0
K18233	0
K18234	0.26
K18235	0.33
K18236	0
K18240	0
K18242	0
K18243	0
K18248	0
K18249	0
K18277	0
K18284	0
K18285	0
K18286	0
K18288	0
K18289	0.33
K18290	0
K18291	0.33
K18292	0.33
K18294	0
K18295	0
K18296	0
K18297	0
K18298	0
K18299	0
K18300	0
K18301	0
K18302	0
K18303	0
K18304	0
K18305	0
K18306	0.33
K18307	0.33
K18308	0.33
K18316	0
K18320	0
K18321	0
K18322	0
K18323	0
K18324	0
K18325	0
K18326	0
K18330	1.32
K18331	1.32
K18332	1.32
K18333	0
K18334	0
K18335	0
K18336	0
K18337	0
K18344	0.58
K18345	0.33
K18346	2.2
K18347	0
K18348	0
K18349	0.33
K18350	0.33
K18351	0
K18352	0
K18353	0
K18354	0
K18355	0
K18356	0
K18357	0
K18358	0
K18359	0
K18360	0
K18361	0
K18362	0
K18363	0
K18364	0
K18365	0
K18366	0
K18369	5.47
K18370	0
K18371	0
K18372	0
K18373	0
K18374	0
K18375	0
K18376	0
K18377	0
K18378	0
K18379	0
K18380	0
K18381	0
K18382	0
K18383	0
K18384	0
K18425	0
K18427	0
K18428	0
K18429	0.62
K18430	0.82
K18431	0.48
K18433	0
K18434	0
K18445	0
K18446	0
K18455	3.75
K18456	0
K18457	0
K18459	0
K18471	0
K18472	0
K18473	0
K18474	1.98
K18475	0.89
K18476	0
K18478	0
K18479	0
K18480	0.33
K18481	0
K18530	0
K18531	0
K18534	0
K18540	0
K18541	0.33
K18545	0.2
K18546	0
K18547	0
K18552	0
K18553	0
K18554	0
K18555	0
K18567	0
K18572	0
K18574	0
K18575	0
K18581	2.2
K18586	0
K18587	0
K18588	0
K18589	0
K18590	0
K18591	0
K18608	0
K18611	0
K18626	0
K18640	0.17
K18642	0
K18649	0
K18650	0
K18652	0
K18653	0
K18654	0.17
K18657	0
K18661	0.33
K18662	0
K18672	22.4
K18673	0
K18675	0.25
K18676	0
K18677	0
K18678	0.06
K18682	26.91
K18691	0.68
K18692	21.03
K18697	0
K18698	0.17
K18699	0
K18700	0
K18701	0
K18702	0.25
K18704	28.66
K18707	20.33
K18749	0
K18765	0
K18766	14.33
K18767	0
K18770	0
K18775	0
K18778	0.33
K18783	0.25
K18785	1.1
K18786	0
K18799	0
K18800	0
K18814	0
K18815	0
K18816	0.5
K18820	0
K18821	0
K18824	0
K18827	0
K18828	0.48
K18829	0.34
K18830	0.5
K18831	0.87
K18833	0
K18836	0
K18837	0
K18838	0
K18840	0
K18841	0
K18842	0
K18843	0
K18844	0
K18845	0.25
K18850	0.5
K18851	0
K18855	0
K18856	0
K18862	0
K18866	0
K18874	0
K18879	0
K18887	2.27
K18888	2.27
K18889	0
K18890	0
K18891	1.49
K18892	1.49
K18893	0.17
K18895	0
K18896	0
K18898	0
K18899	0
K18900	0.33
K18901	0.33
K18902	0.33
K18903	0.33
K18904	0
K18905	0
K18906	3.9
K18907	0
K18908	17.95
K18909	3.59
K18910	0.14
K18911	0
K18912	0
K18913	0
K18916	0
K18917	0.25
K18918	0
K18919	0
K18920	0
K18921	0
K18922	0
K18923	0
K18924	4.21
K18925	4.21
K18926	3.81
K18927	0
K18928	4.51
K18929	4.51
K18930	4.31
K18933	0
K18934	21.54
K18935	3.9
K18936	21.59
K18938	0
K18939	0
K18940	3.9
K18941	3.9
K18954	0
K18955	11.25
K18957	0
K18958	0
K18966	0
K18967	0.75
K18968	0
K18974	0
K18975	0
K18979	20.21
K18981	0.12
K18982	0
K18983	0.33
K18984	0
K18986	0.67
K18987	0.67
K18988	0
K18989	0
K18990	0
K18991	0.17
K18992	0
K18996	0
K18997	0.33
K19000	0
K19002	3.54
K19003	0
K19005	20.48
K19032	0
K19033	0
K19046	0
K19047	0
K19048	0
K19049	0.17
K19050	0.2
K19051	0
K19052	0.4
K19053	0
K19054	0
K19055	2.23
K19056	0
K19057	0
K19058	0
K19059	0
K19062	0.43
K19063	0
K19068	15.92
K19070	0
K19071	0
K19072	0
K19073	0
K19075	0.25
K19076	0.17
K19077	18.09
K19078	3.9
K19079	3.76
K19080	17.95
K19081	17.78
K19082	17.78
K19083	17.78
K19084	17.78
K19088	0
K19090	0.25
K19091	0.31
K19092	0.5
K19096	0
K19106	0
K19110	0
K19113	0
K19114	0.25
K19115	0
K19116	0
K19117	0.35
K19118	0.35
K19119	0.35
K19120	0
K19121	0
K19122	0
K19123	0
K19124	0
K19125	0
K19126	0
K19127	0
K19128	0
K19129	0
K19130	0
K19131	3.5
K19132	3.5
K19133	3.5
K19134	0.5
K19136	0
K19137	0.45
K19138	0.25
K19139	0.65
K19140	0.65
K19141	0.17
K19142	0.17
K19145	0
K19147	0.43
K19148	0
K19155	0
K19156	0
K19157	2.37
K19158	18.35
K19159	17.98
K19160	0
K19161	0
K19162	0
K19163	0
K19164	0
K19165	0.81
K19166	0.7
K19167	2.2
K19168	0
K19169	0
K19170	0
K19171	0
K19172	0
K19173	0
K19174	0
K19175	0
K19180	0
K19187	0
K19190	0
K19191	0
K19200	0
K19203	0
K19209	0
K19211	0
K19212	0
K19213	0
K19215	0
K19216	0
K19219	0
K19220	0
K19221	5.17
K19222	0
K19223	0
K19224	0
K19225	20.39
K19226	0.17
K19227	0.17
K19228	0.17
K19229	0.17
K19230	0.17
K19231	0
K19234	0
K19235	0
K19236	0
K19237	0
K19238	0
K19239	0.17
K19240	0
K19242	0.31
K19244	0
K19246	0
K19265	4.38
K19267	0.18
K19268	0
K19270	0
K19271	0.92
K19272	0
K19273	0
K19274	0
K19275	0
K19278	0
K19285	18.26
K19286	0
K19290	0
K19291	0
K19292	0
K19293	0
K19294	1.37
K19295	0
K19296	0
K19298	0
K19299	0
K19300	0
K19302	23.29
K19303	0
K19304	0.17
K19309	0.33
K19310	0.33
K19311	0
K19312	0
K19318	0
K19321	0
K19332	0
K19333	0
K19334	0
K19335	0
K19336	0
K19337	3.5
K19338	0.99
K19339	0
K19340	0
K19341	0
K19342	0
K19343	0
K19344	0
K19345	0
K19349	0.17
K19350	0.56
K19351	0
K19353	0.25
K19354	0
K19355	0.17
K19405	19.17
K19411	19.67
K19413	0
K19416	0.5
K19418	0
K19419	0
K19420	0
K19421	0
K19422	0.45
K19423	0.12
K19424	0
K19425	0
K19426	0
K19427	0
K19428	0
K19429	0.17
K19430	0.29
K19431	0
K19433	0
K19449	0
K19504	0
K19505	0
K19506	0.17
K19507	0.17
K19508	1.09
K19509	0.17
K19510	0
K19540	0
K19545	0
K19546	0
K19547	0
K19548	0
K19549	0
K19550	0
K19555	0
K19556	0
K19563	0
K19572	0
K19576	18.09
K19577	0.89
K19580	0
K19585	0
K19586	0
K19587	0
K19591	0.17
K19592	0
K19593	0
K19594	0
K19595	0
K19597	0
K19609	0
K19610	0
K19611	0.33
K19615	0
K19616	0
K19617	0
K19618	0
K19620	0
K19621	0
K19622	0
K19623	0
K19624	0
K19633	0
K19640	0
K19641	0
K19649	0
K19659	0
K19661	0
K19666	0
K19667	0
K19668	0
K19670	0.33
K19686	0
K19687	0
K19688	0
K19689	21.32
K19694	0
K19696	0
K19697	0
K19700	0
K19701	0
K19702	0
K19707	0
K19709	0
K19710	3.75
K19711	0
K19713	0.33
K19714	0
K19715	0
K19720	0
K19723	0
K19725	0
K19726	0
K19727	0
K19731	0
K19732	0
K19733	0
K19734	0
K19736	0
K19741	0
K19743	0
K19744	0
K19745	0.66
K19746	0
K19775	0
K19776	0
K19777	0
K19778	0
K19780	0
K19784	1
K19789	0.2
