KO	oral_8
K00001	137.36
K00002	0.67
K00003	646.06
K00004	15.15
K00005	595.85
K00007	0.36
K00008	11.5
K00009	35.23
K00010	8.64
K00011	0
K00012	195.73
K00013	67.43
K00014	668.55
K00015	0
K00016	838.77
K00018	19.76
K00019	79.48
K00020	170.36
K00021	0
K00023	0.72
K00024	54.63
K00025	0
K00027	286.06
K00028	77.09
K00029	48.48
K00030	0.32
K00031	354.26
K00032	0
K00033	532.78
K00034	6.72
K00036	658.33
K00038	0
K00039	0
K00040	10.71
K00041	1.84
K00042	1.66
K00043	0.28
K00045	2.53
K00046	116.12
K00048	6.64
K00050	1
K00052	391.17
K00053	394.68
K00054	609.37
K00055	0
K00057	665.75
K00058	628.28
K00059	1336.21
K00060	1.89
K00064	0
K00065	0.28
K00066	0
K00067	469.41
K00068	15.4
K00073	146.17
K00074	32.06
K00075	660.78
K00076	7.8
K00077	586.79
K00078	0
K00082	0.25
K00086	4.97
K00087	0
K00088	671.1
K00090	0.36
K00091	2.76
K00094	2.22
K00096	0.8
K00097	40.58
K00098	1.2
K00099	50.41
K00100	34.98
K00101	12.33
K00102	0.92
K00103	0
K00104	35.03
K00105	444.4
K00108	1.3
K00111	27.19
K00112	7
K00113	7
K00114	0
K00116	37.8
K00117	0
K00118	0
K00121	163.71
K00122	0
K00123	97.63
K00124	44.43
K00125	0
K00126	0.36
K00127	43.07
K00128	14.57
K00130	2.39
K00131	412.22
K00132	4
K00133	660.78
K00134	703.76
K00135	127.68
K00137	0.36
K00138	1.31
K00140	4.85
K00141	0.36
K00145	67.53
K00146	0.8
K00147	652.88
K00148	0.36
K00150	0
K00151	1.89
K00153	1.78
K00154	0.36
K00156	2.84
K00158	67.21
K00161	614.16
K00162	616.16
K00163	18.78
K00164	13.53
K00166	0.36
K00167	0.36
K00169	0.4
K00170	0.4
K00171	0.2
K00172	0.4
K00174	38.94
K00175	38.94
K00176	36.95
K00177	36.95
K00179	1.31
K00180	1.31
K00183	0
K00184	0
K00185	0
K00194	0.32
K00196	0.32
K00197	0.32
K00198	2.95
K00200	0
K00201	0
K00202	0
K00208	52.65
K00209	153.08
K00210	0.25
K00215	641.72
K00216	1.33
K00217	0
K00218	0.08
K00219	0.72
K00220	0
K00221	0
K00226	459.13
K00227	0
K00228	0.56
K00230	6.53
K00231	158.8
K00232	0
K00239	37.84
K00240	38.18
K00241	38.35
K00242	1.94
K00243	613.38
K00244	453.98
K00245	41.58
K00246	41.38
K00247	8.06
K00248	1.83
K00249	2.16
K00252	9.8
K00253	0.36
K00254	47.6
K00256	0
K00257	6.65
K00259	178.48
K00260	0.57
K00261	7
K00262	621.02
K00263	0
K00265	47.18
K00266	50.89
K00273	0
K00274	0
K00275	8.33
K00276	0
K00278	7.33
K00280	0
K00281	6.21
K00282	154.04
K00283	154.04
K00284	0.28
K00285	3.64
K00286	657.14
K00287	626.14
K00288	0
K00290	335.86
K00293	0
K00294	0.99
K00297	386.41
K00298	17.35
K00299	11.66
K00301	0
K00302	0.36
K00303	0.36
K00304	0.36
K00305	0.36
K00311	0.61
K00313	0.8
K00316	4.33
K00317	0
K00318	0.08
K00322	0
K00324	12.41
K00325	10.86
K00330	39.86
K00331	39.94
K00332	35.13
K00333	35.13
K00334	10.83
K00335	34.16
K00336	37.98
K00337	39.66
K00338	39.66
K00339	39.66
K00340	39.66
K00341	39.66
K00342	39.66
K00343	39.66
K00344	4.82
K00346	10.3
K00347	12.37
K00348	10.3
K00349	10.3
K00350	10.3
K00351	10.3
K00354	9.66
K00355	301.41
K00356	5.11
K00362	2.25
K00363	2.25
K00364	604.93
K00365	0
K00366	0.32
K00367	0.2
K00368	6.58
K00370	5.78
K00371	5.78
K00372	0.36
K00373	5.78
K00374	5.78
K00375	15.63
K00376	6
K00380	11.91
K00381	1.06
K00382	646.28
K00383	774.7
K00384	1317.28
K00385	0.32
K00387	0
K00389	0
K00390	3.76
K00392	3.18
K00394	0
K00395	0
K00404	32.84
K00405	26.75
K00406	32.76
K00407	31.14
K00411	33.93
K00412	33.93
K00413	33.93
K00425	86.32
K00426	84.25
K00427	5.44
K00428	69.26
K00432	589.21
K00433	20.19
K00435	0
K00436	0.2
K00437	0
K00441	0
K00446	0.2
K00448	0.36
K00449	0.36
K00450	0
K00451	0.36
K00452	0
K00453	0.36
K00455	1.89
K00456	0
K00457	0.8
K00459	35.76
K00466	0
K00467	0
K00469	0
K00471	0.28
K00472	0
K00476	0.36
K00477	0.56
K00479	0.36
K00480	0
K00481	0.36
K00483	1.53
K00484	4.68
K00486	0
K00491	0
K00493	0
K00496	0.36
K00499	0.36
K00500	0.36
K00505	0.36
K00507	1.08
K00508	0.75
K00510	2.08
K00517	1.33
K00520	4.97
K00523	0.61
K00525	840.7
K00526	691.65
K00527	671.83
K00528	8.43
K00529	0.36
K00531	0
K00532	0.32
K00533	0
K00534	0
K00537	930.53
K00543	0.36
K00547	347.15
K00548	6.98
K00549	573.27
K00554	660.78
K00556	0
K00557	48.88
K00558	1224.48
K00560	647.45
K00561	294.65
K00563	532.97
K00564	618.73
K00566	693.1
K00567	654
K00568	5.13
K00569	0.2
K00570	0
K00571	928.18
K00573	34.09
K00574	63.13
K00575	41.19
K00584	0
K00588	0
K00590	0
K00595	2.1
K00596	0
K00598	0.08
K00600	661.87
K00602	660.86
K00603	11.49
K00604	682
K00605	160.93
K00606	26.79
K00608	0
K00609	653.08
K00610	2.24
K00611	664.01
K00612	0.64
K00613	1.2
K00615	1358.22
K00616	257.61
K00619	9.37
K00620	36.03
K00621	0
K00625	612.14
K00626	666.24
K00627	625.53
K00631	5.99
K00632	2.56
K00633	11.46
K00634	3.94
K00635	0
K00638	0
K00639	8.85
K00640	662.56
K00641	17.97
K00643	0
K00645	660.75
K00646	0.36
K00647	12.62
K00648	691.17
K00651	366.77
K00652	42.24
K00655	660.24
K00656	1047.91
K00657	938.91
K00658	15.28
K00661	510.91
K00662	39.11
K00663	0
K00666	4.25
K00672	0
K00673	0.72
K00674	483.36
K00675	0.36
K00677	45.98
K00680	102.27
K00681	10.84
K00683	0
K00684	32.43
K00685	32.18
K00686	0
K00687	603.15
K00688	944.33
K00689	33.01
K00690	315.21
K00691	165.15
K00692	3.76
K00694	9.78
K00696	0
K00697	1.47
K00700	622.68
K00702	0
K00703	615.77
K00705	769.94
K00709	0
K00712	14.14
K00720	0.72
K00721	10.4
K00728	0
K00737	0
K00745	0
K00748	44.98
K00752	9.53
K00754	32.29
K00756	590.67
K00757	113.82
K00758	4.19
K00759	659.79
K00760	637.61
K00761	660.45
K00762	659.83
K00763	650.22
K00764	658.56
K00765	67.43
K00766	65.38
K00767	17.34
K00768	3.42
K00769	34.61
K00772	1
K00773	658.25
K00782	48.53
K00783	655.17
K00784	617.3
K00785	5.45
K00786	31.53
K00788	332.11
K00789	746.08
K00790	1268.94
K00791	662.77
K00793	87.37
K00794	88.7
K00795	16.47
K00796	501.72
K00797	303.04
K00798	150.1
K00799	9.36
K00800	661.34
K00801	0.36
K00803	0.2
K00805	972.85
K00806	667.82
K00808	0
K00809	0
K00812	35.96
K00813	8.31
K00817	381.09
K00818	54.15
K00819	1.49
K00820	660.79
K00821	11.59
K00822	0.72
K00823	1.68
K00824	13.55
K00826	662.77
K00830	0
K00831	466.23
K00832	2.65
K00833	42.25
K00835	0.25
K00836	4.62
K00839	0.67
K00840	0
K00841	607.59
K00842	0
K00844	1
K00845	625.95
K00847	628.38
K00848	15.77
K00849	530.12
K00850	631.49
K00851	169.64
K00852	205.26
K00853	1.8
K00854	27.4
K00855	0
K00856	0.36
K00857	623.25
K00858	660.78
K00859	660.57
K00860	33.52
K00862	0
K00863	448.75
K00864	625.81
K00865	626.06
K00867	621.47
K00868	930.89
K00869	610.37
K00870	0
K00872	652.24
K00873	806.4
K00874	607.09
K00876	647.52
K00878	255.91
K00879	6.17
K00880	27.04
K00881	0.5
K00882	930.6
K00883	0.36
K00884	7.09
K00885	7.09
K00886	8.94
K00887	609.87
K00891	662.58
K00892	0
K00895	5.52
K00897	15.41
K00899	0
K00901	40.24
K00906	0.36
K00912	39.04
K00917	750.1
K00918	0
K00919	314.21
K00924	10.79
K00925	670.06
K00926	620.29
K00927	660.78
K00928	660.31
K00929	3.94
K00930	67.53
K00931	655.45
K00932	0
K00936	290.03
K00937	195.3
K00938	610.37
K00939	670.92
K00940	494.29
K00941	267.58
K00942	665.75
K00943	658.79
K00945	624.13
K00946	49.39
K00947	0
K00948	1118.01
K00949	613.66
K00950	455.91
K00951	663.05
K00954	636.27
K00955	0.95
K00956	3.76
K00957	4.04
K00958	33.12
K00962	659.21
K00963	807.31
K00965	676.99
K00966	0.75
K00968	3.52
K00969	662.04
K00970	17.66
K00971	15.89
K00972	0
K00973	469.78
K00974	653.18
K00975	1082.73
K00978	3.18
K00979	45.65
K00980	30.52
K00981	665.33
K00982	14.28
K00983	41.78
K00984	0
K00986	0.98
K00988	0
K00989	15.28
K00990	39.86
K00991	77.35
K00992	0.61
K00993	0
K00995	669.38
K00996	8.37
K00997	651.53
K00998	10.13
K01000	660.78
K01002	0
K01003	0
K01004	1.8
K01006	263.57
K01007	5.91
K01008	47.82
K01011	7.1
K01012	67.48
K01023	34.34
K01026	9.72
K01027	0
K01028	0.61
K01029	0.61
K01031	0.36
K01032	0.36
K01034	88.03
K01035	88.03
K01039	0
K01040	0
K01042	42.16
K01046	0.97
K01048	10.36
K01051	0
K01053	2.28
K01055	0.61
K01056	661.53
K01057	13.28
K01058	35.1
K01060	66.15
K01061	0.72
K01066	1.16
K01067	0
K01069	13.57
K01070	155.73
K01071	609.87
K01073	0
K01075	0
K01077	11.75
K01078	0.28
K01079	504.15
K01081	430.06
K01082	42.18
K01083	0
K01085	1.17
K01086	0
K01087	1.11
K01089	32.35
K01090	610.64
K01091	521.81
K01092	646.46
K01093	0
K01095	41.99
K01096	8.06
K01101	307.18
K01104	1109.17
K01113	0.7
K01114	2.16
K01117	0
K01118	348.55
K01119	421.9
K01120	0
K01121	0
K01126	640.5
K01129	15.92
K01130	1
K01133	0.36
K01134	0
K01135	0
K01136	0
K01137	0
K01138	1.5
K01139	32.89
K01141	8.06
K01142	667
K01144	0.99
K01146	0
K01147	6.6
K01150	17.43
K01151	161.7
K01153	931.92
K01154	977.44
K01155	18.95
K01156	340.2
K01158	0.36
K01159	50.91
K01160	4.26
K01163	8.34
K01165	0
K01166	8.42
K01167	0.36
K01169	0
K01173	30.68
K01174	1.75
K01175	8.06
K01176	338.75
K01178	0.36
K01179	0.66
K01181	5.12
K01182	179.07
K01183	9.99
K01184	0
K01185	7.94
K01186	73.96
K01187	206.93
K01188	0
K01190	291.21
K01191	342.66
K01192	1.35
K01193	925.55
K01194	0.36
K01195	315.74
K01197	3.28
K01198	15.57
K01200	602.74
K01201	0
K01205	0
K01206	15.09
K01207	946.25
K01208	4.97
K01209	12.63
K01210	0
K01212	2
K01215	616.74
K01216	0
K01218	4.01
K01219	0
K01220	430.27
K01222	459.05
K01223	2419.05
K01224	8.16
K01226	578.57
K01227	56.92
K01232	19.61
K01233	0
K01235	5.12
K01236	3.86
K01239	32.04
K01241	2.1
K01243	652.99
K01246	618.44
K01247	0.72
K01250	0
K01251	2.28
K01252	1.33
K01253	0
K01255	47.9
K01256	181.04
K01258	771.3
K01259	5.29
K01261	609.87
K01262	662.71
K01263	0
K01264	0
K01265	672.92
K01266	0.72
K01267	6.73
K01269	0
K01270	51.18
K01271	602.06
K01273	3.03
K01274	330.46
K01277	1.99
K01278	3.98
K01281	460.04
K01283	0
K01284	8.06
K01286	115.43
K01295	8.32
K01297	0.93
K01299	0
K01301	0
K01303	0
K01304	563.63
K01305	2.31
K01308	0
K01318	0
K01322	4.97
K01338	48.73
K01342	0
K01347	10.76
K01354	2.88
K01355	0
K01356	176.29
K01358	690.12
K01361	336.57
K01372	470.39
K01387	0.64
K01390	33.65
K01392	0
K01399	0
K01400	0
K01401	0
K01406	0
K01407	2.82
K01409	663.42
K01414	9.23
K01415	0
K01417	0
K01419	195.46
K01420	241.98
K01421	619.59
K01424	660.91
K01425	2.21
K01426	577.12
K01427	0
K01428	5.25
K01429	4.72
K01430	4.72
K01432	0
K01433	41.78
K01434	0.92
K01436	174.84
K01438	15.99
K01439	654.6
K01440	0
K01442	19.9
K01443	624.39
K01444	0.32
K01446	95.21
K01447	25.41
K01448	512.63
K01449	0.32
K01451	31.57
K01452	0
K01453	1.5
K01455	0
K01457	0.4
K01458	0.64
K01460	2.39
K01461	0
K01462	1110.91
K01464	0.64
K01465	681.26
K01466	0.62
K01467	457.23
K01468	12.85
K01469	0
K01470	0
K01471	0.36
K01473	0
K01474	0
K01476	0
K01477	0.92
K01478	434.96
K01479	10.5
K01480	5.2
K01482	0.2
K01483	1.32
K01484	0.36
K01485	149.89
K01486	294.07
K01487	0.68
K01488	429.9
K01489	621.42
K01491	660.78
K01492	0
K01493	613.18
K01494	47.4
K01495	506.35
K01496	13.34
K01497	34.97
K01499	0
K01501	26.91
K01502	0
K01505	22.62
K01507	358.56
K01512	621.61
K01515	630.01
K01518	0
K01520	628.27
K01521	0
K01523	13.34
K01524	240.22
K01525	10.74
K01531	191.24
K01533	519.9
K01534	915.15
K01535	0.08
K01537	608.51
K01545	0
K01546	33.97
K01547	27.52
K01548	27.64
K01551	14.84
K01555	0.36
K01556	0.36
K01560	168.87
K01561	0.36
K01563	0
K01567	0.64
K01568	0
K01569	0.36
K01571	254.54
K01572	167.08
K01573	7.14
K01574	0.36
K01575	611.36
K01576	0.36
K01577	0
K01578	0
K01579	25.49
K01580	10.13
K01581	1.67
K01582	292.45
K01583	7.14
K01584	0.36
K01585	36.74
K01586	640.54
K01588	658.56
K01589	627.85
K01590	0
K01591	659.2
K01593	0
K01594	0
K01595	453.25
K01596	6.77
K01597	610.37
K01598	457.15
K01599	52.55
K01601	0
K01602	0
K01607	92.19
K01608	0.36
K01609	91.52
K01610	211.37
K01611	3.32
K01613	80.07
K01615	2
K01616	0.75
K01617	0.2
K01619	634.61
K01620	320.45
K01621	36.92
K01622	0
K01623	13.68
K01624	671.29
K01625	757.81
K01626	778.48
K01627	45.34
K01628	29.9
K01629	3.14
K01630	1.35
K01631	0.36
K01633	455.18
K01635	842.5
K01637	0.36
K01638	0.64
K01639	156.79
K01640	0.36
K01641	609.37
K01643	16.79
K01644	20.32
K01646	16.79
K01647	356.12
K01649	406.93
K01652	673.38
K01653	392.63
K01654	29.33
K01655	0
K01657	99.35
K01658	180.26
K01659	0.81
K01661	24.3
K01662	74.2
K01664	41.7
K01665	15.4
K01666	0.56
K01667	3.84
K01668	1.82
K01669	154.03
K01671	0
K01673	642.23
K01674	9.12
K01676	3.8
K01677	2.13
K01678	2.13
K01679	197.99
K01681	322.26
K01682	35.81
K01683	0
K01684	0.36
K01685	8.29
K01686	485.53
K01687	394.66
K01689	670.41
K01690	0.61
K01692	1.47
K01693	34.83
K01695	95.21
K01696	435.34
K01697	0.58
K01698	45.83
K01699	0
K01703	383.87
K01704	390.97
K01706	0.16
K01707	0.08
K01708	0.08
K01709	2.84
K01710	648.1
K01711	26.98
K01712	13.46
K01713	0.36
K01714	684.66
K01715	6.07
K01716	5.99
K01719	44.83
K01720	5.47
K01721	0
K01724	0.36
K01725	0.36
K01727	111.32
K01728	0
K01729	0
K01730	0
K01733	656.16
K01734	160.49
K01735	655.28
K01736	660.78
K01737	76.28
K01738	675.95
K01739	364.09
K01740	376.3
K01744	58.62
K01745	16.79
K01746	4.75
K01749	45.03
K01750	155.57
K01751	1.62
K01752	1102.17
K01753	7.44
K01754	551.34
K01755	616.15
K01756	689.48
K01758	0
K01759	1012.82
K01760	64.27
K01761	1.67
K01766	8.06
K01768	4.86
K01770	19.84
K01771	0
K01772	130.42
K01775	666.11
K01776	658.71
K01777	0.32
K01778	49.67
K01779	209.03
K01781	0
K01782	0.56
K01783	820.27
K01784	810.79
K01785	535.75
K01787	1
K01788	618.98
K01790	492.46
K01791	79.2
K01792	12.12
K01795	0
K01796	0
K01799	0
K01800	0
K01801	0.36
K01802	48.72
K01803	832.75
K01804	6.78
K01805	22.17
K01807	620.61
K01808	60.1
K01809	634.59
K01810	661.03
K01811	0.3
K01812	482.79
K01813	5.81
K01814	67.26
K01815	4.75
K01816	2.9
K01817	556.53
K01818	14.27
K01819	975.84
K01820	0
K01821	672.37
K01823	611.12
K01825	0
K01826	1.89
K01829	0
K01834	647.14
K01835	609.15
K01838	173.21
K01839	622.15
K01840	38.15
K01841	2.39
K01843	1.31
K01844	0.99
K01845	50.7
K01846	0.2
K01847	5.48
K01848	1.02
K01849	1.02
K01850	0
K01851	0.36
K01854	348.06
K01856	0.36
K01857	0.36
K01858	1.75
K01866	660.78
K01867	661.14
K01868	658.71
K01869	661.06
K01870	663.13
K01872	661.1
K01873	660.78
K01874	660.78
K01875	661.1
K01876	671.02
K01878	653.18
K01879	653.18
K01880	7.6
K01881	661.08
K01883	660.78
K01884	1
K01885	90.56
K01886	14.05
K01887	665.62
K01889	660.78
K01890	660.78
K01892	660.78
K01893	618.17
K01894	2.11
K01895	37.29
K01896	0
K01897	160.3
K01902	47.62
K01903	46.12
K01905	0.36
K01906	0.5
K01907	0
K01908	0
K01910	93.88
K01911	26.37
K01912	3.24
K01914	446.66
K01915	674.49
K01916	647
K01918	28.09
K01919	572.05
K01920	0.61
K01921	665.7
K01922	457.15
K01923	662.66
K01924	661.78
K01925	660.78
K01926	613.93
K01928	839.51
K01929	661.77
K01933	660.78
K01934	628.64
K01935	50
K01937	657.46
K01938	634.76
K01939	516.85
K01940	615.51
K01941	0.48
K01945	659.89
K01947	0.25
K01950	6.08
K01951	679.2
K01952	1059.52
K01953	185.24
K01955	675.31
K01956	674.8
K01958	163.92
K01959	33.32
K01960	35.51
K01961	676.8
K01962	652.26
K01963	655
K01965	0
K01966	3.08
K01968	0.36
K01969	0.36
K01971	0.28
K01972	660.78
K01974	0
K01975	0.36
K01989	1402.3
K01990	5477.55
K01991	8.18
K01992	4839.77
K01993	14.56
K01994	0
K01995	633.42
K01996	634.34
K01997	634.34
K01998	634.34
K01999	665.13
K02000	270.31
K02001	6.33
K02002	284.63
K02003	3790.78
K02004	3292.37
K02005	465.4
K02006	12.76
K02007	14.66
K02008	12.59
K02009	6.16
K02010	242.34
K02011	247.5
K02012	354.73
K02013	1189.34
K02014	96.76
K02015	1555.06
K02016	875.26
K02017	47.18
K02018	58
K02019	13.95
K02020	60.84
K02021	0.25
K02022	0
K02024	3.06
K02025	654.24
K02026	653.31
K02027	658.97
K02028	2381.51
K02029	1859.87
K02030	3305.93
K02031	510.78
K02032	538.73
K02033	543.97
K02034	547.43
K02035	1120.76
K02036	1225.97
K02037	767.07
K02038	767.07
K02039	738.38
K02040	779.01
K02041	16.63
K02042	32.98
K02043	0.28
K02044	17.83
K02045	0.98
K02046	0.98
K02047	0.98
K02048	1.34
K02049	26.64
K02050	32.67
K02051	33.27
K02052	200.51
K02053	180.12
K02054	178.84
K02055	177.94
K02056	616.92
K02057	1232.37
K02058	3.72
K02062	9.52
K02063	11.84
K02064	11.84
K02065	45.34
K02066	45.34
K02067	45.34
K02068	186.89
K02069	189.42
K02071	690.43
K02072	686.3
K02073	1134.23
K02074	2.39
K02075	3.38
K02076	152.72
K02077	5.42
K02078	1319.47
K02079	0
K02080	0
K02081	1.2
K02082	421.34
K02083	7.19
K02086	609.87
K02099	1.34
K02100	0
K02103	4.61
K02106	8.46
K02107	10.43
K02108	655.18
K02109	662.43
K02110	655.18
K02111	655.18
K02112	655.18
K02113	181.73
K02114	655.18
K02115	655.18
K02116	8.78
K02117	245.98
K02118	245.98
K02119	244.99
K02120	245.98
K02121	169.89
K02122	244.99
K02123	245.98
K02124	245.98
K02160	652.18
K02164	0.28
K02167	0.36
K02168	10.09
K02169	40.92
K02170	0.25
K02171	0.3
K02172	0.3
K02173	5.97
K02182	0
K02188	2.67
K02189	1.68
K02190	2.31
K02191	1.32
K02192	0.61
K02193	9.06
K02194	9.06
K02195	9.06
K02196	5.99
K02197	9.06
K02198	9.06
K02199	16.12
K02200	15.45
K02203	0
K02204	0.61
K02205	0
K02217	45.32
K02221	657.54
K02224	3.17
K02225	0.36
K02226	8.17
K02227	3.73
K02228	0.5
K02229	1.11
K02230	2.85
K02231	3.62
K02232	3.37
K02233	3.62
K02234	0.36
K02236	604.9
K02237	670.7
K02238	658.78
K02240	613.54
K02241	1
K02242	643.51
K02243	609.87
K02244	609.87
K02245	591.82
K02246	458.9
K02248	611.87
K02250	0
K02251	0
K02255	0
K02258	0.36
K02259	2.11
K02274	2.75
K02275	3.11
K02276	2.11
K02277	4.97
K02278	6.62
K02279	9.19
K02280	9.19
K02281	0
K02282	7.12
K02283	19.66
K02291	12.66
K02297	0.64
K02298	0.72
K02299	0.72
K02300	0.72
K02302	1.67
K02303	2.95
K02304	1.32
K02305	0
K02313	660.78
K02314	666.8
K02315	17.52
K02316	661.78
K02317	0
K02334	135.89
K02335	662.31
K02336	0
K02337	662.85
K02338	633.56
K02339	6.6
K02340	660.78
K02341	636.93
K02342	369.19
K02343	663.85
K02344	8.06
K02345	0
K02346	625.25
K02347	0.36
K02348	570.1
K02351	0.36
K02352	0
K02355	663.45
K02356	658.72
K02357	660.78
K02358	666.4
K02361	3.08
K02362	0
K02363	1.33
K02364	1.33
K02371	621.1
K02372	682.66
K02377	31.07
K02379	39.48
K02380	9.42
K02381	0
K02383	0
K02385	8.22
K02386	23.28
K02387	41.19
K02388	41.19
K02389	41.39
K02390	65.18
K02391	0.44
K02392	76.57
K02393	33.95
K02394	33.95
K02395	1.72
K02396	41.39
K02397	41.39
K02398	3.51
K02399	0.44
K02400	41.19
K02401	42.37
K02402	0.36
K02403	0.72
K02404	34.17
K02405	40.99
K02406	112.03
K02407	41.75
K02408	41.19
K02409	41.47
K02410	41.19
K02411	35.6
K02412	41.19
K02413	8.6
K02414	3.97
K02415	40.89
K02416	41.09
K02417	74
K02418	8.38
K02419	41.19
K02420	41.19
K02421	40.87
K02422	41.49
K02423	0.36
K02424	914.46
K02425	0
K02426	10.25
K02427	6.6
K02428	498.48
K02429	17.46
K02430	3.17
K02431	12.27
K02433	650.77
K02434	650.41
K02435	652.41
K02436	2.22
K02437	312.97
K02438	17.33
K02439	8.06
K02440	1418.5
K02441	6.24
K02443	0
K02444	11.99
K02445	46.26
K02446	9.17
K02448	0
K02450	0
K02451	0
K02452	0.56
K02453	35.16
K02454	34.88
K02455	34.88
K02456	44.85
K02457	0.36
K02458	0.36
K02459	0.36
K02460	0.36
K02461	0.36
K02462	0.36
K02463	0.36
K02464	24.62
K02466	2
K02467	0
K02468	2
K02469	665.64
K02470	668.69
K02471	12.15
K02472	6.99
K02473	1
K02474	9.67
K02475	103.39
K02476	103.39
K02477	18.57
K02478	18.37
K02479	0.36
K02480	0.36
K02481	30.27
K02482	5.27
K02483	110.19
K02484	135.42
K02485	0
K02486	0
K02487	2.13
K02488	0
K02490	0
K02492	50.16
K02493	660.78
K02494	8.84
K02495	702.64
K02496	8.31
K02497	0
K02498	8.67
K02499	154.04
K02500	95.78
K02501	97.11
K02502	19.99
K02503	656.86
K02504	9.98
K02505	8.06
K02506	8.06
K02507	10.13
K02508	1.53
K02509	1.89
K02510	1.89
K02511	0
K02517	50.31
K02518	661.14
K02519	662.93
K02520	660.78
K02521	7.09
K02523	43.98
K02525	6.95
K02526	13.82
K02527	43.98
K02528	660.78
K02529	1902.88
K02530	456.24
K02531	339.93
K02532	13.26
K02533	0.61
K02535	43.35
K02536	44.98
K02538	3.34
K02548	53.4
K02549	23.3
K02550	0
K02551	24.3
K02552	23.29
K02553	6.95
K02554	0
K02556	44.94
K02557	79.26
K02558	6.6
K02560	8.06
K02562	4.39
K02563	660.78
K02564	632.58
K02565	3.92
K02566	30.09
K02567	41.38
K02568	41.38
K02569	13.7
K02570	15.86
K02571	2.17
K02572	12.02
K02573	47.02
K02574	47.02
K02575	7.06
K02584	0.2
K02585	1.01
K02586	2.2
K02587	2.22
K02588	1.22
K02589	0
K02590	0
K02591	0.2
K02592	0.2
K02593	0.2
K02594	0.52
K02595	0.2
K02596	0.4
K02597	0.2
K02598	1.85
K02600	660.78
K02601	660.78
K02609	0.36
K02610	0.36
K02611	0.36
K02612	0.36
K02613	0.36
K02614	431.75
K02615	0
K02616	0.36
K02617	0
K02618	0
K02619	17.48
K02621	618.46
K02622	620.53
K02623	0.36
K02624	0.44
K02625	0.01
K02626	0.99
K02635	0
K02636	0
K02647	25.72
K02650	0.98
K02651	11.81
K02652	2.23
K02653	2.43
K02654	39.81
K02655	0.86
K02656	6.24
K02657	0
K02658	0
K02659	0
K02660	0
K02661	0
K02662	0.62
K02663	0.91
K02664	0.25
K02665	0.25
K02666	1.61
K02667	0
K02668	0
K02669	13.21
K02670	0.5
K02671	0.25
K02672	0.61
K02673	0.25
K02674	0.25
K02676	0.25
K02679	5.84
K02680	5.84
K02681	5.99
K02682	8.06
K02686	8.42
K02687	655.17
K02688	0.68
K02742	5.99
K02744	132.17
K02745	110.67
K02746	110.67
K02747	110.17
K02750	9.35
K02753	0
K02755	9.63
K02756	0.42
K02757	775.08
K02759	1075.52
K02760	1378.12
K02761	1546.98
K02763	1
K02765	9.04
K02768	28.97
K02769	5.9
K02770	650.61
K02771	1.25
K02773	317.9
K02774	316.4
K02775	327.85
K02777	173.1
K02778	0
K02779	903.53
K02781	164.45
K02782	0
K02783	31.4
K02784	8.06
K02786	427.34
K02788	434.44
K02791	168.51
K02793	460.39
K02794	1250.01
K02795	1099.73
K02796	1083.38
K02798	29.84
K02800	36.98
K02802	2.53
K02803	6.36
K02804	7.98
K02805	2.82
K02806	11.71
K02808	0
K02810	655.18
K02812	0
K02813	0
K02814	0
K02815	0
K02819	575.79
K02821	574.24
K02822	1017.36
K02823	357.94
K02824	622.77
K02825	630.19
K02826	0
K02827	0
K02828	0
K02829	0
K02834	633.63
K02835	660.78
K02836	660.78
K02837	621.92
K02838	660.78
K02839	0
K02840	0
K02841	35.81
K02843	43.97
K02844	4.16
K02846	0
K02847	6.97
K02848	0
K02849	4.52
K02850	0
K02851	591.56
K02852	3.81
K02853	2.82
K02854	0
K02855	0.17
K02856	0.17
K02858	7.13
K02859	154.47
K02860	660.78
K02862	0
K02863	660.78
K02864	660.78
K02867	660.78
K02871	658.71
K02874	660.78
K02876	660.53
K02878	660.53
K02879	660.78
K02881	660.78
K02884	660.78
K02886	660.78
K02887	660.78
K02888	660.78
K02890	662.85
K02892	660.78
K02895	660.78
K02897	200.24
K02899	658.71
K02902	663.35
K02904	660.78
K02906	660.78
K02907	626.47
K02909	670.3
K02911	657.21
K02913	1219.42
K02914	657.21
K02916	660.78
K02919	619.54
K02926	660.78
K02927	0
K02931	660.78
K02933	660.78
K02935	658.71
K02939	660.78
K02945	662.53
K02946	659.03
K02948	660.53
K02950	658.71
K02952	660.78
K02954	1075.88
K02956	658.71
K02959	658.71
K02961	660.78
K02963	660.78
K02965	660.78
K02967	662.85
K02968	660.78
K02970	655.61
K02972	0
K02982	660.78
K02986	660.78
K02988	660.78
K02990	660.78
K02992	660.78
K02994	660.78
K02996	658.71
K03040	660.78
K03043	659.28
K03046	659.28
K03048	610.59
K03060	631.64
K03070	716.85
K03071	6.6
K03072	48.6
K03073	311.71
K03074	46.53
K03075	655.15
K03076	713.71
K03077	2.14
K03078	8.24
K03079	0
K03086	664.46
K03087	1.11
K03088	478.21
K03089	8.67
K03090	0.32
K03091	5.97
K03092	188.43
K03093	0
K03095	606.66
K03098	28.49
K03100	1538.9
K03101	679.49
K03106	660.78
K03110	662.85
K03111	1439.4
K03112	0
K03113	8.25
K03116	50.32
K03117	37.92
K03118	53.46
K03119	2.2
K03146	0
K03147	35.74
K03148	33.44
K03149	38.57
K03150	34.75
K03151	618.45
K03152	377.3
K03153	2.44
K03154	37.07
K03168	660.42
K03169	189.35
K03177	660.78
K03179	41.45
K03181	4.59
K03182	42.49
K03183	55.68
K03184	4.35
K03185	5.05
K03186	42.49
K03187	5.25
K03188	5.25
K03189	5.25
K03190	5.25
K03191	1.54
K03192	0
K03194	0.96
K03195	3.04
K03196	5.96
K03197	0.15
K03198	0
K03199	5.29
K03200	0.15
K03201	2.37
K03202	0
K03203	0.97
K03204	3.04
K03205	699.64
K03207	0
K03208	0
K03210	674.1
K03212	11.92
K03214	8.06
K03215	621.6
K03216	658.79
K03217	1271.4
K03218	659.78
K03219	1
K03220	0.64
K03221	0.36
K03222	1
K03223	0.64
K03224	1
K03225	1
K03226	1
K03227	1
K03228	1
K03229	1
K03230	1
K03269	43.98
K03270	43.27
K03271	87.11
K03272	42.77
K03273	39.52
K03274	41.31
K03275	0
K03276	0
K03278	0
K03279	0
K03280	0
K03281	4.88
K03282	624.61
K03284	683.16
K03285	4.15
K03286	50.54
K03287	0
K03288	0
K03289	1
K03290	0
K03291	0
K03292	17.88
K03293	158.22
K03294	613.62
K03296	28.2
K03297	16.18
K03298	0
K03299	55.56
K03300	45.21
K03301	3.33
K03303	45.68
K03304	9.21
K03305	108.58
K03306	198.82
K03307	14.38
K03308	157.77
K03309	0.69
K03310	661.24
K03311	644.66
K03312	8.79
K03313	73.51
K03314	8.06
K03315	13.07
K03316	109.36
K03317	108.72
K03319	59.89
K03320	136.91
K03321	183.6
K03322	85.37
K03324	312.57
K03325	160.48
K03326	73.96
K03327	369.86
K03328	317.36
K03329	0
K03332	10.41
K03333	0.36
K03335	6.75
K03336	6.75
K03337	4.68
K03338	6.75
K03339	152.72
K03340	9.33
K03342	169.5
K03343	1.25
K03346	609.87
K03365	0
K03366	38.17
K03367	455.47
K03379	0
K03380	0.25
K03381	0.36
K03382	0
K03385	41.69
K03386	319.34
K03387	274.8
K03388	0
K03389	0
K03390	0
K03391	0
K03392	2
K03394	2.35
K03395	0
K03396	1.75
K03399	1.32
K03402	1387.42
K03403	0
K03404	2
K03405	1.36
K03406	292.39
K03407	46.75
K03408	43.6
K03409	1
K03410	8.96
K03411	8.68
K03412	40.55
K03413	43.15
K03414	0.36
K03415	40.23
K03416	0.5
K03417	0.81
K03418	0
K03424	675.96
K03425	0
K03426	26.76
K03427	1091.76
K03428	0
K03429	3.39
K03430	2.02
K03431	658.79
K03432	0
K03433	0
K03435	4
K03436	624.23
K03437	619.4
K03438	661.93
K03439	660.78
K03442	619.96
K03444	0
K03445	2.85
K03446	5.32
K03449	369.98
K03451	0
K03453	11.69
K03455	35.49
K03457	1.56
K03458	445.02
K03459	0
K03462	10.07
K03464	0.36
K03465	35.39
K03466	734.77
K03468	0
K03469	207.85
K03470	660.78
K03471	604.9
K03472	0
K03473	0.99
K03474	32.61
K03475	1028.07
K03476	425.49
K03477	6.74
K03478	5.29
K03480	7.6
K03481	9.95
K03482	0
K03483	178.59
K03484	607.6
K03485	0.03
K03486	863.44
K03487	0
K03488	1040.68
K03489	1.75
K03490	0
K03491	563.79
K03492	44.14
K03493	415.75
K03495	654.89
K03496	216.04
K03497	664.46
K03498	824.23
K03499	879.84
K03500	626.25
K03501	658.71
K03502	287.38
K03503	1.19
K03516	0
K03517	10.91
K03518	0.96
K03519	0
K03520	0
K03521	17.19
K03522	17.21
K03523	652.86
K03524	670.46
K03525	35.99
K03526	51.41
K03527	51.77
K03528	8.06
K03529	618.41
K03530	663.84
K03531	661.5
K03532	41.12
K03533	2.34
K03534	8.62
K03535	0.08
K03536	660.78
K03537	0.3
K03543	8.39
K03544	661.98
K03545	660.78
K03546	175.44
K03547	170.27
K03548	8.06
K03549	125.54
K03550	660.78
K03551	660.78
K03553	664.46
K03554	9.63
K03555	622.05
K03556	4.52
K03557	8.67
K03558	42.98
K03559	90.4
K03560	10.35
K03561	63.44
K03562	6.35
K03563	41.72
K03564	51.98
K03565	627.13
K03566	9.14
K03567	0
K03568	8.99
K03569	352.17
K03570	558.78
K03571	523.47
K03572	621.85
K03573	8.06
K03574	1956.34
K03575	654.42
K03576	7.7
K03577	3.8
K03578	16.6
K03579	4.08
K03580	5.84
K03581	622.13
K03582	41.99
K03583	8.67
K03584	627.46
K03585	44.36
K03586	8.67
K03587	50.31
K03588	667.36
K03589	627.46
K03590	653.85
K03591	8.06
K03592	8.99
K03593	49.59
K03594	2.52
K03595	660.78
K03596	660.78
K03597	8.42
K03598	7.45
K03599	8.67
K03600	8.67
K03601	660.78
K03602	660.53
K03603	8.06
K03604	18
K03605	34.69
K03606	1
K03607	8.42
K03608	1.93
K03609	8.65
K03610	12.57
K03611	49.99
K03612	10.37
K03613	9.37
K03614	14.34
K03615	14.34
K03616	8.99
K03617	9.37
K03618	0
K03619	0
K03620	34.32
K03621	649.79
K03623	150.97
K03624	660.98
K03625	660.53
K03628	202.63
K03629	628.92
K03630	620.96
K03631	660.78
K03632	10.13
K03633	8.06
K03634	17.43
K03635	46.4
K03636	14.59
K03637	47.92
K03638	0
K03639	48.17
K03640	42.73
K03641	41.74
K03642	42.99
K03643	8.67
K03644	16.47
K03645	10.13
K03646	9.02
K03647	637.76
K03648	661.28
K03649	5.47
K03650	655.17
K03651	8.06
K03652	23.53
K03653	0
K03654	333.8
K03655	678.13
K03656	8.67
K03657	860.2
K03658	0.5
K03660	0.32
K03664	659.03
K03665	623.22
K03666	10.35
K03667	195.46
K03668	0
K03669	0
K03670	0
K03671	670.47
K03672	0.48
K03673	78.33
K03674	5.99
K03675	5.52
K03676	0.61
K03680	0
K03683	5.99
K03684	13.67
K03685	661.78
K03686	701.01
K03687	660.78
K03688	167.29
K03690	4.88
K03693	609.87
K03694	32.43
K03695	217.83
K03696	623.76
K03697	609.87
K03698	609.87
K03699	762.16
K03700	609.87
K03701	663.13
K03702	660.78
K03703	660.78
K03704	1233.67
K03705	643
K03706	611.19
K03707	98.99
K03708	611.19
K03709	620.34
K03710	786.74
K03711	218.87
K03712	0
K03713	606.37
K03715	0
K03716	1.13
K03717	0.36
K03718	11.05
K03719	18.47
K03720	5.02
K03721	8.06
K03722	625.62
K03723	663.85
K03724	4.44
K03727	5.61
K03731	9.63
K03732	8.06
K03733	169.99
K03734	931.55
K03735	0.88
K03736	0.88
K03737	53.7
K03738	0
K03739	455.51
K03740	455.51
K03741	6.69
K03742	602.05
K03743	42.53
K03744	613.55
K03745	8.31
K03746	9.43
K03747	0
K03748	9.06
K03749	33.68
K03750	87.21
K03752	37.86
K03753	36.79
K03755	0
K03756	1.67
K03757	0
K03758	45
K03759	0
K03760	36.04
K03761	28.15
K03762	4.17
K03763	614.13
K03764	8.06
K03765	0
K03767	465.62
K03768	667.58
K03769	7.08
K03770	43.98
K03771	11.66
K03772	12.63
K03773	12.4
K03774	0.36
K03775	44.18
K03776	9.28
K03777	2.07
K03778	265.97
K03779	3.31
K03780	3.31
K03781	45.65
K03782	0.36
K03783	606.88
K03784	625.16
K03785	612
K03786	53.89
K03787	44.98
K03788	27.51
K03789	1187.07
K03790	948.76
K03791	2.02
K03793	0
K03794	0
K03795	0.56
K03796	31.01
K03797	204.39
K03798	811.92
K03799	170.37
K03800	715.42
K03801	15.27
K03802	0
K03803	7.3
K03804	8.06
K03805	0
K03806	6.6
K03807	0
K03808	9.43
K03809	1.32
K03810	267.32
K03811	74.38
K03812	0
K03813	9.76
K03814	6.63
K03815	0
K03816	600.66
K03817	4.97
K03818	0
K03819	0.36
K03820	27.49
K03821	0.72
K03823	574.37
K03824	0.28
K03825	0.6
K03826	5.29
K03827	12.94
K03828	30.31
K03829	0
K03830	15.78
K03831	41.74
K03832	121.69
K03833	39.79
K03834	15.77
K03835	10.49
K03836	0
K03837	38.22
K03838	0
K03839	49.54
K03840	0
K03841	39.92
K03851	0
K03852	0
K03855	0.8
K03856	160.12
K03862	0
K03863	0.08
K03885	512.05
K03889	1.75
K03890	1.75
K03891	1.75
K03892	224.91
K03893	30.68
K03894	0
K03895	0
K03896	0
K03897	0
K03918	0
K03919	0.75
K03921	0
K03923	39.07
K03924	17.55
K03925	168.03
K03926	2.73
K03928	155.33
K03929	16.44
K03930	453.44
K03931	0
K03932	1.33
K03933	10.35
K03969	151.02
K03970	0
K03971	0
K03972	1.09
K03973	6.96
K03974	0
K03975	49.94
K03976	621.72
K03977	660.78
K03978	655.17
K03979	660.78
K03980	51.79
K03981	43
K04013	5.99
K04014	9.54
K04015	9.54
K04016	8.06
K04017	4.35
K04018	4.14
K04019	0.32
K04020	0
K04021	0
K04022	0
K04023	0.62
K04024	4
K04025	0
K04026	0.32
K04027	0.32
K04028	4.32
K04029	4.32
K04030	2.32
K04031	4.32
K04032	0.32
K04033	0.36
K04034	0
K04035	0
K04037	0
K04038	0
K04039	0
K04040	0
K04041	201.55
K04042	660.07
K04043	662.85
K04044	8.67
K04045	2.04
K04046	0.36
K04047	660.05
K04049	0
K04051	0
K04052	0
K04053	0
K04054	0
K04056	0
K04057	0
K04058	0.36
K04059	0
K04060	0
K04061	33.87
K04062	1.88
K04063	9.63
K04064	0.36
K04065	5.92
K04066	662.85
K04067	8.06
K04068	622.39
K04069	1060.1
K04070	1
K04072	621.34
K04073	0.36
K04074	610.19
K04075	658.25
K04076	0
K04077	663.3
K04078	661.42
K04079	45.61
K04080	0
K04081	0
K04082	8.67
K04083	619.86
K04084	43.98
K04085	9.38
K04086	447.02
K04087	8.42
K04088	8.42
K04090	0.8
K04091	0.36
K04092	8.4
K04093	1.11
K04094	457.87
K04095	309.76
K04096	660.78
K04098	0
K04099	0
K04100	0
K04101	0
K04102	0
K04103	4.51
K04109	0
K04110	0
K04127	0.48
K04128	0
K04333	0
K04334	0
K04335	0
K04336	0
K04337	0
K04338	0
K04343	0
K04477	1.94
K04478	0
K04480	0
K04485	660.78
K04486	63.72
K04487	1269.26
K04488	623.76
K04516	296.3
K04517	547.68
K04518	361.14
K04561	7.56
K04562	34.98
K04564	659.59
K04565	10.58
K04566	0
K04567	665.25
K04568	8.06
K04618	0.56
K04651	37.11
K04652	36.91
K04653	36.36
K04654	36.91
K04655	36.91
K04656	36.91
K04691	8.06
K04708	0
K04719	0.56
K04720	2.82
K04744	42.99
K04748	0
K04749	0.32
K04750	429.39
K04751	28.07
K04752	4.36
K04753	36.24
K04754	42.35
K04755	10
K04756	4.97
K04757	0.32
K04758	558.56
K04759	743.55
K04760	8.67
K04761	13.94
K04762	16.27
K04763	215.26
K04764	6.6
K04765	10.63
K04766	0
K04767	597.73
K04768	0
K04769	0.32
K04770	5.99
K04771	647.31
K04772	12.56
K04773	191.73
K04774	12.45
K04775	2
K04780	0.28
K04781	0
K04782	3.6
K04783	0
K04784	0
K04785	0
K04786	0
K04794	0
K04805	0
K04835	0
K04844	6.96
K04940	0.08
K04962	0
K05020	19.07
K05245	0
K05275	0
K05281	0
K05286	0
K05296	0
K05297	0
K05299	0.81
K05301	0
K05303	0
K05304	0
K05306	0
K05311	153.04
K05337	263.32
K05338	29.7
K05339	29.7
K05340	120.18
K05341	2.53
K05342	5.27
K05343	4.56
K05346	1.3
K05349	18.64
K05350	93.94
K05351	0.36
K05352	33.49
K05358	0
K05362	457.15
K05363	440.4
K05364	5.86
K05365	7.09
K05366	660.32
K05367	8.99
K05368	0
K05372	0
K05373	0
K05374	0
K05375	0.92
K05396	0.64
K05499	0
K05501	10.49
K05515	46.65
K05516	36.71
K05517	0.2
K05520	155.28
K05521	0
K05522	5.06
K05523	0
K05524	1.97
K05526	0.36
K05527	8.67
K05539	8.67
K05540	47.43
K05541	12.45
K05548	0.25
K05549	0.36
K05550	0.36
K05559	0
K05560	0
K05561	0
K05562	0
K05563	0
K05564	0
K05565	2.3
K05566	0
K05567	2.3
K05568	2.3
K05569	2.05
K05570	2.05
K05571	2.05
K05576	0
K05577	0
K05578	20
K05589	8.67
K05590	8.06
K05591	0.56
K05592	624.78
K05593	57.86
K05594	0
K05595	64.02
K05596	2.8
K05597	0
K05599	0
K05600	0
K05601	9.34
K05602	5.61
K05603	0.36
K05606	2.76
K05655	0
K05658	0
K05685	43.86
K05687	0
K05708	0
K05709	0
K05710	1
K05711	0
K05712	0.64
K05713	0
K05714	0
K05715	0
K05739	0.64
K05747	0
K05772	27.96
K05773	27.96
K05774	0.28
K05775	3.06
K05776	2.68
K05777	0
K05778	0
K05779	0
K05780	0.58
K05781	0.58
K05782	0.36
K05783	0.36
K05784	0.36
K05785	0
K05786	46.49
K05787	8.06
K05788	6.6
K05789	0.5
K05790	2.2
K05791	1
K05792	0.3
K05793	0
K05794	6.39
K05795	3.24
K05796	0.6
K05797	0
K05798	0
K05799	2.02
K05800	0.36
K05801	38.37
K05802	10.13
K05803	8.06
K05804	0
K05805	1.5
K05807	38.76
K05808	159.3
K05809	8.06
K05810	54.69
K05811	0
K05812	0
K05813	0.91
K05814	0.91
K05815	0.91
K05816	0.66
K05817	0
K05818	0
K05819	0.28
K05820	8.26
K05822	6.72
K05823	437.74
K05824	0
K05825	1.18
K05826	0
K05827	0
K05828	0
K05829	0
K05830	0
K05831	0
K05832	1032.98
K05833	1040.1
K05834	0
K05835	0.75
K05836	0.36
K05837	654.92
K05838	14.03
K05839	0
K05841	0
K05844	8.46
K05845	323.62
K05846	1109.72
K05847	783.94
K05851	8.06
K05873	0
K05874	2.16
K05875	0.72
K05876	0
K05877	0
K05878	530.44
K05879	537.21
K05880	0
K05881	3.7
K05882	2.53
K05884	0
K05886	0
K05887	0
K05895	2.18
K05896	617.41
K05898	0.2
K05910	0
K05913	0.36
K05916	7.19
K05919	2.52
K05921	3.78
K05922	33.32
K05927	60.8
K05929	0.28
K05934	1.32
K05936	2.18
K05937	0
K05939	32.38
K05946	9.47
K05952	8.31
K05962	0
K05964	10.93
K05966	10.93
K05967	0.32
K05970	7.12
K05973	0.72
K05979	0.99
K05982	0
K05984	0
K05985	611.19
K05988	4.75
K05989	3.97
K05991	0
K05992	0
K05994	0.36
K05995	22.78
K05997	0
K05998	0.72
K05999	0.36
K06001	3.24
K06006	0
K06011	0
K06012	0.32
K06013	33.68
K06015	0.98
K06016	5.29
K06019	4.97
K06020	0.89
K06023	610.8
K06024	617.41
K06027	0
K06033	0
K06039	3.7
K06041	51.85
K06042	2.18
K06044	3.86
K06045	0.36
K06048	5.77
K06049	0
K06073	0
K06074	0
K06075	0
K06076	15.21
K06077	8.42
K06078	0
K06079	4.16
K06080	0
K06113	2.77
K06118	0
K06120	0
K06121	0
K06122	0
K06131	635.94
K06132	2.14
K06133	16.09
K06134	0.36
K06135	0
K06136	0
K06137	0
K06138	0
K06139	0
K06140	0.36
K06141	0
K06142	15.89
K06143	0.81
K06144	0
K06145	5.77
K06146	0
K06147	3226.11
K06148	1227.35
K06149	8.06
K06151	26.13
K06152	28.78
K06153	653.4
K06155	0.28
K06156	0
K06157	0
K06158	623.2
K06159	32.45
K06160	0.36
K06162	0.58
K06163	0.58
K06164	0.58
K06165	0.58
K06166	0.58
K06167	1.3
K06168	52.98
K06169	0
K06173	813.82
K06175	8.23
K06176	41.58
K06177	18.6
K06178	659.78
K06179	10.17
K06180	1948.01
K06181	16.23
K06182	146.61
K06183	1213.31
K06186	8.67
K06187	660.78
K06188	42.92
K06189	6.6
K06190	8.67
K06191	615.48
K06192	0.61
K06193	643.31
K06194	10.14
K06195	0.36
K06196	160.04
K06197	0
K06198	609.87
K06199	114.01
K06200	45.61
K06201	613.46
K06202	8.67
K06203	8.06
K06204	41.99
K06205	5.99
K06206	5.22
K06207	660.78
K06208	1
K06209	1
K06211	8.06
K06212	8.86
K06213	307.52
K06214	0
K06215	50.58
K06216	1
K06217	623.92
K06218	344.24
K06219	0
K06221	8.61
K06222	0.08
K06223	45.45
K06257	0
K06281	1.57
K06282	1.57
K06283	0.32
K06284	0
K06285	0
K06286	609.87
K06287	319.03
K06289	0
K06295	0
K06296	0
K06297	0
K06298	0
K06305	0
K06306	0
K06307	0
K06308	0
K06310	0
K06311	0
K06312	0
K06313	0
K06317	1
K06320	1.33
K06324	0
K06327	0
K06328	0
K06329	0
K06330	6.77
K06331	0
K06333	0.62
K06334	0.62
K06335	0
K06337	0
K06338	0
K06345	0
K06346	627
K06347	0
K06348	0
K06350	0
K06351	0
K06373	0.32
K06374	0.32
K06377	0
K06378	0.32
K06379	0.32
K06381	1.32
K06382	0.32
K06383	0.32
K06384	0.32
K06385	0.32
K06386	0
K06387	0.32
K06390	0.32
K06391	0.32
K06392	0.32
K06393	0.32
K06394	0.32
K06395	0.32
K06396	0.32
K06397	0.32
K06398	0.32
K06399	0.32
K06400	185.31
K06402	0
K06403	0
K06404	0
K06405	0.32
K06406	0.32
K06407	0.32
K06408	0
K06409	1.32
K06410	0.32
K06411	0.32
K06412	0.32
K06413	0
K06415	0
K06416	0.32
K06419	0
K06421	0
K06423	0
K06425	0
K06426	0
K06434	0
K06436	0.32
K06438	0.32
K06439	0
K06440	0
K06441	0
K06442	650.12
K06443	0
K06445	0.2
K06446	0
K06447	0.36
K06518	226.75
K06580	0
K06591	1
K06595	0
K06596	0
K06597	0
K06598	0
K06599	0
K06600	0
K06601	0
K06602	0
K06603	31.25
K06605	0
K06606	0
K06608	4.97
K06609	2.53
K06610	1.53
K06714	0.32
K06718	0.2
K06720	0.2
K06726	196.85
K06794	0
K06857	27.96
K06858	0
K06859	0
K06860	5.61
K06861	44.98
K06864	2.63
K06866	8.06
K06867	68.88
K06871	19.21
K06872	29.97
K06873	0
K06876	0
K06877	5.41
K06878	614.84
K06879	8.42
K06880	0
K06881	614.13
K06882	29.16
K06883	0
K06884	0
K06885	609.53
K06886	33.21
K06887	0.36
K06888	0.32
K06889	467.71
K06890	460.89
K06891	38.04
K06893	588.54
K06894	8.99
K06895	39.78
K06896	596.27
K06897	0.32
K06898	2.63
K06899	8.06
K06900	0.36
K06901	675.06
K06902	157.83
K06903	22.14
K06904	7.96
K06905	21.49
K06906	20.24
K06907	21.49
K06908	20.82
K06909	4.12
K06910	24.36
K06911	7.63
K06912	0
K06915	393.33
K06916	1.94
K06917	35.62
K06918	8.06
K06919	102.45
K06920	79.3
K06921	36.18
K06922	0
K06923	34.6
K06925	660.78
K06926	156.68
K06928	0
K06929	491.56
K06933	0
K06934	0
K06936	0
K06937	0
K06938	0.72
K06940	476.28
K06941	654.06
K06942	660.98
K06945	0.25
K06946	0
K06948	609.87
K06949	630.16
K06950	872.05
K06951	0
K06952	0
K06953	0
K06954	0.25
K06955	0
K06956	180.59
K06957	8.06
K06958	625.47
K06959	623.14
K06960	649.37
K06962	567.26
K06966	85.47
K06967	611.19
K06968	8.06
K06969	612.99
K06970	0.2
K06971	0.5
K06972	5.97
K06973	153.04
K06974	0
K06975	316.92
K06976	6.73
K06978	1.65
K06979	0
K06980	14.28
K06982	0
K06985	0
K06986	0.25
K06987	1.04
K06988	13.88
K06989	0.36
K06990	0.4
K06991	0.36
K06992	26.27
K06993	0
K06994	8.39
K06995	0.36
K06996	3.14
K06997	655.81
K06998	0
K06999	461.2
K07000	4.41
K07001	20.73
K07002	2.69
K07003	41.62
K07004	309.69
K07005	20.59
K07006	20.89
K07007	623.7
K07008	5.84
K07009	609.71
K07010	1356.54
K07011	7.12
K07012	28.59
K07013	0
K07014	10.13
K07015	609.87
K07016	2.35
K07017	8.18
K07018	1.94
K07019	0.61
K07020	0
K07023	42.32
K07024	5166.87
K07025	1353.09
K07026	0
K07027	4.14
K07028	2.11
K07029	581.95
K07030	624.63
K07031	25.8
K07032	323.62
K07033	2
K07034	3.97
K07035	373.19
K07037	3.74
K07038	8.78
K07039	0.25
K07040	625.47
K07042	658.79
K07043	37.98
K07044	2.16
K07045	31.1
K07046	0.36
K07047	11.18
K07048	0
K07050	0.64
K07051	0
K07052	2420.99
K07053	16.58
K07054	558.93
K07056	662.38
K07057	0
K07058	660.86
K07059	4
K07062	4.03
K07063	0
K07064	2
K07065	0
K07066	0
K07067	4.63
K07068	0
K07069	9.63
K07070	0
K07071	12
K07074	0
K07075	15.61
K07076	1.47
K07077	0
K07078	344.22
K07079	0.62
K07080	7.24
K07082	660.78
K07084	42.93
K07085	18.01
K07086	0
K07088	631.11
K07089	505.46
K07090	423.76
K07091	20.83
K07092	0
K07093	28.49
K07094	0
K07095	617.2
K07096	0
K07097	29.84
K07098	215.13
K07099	0.32
K07100	6.53
K07101	7.58
K07102	0.61
K07104	587.11
K07105	600.59
K07106	170.88
K07107	62
K07109	6.77
K07110	0.75
K07112	51.89
K07113	8.06
K07114	8.21
K07115	8.67
K07116	0
K07117	0.36
K07118	644.7
K07119	1.5
K07120	7.23
K07121	5.99
K07122	8.67
K07123	0
K07124	623.92
K07125	2.5
K07126	68.93
K07127	27.83
K07129	1.5
K07130	2.36
K07131	0.25
K07132	1.42
K07133	58.28
K07136	0
K07137	13.44
K07138	0.32
K07139	310.25
K07140	2.44
K07141	0.68
K07145	0
K07146	599.03
K07147	32.39
K07148	0
K07149	10.27
K07150	554.74
K07151	0
K07152	34.76
K07153	8.06
K07154	8.63
K07156	2.47
K07157	0.36
K07160	30.61
K07161	0
K07162	0
K07164	39.34
K07165	0.76
K07166	588.54
K07167	0
K07168	0.36
K07169	0.36
K07171	178.1
K07172	4.17
K07173	660.9
K07175	2.2
K07177	444.97
K07178	0
K07180	0.36
K07181	1
K07182	1.15
K07183	5.54
K07184	8.06
K07186	4.67
K07192	311.35
K07213	6.6
K07214	4
K07215	0.25
K07216	93.09
K07217	12.29
K07218	6.25
K07219	0.32
K07220	13.28
K07221	1
K07222	18.05
K07223	7.78
K07224	32.08
K07225	0.36
K07226	40.37
K07227	4.51
K07228	0
K07229	0
K07230	38.6
K07231	0.2
K07232	0.36
K07233	0
K07234	7.56
K07235	8.06
K07236	8.06
K07237	6.74
K07238	590.82
K07239	0
K07240	317.38
K07241	0.36
K07243	45.95
K07245	2.47
K07246	1.36
K07248	11.67
K07250	2.25
K07251	0
K07257	1.67
K07258	709.38
K07259	16.27
K07260	635.27
K07261	8.06
K07262	6.89
K07263	21.12
K07264	0
K07265	30.45
K07266	30.09
K07267	0.36
K07268	8.06
K07269	0
K07270	48.74
K07271	92.04
K07272	402.33
K07273	442.94
K07274	1.5
K07275	9.11
K07276	1.88
K07277	44.98
K07278	10.94
K07279	0
K07280	0.75
K07282	608.57
K07283	0
K07284	1238.48
K07285	5.24
K07286	13.7
K07287	8.28
K07288	25.41
K07289	0
K07290	0.36
K07300	1.33
K07301	7.36
K07302	0.36
K07303	0.36
K07304	335.64
K07305	304.59
K07306	9.54
K07307	9.54
K07308	9.54
K07309	0
K07310	0
K07311	0
K07312	0
K07313	491.64
K07314	0
K07315	0
K07316	341.97
K07317	0.34
K07318	41.88
K07319	1.5
K07320	8.67
K07321	0.64
K07322	156.28
K07323	41.99
K07326	6.83
K07334	3.5
K07335	710
K07336	0.44
K07337	28.96
K07338	0
K07339	0.65
K07340	5.97
K07341	16.88
K07343	6.86
K07344	1
K07345	1.92
K07346	1.64
K07347	2
K07348	0
K07349	0
K07350	0
K07351	0
K07354	0
K07355	0
K07356	0
K07357	0
K07358	0
K07386	805.02
K07387	2.53
K07389	0.82
K07390	6.6
K07391	51.73
K07393	328.46
K07394	0.56
K07395	0
K07396	292.97
K07397	9.22
K07399	2.86
K07400	8.06
K07401	3.33
K07402	1.36
K07403	153.08
K07404	581.99
K07405	1.99
K07406	0
K07407	620.58
K07442	5.61
K07443	23.75
K07444	612.79
K07445	0
K07447	660.78
K07448	160.55
K07451	9.29
K07452	326.33
K07454	0
K07455	151.48
K07456	646.5
K07457	46.53
K07458	3.75
K07459	4.27
K07460	52.73
K07461	611.8
K07462	656.92
K07464	20.38
K07465	4.28
K07467	34.09
K07469	0
K07470	0
K07471	0
K07473	211.95
K07474	12.28
K07476	0
K07478	661.24
K07479	10.13
K07480	0.28
K07481	5.64
K07482	15.35
K07483	510.14
K07484	34.22
K07485	35.67
K07486	0.75
K07487	0
K07488	4.31
K07490	0
K07491	345.65
K07492	7.74
K07493	0
K07494	7.1
K07495	0
K07496	10.55
K07497	107.51
K07498	136.28
K07499	0.28
K07501	33.73
K07502	0
K07503	5.61
K07504	1.63
K07505	1
K07506	0.36
K07507	178.06
K07516	2.72
K07518	0.36
K07533	611.19
K07535	0
K07536	0
K07543	0
K07544	0
K07546	0
K07550	0
K07552	53.97
K07559	2
K07560	627.46
K07566	621.85
K07568	654.81
K07570	609.87
K07571	153.72
K07574	617.18
K07576	1.36
K07577	0
K07584	314.24
K07586	609.87
K07588	3.76
K07589	0
K07590	1
K07592	0
K07636	274.08
K07637	0
K07638	0.72
K07639	0
K07640	4.67
K07641	0
K07642	7.1
K07643	0
K07644	1
K07645	6.67
K07646	29.86
K07647	0
K07648	8.06
K07649	1.08
K07650	0
K07651	152.72
K07652	609.87
K07653	0.75
K07654	5.61
K07657	5.67
K07658	286.85
K07659	0.72
K07660	0
K07661	0
K07662	8.42
K07663	0
K07664	0
K07665	0.72
K07666	4.56
K07667	4.3
K07668	609.87
K07669	1.75
K07670	5.61
K07673	0.61
K07674	8.06
K07675	2.06
K07676	0
K07677	0.72
K07678	0
K07679	0.2
K07680	0
K07681	0
K07683	0
K07684	1.81
K07685	8.06
K07686	1.5
K07687	1.52
K07688	0
K07689	0
K07690	0
K07693	15.11
K07694	1.25
K07696	0
K07699	0.32
K07700	0
K07701	0
K07702	0
K07703	18.05
K07704	195.5
K07705	196.31
K07706	283.5
K07707	505.19
K07708	0.36
K07709	0
K07710	0
K07711	0
K07712	0.36
K07713	0
K07714	0
K07715	0
K07716	0
K07717	20.05
K07718	675.48
K07719	20.05
K07720	757.51
K07722	5.64
K07723	7.04
K07724	5.18
K07726	1.39
K07727	321.91
K07729	1451.05
K07733	5.8
K07734	1.16
K07735	9.42
K07736	150.9
K07738	626.28
K07739	0
K07740	0
K07741	4.24
K07742	615.8
K07746	3.17
K07749	0.36
K07751	8.06
K07757	0
K07768	5.41
K07770	0
K07771	0.36
K07772	0
K07773	8.06
K07774	0.36
K07775	152.72
K07776	5.41
K07777	1
K07778	372.72
K07781	0
K07782	0.8
K07783	4.24
K07784	1.75
K07786	0
K07787	1.47
K07788	0.36
K07789	0.36
K07790	0
K07791	36.37
K07792	51.99
K07793	4.16
K07794	4.16
K07795	2.66
K07796	0
K07797	0
K07798	0.48
K07799	0.36
K07800	0
K07803	0
K07804	0
K07806	0
K07807	0
K07810	0
K07811	2.34
K07812	50.4
K07813	0.64
K07814	4.54
K07816	619.82
K07821	6.74
K07823	0
K07862	475.99
K07979	2.66
K08068	4.61
K08070	0
K08077	33.32
K08081	0
K08082	0
K08083	0
K08084	0.61
K08085	0
K08086	0
K08087	0
K08088	0
K08092	3.38
K08093	0
K08094	1
K08095	0
K08097	0
K08100	0.36
K08137	0
K08138	5.14
K08139	0
K08151	9.91
K08152	49.09
K08153	9.63
K08154	0
K08156	0.2
K08159	9.9
K08160	0
K08161	10.63
K08162	0
K08163	0
K08164	0
K08166	0.36
K08167	3.08
K08168	0.5
K08169	0.36
K08170	19.8
K08172	0.36
K08173	24.98
K08177	276.4
K08178	0.36
K08191	0
K08194	0.36
K08195	1.72
K08196	0
K08217	9.17
K08218	11.67
K08219	0
K08220	0
K08221	0
K08222	0
K08223	4.03
K08224	4.84
K08225	0
K08226	0
K08227	0
K08234	573.27
K08252	0
K08253	0
K08255	0
K08256	4.08
K08259	0
K08260	0
K08261	0.36
K08276	2.67
K08277	0
K08279	0
K08280	0
K08281	8.21
K08282	2.03
K08289	9.56
K08295	0.36
K08296	46.6
K08297	0
K08298	0
K08299	0
K08300	14.28
K08301	10.98
K08302	0.82
K08303	655.83
K08304	8.87
K08305	6.38
K08306	8.06
K08307	35.92
K08308	0
K08309	45.38
K08310	14.86
K08311	49.55
K08312	6.74
K08313	0
K08314	0.3
K08315	5.96
K08316	447.22
K08317	167.32
K08318	0
K08319	4.25
K08320	0
K08321	3.89
K08322	0.28
K08323	5.25
K08324	0.25
K08325	11.5
K08326	0
K08344	0
K08348	0
K08349	0
K08350	0
K08351	0
K08352	2.98
K08353	0
K08354	0
K08355	0
K08356	0
K08357	2.03
K08358	2.03
K08359	2.03
K08363	6
K08364	6
K08365	14.91
K08368	0
K08369	6.61
K08372	5.61
K08384	1.32
K08475	3.72
K08476	3.72
K08478	3.72
K08482	0
K08483	626.54
K08484	0
K08485	0
K08566	0
K08586	0.99
K08587	0
K08589	6.89
K08591	653.18
K08598	0
K08600	5.95
K08602	644.44
K08603	0
K08604	0
K08605	0
K08641	2.35
K08642	0.36
K08643	65.8
K08644	0
K08646	0
K08652	116.97
K08659	139.96
K08676	0
K08677	0.36
K08678	2.25
K08679	4.83
K08680	17.69
K08681	49.76
K08682	0
K08685	0.2
K08686	0
K08687	0
K08688	0
K08691	0
K08692	0
K08693	0
K08698	0
K08714	0.2
K08715	0.36
K08717	1
K08720	0.36
K08721	0
K08722	3.92
K08723	1.53
K08724	152.72
K08728	5.12
K08738	4.78
K08744	153.08
K08762	0
K08884	636.62
K08926	0
K08927	0
K08928	0
K08929	0
K08961	0
K08963	1
K08964	0
K08965	0
K08967	0
K08969	10.52
K08970	0
K08972	156.66
K08973	33.93
K08974	580.96
K08976	0.2
K08977	0
K08978	14.68
K08981	12.08
K08982	318.6
K08983	0.36
K08984	149.4
K08985	0
K08986	447.8
K08987	467.42
K08988	0.2
K08989	1
K08990	8.06
K08992	8.06
K08993	0
K08994	0.36
K08995	0.64
K08996	38.09
K08997	0
K08998	615.22
K08999	1.5
K09000	0.01
K09001	7.65
K09002	2.35
K09003	0
K09004	3.66
K09005	0.36
K09007	1.61
K09009	5.61
K09011	0
K09013	624.47
K09014	625.69
K09015	618.03
K09016	0
K09017	0.36
K09018	0
K09019	3.69
K09020	0
K09021	0
K09022	654.16
K09023	0
K09024	0
K09116	0
K09117	189.71
K09118	5.61
K09120	0
K09121	4.45
K09122	0.36
K09123	0
K09124	0
K09125	12.39
K09126	0
K09127	0.01
K09128	0
K09129	0.36
K09131	6.07
K09133	0
K09134	426.48
K09136	9.73
K09137	0
K09138	3.53
K09139	0
K09141	0.2
K09143	0
K09144	0
K09145	0
K09146	0.75
K09153	51.83
K09154	0
K09155	514.67
K09157	589.21
K09158	8.67
K09159	8.67
K09160	8.06
K09161	3.92
K09162	4.81
K09163	0
K09164	0
K09165	0.36
K09166	0
K09167	18.8
K09181	0.99
K09190	0
K09251	0
K09252	1.09
K09384	151.04
K09386	0
K09388	0
K09456	0.72
K09457	75.76
K09458	661.73
K09459	2.31
K09461	0
K09469	1
K09470	0
K09471	7.18
K09472	0.36
K09473	0
K09474	0
K09475	0
K09476	0
K09477	0
K09487	0
K09516	0
K09607	1
K09612	0
K09680	1
K09681	0
K09684	1.25
K09685	610.19
K09688	30.09
K09689	30.09
K09690	3.71
K09691	3.71
K09692	15.6
K09693	15.6
K09694	0.36
K09695	0.36
K09696	0.32
K09697	0.32
K09698	610.19
K09699	0.36
K09700	0
K09701	0
K09702	302.09
K09703	0.91
K09704	343.66
K09705	155.1
K09706	0
K09707	3.34
K09709	0
K09710	657.48
K09711	0.32
K09712	1.42
K09722	0
K09726	2.66
K09729	1.32
K09740	0
K09744	0
K09747	656
K09748	660.78
K09749	1
K09758	5.29
K09759	0
K09760	477.06
K09761	649.1
K09762	616.8
K09763	0
K09764	152.72
K09765	489.84
K09766	1
K09767	45.27
K09768	152.94
K09769	153.92
K09770	1.32
K09771	7.99
K09772	617.8
K09773	335.29
K09774	37.36
K09775	162.67
K09776	0
K09777	1
K09778	33.32
K09779	7.04
K09780	14.48
K09781	4.57
K09785	0
K09786	0.36
K09787	611.19
K09788	5.56
K09789	39.94
K09790	72.67
K09791	10.63
K09792	32.76
K09793	0.25
K09794	36.6
K09795	28.21
K09796	36.52
K09797	31.67
K09798	41.38
K09799	20.09
K09800	11.74
K09801	8.67
K09802	8.06
K09803	2.11
K09804	6.17
K09805	29.85
K09806	5.13
K09807	1
K09808	25.65
K09809	18.27
K09810	11.46
K09811	634.27
K09812	660.52
K09813	0
K09814	0
K09815	1267.38
K09816	654.52
K09817	656.59
K09818	0
K09819	4.41
K09820	6.44
K09822	0
K09823	6.25
K09824	16.87
K09825	613.36
K09826	0
K09835	0
K09836	0
K09844	0
K09845	0
K09846	0
K09847	0
K09857	0.61
K09858	12.51
K09859	28.15
K09860	9.94
K09861	491.11
K09862	6.6
K09880	0
K09882	0
K09883	0
K09888	18.7
K09889	10.74
K09890	7.34
K09891	8.06
K09892	6.19
K09893	5.99
K09894	8.06
K09895	10.13
K09896	6.49
K09897	8.06
K09898	8.06
K09899	8.06
K09900	5.99
K09901	8.06
K09902	8.06
K09903	660.78
K09904	8.06
K09906	8.06
K09907	8.06
K09908	8.06
K09909	9.16
K09910	5.99
K09911	5.99
K09912	0
K09913	0.72
K09914	0
K09915	0.36
K09916	0
K09917	8.06
K09918	0
K09919	0.36
K09920	0
K09921	2.06
K09922	0
K09923	8.31
K09924	0.61
K09925	1
K09926	0.25
K09927	5.48
K09928	0
K09929	3.77
K09930	4.41
K09931	0
K09932	0
K09933	0.36
K09934	0
K09935	1
K09936	12.99
K09937	0.36
K09938	0
K09939	0.36
K09940	6.66
K09941	0.61
K09942	0
K09943	30.04
K09944	33.32
K09945	0
K09946	6.35
K09947	0
K09948	0
K09949	1
K09950	0
K09951	166.94
K09952	297.98
K09953	0
K09954	0
K09955	2.77
K09956	3.86
K09957	0.36
K09958	0.36
K09959	0.2
K09960	0
K09961	1.82
K09962	457.15
K09963	476.54
K09964	0.2
K09965	0.36
K09966	0
K09967	0.4
K09968	0.25
K09969	4.97
K09970	4.97
K09971	4.97
K09972	4.97
K09973	1.35
K09974	3.37
K09975	1.36
K09976	609.87
K09977	0.61
K09978	0
K09979	37.64
K09980	0
K09981	30.5
K09982	0
K09983	0.36
K09984	0
K09985	0
K09986	0
K09987	0
K09988	1.53
K09989	0.66
K09990	0.36
K09991	0
K09992	0
K09994	0
K09996	0
K09997	8.73
K09998	8.06
K09999	8.06
K10000	8.06
K10001	1
K10002	0.36
K10003	0.36
K10004	0.64
K10005	4.61
K10006	4.61
K10007	4.61
K10008	4.61
K10009	872.38
K10010	314.46
K10011	0
K10012	0.36
K10013	1.08
K10014	0.36
K10015	1.08
K10016	1.08
K10017	1.08
K10018	0
K10019	0
K10020	0
K10021	0
K10022	0
K10023	0
K10024	0
K10025	0
K10026	37.04
K10027	6.72
K10036	0.36
K10037	0.36
K10038	292.77
K10039	618.88
K10040	1236.42
K10041	618.46
K10094	3.71
K10107	30.09
K10108	4.41
K10109	4.24
K10110	4.24
K10111	4.88
K10112	630.5
K10117	473.26
K10118	479.75
K10119	470.26
K10120	2.94
K10121	2.94
K10122	2.94
K10124	0
K10125	0.64
K10126	0.64
K10188	1.75
K10189	1.75
K10190	3.5
K10192	0
K10193	0
K10194	0
K10195	0
K10200	0
K10201	0
K10202	0
K10206	1
K10208	0
K10209	0
K10210	6.72
K10211	6.72
K10212	6.72
K10213	0
K10215	0
K10216	0.2
K10217	0.2
K10218	0
K10219	0
K10220	0
K10221	0
K10227	0.36
K10228	0.36
K10229	0.36
K10231	0
K10232	2.53
K10233	0
K10234	0
K10236	0
K10237	0.25
K10238	0
K10240	0
K10241	0
K10242	0
K10253	0.36
K10254	135.93
K10255	0.36
K10277	0
K10353	0
K10380	0
K10439	454.18
K10440	353.56
K10441	351.82
K10530	52.14
K10531	0.36
K10533	0
K10536	311.08
K10537	0.89
K10538	0.89
K10539	0.61
K10540	7.76
K10541	7.09
K10542	9.16
K10543	3.97
K10544	1.9
K10545	8.11
K10546	0
K10547	4.97
K10548	0
K10549	0.5
K10550	0.5
K10551	0.5
K10552	0
K10553	0
K10554	0
K10555	3.89
K10556	3.89
K10557	3.89
K10558	5.96
K10559	0
K10560	0
K10561	0
K10562	0
K10563	628.71
K10564	0
K10622	0
K10670	2.24
K10672	0.32
K10673	0
K10674	0.2
K10678	3.06
K10679	0
K10680	0.08
K10681	52.22
K10682	35.71
K10708	0
K10709	0
K10710	0
K10711	0
K10713	0
K10714	0
K10716	345.53
K10742	0
K10747	37.95
K10748	0
K10762	0
K10763	8.67
K10764	0.61
K10771	0
K10773	664.08
K10778	3.26
K10780	22.87
K10793	0.32
K10794	0.64
K10795	0.32
K10796	0.32
K10797	0
K10800	0
K10804	0.36
K10805	8.58
K10806	41.79
K10810	0
K10811	0.36
K10815	0
K10816	0
K10819	50.7
K10823	341.09
K10824	18.33
K10831	146.36
K10834	0
K10843	3.28
K10844	0.36
K10850	0
K10851	0
K10857	0.2
K10873	0
K10906	0
K10907	146
K10908	0
K10909	0
K10910	0
K10914	9.06
K10915	0
K10916	0
K10917	0
K10918	0
K10924	0
K10926	0
K10927	0
K10938	53
K10939	0
K10941	0
K10942	0
K10943	24.53
K10947	1682.09
K10954	4.13
K10960	0
K10972	0
K10973	0
K10974	4.24
K10975	0
K10979	0.28
K10984	0
K10985	0
K10986	0
K11003	5.21
K11004	5.21
K11005	2.89
K11007	0
K11008	0
K11013	13.32
K11014	35.69
K11015	10.17
K11016	0.97
K11017	0.97
K11018	0
K11020	0
K11021	0
K11023	0
K11024	0
K11025	0
K11026	0
K11027	0
K11029	0
K11031	110.7
K11040	1
K11041	150.68
K11044	0.28
K11045	20.25
K11046	2.43
K11047	18.05
K11048	19.85
K11049	19.85
K11050	40.74
K11051	40.74
K11052	19.85
K11053	19.85
K11054	19.85
K11055	18.05
K11056	18.05
K11057	0
K11059	0
K11060	0
K11061	0
K11062	0
K11063	0.6
K11065	652.38
K11066	0.36
K11068	616.08
K11069	627.22
K11070	620.35
K11071	621.05
K11072	623.62
K11073	1.47
K11074	0.97
K11075	0.97
K11076	5.22
K11079	0
K11081	0.36
K11082	0.36
K11083	0.36
K11084	0.36
K11085	45
K11089	0
K11102	2.08
K11103	37.44
K11104	0.17
K11105	6.34
K11106	0.2
K11107	5.49
K11139	0
K11144	614.99
K11145	611.19
K11159	0.36
K11175	657.66
K11177	0
K11178	0
K11179	10.13
K11180	0
K11181	0
K11183	9.33
K11184	0
K11189	616.77
K11192	1.53
K11195	0
K11200	0.3
K11201	0
K11202	0.6
K11203	0.6
K11208	0
K11209	546.59
K11210	0
K11211	8.06
K11212	0
K11214	0
K11216	3.89
K11249	0
K11250	0.36
K11258	3.55
K11261	0.32
K11263	5.66
K11264	0
K11275	0
K11311	0
K11312	0.2
K11329	0
K11333	0
K11334	0
K11335	0
K11336	0
K11337	0
K11357	0
K11358	1.3
K11381	0
K11382	36.97
K11383	0
K11384	0
K11387	0.75
K11391	0
K11392	0
K11442	0
K11443	0
K11444	0
K11472	0.36
K11473	4.7
K11474	0
K11475	0
K11476	0
K11477	0
K11521	25.12
K11527	0
K11529	0
K11530	3.89
K11531	3.89
K11532	0
K11533	4.08
K11534	4.09
K11535	0
K11537	0.99
K11593	0
K11601	1.53
K11602	1.53
K11603	1.53
K11604	13.46
K11605	11.39
K11606	11.39
K11607	11.39
K11614	4.97
K11615	27.99
K11616	0
K11617	609.87
K11618	609.87
K11621	0
K11623	0
K11624	0
K11625	0
K11631	0
K11632	0
K11635	0.6
K11636	0.6
K11645	0
K11646	0
K11685	0
K11688	3.4
K11689	3.4
K11690	3.4
K11691	0
K11692	0
K11693	0
K11694	10.05
K11695	0.8
K11703	0
K11704	310.13
K11705	328.18
K11706	303.03
K11707	304.93
K11708	304.43
K11709	304.43
K11710	304.43
K11711	0
K11712	0
K11717	620.46
K11719	8.67
K11720	44.98
K11731	0.36
K11732	0
K11733	27.61
K11734	1.36
K11735	0.61
K11736	0
K11737	5.99
K11738	4.36
K11739	0
K11740	0
K11741	17.9
K11742	27.15
K11743	27.15
K11744	3.53
K11745	0
K11746	0
K11747	4.14
K11748	0.99
K11749	653.1
K11750	0
K11751	7.01
K11752	89.87
K11753	660.78
K11754	1089.47
K11755	56.16
K11779	0
K11782	11.95
K11783	0
K11784	34.32
K11785	33.32
K11787	0
K11788	5.47
K11811	0
K11839	0
K11890	0.72
K11891	2.45
K11892	2.81
K11893	2.45
K11894	0.17
K11895	2.17
K11896	3.17
K11897	1.72
K11898	0.64
K11900	2.45
K11901	2.45
K11902	1.72
K11903	2.37
K11904	10.91
K11905	0.73
K11906	2.09
K11907	2.45
K11909	0.17
K11910	0.73
K11911	0
K11912	0
K11913	0
K11914	0
K11915	0
K11916	0
K11917	0
K11918	0
K11919	0
K11921	0.44
K11922	0
K11923	0
K11924	0
K11925	0
K11926	0
K11927	5.84
K11928	52.56
K11929	0
K11930	0
K11931	4.46
K11932	0
K11933	0.17
K11934	0
K11935	0
K11936	16.99
K11937	0
K11938	0
K11939	5.77
K11940	0
K11941	0
K11942	0
K11953	0
K11956	0
K11958	0
K11959	0.56
K11960	0.56
K11961	0.56
K11962	0.56
K11963	0.56
K11991	625.62
K11996	15.44
K12049	0
K12050	0
K12053	0
K12055	4.24
K12056	4.33
K12057	0.2
K12058	0.2
K12059	0
K12060	0.2
K12061	0.2
K12062	0
K12063	0.2
K12064	0
K12065	0.2
K12066	0
K12067	0
K12068	0
K12069	0
K12070	0
K12071	0
K12072	0.2
K12078	0
K12079	0
K12080	0
K12081	0
K12082	0
K12083	0
K12084	0
K12085	0
K12097	0
K12111	1.75
K12112	0
K12113	0
K12136	4.7
K12137	4.7
K12138	5.37
K12139	4.78
K12140	8.39
K12141	10.46
K12142	2.39
K12143	2.39
K12144	2.39
K12145	2.39
K12146	0
K12147	0
K12148	0
K12149	0
K12151	0
K12152	3.38
K12203	0
K12204	0
K12206	0
K12209	0
K12213	0
K12214	0
K12234	0.8
K12238	0.36
K12239	0.36
K12240	0.36
K12241	0.36
K12242	0.36
K12243	0.36
K12246	0
K12247	5.32
K12248	1.47
K12251	334.94
K12252	0
K12254	0
K12255	0.36
K12256	0.64
K12257	1.99
K12262	2.5
K12264	0
K12265	0
K12266	0
K12267	472.92
K12268	47.81
K12269	47.81
K12270	45.81
K12276	0
K12278	0.81
K12279	0
K12280	0
K12281	0
K12282	0
K12283	0
K12284	0
K12285	0
K12286	0
K12287	0
K12288	0
K12289	0
K12290	0
K12291	0
K12292	35.69
K12293	35.69
K12294	25.76
K12295	32.89
K12296	468.34
K12297	8.06
K12299	0
K12308	347.74
K12339	0.36
K12340	4.7
K12343	9.63
K12349	0.33
K12368	10.26
K12369	6.03
K12370	6.03
K12371	6.03
K12372	6.03
K12373	370.48
K12405	0
K12410	222.48
K12428	0.75
K12437	1.03
K12448	0
K12452	2.51
K12453	0
K12454	0
K12472	3
K12500	0.25
K12503	5.61
K12506	33.52
K12507	0
K12508	0.64
K12509	6.04
K12510	19.3
K12511	14.94
K12512	6.04
K12513	6.07
K12514	6.07
K12515	6.07
K12516	0
K12517	0
K12518	0
K12519	0
K12520	0
K12521	0
K12522	0
K12523	0
K12524	10.16
K12525	0
K12527	0
K12528	0
K12529	0
K12531	0
K12536	0
K12537	0
K12538	0
K12541	2.35
K12542	2.35
K12543	2.07
K12545	0
K12551	0
K12552	0
K12553	0
K12554	467.54
K12555	609.87
K12556	457.15
K12573	663.05
K12574	1266.71
K12581	0
K12582	2.82
K12583	0.75
K12585	0
K12658	0.36
K12660	0.17
K12661	0
K12678	1.53
K12681	0
K12682	0
K12683	0
K12684	28.39
K12685	1.34
K12686	1.53
K12687	0
K12688	0.25
K12689	26.37
K12690	0.25
K12700	0
K12733	0
K12826	0
K12910	0
K12940	5.33
K12941	0.94
K12942	8.44
K12943	0
K12944	0
K12945	0
K12950	1
K12952	370.96
K12954	1
K12957	0
K12960	40.77
K12961	0
K12962	0
K12963	0
K12972	0.36
K12973	0
K12974	0
K12975	0
K12976	0
K12979	0.28
K12981	0
K12982	8.06
K12983	0
K12984	8.06
K12985	0
K12987	0
K12988	0
K12989	0
K12990	19.9
K12991	0
K12992	1.47
K12993	0
K12994	0.08
K12995	0
K12996	430.66
K12997	429.94
K12998	84.89
K12999	112.12
K13002	0
K13004	0
K13005	0
K13006	0
K13007	0.2
K13010	0.08
K13012	290.41
K13013	0
K13014	0
K13015	0
K13016	0.99
K13017	28.98
K13018	0.99
K13019	0
K13020	0
K13021	0
K13028	0
K13038	203.83
K13040	2.03
K13041	2.03
K13043	0
K13049	0
K13051	1.5
K13052	585.72
K13053	0
K13057	2.53
K13058	0
K13059	0.8
K13060	0
K13061	1
K13063	0
K13069	0
K13075	0
K13085	0
K13238	0
K13243	0
K13244	0
K13245	0
K13252	11.53
K13255	0.36
K13256	12.83
K13275	0.32
K13277	0
K13280	1.95
K13281	152.72
K13282	0
K13283	32.48
K13284	0
K13285	0.28
K13286	0.36
K13287	0.36
K13288	14.28
K13292	681.31
K13301	0
K13378	4.53
K13381	0
K13408	2.31
K13409	2.38
K13421	0
K13450	0
K13472	0.28
K13478	0
K13479	0
K13480	0
K13481	0.36
K13482	0.36
K13483	0
K13485	0.36
K13486	0.36
K13487	0.36
K13488	0.36
K13489	0.36
K13490	0.36
K13491	6.42
K13497	40.89
K13498	14.94
K13500	1.5
K13503	0
K13522	0
K13525	0
K13527	6.81
K13529	0
K13530	9.63
K13531	6.72
K13540	0.5
K13541	0.36
K13542	3.07
K13543	0.36
K13546	0
K13566	0
K13570	6.81
K13571	13.62
K13572	2.98
K13573	5.08
K13574	0
K13580	1.11
K13581	0
K13582	0
K13583	0
K13584	0
K13585	0
K13586	0
K13587	0
K13588	0
K13589	0
K13590	0
K13591	0
K13592	0
K13593	0
K13598	0
K13599	0
K13607	0
K13609	0
K13611	0.36
K13612	2
K13613	0
K13614	4.08
K13620	0
K13622	0
K13623	0
K13626	34.03
K13628	8.67
K13629	0
K13630	0
K13631	0
K13632	0
K13633	0.36
K13634	8.67
K13635	0.36
K13636	0
K13637	4.71
K13638	0
K13639	0.08
K13640	38.93
K13641	0
K13643	8.67
K13650	0
K13651	1
K13652	1.7
K13653	27.91
K13654	0
K13655	1
K13657	0
K13660	0
K13662	0
K13663	0
K13665	0
K13668	3.08
K13670	0
K13671	7.69
K13677	576.47
K13678	31.65
K13683	0
K13684	0
K13686	0.75
K13687	0.75
K13688	0
K13689	19.92
K13693	0.75
K13694	5.96
K13695	33.14
K13701	0
K13714	0
K13727	12.67
K13730	0.99
K13732	1
K13734	6.88
K13735	0.33
K13740	0
K13741	0.36
K13743	0
K13745	5.29
K13747	337.67
K13766	0.36
K13767	0
K13770	0
K13771	2.3
K13774	0.36
K13775	0
K13776	0
K13777	0.36
K13778	0.36
K13779	0.36
K13787	5.61
K13788	47.04
K13789	636.05
K13790	0.36
K13794	0
K13795	3.33
K13796	3.33
K13810	0
K13815	0.2
K13816	0
K13818	1.97
K13819	33.32
K13820	2.07
K13821	39.07
K13829	2.53
K13832	0
K13853	0
K13873	0.08
K13874	0.36
K13875	0.08
K13876	0.08
K13877	0.08
K13886	0
K13888	39.4
K13889	0.36
K13890	0.36
K13891	0.36
K13892	0.36
K13893	0.36
K13894	0.36
K13895	0.36
K13896	0.36
K13918	0
K13919	0
K13920	0
K13921	0
K13922	0
K13923	0
K13924	0
K13925	7.1
K13926	4.65
K13927	4.68
K13928	0
K13929	0.36
K13930	0.36
K13931	0.36
K13932	0.36
K13933	0.36
K13934	0.36
K13935	0
K13936	0
K13938	0
K13940	35.43
K13950	2.08
K13953	446.79
K13954	0.36
K13955	1.75
K13963	2
K13979	31.16
K13990	1
K13991	0
K13992	0
K13993	152.15
K13995	0
K14026	0
K14028	0
K14029	0
K14048	0.53
K14051	0
K14052	0
K14053	0
K14054	0
K14055	3.17
K14056	0
K14057	0
K14058	33.8
K14059	3.26
K14060	0.36
K14061	0
K14062	0
K14063	0
K14064	0
K14067	0
K14080	0
K14083	0
K14084	0
K14086	0
K14087	0
K14088	0
K14089	0
K14090	0
K14091	0
K14105	0
K14136	0.75
K14138	0.32
K14145	0
K14153	0.84
K14155	622.47
K14159	0
K14160	0.36
K14161	3.94
K14162	3.94
K14166	0
K14170	199.16
K14187	26.11
K14188	455.47
K14189	9.63
K14194	0.5
K14205	22.09
K14257	0.64
K14259	0
K14260	466.65
K14261	33.32
K14266	0.36
K14267	1.36
K14268	0
K14287	0.36
K14333	0
K14335	0
K14337	0.75
K14338	0
K14339	0.75
K14340	0
K14347	3.44
K14348	0
K14358	0
K14392	9.06
K14393	4.73
K14414	0
K14415	0.08
K14441	11.73
K14445	21.11
K14446	0
K14447	0
K14448	0
K14449	0.2
K14470	0
K14472	0
K14475	4.01
K14519	0.8
K14534	1.29
K14540	611.44
K14578	0
K14581	0
K14585	0
K14587	0
K14588	0
K14591	0
K14597	0
K14623	1.01
K14645	2.96
K14652	90.35
K14654	0
K14665	0.3
K14666	0
K14682	4.96
K14683	0.25
K14698	1
K14699	0
K14727	0
K14742	167.11
K14743	0.75
K14744	0
K14745	20.05
K14750	0
K14761	6.84
K14762	0
K14835	0
K14940	0
K14941	0
K14949	0.75
K14956	0
K14974	0
K14977	0.17
K14978	0
K14979	0.28
K14980	0
K14981	0
K14982	457.15
K14983	457.15
K14986	0
K14987	0
K14988	0.3
K14989	0.3
K14998	0
K15011	0.36
K15012	0.36
K15016	4.75
K15022	0
K15023	0.32
K15024	0.32
K15034	0.36
K15051	904.49
K15054	0
K15060	0
K15065	0
K15067	0
K15125	16.12
K15126	0
K15228	0
K15229	0
K15232	0
K15255	4
K15256	39.67
K15257	43.45
K15268	0.36
K15269	2
K15270	0
K15311	0.36
K15312	0.36
K15313	0.36
K15328	0
K15329	0.36
K15331	0
K15337	0.36
K15342	291.04
K15344	0
K15345	0
K15346	0
K15347	0
K15350	0
K15351	0
K15352	0
K15353	0
K15354	0
K15357	0
K15366	0
K15367	0
K15368	0
K15371	1.53
K15372	0
K15373	0
K15383	304.51
K15396	5.99
K15408	0.28
K15460	10.37
K15461	42.8
K15469	0
K15470	0
K15471	0
K15495	0
K15497	0
K15509	0
K15511	0
K15512	0
K15513	0
K15514	0
K15515	0
K15518	0
K15519	0
K15520	2.08
K15521	2.08
K15524	0.6
K15525	2.08
K15526	2.08
K15527	0
K15531	5.12
K15532	0
K15533	2
K15534	0
K15536	4.35
K15538	0
K15539	8.42
K15540	0.36
K15545	6.91
K15546	0
K15547	0
K15548	0
K15549	0
K15550	0
K15551	146.36
K15552	146.36
K15553	5.69
K15554	5.33
K15555	7.33
K15576	0.36
K15577	0
K15578	0
K15579	0
K15580	781.95
K15581	340.28
K15582	341.29
K15583	350.26
K15584	22.22
K15585	19.83
K15586	19.83
K15587	21.33
K15598	2.85
K15599	2.85
K15600	2.85
K15629	4.97
K15632	0
K15633	188.36
K15634	1606.49
K15635	0
K15640	0
K15650	0.64
K15654	0
K15667	0
K15669	25.8
K15674	0
K15675	0
K15676	0
K15677	0
K15678	0
K15679	0
K15721	0
K15722	0
K15723	0
K15724	6.6
K15725	0.36
K15726	0.36
K15727	0.36
K15733	1.95
K15734	0.2
K15735	0
K15736	0
K15737	0
K15738	657.06
K15739	0
K15746	0
K15765	0
K15770	628.68
K15771	972
K15772	628.4
K15773	0.68
K15777	0.73
K15778	34.13
K15780	172.52
K15781	0
K15782	0
K15783	0
K15784	0
K15785	0
K15786	0
K15790	0.2
K15792	0
K15827	0
K15828	0
K15829	0
K15830	0
K15831	3.33
K15832	0
K15833	0
K15834	5.64
K15835	6.28
K15836	0
K15852	0.28
K15855	0
K15856	0
K15857	0
K15860	2
K15861	0
K15862	28.03
K15864	0
K15866	304.87
K15868	0
K15873	0
K15876	33.63
K15878	0
K15879	0
K15894	33.31
K15895	32.31
K15896	31.65
K15897	28.98
K15898	36.31
K15899	25.65
K15907	0
K15910	25.03
K15912	24.34
K15913	29.12
K15914	33.12
K15915	33.12
K15918	0
K15921	0
K15922	0
K15923	32.65
K15924	0
K15973	154.42
K15974	0
K15975	617.48
K15976	0
K15977	24.68
K15982	0
K15983	0
K15984	8.31
K15986	611.39
K15987	1.2
K16011	1.28
K16012	50.27
K16013	50.27
K16014	2.33
K16017	0
K16041	0
K16042	0
K16043	0
K16044	0
K16047	0
K16048	0
K16049	0
K16050	0
K16051	0
K16052	33.32
K16053	1
K16055	0
K16066	4.6
K16074	0.48
K16076	0
K16077	0
K16078	0
K16079	0
K16080	0
K16081	0
K16087	93.62
K16088	8.03
K16089	57.94
K16090	0.36
K16091	0
K16092	4.22
K16095	0
K16118	0
K16124	0
K16135	0.36
K16136	0
K16137	6.72
K16139	0
K16140	0
K16146	1.25
K16147	4.56
K16148	4.28
K16149	0
K16150	0
K16152	0
K16153	0
K16163	0
K16164	2.08
K16165	0.36
K16167	0
K16168	0
K16169	159.45
K16171	0.36
K16180	0
K16181	0
K16182	0
K16188	0
K16199	0
K16200	0
K16201	0
K16202	0
K16203	0.68
K16209	13.14
K16210	9.63
K16211	3.78
K16212	0
K16213	1.75
K16214	321.92
K16215	0.28
K16216	0.2
K16234	1.69
K16235	319.91
K16236	0.5
K16237	1.25
K16238	0.56
K16242	0.2
K16243	0.2
K16244	0.2
K16245	0.2
K16246	0.2
K16248	0
K16249	0.2
K16254	0
K16255	0
K16256	0
K16257	0
K16258	0
K16259	0
K16263	0.36
K16264	642.97
K16267	0
K16291	0
K16293	2.98
K16294	2.98
K16299	2.66
K16300	2.66
K16301	7.57
K16318	0
K16319	0.36
K16320	0.36
K16321	0
K16322	0
K16323	1
K16324	0
K16325	0
K16326	0
K16328	0
K16329	0.17
K16331	0
K16345	3.1
K16346	0.17
K16347	0.5
K16348	1.53
K16363	1.99
K16370	0.66
K16371	2.58
K16422	0
K16423	0
K16435	0
K16509	1016.25
K16511	597.77
K16514	0
K16515	0
K16516	0
K16563	0
K16619	0
K16623	0
K16624	0
K16625	0
K16626	0
K16628	0
K16636	0
K16637	0
K16647	0.75
K16648	0.75
K16649	0.75
K16650	2.08
K16651	1.32
K16652	0.75
K16653	0.75
K16692	2.75
K16693	0.97
K16694	0
K16695	0
K16698	0.32
K16703	0
K16704	2.82
K16705	0.2
K16710	0
K16711	0
K16712	0
K16713	0
K16783	2.08
K16784	2.08
K16785	2066.95
K16786	612.39
K16787	1751.71
K16788	626.92
K16789	570.88
K16792	0
K16793	0
K16839	0
K16840	0
K16841	0.56
K16842	0
K16843	0
K16844	0
K16845	0
K16846	0
K16849	8.69
K16850	11.35
K16856	0.36
K16868	358.21
K16869	152.72
K16870	5.61
K16871	0
K16872	0
K16873	0
K16874	0
K16875	0
K16876	0
K16877	0
K16878	0
K16879	0
K16880	0
K16881	0
K16885	0
K16886	0
K16887	0
K16898	611.19
K16899	611.19
K16905	0.3
K16906	0.3
K16907	0.6
K16913	0
K16915	11.7
K16917	0
K16920	0.28
K16922	4.73
K16923	28.48
K16924	457.38
K16925	61.6
K16926	426.76
K16927	0
K16937	2.53
K16950	0.32
K16951	0.32
K16957	15.3
K16958	8.2
K16959	57.86
K16960	109.44
K16961	0.34
K16962	0.34
K16963	8.62
K16968	0
K16969	0
K17060	0
K17061	0
K17073	146.2
K17074	598.69
K17076	593.72
K17103	38.92
K17195	5.47
K17202	0
K17203	0
K17204	0
K17205	0.28
K17206	0.28
K17207	0.28
K17208	0.67
K17209	0.67
K17210	0.67
K17213	9.58
K17214	2.22
K17215	2.22
K17216	6.72
K17217	6.72
K17218	3.9
K17222	0.2
K17223	0.2
K17224	0.2
K17225	0.2
K17226	0.2
K17227	0.2
K17228	0.36
K17229	0.2
K17230	0.2
K17234	0
K17235	0
K17236	0
K17241	0
K17242	0
K17243	0
K17244	0
K17245	0
K17246	0
K17247	32.39
K17248	35.78
K17249	38.76
K17250	28.65
K17251	35.43
K17285	0
K17310	0
K17315	3.09
K17316	3.09
K17317	3.09
K17318	889.72
K17319	884.6
K17320	889.57
K17321	0
K17322	0
K17323	0
K17324	0
K17325	0
K17329	0
K17330	0
K17331	0
K17363	0
K17364	0
K17462	6.72
K17463	0
K17464	0.3
K17465	0.3
K17466	5.27
K17467	5.27
K17468	0
K17472	0
K17473	0
K17489	0.75
K17490	0
K17624	32.45
K17640	0
K17662	0
K17675	0.2
K17680	0
K17686	696.27
K17713	0.36
K17716	1.5
K17722	0
K17723	0
K17733	0.36
K17734	0
K17735	0.36
K17736	0.36
K17737	0
K17752	0
K17754	0
K17759	149.31
K17762	0
K17763	0
K17810	159.16
K17828	509.51
K17829	0
K17830	0
K17835	0
K17836	2.11
K17837	0
K17838	17.91
K17850	0
K17865	0.2
K17869	0
K17883	2.08
K17892	0
K17893	0
K17898	0.32
K17899	0.32
K17910	0
K17938	34.62
K17947	1.28
K17948	5.24
K17950	0
K17989	0
K17992	0
K18000	0
K18003	0.28
K18005	0
K18006	0
K18007	0
K18008	0
K18009	0
K18011	0.99
K18012	0.99
K18013	0.99
K18014	0.99
K18015	0
K18028	0
K18029	0
K18030	0
K18067	0
K18068	0
K18069	0
K18070	0
K18072	0
K18073	0
K18093	0
K18094	0.36
K18095	0.36
K18096	0
K18098	0
K18100	0.64
K18101	0.36
K18104	326.21
K18118	3.91
K18119	1.29
K18120	1.29
K18121	0
K18122	2.28
K18123	0
K18129	0.36
K18130	0
K18131	0
K18132	0.25
K18133	0.25
K18135	0
K18136	3.69
K18138	42.19
K18139	34.93
K18140	0
K18141	0
K18142	0
K18143	0
K18144	0
K18145	0
K18146	0
K18148	0.3
K18149	6.74
K18151	0
K18153	2
K18195	0
K18197	0
K18199	2.67
K18205	0
K18206	0
K18209	0
K18210	0
K18214	0
K18216	311.31
K18217	316
K18220	316.9
K18221	0
K18230	1.95
K18231	309.11
K18234	1.82
K18235	0
K18236	0
K18242	0
K18243	0
K18248	0.56
K18249	0.36
K18257	0
K18277	0
K18282	0
K18284	33.32
K18285	35.32
K18288	0.28
K18289	0
K18290	0.28
K18291	0
K18292	0.53
K18294	0
K18295	0
K18296	0
K18297	0
K18298	0
K18299	0
K18300	0
K18301	0
K18302	0
K18303	1
K18304	0
K18305	0
K18306	0.36
K18307	0.36
K18308	0
K18320	0.5
K18324	0
K18325	0
K18326	0
K18330	0
K18331	0
K18332	0
K18333	11.11
K18334	0
K18335	0.36
K18336	0.36
K18337	0
K18344	3.32
K18345	0
K18346	0.99
K18348	0
K18349	0.3
K18350	0.3
K18351	1.53
K18352	2.53
K18353	0
K18364	0.2
K18365	0.2
K18366	0.2
K18369	53.13
K18373	1
K18374	0.64
K18376	0
K18379	0.36
K18381	0.64
K18383	0.28
K18384	0
K18427	0.3
K18428	0.3
K18429	25.72
K18430	25.72
K18431	25.72
K18445	0
K18446	0
K18455	2.88
K18456	0
K18459	0
K18471	0
K18473	0
K18474	144.51
K18475	0.08
K18476	0
K18478	0
K18479	2.93
K18480	31.02
K18530	0
K18531	0
K18540	0
K18541	0.36
K18545	0
K18552	0
K18554	0
K18567	0
K18574	0.99
K18575	0
K18581	110.17
K18586	0
K18587	0
K18588	0
K18590	0
K18611	0
K18640	0
K18650	0
K18652	0
K18654	1.5
K18657	0
K18660	0
K18661	0
K18672	611.19
K18673	0
K18675	0
K18676	0.36
K18677	0
K18678	0
K18682	646.5
K18691	11.12
K18692	609.87
K18697	0
K18698	0
K18699	0
K18700	0
K18701	0.5
K18702	0
K18704	9.63
K18707	3.31
K18765	0
K18766	0
K18775	0.36
K18778	0.36
K18782	0
K18783	0
K18785	1
K18800	4.52
K18814	1
K18815	295.41
K18816	8.95
K18820	0
K18824	0
K18828	3.14
K18829	5.21
K18830	320.92
K18831	0
K18833	0
K18837	0
K18838	0
K18841	2.72
K18842	0.5
K18843	0.65
K18845	0
K18846	0
K18850	10.49
K18851	0.5
K18856	0
K18862	0
K18866	0
K18887	564.44
K18888	563.44
K18889	0
K18890	0
K18891	424.9
K18892	423.06
K18893	6.16
K18895	0
K18898	0
K18899	0
K18900	0.36
K18901	0.36
K18902	0.36
K18903	0.36
K18906	0
K18907	0
K18908	0
K18910	0
K18916	0
K18917	0.75
K18918	5.19
K18919	0
K18920	0
K18921	0
K18922	0
K18923	2.37
K18924	32.31
K18925	32.31
K18926	0.75
K18928	52.53
K18929	52.34
K18930	10.12
K18933	0
K18934	0
K18935	0
K18936	0
K18939	0
K18940	0
K18941	0
K18954	0
K18955	19.28
K18966	0
K18967	4.97
K18968	0
K18979	559.56
K18981	152.8
K18982	0.08
K18983	0
K18984	0
K18986	306.75
K18987	306.75
K18988	0
K18991	7.02
K18992	33.12
K18997	2.39
K19000	0.2
K19002	609.87
K19005	609.45
K19033	0
K19046	1.53
K19047	0
K19048	0
K19049	0
K19050	0
K19051	0
K19052	0
K19055	354.59
K19056	0
K19058	4.97
K19062	6.72
K19068	1.5
K19070	0
K19071	0
K19072	0
K19075	0.5
K19076	0
K19077	0
K19078	0
K19081	0
K19082	0
K19083	0
K19084	0
K19088	0.5
K19090	0.5
K19091	7.29
K19092	0.67
K19097	0
K19110	0.28
K19113	0
K19114	5.64
K19115	5.64
K19116	5.64
K19117	11.09
K19118	9.24
K19119	9.09
K19123	1.53
K19124	2.58
K19125	2.83
K19126	2.83
K19127	1.53
K19128	1.53
K19129	1.53
K19130	1.53
K19131	1.58
K19132	1.58
K19133	0.58
K19134	0
K19137	30.38
K19138	2.35
K19139	2.35
K19140	2.35
K19141	0.01
K19142	0.01
K19145	0
K19147	324.19
K19148	0
K19155	0
K19156	0
K19157	20.62
K19158	334.94
K19159	332.74
K19160	0
K19161	0
K19162	0
K19163	0
K19164	0
K19165	3.8
K19166	0
K19167	1.32
K19168	0.25
K19169	0
K19170	0
K19171	0
K19172	0
K19173	1.75
K19174	1.75
K19175	1.75
K19180	1
K19181	0
K19187	0
K19190	0
K19191	0
K19200	0
K19209	0.08
K19212	9.71
K19216	0
K19219	0
K19221	2.86
K19222	0.2
K19223	0
K19224	0
K19225	168.41
K19226	12.2
K19227	8.06
K19228	8.06
K19229	5.99
K19230	10.13
K19231	0
K19234	0
K19235	0
K19236	0.4
K19237	5.91
K19238	0
K19239	1.47
K19240	1
K19242	0
K19244	146
K19246	0
K19265	12.49
K19267	24.71
K19268	0.2
K19270	0
K19271	0.65
K19272	0
K19276	0
K19285	4.75
K19286	1.2
K19290	0
K19291	0
K19292	0
K19293	0
K19294	0.64
K19295	0
K19296	0
K19299	0
K19300	0
K19302	616
K19303	0
K19304	0
K19309	0.62
K19310	0.62
K19311	0.8
K19314	0
K19332	1
K19333	0
K19334	0
K19335	0
K19336	0
K19337	0.61
K19338	0
K19339	0.61
K19340	0.61
K19341	0.36
K19342	1.42
K19344	0
K19345	0
K19349	4.97
K19350	11.13
K19353	8.36
K19354	0
K19355	1
K19405	1.32
K19411	1.32
K19413	0
K19416	41.99
K19419	0
K19422	1.75
K19423	0
K19424	0
K19425	0
K19426	0
K19427	0
K19429	0
K19430	6.72
K19431	2.39
K19504	5.12
K19505	0.3
K19506	0.3
K19507	0.6
K19508	7.4
K19509	0.3
K19510	0
K19519	0
K19540	0
K19545	0
K19548	1.75
K19555	0
K19556	0
K19572	0
K19575	0
K19576	0
K19577	6.67
K19578	0
K19585	0
K19586	0
K19587	0
K19591	0
K19592	0
K19593	0
K19594	0
K19595	0
K19597	0
K19609	0
K19610	0
K19611	4.29
K19620	0
K19621	0
K19622	0
K19623	0
K19624	0
K19633	0
K19640	0
K19641	0
K19661	0
K19666	0.64
K19667	0
K19668	0.2
K19670	0.36
K19686	0
K19688	0
K19689	590.5
K19696	0
K19697	0
K19701	0
K19707	0
K19709	0
K19710	4.81
K19711	0
K19713	34.96
K19714	0.67
K19715	0
K19723	0
K19725	0
K19726	0
K19727	0
K19731	0.36
K19736	0
K19741	0
K19743	0.36
K19744	0
K19745	0.5
K19746	0
K19775	0
K19776	0.25
K19777	0
K19778	0
K19780	0
K19784	9.13
K19789	0
