function.	air_10
K00001	270.36
K00002	0
K00003	340.54
K00004	109.87
K00005	149
K00007	7.33
K00008	160.23
K00009	207.4
K00010	320.26
K00011	0
K00012	234.88
K00013	376.1
K00014	695.07
K00015	73.95
K00016	424.25
K00018	73.53
K00019	19.28
K00020	308.52
K00021	8.32
K00023	3.85
K00024	251.36
K00025	0.25
K00027	309.2
K00028	0.4
K00029	141.24
K00030	0
K00031	397.35
K00032	0.78
K00033	397.79
K00034	2.94
K00035	0.38
K00036	410.29
K00038	76.3
K00039	7.08
K00040	179.51
K00041	24.08
K00042	109.41
K00043	2.33
K00045	84.58
K00046	96.99
K00048	59.84
K00050	13.9
K00052	406.08
K00053	397.16
K00054	94.99
K00055	80.12
K00057	400.29
K00058	341.01
K00059	659
K00060	60.63
K00064	1.38
K00065	83.45
K00066	0.95
K00067	147.58
K00068	77.23
K00073	47.65
K00074	147.64
K00075	401.03
K00076	7.68
K00077	468.67
K00078	0
K00082	49.09
K00086	5.95
K00087	16
K00088	713.52
K00090	63.99
K00091	1.81
K00094	44.1
K00096	2.5
K00097	200.17
K00098	83.66
K00099	304.82
K00100	47.02
K00101	313
K00102	4.88
K00104	31.23
K00105	4
K00106	0
K00108	200.31
K00111	378.53
K00112	61.88
K00113	61.88
K00114	1.08
K00116	454.98
K00117	66.85
K00118	1.05
K00121	110.02
K00122	85.89
K00123	367.56
K00124	77.69
K00126	1.2
K00127	65.36
K00128	382.6
K00130	280.58
K00131	4.74
K00132	0
K00133	401.88
K00134	759.65
K00135	751.4
K00137	64.33
K00138	227.43
K00140	118.64
K00141	3.71
K00145	379.65
K00146	134
K00147	310.21
K00148	1.03
K00150	0
K00151	55.87
K00153	101.09
K00154	1.42
K00156	228.56
K00158	96.08
K00161	132.81
K00162	132.81
K00163	303.47
K00164	320.56
K00166	92.13
K00167	92.13
K00169	0.65
K00170	0
K00171	0
K00172	0.65
K00174	91.71
K00175	91.71
K00176	0
K00177	0
K00179	1.33
K00180	1.33
K00184	0.2
K00185	0.2
K00194	0
K00196	0
K00197	0
K00198	0
K00200	0
K00201	0
K00202	0
K00208	232.22
K00209	9.3
K00210	71.5
K00214	0
K00215	399.54
K00216	66.23
K00217	150.96
K00218	0
K00219	38.97
K00220	1.83
K00221	0
K00226	98.16
K00227	0
K00228	64.21
K00230	60.25
K00231	258.14
K00232	12.66
K00239	394.83
K00240	394.58
K00241	394.58
K00242	136.96
K00243	96.74
K00244	92.06
K00245	60.55
K00246	60.55
K00247	60.55
K00248	5.93
K00249	49.71
K00252	180.21
K00253	4.58
K00254	314.47
K00255	0.3
K00256	0.25
K00257	198.34
K00259	259.37
K00260	163.6
K00261	57.81
K00262	305.64
K00263	5.88
K00265	249.93
K00266	246.04
K00270	0
K00271	0
K00273	7.92
K00274	2.81
K00275	150.29
K00276	13.4
K00278	152.52
K00280	0
K00281	233.61
K00282	91.21
K00283	91.21
K00284	0
K00285	230.66
K00286	406.71
K00287	398.83
K00288	0
K00290	4.58
K00293	0
K00294	92.58
K00297	309.12
K00298	0.2
K00299	324.55
K00301	76
K00302	1.25
K00303	4.1
K00304	1.2
K00305	1.2
K00311	81.13
K00313	89.47
K00314	0
K00315	0
K00316	0.61
K00317	2.33
K00318	91.78
K00320	0
K00322	60.3
K00324	156.42
K00325	149.4
K00326	0.14
K00329	0
K00330	138.88
K00331	138.27
K00332	78.11
K00333	78.11
K00334	138.27
K00335	142.19
K00336	141.94
K00337	138.27
K00338	138.27
K00339	138.27
K00340	138.27
K00341	141.94
K00342	138.27
K00343	138.27
K00344	156.78
K00346	80.75
K00347	80.75
K00348	90.2
K00349	80.75
K00350	81
K00351	80.75
K00354	0
K00355	11.99
K00356	4.16
K00360	0.25
K00362	170.86
K00363	160.95
K00364	155.17
K00365	1.59
K00366	0
K00367	0
K00368	186
K00370	299.18
K00371	295.75
K00372	17.65
K00373	219.99
K00374	291.83
K00375	350.06
K00376	2.36
K00380	230.6
K00381	156.51
K00382	841.11
K00383	74.2
K00384	651.62
K00385	36.3
K00387	0
K00389	154.65
K00390	259.24
K00392	104.59
K00394	0
K00395	0
K00404	80.66
K00405	79.44
K00406	77.51
K00407	76.97
K00410	8.32
K00411	84.65
K00412	85.26
K00413	76.33
K00423	0
K00425	415.69
K00426	426.26
K00427	59.63
K00428	50.17
K00432	463.34
K00433	10.97
K00435	0.25
K00436	0.33
K00441	0
K00446	78.2
K00448	97.93
K00449	105.6
K00450	128.7
K00451	4.39
K00452	0
K00453	7.77
K00455	51.54
K00456	0
K00457	87.27
K00459	349.41
K00462	0
K00464	0
K00466	2.92
K00467	0
K00471	0
K00472	3.74
K00476	0
K00477	2.33
K00479	8.95
K00480	130.34
K00481	98.68
K00483	58.58
K00484	123.25
K00486	0
K00491	91.05
K00493	0
K00496	9.39
K00499	0.25
K00500	4.19
K00504	0
K00505	4.66
K00507	4.16
K00508	82.33
K00510	160.13
K00514	0
K00517	81.98
K00518	0
K00520	77.18
K00523	112.05
K00525	476.65
K00526	538.7
K00527	237.68
K00528	457.29
K00529	92.4
K00531	0
K00532	0
K00533	0
K00534	0
K00537	411.85
K00543	0
K00544	0
K00547	118.87
K00548	215.37
K00549	456.86
K00554	400.29
K00556	61.58
K00557	134.22
K00558	536.94
K00560	398.78
K00561	0.83
K00563	231.44
K00564	142.59
K00566	400.29
K00567	403.08
K00568	139.74
K00569	0.92
K00570	0
K00571	254.31
K00573	143.61
K00574	350.41
K00575	60.31
K00577	0
K00584	0
K00587	0
K00588	1
K00590	0.17
K00594	0.25
K00595	147.19
K00596	0.25
K00598	25.81
K00600	434.48
K00602	400.29
K00603	0.66
K00604	406.03
K00605	318.28
K00606	316.1
K00608	0
K00609	399.12
K00610	131.46
K00611	505.5
K00612	5.86
K00613	0
K00615	588.75
K00616	462.39
K00619	4.91
K00620	318.28
K00621	0.61
K00624	0.4
K00625	103.17
K00626	459.14
K00627	273.86
K00631	61.33
K00632	202.04
K00633	8.87
K00634	17.26
K00635	0
K00638	1.94
K00639	151.99
K00640	402.86
K00641	418.43
K00643	0.83
K00645	236.6
K00646	0
K00647	85.53
K00648	234.56
K00651	66.45
K00652	303.84
K00655	482.15
K00656	381.53
K00657	152.64
K00658	395
K00661	174.4
K00662	1.67
K00663	2.28
K00666	474.58
K00672	0
K00673	68.85
K00674	526.48
K00675	56.73
K00677	136.25
K00680	314.49
K00681	324.3
K00683	75.6
K00684	138.41
K00685	4.58
K00686	0
K00687	76.09
K00688	287.98
K00689	0.32
K00690	19.41
K00691	72.2
K00692	0.25
K00693	0
K00694	76.33
K00695	0
K00696	0
K00697	228.55
K00698	0
K00700	237.07
K00701	0
K00702	0
K00703	78.72
K00705	229.86
K00709	0
K00712	178.53
K00713	0
K00720	0
K00721	169.4
K00728	0
K00737	0
K00745	0
K00748	139.92
K00752	0.2
K00754	226.73
K00756	97.31
K00757	94.13
K00758	138.63
K00759	400.71
K00760	399.16
K00761	401.54
K00762	400.09
K00763	399.32
K00764	400.29
K00765	376.1
K00766	340.11
K00767	241.81
K00768	238.3
K00769	60.6
K00772	1.75
K00773	400.29
K00782	177.07
K00783	234.7
K00784	163.29
K00785	80.37
K00786	1.7
K00788	365.53
K00789	401.82
K00790	498.82
K00791	400.29
K00793	398.31
K00794	399.77
K00795	136.57
K00796	554.8
K00797	215.5
K00798	152.61
K00799	286.47
K00800	404.96
K00801	0.14
K00803	12.87
K00805	257.05
K00806	399.29
K00808	0
K00809	0.7
K00812	9.67
K00813	132.3
K00817	702.68
K00818	170.5
K00819	148.69
K00820	402.2
K00821	143.25
K00822	4.36
K00823	117.65
K00824	93.29
K00826	399.52
K00830	1.25
K00831	304.91
K00832	139.85
K00833	364.36
K00835	131.13
K00836	13.15
K00839	7.25
K00840	76.74
K00841	97.04
K00842	0.33
K00844	0
K00845	545.59
K00847	234.66
K00848	63.88
K00849	259.09
K00850	330.86
K00851	495.45
K00852	463.3
K00853	141.82
K00854	189.8
K00855	59.38
K00856	2.58
K00857	162.54
K00858	399.29
K00859	400.29
K00860	84.74
K00862	0
K00863	20
K00864	351.21
K00865	709.86
K00867	233.1
K00868	462.68
K00869	103.06
K00870	0
K00872	321.96
K00873	555.26
K00874	101.98
K00875	0
K00876	162.29
K00878	249.36
K00879	60.14
K00880	53.63
K00881	2.56
K00882	400.64
K00883	35.49
K00884	72.04
K00885	54.43
K00886	166.26
K00887	25.11
K00891	447.76
K00892	69.66
K00895	1.5
K00897	2.95
K00899	7.41
K00901	208.9
K00906	68.27
K00912	137.11
K00917	96.28
K00918	0
K00919	394.89
K00924	7.93
K00925	470.7
K00926	277.45
K00927	400.29
K00928	485.31
K00929	1.89
K00930	383.04
K00931	310.38
K00932	60.51
K00936	234.32
K00937	159.19
K00938	102.86
K00939	400.54
K00940	399.76
K00941	273.7
K00942	399.62
K00943	396.67
K00945	397.73
K00946	303.67
K00947	0
K00948	410.44
K00949	96.82
K00950	395.28
K00951	407.07
K00952	0
K00954	400.29
K00955	1.61
K00956	236.93
K00957	238.54
K00958	20.45
K00960	0
K00962	400.29
K00963	598.22
K00965	154.25
K00966	164.51
K00968	0.29
K00969	468.25
K00970	303.47
K00971	107.17
K00972	70.18
K00973	416.8
K00974	233.67
K00975	239.99
K00978	37.05
K00979	136.63
K00980	95.54
K00981	408.99
K00982	312.22
K00983	70.36
K00984	44.62
K00986	0.5
K00988	0
K00989	303.22
K00990	291.64
K00991	441.3
K00992	76.33
K00995	558.18
K00996	43.03
K00997	397.27
K00998	57.05
K00999	0
K01000	400.29
K01002	75.79
K01003	0.78
K01004	0.61
K01006	24.83
K01007	295.41
K01008	66.32
K01011	530
K01012	451.39
K01014	0
K01015	0.33
K01023	72.6
K01026	8.28
K01027	1
K01028	185.82
K01029	112
K01031	18.73
K01032	13.59
K01034	14.95
K01035	14.95
K01039	0.99
K01040	0.99
K01042	121.94
K01046	375.41
K01048	60.42
K01051	62.21
K01053	11.43
K01055	122.54
K01056	563.4
K01057	242.79
K01058	118.77
K01060	3.81
K01061	94.8
K01066	447.11
K01067	0.25
K01069	218.53
K01070	144.15
K01071	5.91
K01073	0.61
K01075	5.08
K01077	215.69
K01078	2.33
K01079	305.88
K01081	193.71
K01082	284.62
K01083	0.7
K01085	59.72
K01086	0
K01087	236.55
K01089	60.25
K01090	228.96
K01091	463.47
K01092	716.63
K01093	28.47
K01095	136.05
K01096	60.55
K01101	4.16
K01104	744.669999999999
K01113	113.29
K01114	92.64
K01115	0
K01117	0
K01118	161.93
K01119	66.94
K01120	0
K01121	0
K01126	858.05
K01128	0
K01129	233.61
K01130	102.91
K01133	0.78
K01135	0
K01137	0
K01138	18.72
K01139	134.03
K01141	64.3
K01142	560.5
K01143	32.63
K01144	0.05
K01146	59.38
K01147	136.13
K01150	60.16
K01151	152.22
K01153	429.73
K01154	449.42
K01155	154.24
K01156	232.59
K01158	0
K01159	305
K01160	114.85
K01163	0
K01166	1.34
K01167	4.08
K01169	59.38
K01173	4.77
K01174	160.64
K01175	60.55
K01176	128.65
K01178	0
K01179	80.84
K01181	1.33
K01182	0
K01183	89.42
K01184	2.33
K01185	131.99
K01186	149.86
K01187	187.28
K01190	41.32
K01191	3.84
K01192	0.52
K01193	335.94
K01194	125.57
K01195	9.57
K01197	0
K01198	22.04
K01200	56.32
K01201	0.25
K01205	0.2
K01206	4.82
K01207	308.31
K01208	74.6
K01209	2.2
K01210	0
K01212	0.83
K01215	4.36
K01216	0
K01218	0.16
K01219	0
K01220	98.05
K01222	88.06
K01223	452.03
K01224	8.99
K01226	152.72
K01227	4.05
K01230	0
K01232	25
K01233	0.75
K01235	1
K01236	90.09
K01239	497.13
K01240	0
K01241	217.4
K01243	332.49
K01246	473.67
K01247	67.74
K01250	129.56
K01251	176.21
K01252	62.56
K01253	0.05
K01255	411.13
K01256	314.76
K01258	246.09
K01259	291.54
K01261	95.29
K01262	241.15
K01263	0
K01264	0.61
K01265	575.26
K01266	2.94
K01267	166.51
K01269	0
K01270	61.41
K01271	283.6
K01273	10.26
K01274	81.35
K01277	0
K01278	1.48
K01281	5.91
K01283	0.5
K01284	227.23
K01286	77.6
K01295	9.05
K01297	136.22
K01299	16.98
K01301	0
K01303	0
K01304	119.34
K01305	53.63
K01308	0
K01318	143.85
K01322	225.26
K01325	0
K01338	141.33
K01342	0
K01347	246.99
K01350	0
K01354	232.12
K01355	3.39
K01356	325.87
K01358	567.89
K01361	0.31
K01372	149.43
K01387	0.25
K01389	0
K01390	3.25
K01392	0.25
K01399	0.61
K01400	0
K01401	73.67
K01406	0.61
K01407	64.01
K01409	403.22
K01414	142.52
K01415	0.25
K01416	0
K01417	0
K01419	155.51
K01420	227.02
K01421	297.53
K01424	560.35
K01425	175.44
K01426	99.37
K01427	8.32
K01428	270.33
K01429	258.36
K01430	258.76
K01432	2.3
K01433	155.38
K01434	5.92
K01436	201.45
K01437	0
K01438	86.68
K01439	498.03
K01442	141.79
K01443	317.08
K01444	0.2
K01446	70.58
K01447	2.22
K01448	613.59
K01449	2
K01451	304.97
K01452	0
K01453	2.83
K01455	4.35
K01457	2.63
K01458	1
K01459	0
K01460	54.24
K01461	0
K01462	666.71
K01464	18.16
K01465	464.96
K01466	52.82
K01467	15.12
K01468	135.75
K01469	0.5
K01470	16.42
K01471	0
K01473	79.6
K01474	79.6
K01476	83.04
K01477	10.86
K01478	144.45
K01479	141.71
K01480	136.71
K01482	1.74
K01483	14.71
K01484	68.07
K01485	145.24
K01486	24.08
K01487	31.5
K01488	105.17
K01489	234.84
K01491	401.71
K01492	0
K01493	99.32
K01494	301.72
K01495	238.86
K01496	246.32
K01497	134.29
K01499	0
K01501	75.19
K01502	2.33
K01505	3.11
K01507	321.81
K01512	327.41
K01515	400.13
K01518	0
K01520	381.32
K01521	63.05
K01523	241.58
K01524	559.31
K01525	136.05
K01531	107.34
K01533	114.19
K01534	157.58
K01535	0
K01537	15.74
K01539	0
K01545	3.84
K01546	156.58
K01547	152.91
K01548	152.91
K01551	24.69
K01555	4.14
K01556	5.19
K01560	80.12
K01561	10.78
K01563	0.83
K01567	0
K01568	0.5
K01569	0
K01571	131.25
K01572	54.71
K01573	46.21
K01574	2.47
K01575	261.74
K01576	0.86
K01577	7.68
K01578	0.25
K01579	298.85
K01580	24.98
K01581	133.95
K01582	182.2
K01583	3.25
K01584	56.16
K01585	133.02
K01586	670.26
K01588	400.29
K01589	400.46
K01590	1.13
K01591	400.09
K01593	0.17
K01594	0
K01595	305.07
K01596	166.92
K01597	103.06
K01598	5.91
K01599	397.33
K01601	0
K01602	0
K01607	301.2
K01608	47.59
K01609	339.44
K01610	166.21
K01611	64.57
K01613	139.5
K01615	0.33
K01616	163.84
K01617	1.5
K01619	463.43
K01620	164.04
K01621	2.26
K01622	0
K01623	91.94
K01624	423.11
K01625	237.74
K01626	523.57
K01627	137.08
K01628	64.75
K01629	27
K01630	59.38
K01631	35.49
K01633	394.64
K01635	113.76
K01637	229.09
K01638	163.41
K01639	222.11
K01640	89.76
K01641	103.06
K01643	94.2
K01644	305.79
K01646	90.53
K01647	411.46
K01649	484
K01652	651.22
K01653	386.36
K01654	69.82
K01655	1
K01657	394.68
K01658	398.39
K01659	293.8
K01661	317.92
K01662	305.38
K01664	90.68
K01665	152.69
K01666	163.08
K01667	21.69
K01668	0.16
K01669	235.19
K01671	52.55
K01673	401.63
K01674	9.57
K01676	215.95
K01677	3.67
K01678	3.67
K01679	394.41
K01681	414.13
K01682	138.88
K01683	0
K01684	57.75
K01685	26.86
K01686	70.36
K01687	415.53
K01689	402.24
K01690	135.71
K01692	134.85
K01693	244.6
K01695	401.81
K01696	401.95
K01697	64.49
K01698	398.64
K01699	52.07
K01702	0
K01703	398.66
K01704	401.91
K01706	65.21
K01707	77.6
K01708	67.52
K01709	36.55
K01710	570.24
K01711	53.08
K01712	139.09
K01713	9.77
K01714	745.79
K01715	4.53
K01716	61.72
K01719	233.7
K01720	223.32
K01721	0
K01724	93.84
K01725	19.94
K01727	73.98
K01728	0.75
K01729	0.95
K01730	8.46
K01732	0
K01733	400.13
K01734	64.16
K01735	458.77
K01736	400.29
K01737	243.97
K01738	625.2
K01739	332.87
K01740	202.5
K01744	390.44
K01745	139.49
K01746	0.33
K01749	393.5
K01750	330.43
K01751	29.08
K01752	697.48
K01753	62.96
K01754	633.86
K01755	395.29
K01756	409.33
K01758	3.22
K01759	171.08
K01760	237.43
K01761	5.34
K01766	61.47
K01768	90.72
K01769	0
K01770	296.4
K01771	70.38
K01772	404.73
K01775	597.64
K01776	401.29
K01777	0
K01778	303.67
K01779	50.07
K01781	0
K01782	69.92
K01783	448.74
K01784	717.81
K01785	378.98
K01787	0
K01788	339.94
K01790	355.59
K01791	321.52
K01792	209.2
K01795	0.95
K01796	3.61
K01799	2.83
K01800	4.11
K01801	48.64
K01802	237.3
K01803	410.78
K01804	65
K01805	70.03
K01807	233.34
K01808	184.22
K01809	413.46
K01810	472.96
K01811	95.55
K01812	141.8
K01813	59.58
K01814	289.93
K01815	52.5
K01816	267.7
K01817	338.8
K01818	63.14
K01819	190.5
K01820	0.25
K01821	194.33
K01822	0.15
K01823	321.12
K01825	60.3
K01826	54.85
K01829	0.2
K01834	490.51
K01835	339.13
K01838	88.11
K01839	155.82
K01840	488.46
K01841	0
K01843	1
K01844	0
K01845	490.62
K01846	10.77
K01847	310.39
K01848	1
K01849	1
K01851	0.61
K01854	212.54
K01856	96.67
K01857	186.17
K01858	160.6
K01865	0
K01866	400.9
K01867	444.59
K01868	426.28
K01869	400.29
K01870	400.29
K01872	401.29
K01873	400.29
K01874	402.62
K01875	403.96
K01876	402.04
K01878	143.12
K01879	143.12
K01880	257.17
K01881	400.62
K01883	410.57
K01884	3
K01885	473.09
K01886	138.75
K01887	401.04
K01889	400.29
K01890	400.29
K01892	402.55
K01893	162.21
K01894	135.57
K01895	256.55
K01896	0
K01897	731.61
K01902	310.29
K01903	310.29
K01904	0
K01905	0
K01906	144.5
K01907	1.43
K01908	55.91
K01909	0
K01910	90.93
K01911	316.92
K01912	96.44
K01914	64.84
K01915	582.67
K01916	386.98
K01918	462.8
K01919	139.62
K01920	135.71
K01921	461.03
K01922	5.91
K01923	400.54
K01924	400.74
K01925	400.29
K01926	96.87
K01928	312.25
K01929	403.96
K01933	400.29
K01934	327.03
K01935	487.91
K01937	333.99
K01938	250.9
K01939	399.96
K01940	395.29
K01941	2.88
K01945	399.96
K01947	71.75
K01950	12.89
K01951	614.95
K01952	893.87
K01953	234.75
K01955	400.1
K01956	399.77
K01958	253.34
K01959	0.78
K01960	1.03
K01961	328.69
K01962	234.37
K01963	382.48
K01965	1.66
K01966	369.04
K01968	4.58
K01969	13.41
K01971	13.68
K01972	460.31
K01974	14.54
K01975	145.2
K01989	93.18
K01990	2390.55
K01991	146.36
K01992	2108.52
K01993	136.04
K01994	1
K01995	104.07
K01996	107.65
K01997	107.65
K01998	109.15
K01999	181.77
K02000	39.14
K02001	71.19
K02002	86.41
K02003	1262.45
K02004	1106.38
K02005	129.32
K02006	57.88
K02007	20.11
K02008	52.74
K02009	52.4
K02010	218.33
K02011	271.31
K02012	343.29
K02013	2149.08
K02014	578.45
K02015	2951.18
K02016	2559.06
K02017	156.22
K02018	254.11
K02019	65.27
K02020	302.77
K02021	247.15
K02022	0.66
K02024	98.75
K02025	205.76
K02026	208.72
K02027	210.72
K02028	608.75
K02029	539.22
K02030	811.65
K02031	285.24
K02032	1264.04
K02033	1005.72
K02034	1034.38
K02035	1375.04
K02036	337.17
K02037	330.61
K02038	330.85
K02039	335.05
K02040	345.58
K02041	264.49
K02042	430.25
K02043	18.55
K02044	281.73
K02045	145.64
K02046	145.64
K02047	145.64
K02048	206.69
K02049	364.06
K02050	190.8
K02051	259.73
K02052	79.98
K02053	33.22
K02054	28.56
K02055	120.33
K02056	233.24
K02057	297.98
K02058	233.67
K02062	60.55
K02063	133.3
K02064	136.97
K02065	140.96
K02066	141.38
K02067	140.99
K02068	155.91
K02069	161.66
K02071	553.24
K02072	541.83
K02073	676.83
K02074	269.79
K02075	275.05
K02076	90.38
K02077	332.33
K02078	437.71
K02079	16
K02080	17.13
K02081	26.2
K02082	39.24
K02083	51.73
K02086	96.29
K02092	0
K02093	0
K02094	0
K02095	0
K02096	0
K02097	0
K02099	62.38
K02100	55.52
K02103	2.3
K02106	14.7
K02107	1.91
K02108	399.29
K02109	400.12
K02110	399.29
K02111	399.29
K02112	399.29
K02113	325.53
K02114	401.62
K02115	399.29
K02116	85.16
K02117	3.97
K02118	3.97
K02119	3.97
K02120	3.97
K02121	3.24
K02122	3.97
K02123	3.97
K02124	3.97
K02160	333.58
K02164	0.61
K02167	24.19
K02168	267.23
K02169	212.34
K02170	132.05
K02171	71.18
K02172	71.18
K02173	16
K02182	58.94
K02188	55.43
K02189	54.26
K02190	50.57
K02191	50.57
K02192	117.55
K02193	63.55
K02194	58.41
K02195	58.41
K02196	56.33
K02197	58.41
K02198	63.55
K02199	65.39
K02200	77.31
K02203	2.42
K02204	76.19
K02205	1.61
K02217	315.13
K02221	326.61
K02224	124.41
K02225	4.08
K02226	66.71
K02227	125.34
K02228	64.48
K02229	80.19
K02230	68.36
K02231	210.79
K02232	122.51
K02233	210.79
K02234	3.69
K02236	96.29
K02237	623.59
K02238	344.17
K02239	1
K02240	95.49
K02241	1
K02242	95.29
K02243	95.29
K02244	95.29
K02245	95.14
K02246	93.69
K02247	0
K02248	5.91
K02249	0
K02250	89.38
K02251	0
K02253	0
K02254	0
K02255	64.52
K02258	4.44
K02259	259.91
K02274	187.61
K02275	175.55
K02276	173.85
K02277	0
K02278	7.66
K02279	19.16
K02280	17.41
K02281	0.83
K02282	19.91
K02283	186.75
K02284	0
K02285	0
K02286	0
K02287	0
K02288	0
K02289	0
K02290	0
K02291	79.24
K02292	0
K02293	0
K02294	0
K02297	67.48
K02298	136.33
K02299	138.35
K02300	137.33
K02302	197.8
K02303	238.28
K02304	90.85
K02305	0.61
K02313	400.29
K02314	465.63
K02315	79.1
K02316	400.29
K02317	64.52
K02334	80.12
K02335	401.61
K02336	63.83
K02337	475.62
K02338	402.79
K02339	136.88
K02340	400.29
K02341	399.29
K02342	882.6
K02343	401.29
K02344	60.55
K02345	66.46
K02346	402.87
K02347	90.38
K02348	156.85
K02351	3.62
K02352	89.44
K02355	415.14
K02356	463.34
K02357	400.29
K02358	536
K02361	226.2
K02362	55.16
K02363	62.89
K02364	57.91
K02371	20.37
K02372	234.68
K02377	52.3
K02379	264.54
K02380	61.83
K02381	53.43
K02383	0
K02385	1
K02386	56.88
K02387	58.3
K02388	58.18
K02389	58.13
K02390	58.13
K02391	60.8
K02392	58.38
K02393	57.13
K02394	60.85
K02395	53.21
K02396	57.88
K02397	57.88
K02398	56.88
K02399	54.94
K02400	77.66
K02401	58.18
K02402	59.05
K02403	55.38
K02404	4.61
K02405	58.13
K02406	62.35
K02407	61.55
K02408	58.18
K02409	61.8
K02410	57.88
K02411	57.88
K02412	61.8
K02413	55.91
K02414	57.05
K02415	58.66
K02416	61.55
K02417	58.18
K02418	57.79
K02419	58.18
K02420	58.18
K02421	58.18
K02422	56.88
K02423	57.46
K02424	230.74
K02425	52.3
K02426	123.13
K02427	136.88
K02428	517.59
K02429	185.95
K02430	73.84
K02431	72.59
K02433	433.28
K02434	339.54
K02435	339.54
K02436	44.1
K02437	317.87
K02438	266.47
K02439	61.47
K02440	237.22
K02441	60.51
K02442	0
K02443	109.82
K02444	219.37
K02445	280.29
K02446	231.87
K02448	0.61
K02450	1.54
K02451	7.33
K02452	19.08
K02453	29.31
K02454	29.15
K02455	26.7
K02456	38.13
K02457	21.18
K02458	22.04
K02459	21.79
K02460	21.18
K02461	21.18
K02462	19.89
K02463	10.5
K02464	8.51
K02465	6.41
K02466	59.71
K02467	59.38
K02468	59.83
K02469	402.04
K02470	402.04
K02471	157
K02472	156.98
K02473	33.38
K02474	34.11
K02475	75.54
K02476	84.65
K02477	83.94
K02478	93.14
K02479	0
K02480	4.16
K02481	1.08
K02482	0
K02483	280.3
K02484	292.42
K02485	59.38
K02486	2.33
K02487	34.41
K02488	0
K02490	1
K02491	0
K02492	392.67
K02493	410.29
K02494	136.05
K02495	578.85
K02496	133.72
K02497	20.2
K02498	136.05
K02499	92.32
K02500	375.7
K02501	376.6
K02502	78.69
K02503	235.31
K02504	60.55
K02505	65.94
K02506	59.12
K02507	65.69
K02508	54.21
K02509	128.24
K02510	209.67
K02511	56.04
K02517	383.37
K02518	414.7
K02519	403.96
K02520	400.29
K02521	60.05
K02523	138.08
K02525	17.18
K02526	81
K02527	139.92
K02528	400.29
K02529	940.98
K02530	95.15
K02531	5.91
K02532	68.81
K02533	135.79
K02535	136.05
K02536	136.59
K02538	87.19
K02545	70.18
K02547	70.18
K02548	317.07
K02549	318.06
K02550	7.54
K02551	316.92
K02552	159.52
K02553	153.62
K02554	90.46
K02556	59.49
K02557	75.72
K02558	132.58
K02560	60.69
K02562	60
K02563	400.29
K02564	313.78
K02565	59.54
K02566	214.89
K02567	58
K02568	54.33
K02569	54.33
K02570	54.33
K02571	0.94
K02572	54.08
K02573	53.47
K02574	53.47
K02575	212.11
K02584	0
K02585	0
K02586	0
K02587	0
K02588	0
K02589	0
K02590	0
K02591	0
K02592	0
K02593	0
K02594	0
K02595	0
K02596	0
K02597	0
K02598	52.63
K02600	400.67
K02601	395.15
K02609	95.69
K02610	95.69
K02611	95.69
K02612	95.69
K02613	93.89
K02614	105.49
K02615	12.48
K02616	12.48
K02617	12.98
K02618	92.11
K02619	247.21
K02621	232.37
K02622	232.37
K02623	0.78
K02624	117.77
K02625	0.61
K02626	0
K02634	0
K02635	0
K02636	0
K02637	0
K02638	0
K02639	0
K02640	0
K02641	0
K02642	0
K02643	0
K02647	108.78
K02650	40.21
K02651	23.19
K02652	78.66
K02653	77.83
K02654	201.76
K02655	154.99
K02656	76.67
K02657	3.95
K02658	4.61
K02659	3.61
K02660	6.28
K02661	0.78
K02662	6.25
K02663	76.5
K02664	76.33
K02665	75.5
K02666	76.5
K02667	13.44
K02668	13.44
K02669	139.05
K02670	147.44
K02671	80.52
K02672	83.1
K02673	77.94
K02674	85.43
K02676	75.33
K02679	52.23
K02680	60.55
K02681	60.55
K02682	60.55
K02686	63.13
K02687	234.95
K02688	55.49
K02689	0
K02690	0
K02691	0
K02692	0
K02693	0
K02694	0
K02696	0
K02697	0
K02698	0
K02699	0
K02700	0
K02702	0
K02703	0
K02704	0
K02705	0
K02706	0
K02707	0
K02708	0
K02709	0
K02710	0
K02711	0
K02712	0
K02713	0
K02714	0
K02715	0
K02716	0
K02717	0
K02718	0
K02719	0
K02720	0
K02722	0
K02723	0
K02724	0
K02742	61.47
K02744	22.84
K02745	19.8
K02746	19.8
K02747	19.8
K02750	155.26
K02753	33.36
K02755	70.38
K02756	0
K02757	348.65
K02759	126.92
K02760	136.57
K02761	153.31
K02763	0
K02765	172.3
K02768	2.21
K02769	0.81
K02770	545.11
K02771	0
K02773	215.01
K02774	215.01
K02775	208.56
K02777	199.6
K02778	7.08
K02779	68.67
K02781	78.67
K02783	143.68
K02784	60.55
K02786	95
K02788	98.85
K02791	132.16
K02793	41
K02794	108.78
K02795	110.95
K02796	99.59
K02798	90.03
K02799	0
K02800	223.4
K02802	0.25
K02803	0.42
K02804	213.12
K02805	60.34
K02806	137.04
K02810	316.75
K02812	22.4
K02813	17.26
K02814	17.26
K02815	17.12
K02819	157.86
K02821	409.57
K02822	264.17
K02823	6.44
K02824	230.51
K02825	266.63
K02826	21.2
K02827	91.38
K02828	21.2
K02829	20.2
K02834	400.29
K02835	400.29
K02836	400.29
K02837	398.46
K02838	400.29
K02839	46.04
K02840	45.91
K02841	137.33
K02843	139.22
K02844	60.3
K02846	59.38
K02847	55.55
K02848	53.22
K02849	59.38
K02850	52.3
K02851	320.51
K02852	60.34
K02853	60.34
K02854	60.76
K02855	61.07
K02856	59.38
K02858	62.54
K02859	0
K02860	400.29
K02862	0.67
K02863	395.15
K02864	400.29
K02867	395.15
K02871	400.29
K02874	410.75
K02876	340.38
K02878	328.79
K02879	410.04
K02881	400.04
K02884	400.29
K02886	419.79
K02887	400.29
K02888	400.29
K02890	410.04
K02891	0
K02892	410.04
K02895	410.75
K02897	393.38
K02899	395.15
K02902	400.62
K02904	410.04
K02906	410.04
K02907	410.04
K02909	519.83
K02911	395.15
K02913	507.18
K02914	350.51
K02916	400.29
K02919	418.21
K02926	410.04
K02927	0
K02931	410.75
K02933	410.29
K02935	400.29
K02936	0
K02939	400.29
K02945	399.96
K02946	400.29
K02948	328.69
K02950	400.29
K02952	410.04
K02954	500.33
K02956	400.29
K02959	400.29
K02961	410.04
K02963	400.29
K02965	410.04
K02967	400.29
K02968	398.35
K02970	233.7
K02972	59.38
K02982	410.04
K02986	410.04
K02988	419.79
K02990	400.29
K02992	400.29
K02994	410.29
K02996	400.29
K03040	410.04
K03043	400.29
K03046	400.29
K03048	96.29
K03060	400.09
K03070	638.81
K03071	151.59
K03072	306.47
K03073	390.89
K03074	306.14
K03075	399.68
K03076	484.72
K03077	51.06
K03078	52.34
K03079	51.06
K03086	400.29
K03087	228.22
K03088	1206.92
K03089	136.88
K03090	89.96
K03091	99.71
K03092	140.07
K03093	1
K03095	95.09
K03098	150.72
K03100	534.35
K03101	400.54
K03106	400.29
K03110	400.29
K03111	882.16
K03112	60.16
K03113	61.9
K03116	470.37
K03117	310.59
K03118	400.08
K03119	40.07
K03146	0
K03147	192.17
K03148	59.67
K03149	274.83
K03150	59.87
K03151	158.09
K03152	64.71
K03153	212.67
K03154	239.56
K03168	401.48
K03169	199.66
K03177	400.29
K03179	137.7
K03181	138.92
K03182	148.93
K03183	396.73
K03184	60.5
K03185	64.83
K03186	199.19
K03187	250.36
K03188	262.41
K03189	259.43
K03190	259.43
K03191	0
K03192	4.28
K03194	22.64
K03195	17.51
K03196	15.23
K03197	11.39
K03198	2.82
K03199	15.43
K03200	14.6
K03201	13.44
K03202	0
K03203	12.99
K03204	15.18
K03205	9.35
K03206	0
K03207	52.3
K03208	52.3
K03210	401.8
K03212	60.78
K03214	60.55
K03215	163.45
K03216	398.59
K03217	602.76
K03218	400.29
K03219	78.21
K03220	39.38
K03221	81.03
K03222	84.28
K03223	2.94
K03224	78.21
K03225	84.19
K03226	83.61
K03227	83.61
K03228	87.28
K03229	86.01
K03230	81.88
K03263	0.17
K03269	136.25
K03270	136.25
K03271	135.34
K03272	61.47
K03273	136.05
K03274	135.24
K03275	11.35
K03276	23.34
K03277	8.32
K03278	48.59
K03279	52.4
K03280	41.56
K03281	118.74
K03282	328.79
K03284	413
K03285	0.66
K03286	68.27
K03287	0
K03288	56.25
K03289	59.38
K03290	57.5
K03291	97.67
K03292	368.62
K03293	273.62
K03294	202.86
K03296	94.39
K03297	62.34
K03298	8.42
K03299	551.62
K03300	228.88
K03301	0.17
K03303	359.15
K03304	85.2
K03305	669.96
K03306	331.01
K03307	344.18
K03308	395.63
K03309	0
K03310	740.16
K03311	473.46
K03312	363.14
K03313	71.09
K03314	61.3
K03315	198.31
K03316	352.66
K03317	80.78
K03319	287.32
K03320	421.05
K03321	273.07
K03322	175.54
K03324	144.26
K03325	177.86
K03326	138.46
K03327	270.78
K03328	250.28
K03329	52.3
K03332	0.74
K03333	10.58
K03335	96.19
K03336	86.93
K03337	88.18
K03338	87.18
K03339	71.18
K03340	79.47
K03342	80.9
K03343	19.97
K03346	95.29
K03365	75.1
K03366	118.01
K03367	95.54
K03379	0
K03380	162.96
K03381	167.64
K03382	0
K03383	0
K03385	114.11
K03386	301.21
K03387	158.16
K03388	0
K03389	0
K03390	0
K03391	0
K03392	4.1
K03394	56.16
K03395	0
K03396	0
K03399	52.9
K03402	405.07
K03403	0.4
K03404	159.11
K03405	156.95
K03406	141.78
K03407	64.32
K03408	61.98
K03409	1.25
K03410	1
K03411	4.49
K03412	59.9
K03413	65.31
K03414	58.49
K03415	48.49
K03416	64.9
K03417	296.42
K03418	0
K03424	598.21
K03425	59.38
K03426	219.24
K03427	595.92
K03428	0
K03429	92.38
K03430	44.16
K03431	400.09
K03432	1.75
K03433	1.75
K03435	78.55
K03436	340.18
K03437	339.02
K03438	400.29
K03439	400.29
K03442	478.47
K03444	0
K03445	59.84
K03446	159.35
K03449	276.83
K03451	103.01
K03453	423.86
K03455	231.17
K03457	30.77
K03458	14.72
K03459	7.68
K03462	4.95
K03464	101.41
K03465	166.25
K03466	818.72
K03468	64.52
K03469	246.19
K03470	400.29
K03471	95.29
K03472	60.3
K03473	60.3
K03474	135.91
K03475	418.52
K03476	73.6
K03477	52.18
K03478	64.52
K03480	137.56
K03481	88.77
K03482	25.95
K03483	74.03
K03484	120.83
K03485	55.71
K03486	93.39
K03487	23.08
K03488	233.08
K03489	86.78
K03490	59.38
K03491	2.76
K03492	12.4
K03493	19.67
K03495	234.7
K03496	543.27
K03497	489.92
K03498	219.94
K03499	383.58
K03500	479.37
K03501	400.29
K03502	228.84
K03503	137.75
K03516	52.3
K03517	234.5
K03518	4.29
K03519	3.16
K03520	3.16
K03521	311.56
K03522	303.24
K03523	264.8
K03524	328.74
K03525	6.89
K03526	297.23
K03527	297.23
K03528	61.47
K03529	341.62
K03530	245.41
K03531	400.29
K03532	44.77
K03533	44.6
K03534	59.83
K03535	166.06
K03536	365.99
K03537	0
K03543	154.61
K03544	400.29
K03545	400.29
K03546	158.55
K03547	153.88
K03548	61.33
K03549	150.17
K03550	400.29
K03551	403.96
K03553	400.46
K03554	136.22
K03555	238.37
K03556	64.86
K03557	136.05
K03558	136.88
K03559	145.35
K03560	66.24
K03561	144.12
K03562	65.13
K03563	62.9
K03564	396.3
K03565	400.54
K03566	95.58
K03567	60.3
K03568	137.55
K03569	68.99
K03570	91.47
K03571	90.94
K03572	234.7
K03573	60.55
K03574	765.690000000001
K03575	414.67
K03576	135.87
K03577	132.4
K03578	373.39
K03579	227.57
K03580	61.47
K03581	231.59
K03582	138.64
K03583	138.64
K03584	403.96
K03585	172.67
K03586	136.05
K03587	355.98
K03588	410.28
K03589	400.29
K03590	234.37
K03591	60.55
K03592	137.21
K03593	394.05
K03594	219.66
K03595	400.29
K03596	410.04
K03597	64.05
K03598	63.01
K03599	136.22
K03600	136.05
K03601	400.09
K03602	350.6
K03603	60.55
K03604	63.55
K03605	134.56
K03606	57.08
K03607	62.16
K03608	135.63
K03609	136.88
K03610	137.04
K03611	174.13
K03612	61.63
K03613	61.63
K03614	61.63
K03615	62.38
K03616	135.88
K03617	61.63
K03618	83.95
K03619	76.61
K03620	80.28
K03621	229.31
K03623	84.19
K03624	401.96
K03625	354.87
K03628	394.38
K03629	325.71
K03630	263.93
K03631	400.29
K03632	64.22
K03633	60.55
K03634	136.05
K03635	255.91
K03636	154.71
K03637	253.85
K03638	152.29
K03639	259.38
K03640	60.24
K03641	59.99
K03642	138.33
K03643	136.88
K03644	395.3
K03645	60.55
K03646	67.8
K03647	394.72
K03648	399.29
K03649	139.53
K03650	234.7
K03651	62.8
K03652	195.14
K03653	0
K03654	408.27
K03655	443.75
K03656	136.05
K03657	752.71
K03658	59.55
K03660	0.33
K03664	400.29
K03665	400.24
K03666	227.26
K03667	155.51
K03668	60.97
K03669	63.32
K03670	67.98
K03671	572.26
K03672	64.49
K03673	330.17
K03674	60.55
K03675	124.21
K03676	138.56
K03680	0
K03683	61.47
K03684	232.39
K03685	399.29
K03686	567.38
K03687	401.79
K03688	153.78
K03690	74.25
K03692	0
K03693	77.09
K03694	136.71
K03695	398.75
K03696	264.64
K03697	6.91
K03698	95.29
K03699	83.58
K03700	95.43
K03701	430.81
K03702	400.29
K03703	402.49
K03704	1070.36
K03705	265.87
K03706	96.29
K03707	43.69
K03708	96.62
K03709	431.5
K03710	324.17
K03711	419.87
K03712	60.26
K03713	96.29
K03716	0
K03717	59.8
K03718	61.05
K03719	256.82
K03720	63.72
K03721	65
K03722	355.58
K03723	403.96
K03724	258.92
K03727	165.59
K03731	0.2
K03732	61.47
K03733	395.05
K03734	235.64
K03735	69.09
K03736	69.09
K03737	62.91
K03738	0
K03739	95.29
K03740	95.29
K03741	82.06
K03742	8.24
K03743	305.71
K03744	16.86
K03745	133.72
K03746	89.58
K03747	60.13
K03748	61.62
K03749	63.13
K03750	519.47
K03752	227.5
K03753	154.88
K03755	63.12
K03756	65.89
K03757	51.06
K03758	308.19
K03759	54.56
K03760	133.94
K03761	75.47
K03762	266.59
K03763	96.62
K03764	60.55
K03765	48.06
K03767	308.29
K03768	397.37
K03769	146.18
K03770	137.08
K03771	137.28
K03772	217.2
K03773	80.35
K03774	63.13
K03775	137.5
K03776	72.24
K03777	136.38
K03778	316.13
K03779	55.07
K03780	55.07
K03781	401.29
K03782	70.83
K03783	14.79
K03784	296.38
K03785	227.92
K03786	182.98
K03787	140.86
K03788	59.75
K03789	393.52
K03790	248.86
K03791	54.18
K03793	0
K03794	0.14
K03795	6
K03796	59.38
K03797	232.16
K03798	405.8
K03799	159.14
K03800	424.51
K03801	304.67
K03802	2.5
K03803	61.63
K03804	60.55
K03805	60.8
K03806	135.66
K03807	60.16
K03808	198.51
K03809	68.49
K03810	63.8
K03811	248.81
K03812	20.45
K03813	3.57
K03814	136.58
K03815	50.02
K03816	97.07
K03817	155.65
K03818	52.3
K03819	57.44
K03820	304.17
K03821	7.85
K03822	0
K03823	353.04
K03824	217.06
K03825	60.24
K03826	59.38
K03827	61.55
K03828	59.73
K03829	9.86
K03830	55.09
K03831	63.38
K03832	75.88
K03833	69.99
K03834	61.69
K03835	134.22
K03836	16
K03837	149.47
K03838	26.75
K03839	60.55
K03840	59.38
K03841	136.58
K03851	0
K03852	0.39
K03855	53.8
K03856	2.33
K03862	93.95
K03863	101.4
K03867	0
K03885	342.75
K03886	0
K03887	0
K03888	0
K03889	164.09
K03890	164.09
K03891	164.09
K03892	526.78
K03893	120.64
K03894	6.11
K03895	6.11
K03896	6.11
K03897	8.89
K03918	0.2
K03919	225.75
K03921	0.2
K03923	182.28
K03924	81.75
K03925	393.88
K03926	63.46
K03928	178.76
K03929	332.56
K03930	5.75
K03931	7.88
K03932	243.6
K03933	1.06
K03943	0
K03969	63.71
K03970	60.21
K03971	59.38
K03972	117.32
K03973	62.79
K03974	64.2
K03975	305.22
K03976	322.56
K03977	407.21
K03978	233.7
K03979	400.29
K03980	303.89
K03981	145.52
K04013	53.47
K04014	53.47
K04015	53.47
K04016	53.47
K04017	53.42
K04018	56.31
K04019	63.64
K04020	58.25
K04021	63.39
K04022	58.5
K04023	58.86
K04024	60.88
K04025	58.25
K04026	58.25
K04027	25.62
K04028	60.88
K04029	115.46
K04030	56.78
K04031	110.32
K04032	56.78
K04033	63.39
K04034	0
K04035	0
K04036	0
K04037	0
K04038	0
K04039	0
K04040	0
K04041	91.48
K04042	400.34
K04043	401.79
K04044	136.05
K04045	17.85
K04046	63.49
K04047	335.79
K04049	0.61
K04050	0
K04051	0.61
K04052	0.61
K04053	0.61
K04054	0.61
K04056	0.61
K04057	0.61
K04058	39.8
K04059	0.61
K04060	0.61
K04061	1.78
K04062	61.69
K04063	69.81
K04064	56.49
K04065	60.5
K04066	400.29
K04067	60.55
K04068	157.03
K04069	393.67
K04070	0
K04072	137.84
K04073	162.83
K04074	97.29
K04075	403.96
K04076	1
K04077	570.33
K04078	402.57
K04079	139.54
K04080	102.99
K04081	59.38
K04082	136.05
K04083	234.5
K04084	138.16
K04085	64.79
K04086	91.6
K04087	65.74
K04088	65.13
K04090	3.91
K04091	200.86
K04092	3.58
K04093	203.25
K04094	98.12
K04095	134.14
K04096	402.04
K04098	225.06
K04099	11.09
K04100	1
K04101	74.12
K04102	0
K04103	146.01
K04105	0
K04107	0
K04108	0
K04109	0
K04110	0.25
K04112	0
K04113	0
K04114	0
K04115	0
K04116	2
K04117	1
K04127	2.33
K04128	2.33
K04333	59.38
K04334	55.97
K04335	52.3
K04336	52.3
K04337	52.3
K04338	52.3
K04343	3.73
K04477	63.63
K04478	19.2
K04480	0
K04485	399.89
K04486	3.26
K04487	574.95
K04488	398.59
K04516	3.71
K04517	337.11
K04518	275.16
K04561	198.27
K04562	4.86
K04564	532.28
K04565	216.2
K04566	0.83
K04567	550.23
K04568	60.69
K04618	0
K04651	118.98
K04652	67.17
K04653	150.99
K04654	61.36
K04655	61.69
K04656	131.54
K04691	61.47
K04708	0
K04710	0
K04719	4.28
K04720	52.03
K04744	136.88
K04747	0
K04748	71.04
K04749	90.45
K04750	374.36
K04751	302.88
K04752	64.13
K04753	60.55
K04754	137.8
K04755	285.36
K04756	89.58
K04757	95.75
K04758	91.3
K04759	163.63
K04760	136.88
K04761	300.92
K04762	302.67
K04763	398.92
K04764	136.88
K04765	62.47
K04766	88.38
K04767	8.21
K04768	91.21
K04769	1
K04770	60.55
K04771	218.53
K04772	62.88
K04773	140.72
K04774	133.22
K04775	59.38
K04780	0
K04781	0.89
K04782	2.27
K04783	17.56
K04784	16.6
K04785	0.89
K04786	3.22
K04787	0
K04788	0
K04793	0.73
K04794	0
K04805	0
K04835	10.6
K04844	16
K04940	89.38
K04962	0
K05020	89.67
K05245	52.3
K05275	0
K05281	0.58
K05286	0
K05296	0
K05297	1.53
K05299	0
K05301	1
K05303	0
K05304	0
K05306	44.66
K05311	90.71
K05337	98.39
K05338	89.39
K05339	89.39
K05340	73.83
K05341	1.17
K05342	9.23
K05343	164.26
K05346	65.93
K05349	158.49
K05350	13.94
K05351	0
K05352	146.35
K05356	0
K05358	13.52
K05362	95.29
K05363	2.61
K05364	2.48
K05365	60.97
K05366	308.37
K05367	65.54
K05368	59.38
K05371	0
K05372	0.89
K05373	0.89
K05374	0.89
K05375	3.36
K05396	59.52
K05499	59.96
K05501	63.38
K05515	113.46
K05516	61.58
K05517	59.38
K05518	0
K05519	0
K05520	194.25
K05521	1.39
K05522	274.31
K05523	80.47
K05524	7.77
K05525	0
K05526	67.49
K05527	136.88
K05539	137.05
K05540	136.88
K05541	136.05
K05548	247.55
K05549	100.86
K05550	95.11
K05551	0
K05552	0
K05553	0
K05556	0
K05558	0
K05559	2.17
K05560	71.35
K05561	1.17
K05562	2.53
K05563	72.35
K05564	1.17
K05565	638.04
K05566	179.76
K05567	497.68
K05568	497.68
K05569	448.23
K05570	446.23
K05571	448.59
K05572	0
K05573	0
K05574	0
K05575	0
K05576	0
K05577	89.63
K05578	0
K05579	0
K05580	0
K05581	0
K05582	0
K05583	0
K05584	0
K05585	0
K05586	0
K05587	0
K05588	0
K05589	136.05
K05590	60.55
K05591	63.13
K05592	326.55
K05593	2.85
K05594	52.91
K05595	140.96
K05596	223.27
K05597	1.03
K05599	0.61
K05600	0.61
K05601	60
K05602	165.09
K05603	1.28
K05606	147.86
K05685	151.2
K05687	0
K05708	7.68
K05709	7.68
K05710	15.1
K05711	7.68
K05712	169.62
K05713	88.13
K05714	15.26
K05715	1
K05739	0
K05747	0
K05772	2.58
K05773	2.33
K05774	23.86
K05775	63.51
K05776	61.87
K05777	23.08
K05778	23.08
K05779	23.08
K05780	18.93
K05781	23.69
K05782	149.16
K05783	95.11
K05784	95.11
K05785	63.55
K05786	393.62
K05787	56.19
K05788	136.88
K05789	57.18
K05790	60
K05791	0.98
K05792	1.15
K05793	1.98
K05794	241.13
K05795	2.93
K05796	70.13
K05797	0.17
K05798	59.38
K05799	195.17
K05800	61.94
K05801	61.47
K05802	121.39
K05803	60.55
K05804	90.34
K05805	134.74
K05807	137.08
K05808	68.37
K05809	60.55
K05810	401.87
K05811	59.99
K05812	60.8
K05813	155.45
K05814	154.62
K05815	153.62
K05816	71.26
K05817	7.68
K05818	14.76
K05819	16.09
K05820	62.08
K05822	90.38
K05823	6.76
K05824	1
K05825	4.37
K05826	1
K05827	1
K05828	1
K05829	1
K05830	1
K05831	1
K05832	93.41
K05833	96.66
K05834	60.91
K05835	135.31
K05836	55.74
K05837	162.2
K05838	242.46
K05839	70.45
K05841	0
K05844	61.33
K05845	284.64
K05846	670.38
K05847	380.51
K05851	65
K05873	0.33
K05874	44.64
K05875	103.42
K05876	23.34
K05877	16
K05878	168.51
K05879	170.75
K05880	23.08
K05881	89.52
K05882	74.1
K05884	0
K05886	0.33
K05887	19.67
K05889	0
K05895	119.52
K05896	339.54
K05898	74.24
K05910	0
K05913	0.61
K05916	243.48
K05917	0
K05919	0.33
K05921	60.89
K05922	0
K05927	0
K05928	0.25
K05929	0
K05934	53.88
K05936	119.49
K05937	2.25
K05939	60.71
K05946	92.21
K05951	0
K05952	80.75
K05962	0
K05964	96.81
K05966	90.1
K05967	0
K05970	0
K05973	3.33
K05979	3.58
K05982	60.55
K05984	59.38
K05985	96.62
K05986	0
K05988	0
K05989	1.57
K05991	0.4
K05992	0
K05994	0.25
K05995	136.53
K05996	0
K05997	59.38
K05998	0
K05999	0
K06001	2.22
K06006	55.71
K06011	0
K06012	1
K06013	2.83
K06015	9.46
K06016	32.52
K06019	1.5
K06020	74.58
K06021	0
K06023	171.2
K06024	339.54
K06033	0
K06034	0
K06039	60.05
K06041	137.25
K06042	123.16
K06044	130.56
K06045	1
K06048	235.79
K06049	0
K06073	59.38
K06074	59.38
K06075	68.43
K06076	136.32
K06077	65.18
K06078	96.02
K06079	59.38
K06080	59.38
K06113	0.21
K06118	10.5
K06120	5.95
K06121	5.95
K06122	7.45
K06131	482.93
K06132	125.71
K06133	88.99
K06134	4.58
K06135	0.61
K06136	7.07
K06137	7.04
K06138	6.87
K06139	6.87
K06140	63.58
K06141	59.38
K06142	137.29
K06143	59.36
K06144	59.38
K06145	100.66
K06146	48.03
K06147	933.11
K06148	508.05
K06149	69.52
K06151	7.86
K06152	7.86
K06153	400.37
K06155	59.58
K06156	59.38
K06157	46.9
K06158	237.37
K06159	59.38
K06160	2.36
K06162	25.4
K06163	23.69
K06164	23.69
K06165	18.55
K06166	18.55
K06167	25.05
K06168	394.21
K06169	52.82
K06173	403.82
K06175	61.3
K06176	62.72
K06177	401.14
K06178	400.29
K06179	216.13
K06180	595.21
K06181	109.23
K06182	135.19
K06183	312.76
K06186	136.05
K06187	400.29
K06188	37.13
K06189	136.05
K06190	136.88
K06191	229.88
K06192	136.18
K06193	288.52
K06194	145.97
K06195	65.41
K06196	175.75
K06197	59.38
K06198	95.29
K06199	456.66
K06200	286.63
K06201	67.29
K06202	135.55
K06203	61.47
K06204	145.06
K06205	60.86
K06206	60.97
K06207	400.29
K06208	1
K06209	89.38
K06211	60.55
K06212	60.55
K06213	348.19
K06214	52.3
K06215	261.55
K06216	73.67
K06217	463.29
K06218	70.01
K06219	60.3
K06221	206.64
K06222	64.04
K06223	242.29
K06257	0
K06281	101.93
K06282	105.6
K06283	1
K06284	3
K06285	1
K06286	95.29
K06287	331.46
K06288	0
K06289	0
K06290	0
K06291	0
K06292	0
K06293	0
K06294	1
K06295	5
K06296	2
K06297	1
K06298	0
K06299	0
K06300	0
K06301	0
K06302	0
K06303	0
K06304	0
K06305	0
K06306	2
K06307	0
K06308	0
K06309	1
K06310	1
K06311	0
K06312	0
K06313	1
K06314	1
K06315	0
K06317	1.33
K06318	0
K06319	0
K06320	0
K06321	0
K06322	0
K06323	0
K06324	0
K06325	0
K06327	0
K06328	1
K06329	0
K06330	0.16
K06331	0
K06332	1
K06333	1
K06334	1
K06335	0
K06336	0
K06337	0
K06338	0
K06340	0
K06341	0
K06342	0
K06343	0
K06344	0
K06345	0
K06346	10.39
K06347	19.2
K06348	0
K06349	0
K06350	71.18
K06351	1
K06355	0
K06360	0
K06361	0
K06362	0
K06364	0
K06365	0
K06366	0
K06368	0
K06369	0
K06370	0
K06371	0
K06372	0
K06373	1
K06374	1
K06375	0
K06377	1.08
K06378	1.05
K06379	1
K06380	0
K06381	2.33
K06382	1
K06383	1
K06384	1
K06385	0
K06386	1
K06387	1
K06388	0
K06390	1
K06391	1
K06392	1
K06393	1
K06394	1
K06395	1
K06396	1
K06397	1
K06398	1
K06399	1
K06400	6.14
K06401	0
K06402	1
K06403	0
K06404	0
K06405	2
K06406	2
K06407	3
K06408	1
K06409	2
K06410	1
K06411	1
K06412	90.71
K06413	1
K06415	1.25
K06416	2
K06417	0
K06418	1
K06419	2
K06421	0
K06422	0
K06423	1
K06425	1
K06426	0
K06427	0
K06428	0
K06431	0
K06432	0
K06433	0
K06434	1
K06436	1
K06437	0
K06438	1
K06439	0
K06440	0
K06442	172.66
K06443	10.15
K06445	61.74
K06446	5.44
K06447	77.13
K06518	281.54
K06591	0
K06595	0
K06596	4.61
K06597	0.61
K06598	0.78
K06599	0.61
K06600	0.61
K06601	0
K06602	0
K06603	0.78
K06605	84.43
K06606	9.41
K06607	0
K06608	1
K06609	8.75
K06610	0
K06714	38.91
K06718	0
K06720	0
K06726	214.93
K06857	2.33
K06858	59.55
K06859	22.57
K06860	161.93
K06861	138.41
K06864	74.33
K06866	60.55
K06867	393.27
K06871	214.36
K06872	23.08
K06873	0
K06876	0.42
K06877	172.26
K06878	105.36
K06879	64.05
K06880	0.87
K06881	252.41
K06882	0
K06883	1
K06884	153.74
K06885	102.61
K06886	335.36
K06887	56.31
K06888	12.92
K06889	169.01
K06890	168.13
K06891	302.1
K06893	2.94
K06894	71.47
K06895	320.93
K06896	5.71
K06897	45.37
K06898	75.24
K06899	94.27
K06900	0
K06901	500.45
K06902	93.87
K06903	89.52
K06904	8.23
K06905	121.32
K06906	89.99
K06907	122.15
K06908	121.32
K06909	39.29
K06910	413.86
K06911	351.48
K06912	0
K06915	33.68
K06916	151.21
K06917	60.66
K06918	60.55
K06919	94.81
K06920	227.75
K06921	0
K06922	1
K06923	76.33
K06925	391.64
K06926	3.48
K06928	0
K06929	69.95
K06931	0
K06934	112.87
K06937	0.2
K06938	26.13
K06940	111.47
K06941	401.14
K06942	474.39
K06945	82.45
K06946	24.67
K06948	96.29
K06949	399.04
K06950	157.89
K06951	1
K06952	16
K06953	0.83
K06954	76.89
K06955	3.61
K06956	189.57
K06957	57.17
K06958	400.29
K06959	395.63
K06960	9.99
K06962	93.17
K06966	542.79
K06967	97.79
K06968	61.33
K06969	236.03
K06970	60.3
K06971	46.56
K06972	1.33
K06973	90.91
K06974	0
K06975	365.22
K06976	2.75
K06977	0
K06978	92.83
K06979	3.29
K06980	303.47
K06983	0
K06985	3.72
K06986	93.47
K06987	2.16
K06988	164.71
K06989	11.75
K06990	3
K06991	4.24
K06992	219.72
K06994	707.02
K06995	49.69
K06996	282.84
K06997	403.07
K06998	1.22
K06999	114.09
K07000	122.67
K07001	178.44
K07002	96.5
K07003	1.72
K07004	95.25
K07005	186.67
K07006	26.17
K07007	165.89
K07008	135.8
K07009	261.88
K07010	22.48
K07011	111.78
K07012	154.04
K07013	0
K07014	64.83
K07015	97.29
K07016	0
K07017	85.08
K07018	76.58
K07019	134.74
K07020	1.42
K07023	91.06
K07024	1386.92
K07025	586.78
K07026	52.3
K07027	223.96
K07028	2.64
K07029	102.12
K07030	260.91
K07031	0
K07032	165.61
K07033	70.18
K07034	62
K07035	249.05
K07037	1
K07038	237.91
K07039	129.84
K07040	399.01
K07041	0
K07042	400.13
K07043	375.8
K07044	4.66
K07045	170.38
K07046	0.2
K07047	77.34
K07048	55
K07050	2.83
K07051	0
K07052	713.57
K07053	147.12
K07054	231
K07056	475.07
K07057	0
K07058	562.17
K07059	0
K07061	1
K07062	61.41
K07063	0.17
K07064	0.67
K07065	0
K07066	0
K07067	87.5
K07068	4.02
K07069	1.8
K07070	60.3
K07071	316.5
K07074	16.73
K07075	10.21
K07076	0
K07077	15.36
K07078	161.92
K07079	0
K07080	3.61
K07082	314.25
K07084	230.56
K07085	421.12
K07086	0
K07088	357.26
K07089	110.1
K07090	1117.49
K07091	154.08
K07092	0.86
K07093	31.01
K07094	89.38
K07095	155.73
K07096	0
K07097	0
K07098	8.59
K07099	2.33
K07100	0.83
K07101	228.77
K07102	76.33
K07104	189.9
K07105	7.46
K07106	157.71
K07107	487.93
K07109	78.91
K07110	236.7
K07112	246.8
K07113	247.52
K07114	186.2
K07115	135.91
K07116	5
K07117	3.08
K07118	27.4
K07119	227.28
K07120	413.94
K07121	61.47
K07122	135.8
K07123	0
K07124	202.49
K07125	0.83
K07126	352.46
K07127	70.88
K07129	0
K07130	4.77
K07131	85.04
K07132	145.85
K07133	6.73
K07136	60.21
K07137	3.03
K07138	0
K07139	155.33
K07140	68.04
K07141	22.95
K07145	89.38
K07146	426.03
K07147	65.11
K07148	77.31
K07149	76.02
K07150	76.17
K07152	87.14
K07153	61.47
K07154	107.82
K07155	0.25
K07156	229.86
K07157	5.44
K07160	326.93
K07161	3.16
K07164	117.7
K07165	39.89
K07166	243.14
K07167	0
K07168	11.21
K07169	0.5
K07171	172.47
K07172	81.93
K07173	233.82
K07175	101.78
K07177	171.5
K07178	2.03
K07180	62.24
K07181	0.75
K07182	163.1
K07183	6.02
K07184	61.33
K07186	60.5
K07190	0
K07192	74.5
K07213	206.91
K07214	165.48
K07215	73
K07216	0.86
K07217	50.9
K07218	73.61
K07219	0
K07220	97.58
K07221	2.33
K07222	179.77
K07223	142.62
K07224	191.1
K07225	12.14
K07226	2.36
K07227	2.61
K07228	0.92
K07229	59.38
K07230	9.94
K07231	1.03
K07232	31.22
K07233	5.58
K07234	75.08
K07235	61.47
K07236	61.47
K07237	61.47
K07238	246.15
K07239	0
K07240	107.6
K07241	119.15
K07242	0
K07243	195.52
K07245	229.36
K07246	37.22
K07248	98.24
K07250	163.51
K07251	59.38
K07255	0
K07256	0
K07257	0
K07258	533.32
K07259	303.04
K07260	9.65
K07261	60.8
K07262	135.25
K07263	27.86
K07264	63.66
K07265	72.25
K07266	72.25
K07267	11.75
K07268	1.17
K07269	59.38
K07270	136.93
K07271	6.9
K07272	2.51
K07273	22.64
K07274	77.21
K07275	69.64
K07276	0
K07277	144.16
K07278	137.71
K07279	7.68
K07280	212.73
K07282	28.99
K07283	60.21
K07284	526.68
K07285	67.52
K07286	61.47
K07287	138.15
K07288	71.5
K07289	60.3
K07290	68.71
K07291	0
K07300	141.6
K07301	135.5
K07302	10.96
K07303	9.63
K07304	501.5
K07305	324.28
K07306	77.04
K07307	204.38
K07308	150.62
K07309	51.43
K07310	55.97
K07311	8.32
K07312	67.7
K07313	89.86
K07314	43.98
K07315	90.2
K07316	254.91
K07317	0
K07318	0.42
K07319	62.05
K07320	135.91
K07321	0
K07322	220.31
K07323	136.8
K07326	65.85
K07334	33.86
K07335	10.46
K07336	17.5
K07337	59.38
K07338	1.03
K07339	14.63
K07340	62.46
K07341	63.52
K07343	63.72
K07344	1.99
K07345	268.71
K07346	107.12
K07347	513.71
K07348	64.06
K07349	25.65
K07350	63.21
K07351	59.38
K07352	8.32
K07353	0.97
K07354	7.68
K07355	4.54
K07356	6.11
K07357	56.38
K07358	29.03
K07386	174.02
K07387	113.04
K07389	12.97
K07390	136.88
K07391	336.81
K07393	174.07
K07394	0.92
K07395	11.52
K07396	6.44
K07397	302.38
K07399	299.31
K07400	61.47
K07401	7.86
K07402	47.54
K07403	3.27
K07404	66.65
K07405	0
K07406	52.2
K07407	13.43
K07442	165.59
K07443	63.45
K07444	170.4
K07445	0
K07447	400.29
K07448	81.49
K07449	0
K07451	12.02
K07452	1.64
K07453	0.67
K07454	58.34
K07455	79.66
K07456	98.02
K07457	88.79
K07458	75.55
K07459	60.33
K07460	253.75
K07461	246.78
K07462	234.7
K07464	1.92
K07465	163.84
K07467	121.91
K07469	0
K07470	59.38
K07471	0
K07473	18.14
K07474	113.16
K07476	90.38
K07478	400.29
K07479	60.55
K07480	64.98
K07481	725.84
K07482	564.48
K07483	682.56
K07484	71.71
K07485	148.58
K07486	271.57
K07487	0
K07488	663.03
K07490	62.07
K07491	316.32
K07492	4.92
K07493	63.55
K07494	79.26
K07495	8.98
K07496	65.57
K07497	841.25
K07498	226.2
K07499	1.34
K07501	71.95
K07502	1.33
K07503	165.92
K07504	83.65
K07505	0
K07506	25.51
K07507	88.35
K07516	85.88
K07518	2.58
K07533	96.62
K07535	6.95
K07536	0
K07537	0
K07538	0
K07539	0
K07543	0
K07544	0
K07546	0
K07550	0
K07552	416.35
K07559	9.74
K07560	399.21
K07566	304.88
K07568	238.37
K07570	5.91
K07571	91.71
K07574	157.59
K07576	6.16
K07577	1.5
K07584	96.62
K07586	96.54
K07588	164.53
K07589	23.69
K07590	90.71
K07591	0
K07592	59.38
K07636	159.9
K07637	60.3
K07638	65.46
K07639	63.91
K07640	60.55
K07641	63.03
K07642	65.79
K07643	63.05
K07644	43.92
K07645	133.91
K07646	154.16
K07647	43.98
K07648	60.55
K07649	56.47
K07650	0
K07651	91.38
K07652	96.62
K07653	153.86
K07654	164.09
K07657	78.51
K07658	95.02
K07659	66.84
K07660	66.11
K07661	60.41
K07662	133
K07663	59.36
K07664	62.21
K07665	35.2
K07666	66.9
K07667	151.96
K07668	166.8
K07669	161.78
K07670	165.59
K07673	141.91
K07674	57.14
K07675	70.49
K07676	59.38
K07677	62.8
K07678	60.13
K07679	24.37
K07680	0
K07681	19.2
K07683	89.38
K07684	138.82
K07685	53.8
K07686	68.99
K07687	69.12
K07688	45.11
K07689	54.24
K07690	24.29
K07691	0
K07692	0
K07693	94.16
K07694	19.2
K07695	0
K07696	90.38
K07697	0
K07698	0
K07699	1
K07700	97.06
K07701	63.05
K07702	97.06
K07703	60.66
K07704	87.94
K07705	87.94
K07706	98.9
K07707	98.5
K07708	63.82
K07709	63.39
K07710	12.75
K07711	59.63
K07712	63.82
K07713	58.25
K07714	12.75
K07715	59.63
K07716	0
K07717	0.15
K07718	9.05
K07719	0.15
K07720	78.98
K07722	59.63
K07723	19.2
K07724	157.92
K07726	184.67
K07727	77.26
K07729	150.94
K07733	78.58
K07734	23.29
K07735	295.5
K07736	167.75
K07738	400.09
K07739	0
K07740	60.16
K07741	118.49
K07742	261.38
K07746	47.31
K07749	87.41
K07751	60.55
K07757	59.38
K07768	165.59
K07769	0
K07770	0
K07771	59.88
K07772	44.59
K07773	60.55
K07774	50.81
K07775	160.56
K07776	165.59
K07777	1
K07778	185.46
K07780	0
K07781	59.38
K07782	62.35
K07783	79.74
K07784	183.82
K07786	7.68
K07787	30.56
K07788	59.46
K07789	63.13
K07790	46.58
K07791	169.99
K07792	141.61
K07793	127.93
K07794	120.59
K07795	122.33
K07796	23.89
K07797	7.68
K07798	28.22
K07799	63.38
K07800	89.38
K07803	58.25
K07804	72.6
K07805	32.63
K07806	65.13
K07807	0.25
K07810	23.89
K07811	44.6
K07812	17.34
K07813	89.38
K07814	2.78
K07816	258.97
K07821	17.17
K07823	1.11
K07862	139.18
K07978	0
K07979	92.19
K08068	73.58
K08070	0
K08076	0
K08077	0
K08081	0
K08082	1.36
K08083	2.55
K08084	82.99
K08085	0.25
K08086	7.44
K08087	36.3
K08088	36.3
K08092	45.64
K08093	93.58
K08094	97.11
K08095	7.92
K08097	2
K08100	0
K08137	59.63
K08138	8.95
K08139	17.29
K08151	18.41
K08152	1.22
K08153	0.2
K08154	59.38
K08156	18.83
K08159	61.5
K08160	59.92
K08161	123.56
K08162	60.38
K08163	54.73
K08164	0
K08166	2.98
K08167	212.85
K08168	134.78
K08169	27.95
K08170	329.13
K08172	23.08
K08173	54.81
K08174	0
K08177	70.42
K08178	43.25
K08191	87.94
K08194	42.64
K08195	79.29
K08196	0.61
K08217	3.78
K08218	142.72
K08219	59.38
K08220	0
K08221	1
K08222	1
K08223	65.64
K08224	226.45
K08225	54.49
K08226	0
K08227	64.52
K08234	61.94
K08252	0
K08253	1.33
K08255	89.38
K08256	165.34
K08258	72.78
K08259	70.32
K08260	0
K08261	0
K08276	60.33
K08277	52.3
K08279	52.3
K08280	0
K08281	300.36
K08282	1.11
K08286	0.25
K08289	226.18
K08295	3.83
K08296	142.41
K08297	53.8
K08298	53.8
K08299	52.63
K08300	302.47
K08301	136.58
K08302	61.62
K08303	427.17
K08304	136.74
K08305	136.89
K08306	60.55
K08307	135.08
K08308	59.38
K08309	141.55
K08310	136.88
K08311	137.08
K08312	61.42
K08313	16
K08314	59.38
K08315	59.38
K08316	304.67
K08317	46.12
K08318	52.3
K08319	47.73
K08320	59.38
K08321	59.54
K08322	124.42
K08323	58.32
K08324	131.3
K08325	60.13
K08326	7.68
K08344	51.7
K08348	73.65
K08349	26.75
K08350	27
K08351	71.6
K08352	43.64
K08353	52.3
K08354	52.3
K08355	0
K08356	0
K08357	49.01
K08358	45.34
K08359	41.67
K08363	2
K08364	1.95
K08365	1.92
K08368	59.24
K08369	190.76
K08372	167.09
K08384	2.33
K08475	42.07
K08476	38.4
K08477	3.67
K08478	38.4
K08479	0
K08480	0
K08481	0
K08482	0.75
K08483	411.39
K08484	61.13
K08485	59.38
K08566	33.6
K08586	0
K08587	0
K08589	0
K08591	242.75
K08598	3.67
K08600	86.22
K08602	98.29
K08603	0
K08604	0.61
K08641	77.06
K08642	0.61
K08643	6.5
K08644	0
K08646	0
K08651	0.25
K08652	0.7
K08659	2.86
K08676	0.75
K08677	2
K08678	0.33
K08679	13.5
K08680	151.13
K08681	256.73
K08682	63.05
K08685	0.14
K08686	0
K08687	0
K08688	1.11
K08689	0
K08691	0
K08692	0
K08693	0
K08696	0
K08697	0
K08698	0
K08699	0
K08700	0
K08713	0
K08714	0
K08715	2.33
K08717	90.95
K08720	0
K08721	0.86
K08722	59.54
K08723	59.54
K08724	71.18
K08728	0
K08738	7.97
K08744	6.7
K08776	0
K08777	0
K08884	646.58
K08900	0.33
K08902	0
K08903	0
K08904	0
K08906	0
K08926	0
K08927	0
K08928	0
K08929	0
K08930	0
K08939	0
K08961	0
K08963	9.33
K08964	9.16
K08965	1
K08966	1
K08967	9.58
K08969	1.97
K08970	33.34
K08972	102.66
K08973	76.53
K08974	257.86
K08976	91.38
K08977	1
K08978	73.15
K08981	133.47
K08982	2.5
K08983	3.19
K08984	17.84
K08985	0.17
K08986	5.71
K08987	242.89
K08988	1
K08989	50.56
K08990	64.22
K08992	60.55
K08993	59.55
K08994	63.94
K08995	2.61
K08996	98.76
K08997	59.38
K08998	274.25
K08999	108.45
K09000	1
K09001	138.08
K09002	0
K09003	0.2
K09004	3.58
K09005	3.66
K09007	169.77
K09009	165.19
K09011	0
K09012	0
K09013	323.62
K09014	323.78
K09015	323.29
K09016	14.76
K09017	137.7
K09018	14.76
K09019	96.34
K09020	14.76
K09021	14.76
K09022	171.85
K09023	14.76
K09024	16.03
K09065	0
K09116	0
K09117	236.39
K09118	165.59
K09120	1
K09121	75.57
K09122	2.33
K09123	1.27
K09124	0
K09125	382.42
K09126	0
K09127	1
K09128	0.66
K09129	2.33
K09131	61.91
K09132	0
K09133	0
K09134	78.22
K09136	193.26
K09137	0
K09138	0
K09141	0
K09143	0
K09144	0
K09145	19.87
K09146	164.17
K09153	93.54
K09154	0
K09155	8.61
K09157	243.31
K09158	136.25
K09159	136.88
K09160	62.3
K09161	60.25
K09162	256.97
K09163	1
K09164	83.47
K09165	3.36
K09166	1.53
K09167	203.65
K09181	63.15
K09190	2.44
K09251	59.38
K09252	2.14
K09253	0
K09384	101.95
K09386	3.83
K09388	0
K09456	70.91
K09457	166.95
K09458	334.35
K09459	0
K09461	5.16
K09469	0
K09470	14.76
K09471	132.29
K09472	19.66
K09473	14.76
K09474	44.04
K09475	66.72
K09476	60.9
K09477	52.3
K09478	0
K09483	0.17
K09487	0
K09516	0
K09607	0
K09612	59.38
K09650	0
K09680	89.38
K09681	4.31
K09682	0.75
K09683	0
K09684	116.69
K09685	96.29
K09688	104.88
K09689	104.88
K09690	45.02
K09691	44.41
K09692	189.25
K09693	112.7
K09694	2.83
K09695	2.58
K09696	1.25
K09697	1.25
K09698	96.62
K09699	92.13
K09700	0
K09701	6.87
K09702	14.8
K09703	0
K09704	3.65
K09705	96.34
K09706	1
K09707	1.16
K09709	0.58
K09710	400.29
K09711	0
K09712	125.14
K09726	0
K09729	0
K09740	0
K09744	0.33
K09747	399.84
K09748	327.38
K09749	0
K09758	1.25
K09759	1
K09760	159.69
K09761	400.29
K09762	262.21
K09763	20.2
K09764	8.5
K09765	177.37
K09766	0
K09767	69.22
K09768	150.18
K09769	90.38
K09770	0
K09771	135.4
K09772	261.21
K09773	258.19
K09774	136.88
K09775	3.2
K09776	1
K09777	0
K09778	0
K09779	1
K09780	364.29
K09781	296.23
K09785	1
K09786	65.66
K09787	96.62
K09788	157.7
K09789	72.67
K09790	353.06
K09791	301.06
K09792	75.7
K09793	166.15
K09794	89.7
K09795	71.8
K09796	241.75
K09797	0.53
K09798	61.33
K09799	0.87
K09800	137.71
K09801	136.05
K09802	60.55
K09803	98.13
K09804	0
K09805	1
K09806	135.5
K09807	61.29
K09808	207.42
K09809	90.07
K09810	138.55
K09811	308.08
K09812	308.75
K09813	19.2
K09814	89.38
K09815	166.74
K09816	159.37
K09817	159.37
K09818	1
K09819	154.19
K09820	57.64
K09822	89.63
K09823	138.41
K09824	169.6
K09825	93.37
K09826	0
K09833	0
K09834	0
K09835	0
K09836	0
K09844	0
K09845	0
K09846	0
K09847	0
K09857	134.63
K09858	263.96
K09859	0
K09860	0
K09861	310.55
K09862	136.5
K09879	0
K09880	8.16
K09882	9.54
K09883	1.22
K09888	227.79
K09889	136.05
K09890	131.97
K09891	64.22
K09892	61.33
K09893	60.93
K09894	60.55
K09895	61.47
K09896	60.72
K09897	60.55
K09898	61.64
K09899	60.05
K09900	60.55
K09901	60.55
K09902	61.47
K09903	400.29
K09904	60.55
K09906	27.92
K09907	60.55
K09908	65.14
K09909	52.97
K09910	60.55
K09911	60.55
K09912	60.3
K09913	62.74
K09914	60.91
K09915	60.66
K09916	60.3
K09917	60.55
K09918	60.3
K09919	4.44
K09920	60.16
K09921	63.79
K09922	3.29
K09923	132.72
K09924	74.99
K09925	6.26
K09926	75.5
K09927	32.98
K09928	2
K09929	73.35
K09930	76.35
K09931	0.61
K09932	17.35
K09933	63.24
K09934	10.62
K09935	9.21
K09936	342.4
K09937	62.57
K09938	0.78
K09939	4.47
K09940	90.16
K09941	74.72
K09942	0
K09943	72
K09944	0
K09945	10.19
K09946	151.2
K09947	1.03
K09948	1.75
K09949	0
K09950	2.09
K09951	223.35
K09952	67.05
K09953	44.76
K09954	63.33
K09955	39.74
K09956	79.27
K09957	2.94
K09958	8.5
K09959	1.03
K09960	33.26
K09961	40.07
K09962	8.57
K09963	89.03
K09964	0.86
K09965	4.24
K09966	0
K09967	5.43
K09968	105.46
K09969	17.03
K09970	16.42
K09971	16.42
K09972	17.17
K09973	64.96
K09974	12.12
K09975	34.86
K09976	95.29
K09977	72.53
K09978	60.96
K09979	60.5
K09980	44.84
K09981	1.33
K09982	79.8
K09983	4.27
K09984	9.84
K09985	0.83
K09986	1.75
K09987	0.83
K09988	0.16
K09989	4.58
K09990	2.83
K09991	0.83
K09992	0.25
K09994	53.43
K09996	102.76
K09997	70.34
K09998	60.55
K09999	60.55
K10000	60.55
K10001	77
K10002	62.99
K10003	62.99
K10004	62.99
K10005	159.99
K10006	159.09
K10007	159.49
K10008	160.99
K10009	225.59
K10010	221.93
K10011	59.99
K10012	62.32
K10013	67.59
K10014	62.54
K10015	60.6
K10016	60.6
K10017	64.27
K10018	1.51
K10019	1.74
K10020	1.13
K10021	1.74
K10022	1.64
K10023	1.03
K10024	2.16
K10025	1.03
K10026	150.7
K10027	4.09
K10036	59.38
K10037	59.38
K10038	59.38
K10039	3.96
K10040	7.92
K10041	58.85
K10094	0.59
K10107	104.88
K10108	130.27
K10109	60.09
K10110	60.09
K10111	68.03
K10112	445.92
K10117	7.47
K10118	7.97
K10119	7.47
K10120	0
K10121	0
K10122	0
K10123	0
K10124	21.73
K10125	6.72
K10126	6.72
K10156	0
K10188	1.33
K10189	1.33
K10190	1.33
K10191	0
K10192	12.22
K10193	7.08
K10194	7.08
K10195	7.08
K10200	0
K10201	0
K10202	0
K10206	1
K10208	88.49
K10209	88.49
K10210	86.89
K10211	86.89
K10212	86.89
K10213	7.68
K10215	8.25
K10216	73.77
K10217	1.5
K10218	83.48
K10219	0.5
K10220	73.95
K10221	0.5
K10227	1.11
K10228	1.11
K10229	1.11
K10231	0
K10232	0
K10233	0
K10234	0
K10235	0
K10236	1
K10237	50.09
K10238	1
K10240	0.25
K10241	0.25
K10242	0.25
K10253	0.78
K10254	97.91
K10255	0.14
K10257	0
K10380	0
K10439	185.74
K10440	184.75
K10441	175.29
K10530	8.39
K10531	1.03
K10533	0.33
K10536	7.22
K10537	24.41
K10538	24.41
K10539	24.41
K10540	60.51
K10541	60.05
K10542	60.05
K10543	28.46
K10544	28.46
K10545	33.6
K10546	0.5
K10547	0.5
K10548	0.5
K10549	2.56
K10550	2.56
K10551	2.56
K10552	0.25
K10553	0.25
K10554	0.25
K10555	59.54
K10556	59.54
K10557	59.54
K10558	59.54
K10559	15.4
K10560	15.4
K10561	20.54
K10562	16.4
K10563	515.61
K10564	0
K10565	0
K10619	0
K10620	0
K10621	0
K10622	0
K10670	0
K10672	0
K10673	0.49
K10674	0
K10676	76.94
K10677	0.25
K10678	59.84
K10679	59.69
K10680	72.88
K10681	89.54
K10682	19.21
K10697	0
K10704	0
K10708	7.68
K10709	7.68
K10710	7.68
K10711	7.68
K10713	0
K10714	0
K10715	0
K10716	233.87
K10742	0
K10747	74.89
K10748	67.7
K10762	39.02
K10763	136.05
K10764	74.45
K10773	402.29
K10774	0
K10778	77.8
K10780	2
K10793	0
K10794	0
K10795	0
K10796	0
K10797	0
K10798	0
K10800	0
K10804	65.84
K10805	225.2
K10806	137.07
K10810	19.2
K10811	0
K10814	0
K10815	0.61
K10816	0.61
K10817	0
K10819	3.65
K10820	0
K10823	157.29
K10824	130.53
K10831	31.92
K10834	0
K10843	163.43
K10844	0.42
K10850	89.38
K10851	89.38
K10854	0
K10855	0
K10856	0
K10857	60.38
K10896	0.17
K10906	13.12
K10907	2.5
K10908	1
K10911	0
K10912	0
K10913	0
K10914	61.89
K10915	0
K10916	2.33
K10917	0
K10918	0
K10921	0
K10922	0
K10924	0.25
K10925	0
K10926	0
K10927	0.25
K10938	0.14
K10939	7.54
K10940	0
K10941	0.78
K10942	0.78
K10943	1.61
K10947	167.32
K10948	0
K10954	28.82
K10960	0
K10972	53.43
K10973	43.98
K10974	52.5
K10975	7.68
K10979	4.51
K10984	17.13
K10985	17.13
K10986	17.13
K11003	74.51
K11004	74.8
K11005	0.89
K11006	0.83
K11007	3.97
K11008	0
K11013	0.5
K11014	0.5
K11015	0.5
K11016	0.5
K11017	0.5
K11018	0
K11020	0.61
K11021	0
K11023	32.63
K11024	0
K11025	0
K11026	0
K11027	0
K11028	0
K11029	0
K11031	3.65
K11032	140.36
K11033	0
K11034	0
K11035	0
K11036	0
K11037	0
K11038	353.9
K11039	70.18
K11040	421.08
K11041	74.32
K11042	70.18
K11044	0
K11045	0.15
K11046	0
K11047	0.15
K11048	0.31
K11049	0.31
K11050	77.32
K11051	76.82
K11052	0.31
K11053	0.31
K11054	0.31
K11055	0.15
K11056	0.15
K11059	0
K11060	0
K11061	0
K11062	0
K11063	0
K11065	319.57
K11066	63.08
K11068	392.35
K11069	159.48
K11070	158.61
K11071	158.61
K11072	158.61
K11073	283.43
K11074	132.05
K11075	137.36
K11076	186.28
K11077	0
K11078	0
K11079	0
K11080	0
K11081	43.38
K11082	43.38
K11083	43.38
K11084	47.05
K11085	226.63
K11089	4.34
K11102	149.32
K11103	222.02
K11104	56.85
K11105	70.96
K11106	23.08
K11107	131.48
K11139	38.88
K11144	96.29
K11145	96.62
K11159	0.25
K11169	0
K11175	399.5
K11177	11.35
K11178	14.35
K11179	61.47
K11180	0
K11181	0
K11183	69.08
K11184	2
K11189	412.66
K11192	14.92
K11195	0
K11200	13.72
K11201	41.13
K11202	42.5
K11203	41.13
K11208	18.19
K11209	133.77
K11210	72.32
K11211	1.17
K11212	0.83
K11214	1
K11216	63.21
K11249	49.93
K11250	62.46
K11258	60.05
K11261	0.67
K11263	208.68
K11264	16
K11275	0
K11311	0.61
K11312	0.17
K11325	0
K11329	0.25
K11333	0
K11334	0
K11335	0
K11336	0
K11337	0
K11356	0
K11357	0
K11358	0.25
K11381	0.2
K11382	38.24
K11383	0.78
K11384	0.78
K11385	0
K11386	0
K11387	163.84
K11391	59.38
K11392	59.38
K11440	0
K11441	0.17
K11442	19.2
K11443	0.83
K11444	0.78
K11472	12.74
K11473	13.74
K11474	8.29
K11475	0.86
K11476	20.2
K11477	10.62
K11520	0
K11521	0
K11522	0
K11524	0
K11525	0
K11526	0
K11527	0
K11529	0
K11530	60.01
K11531	59.54
K11532	0.83
K11533	241.13
K11534	102.91
K11535	152.43
K11537	50.22
K11601	11.56
K11602	11.56
K11603	9.65
K11604	58.01
K11605	58.01
K11606	58.01
K11607	58.41
K11608	0
K11609	0
K11610	0
K11611	0
K11614	0.14
K11615	0.29
K11616	1.27
K11617	76.09
K11618	146.27
K11619	0
K11621	0
K11622	0
K11623	0
K11624	0
K11625	0
K11626	0
K11629	0
K11630	70.18
K11631	159.56
K11632	89.38
K11633	0
K11634	0
K11635	0
K11636	0
K11637	0
K11638	0
K11645	62.01
K11646	0
K11685	63.05
K11686	0
K11688	2.55
K11689	1.8
K11690	2.08
K11691	0
K11692	0
K11693	89.38
K11694	19.2
K11695	19.2
K11703	0
K11704	98.38
K11705	98.78
K11706	95.13
K11707	134.1
K11708	67.08
K11709	67.08
K11710	137.26
K11711	0.75
K11712	0.75
K11717	327.15
K11719	136.88
K11720	155.33
K11731	0.61
K11732	61.96
K11733	230.4
K11734	68.45
K11735	121.25
K11736	59.38
K11737	344.42
K11738	201.82
K11739	4.68
K11740	11.09
K11741	82.5
K11742	59.99
K11743	60.13
K11744	59.38
K11745	62.46
K11746	67.1
K11747	62.21
K11748	59.58
K11749	234.7
K11750	59.38
K11751	89.46
K11752	401.81
K11753	400.29
K11754	408.04
K11755	134.52
K11777	0
K11779	0.83
K11780	0
K11781	0
K11782	1
K11783	1
K11784	0
K11785	1
K11787	0
K11788	0
K11811	3.31
K11814	0
K11815	0
K11839	0
K11889	0
K11890	39.91
K11891	101.1
K11892	66.4
K11893	66.02
K11894	8.46
K11895	61.83
K11896	56.31
K11897	39.91
K11898	37.41
K11899	0
K11900	55.31
K11901	55.31
K11902	73.15
K11903	109.86
K11904	241.11
K11905	21.25
K11906	60.59
K11907	54.76
K11908	0
K11909	7.68
K11910	9.77
K11911	17.15
K11912	0.61
K11913	0.61
K11914	0.61
K11915	1.22
K11916	0
K11917	0.61
K11918	0.61
K11919	0.61
K11920	0.97
K11921	126.14
K11922	13.72
K11923	59.52
K11924	59.38
K11925	63.05
K11926	59.38
K11927	64.56
K11928	393.15
K11929	59.63
K11930	43.98
K11931	15.97
K11932	87.69
K11933	63.34
K11934	59.38
K11935	18.49
K11936	103.31
K11937	5.95
K11938	60.38
K11939	244.32
K11940	60.21
K11941	59.38
K11942	2.78
K11950	0
K11951	0
K11952	0
K11953	0
K11954	0
K11955	0
K11956	0
K11957	0
K11958	0
K11959	94.03
K11960	94.03
K11961	94.03
K11962	94.03
K11963	94.03
K11987	0
K11991	330.74
K11996	290.82
K12048	0
K12049	0
K12050	0
K12052	0
K12053	0
K12055	34.33
K12056	18.58
K12057	17
K12058	17.74
K12059	7.57
K12060	17.42
K12061	17.42
K12062	16.64
K12063	17.42
K12064	16.85
K12065	22.9
K12066	18.26
K12067	16.36
K12068	16.45
K12069	0.58
K12070	8.57
K12071	8.57
K12072	17
K12073	0
K12078	0
K12079	0
K12080	0
K12081	0
K12082	0
K12083	0
K12084	0
K12085	0
K12086	0
K12087	0
K12088	0
K12089	0
K12090	0
K12091	0
K12092	0
K12093	0
K12094	0
K12095	0
K12096	0
K12097	0
K12098	0
K12099	0
K12100	0
K12101	0
K12102	0
K12103	0
K12104	0
K12105	0
K12106	0
K12107	0
K12108	0
K12109	0
K12110	0
K12111	7.68
K12112	7.68
K12113	7.68
K12136	7.68
K12137	7.68
K12138	7.68
K12139	7.68
K12140	7.68
K12141	7.68
K12142	7.68
K12143	7.68
K12144	7.54
K12145	7.68
K12146	7.68
K12147	64.52
K12148	59.38
K12149	64.49
K12151	60.51
K12152	60
K12203	0.83
K12204	0.83
K12205	0.83
K12206	0.83
K12209	0.83
K12211	0.83
K12212	0
K12213	0.83
K12214	0.83
K12217	0.83
K12218	0.83
K12222	0.83
K12227	0.83
K12228	0.83
K12234	0.83
K12238	0.61
K12239	0.61
K12240	1.57
K12241	0.61
K12242	0.61
K12243	0.86
K12246	0
K12247	0.05
K12248	0.64
K12251	5.86
K12252	0.61
K12253	0
K12254	0.78
K12255	7.61
K12256	0.83
K12257	92.58
K12262	136.26
K12263	0
K12264	59.38
K12265	63.05
K12266	61.41
K12267	155.25
K12268	74.68
K12269	74.68
K12270	73.68
K12276	0.25
K12278	0.25
K12279	0.25
K12280	0
K12281	0
K12282	0.25
K12283	0
K12284	0
K12285	0.25
K12286	0.25
K12287	0
K12288	59.63
K12289	59.38
K12290	53.75
K12291	50.25
K12292	3.45
K12293	3.45
K12294	0
K12295	1.75
K12296	6.01
K12297	61.47
K12299	21.95
K12308	16.43
K12339	63.13
K12340	139.8
K12343	0.2
K12349	9.19
K12368	66.84
K12369	61.58
K12370	61.58
K12371	61.58
K12372	61.58
K12373	70.52
K12405	0.61
K12410	259.78
K12428	163.44
K12429	0
K12436	0
K12437	163.44
K12441	0
K12448	0
K12449	0
K12452	36.55
K12453	32.63
K12454	32.63
K12466	0
K12472	73.38
K12500	132.13
K12503	166.59
K12506	0.83
K12507	20.67
K12508	10.5
K12509	0.95
K12510	183.59
K12511	19.16
K12512	2.08
K12513	2.08
K12514	2.08
K12515	0.95
K12516	70.12
K12517	0
K12518	0
K12519	0
K12520	0
K12521	0
K12522	0
K12523	0
K12524	60.45
K12525	59.38
K12526	0
K12527	17.13
K12528	16
K12529	16
K12530	0
K12531	0
K12532	0
K12533	0
K12534	0
K12535	0
K12536	1.22
K12537	1.22
K12538	1.22
K12539	0
K12540	0
K12541	57.22
K12542	57.22
K12543	61.69
K12544	0
K12545	0.61
K12547	0
K12548	0
K12549	0
K12551	19.2
K12552	19.2
K12553	19.2
K12554	148.38
K12555	6.91
K12556	5.91
K12573	234.9
K12574	360.33
K12581	0
K12582	60.34
K12583	163.43
K12585	0
K12619	0
K12658	2.19
K12660	59.38
K12661	60.66
K12678	142.56
K12679	8.32
K12681	0
K12682	0
K12683	0
K12684	26.72
K12685	0.61
K12686	45.16
K12687	13.81
K12688	72.25
K12689	0
K12690	71.25
K12700	78.58
K12784	0.14
K12785	0.14
K12786	0.14
K12787	0.14
K12788	0.14
K12790	0.14
K12810	0
K12821	0
K12826	0
K12910	0
K12940	15.54
K12941	15.34
K12942	343.63
K12943	54.85
K12944	59.38
K12945	59.38
K12950	0
K12952	16.05
K12954	18.1
K12955	0
K12957	26.75
K12960	7.33
K12961	59.38
K12962	59.99
K12963	59.99
K12972	70.87
K12973	60.51
K12974	64.52
K12975	59.38
K12976	1.26
K12977	0
K12978	0
K12979	46.39
K12980	0
K12981	45.91
K12982	1.17
K12983	0
K12984	8.25
K12985	5.95
K12986	0
K12987	0.61
K12988	0.61
K12989	0
K12990	3.34
K12991	0
K12992	38.04
K12993	0.61
K12994	1.45
K12995	2.27
K12996	4.41
K12997	2.66
K12998	2.15
K12999	0.71
K13002	0
K13004	0
K13005	32.63
K13006	0
K13007	0.78
K13008	0
K13009	8.32
K13010	0
K13011	0
K13012	86.03
K13013	0.33
K13014	59.99
K13015	0.32
K13016	0
K13017	0.25
K13018	0.25
K13019	0
K13020	0.25
K13021	6.15
K13028	0
K13037	0
K13038	394.63
K13039	0
K13040	44.95
K13041	44.95
K13043	0.2
K13049	2.53
K13051	62.86
K13052	91.89
K13053	59.69
K13057	0
K13059	0
K13060	9.26
K13061	2.94
K13063	1.22
K13069	42.99
K13075	0.25
K13085	36.3
K13126	0
K13184	0
K13208	0
K13243	16
K13244	2.28
K13245	0
K13252	0.2
K13255	59.38
K13256	62.12
K13275	0
K13276	0
K13277	0
K13280	0
K13281	1
K13282	3.7
K13283	61.61
K13284	32.63
K13285	36.3
K13286	36.3
K13287	36.3
K13288	374.93
K13292	234.5
K13300	0
K13301	59.38
K13307	0
K13308	0
K13309	0
K13310	0
K13311	0
K13315	0
K13317	0
K13318	0
K13344	0
K13378	60.16
K13381	1.29
K13408	216.57
K13409	137.5
K13419	0
K13421	0.2
K13444	0
K13450	0
K13472	2.33
K13478	1
K13479	16
K13480	16
K13481	12.2
K13482	12.2
K13483	14.35
K13485	3
K13486	3.72
K13487	0.78
K13488	0.78
K13489	0.78
K13490	0.78
K13491	0.78
K13497	62.63
K13498	221.83
K13500	0.16
K13503	0.67
K13520	0
K13522	4.83
K13525	0.83
K13527	164.09
K13529	3.16
K13530	0.2
K13531	0
K13532	0
K13533	0
K13540	64.13
K13541	0.78
K13542	238.19
K13543	2.33
K13570	164.09
K13571	328.18
K13572	89.14
K13573	173.51
K13574	14.76
K13580	139.12
K13581	0.83
K13582	0
K13583	0.83
K13584	0.83
K13585	0
K13586	0
K13587	0.83
K13588	0.83
K13589	0.83
K13590	1.8
K13591	0
K13592	0.83
K13593	0
K13598	0.83
K13599	0.83
K13607	0
K13609	0.17
K13611	0
K13612	0
K13613	0
K13614	0
K13615	0
K13620	16
K13622	0.33
K13623	0.33
K13626	0
K13628	227.46
K13629	55.55
K13630	59.13
K13631	64.96
K13632	59.13
K13633	20.71
K13634	136.05
K13635	26.16
K13636	58.94
K13637	57.92
K13638	59.71
K13639	60.91
K13640	168.09
K13641	62.38
K13642	0
K13643	144.37
K13650	23.08
K13651	1.29
K13652	56.59
K13653	2.11
K13654	52.3
K13655	1.29
K13656	0
K13657	0
K13658	0
K13659	0
K13660	0
K13661	0
K13662	0
K13663	0
K13664	0
K13665	0
K13668	163.84
K13669	0
K13670	0
K13671	263.17
K13677	2.66
K13678	3.25
K13683	52.3
K13684	52.3
K13686	163.84
K13687	153.1
K13688	1.58
K13689	0
K13693	154.69
K13694	68.41
K13695	67.63
K13701	0
K13714	89.38
K13715	71.78
K13727	7.44
K13730	0
K13731	0
K13732	70.18
K13733	72.43
K13734	0
K13735	66.82
K13739	3.67
K13740	32.63
K13741	72.6
K13742	0
K13743	0.28
K13745	8.54
K13746	0
K13747	4.91
K13766	4.2
K13767	0
K13770	1
K13771	144.44
K13772	0
K13774	0.61
K13775	0.86
K13776	0.61
K13777	0.61
K13778	0.61
K13779	0.61
K13786	0
K13787	170.41
K13788	299.81
K13789	172.73
K13790	0
K13791	0
K13792	0
K13793	0
K13794	44.87
K13795	44.87
K13796	48.87
K13797	0
K13799	0
K13810	0
K13815	0
K13816	0.33
K13818	0.79
K13819	0
K13820	0
K13821	239
K13829	1.5
K13832	0
K13853	90.38
K13873	0
K13874	1.58
K13875	0
K13876	0
K13877	0
K13886	0
K13888	142.39
K13889	61.71
K13890	61.71
K13891	61.71
K13892	66.85
K13893	64.83
K13894	63.91
K13895	63.74
K13896	67.41
K13918	59.38
K13919	52.07
K13920	52.07
K13921	50.57
K13922	53.2
K13923	50.57
K13924	0.42
K13925	3.25
K13926	61.21
K13927	0.55
K13928	8.36
K13929	81.55
K13930	81.55
K13931	8.36
K13932	81.55
K13933	81.55
K13934	81.55
K13935	81.05
K13936	7.08
K13938	23.86
K13940	73.83
K13950	161.69
K13953	391.32
K13954	17.92
K13955	0
K13963	0.25
K13967	0
K13979	117.88
K13990	0
K13991	0
K13992	0
K13993	21.34
K13994	0
K13995	0.25
K14026	0
K14028	0
K14029	0
K14048	0.67
K14051	55.97
K14052	15.54
K14053	16
K14054	59.38
K14055	60.95
K14056	14.76
K14057	25.04
K14058	137.05
K14059	68.19
K14060	12.98
K14061	67.7
K14062	61.92
K14063	15.62
K14064	59.38
K14067	0
K14080	0
K14083	0
K14084	0
K14086	0
K14087	0
K14088	0
K14089	0
K14090	0
K14091	0
K14105	0
K14136	163.84
K14138	0
K14153	96.36
K14155	189.4
K14159	0
K14160	3.99
K14161	107.29
K14162	110.79
K14164	0
K14165	0.25
K14166	4.49
K14170	136.05
K14187	60.7
K14188	95.54
K14189	2.53
K14192	73.38
K14193	0
K14194	318.62
K14195	73.38
K14196	70.93
K14197	70.93
K14198	70.18
K14199	140.36
K14201	85.89
K14203	70.18
K14204	70.18
K14205	93.3
K14257	0
K14259	0
K14260	320.36
K14261	60.99
K14266	0.75
K14267	243.63
K14268	0.17
K14287	55.01
K14330	0
K14331	0
K14333	5.95
K14335	2.28
K14337	163.18
K14338	0
K14339	165.34
K14340	3
K14347	229.05
K14348	59.63
K14358	0
K14366	0
K14367	0
K14368	0
K14369	0
K14370	0
K14375	0
K14379	0
K14392	60.8
K14393	232.63
K14414	22.86
K14415	110.38
K14441	66.52
K14445	330.33
K14446	0
K14447	0
K14448	0.33
K14449	0
K14451	0
K14470	0.33
K14471	0
K14472	0
K14475	0.94
K14518	0
K14519	80.78
K14520	0.83
K14534	0
K14540	168.87
K14572	0
K14578	2.33
K14581	2.33
K14587	44.62
K14588	63.05
K14591	59.38
K14596	0
K14597	0
K14605	0
K14606	0
K14623	92.26
K14629	0
K14631	0
K14645	17.71
K14647	0
K14652	339.05
K14654	0
K14657	0
K14658	0
K14659	0
K14660	0
K14665	0
K14666	0
K14667	0
K14668	0
K14669	0
K14670	0
K14671	0
K14672	0
K14673	0
K14676	0
K14680	0
K14681	0
K14682	136
K14683	87.73
K14698	9.42
K14699	7.92
K14727	8.25
K14728	0
K14733	0.5
K14742	206.76
K14743	155.59
K14744	27.25
K14745	0.15
K14748	0
K14749	0
K14750	0
K14761	255.56
K14762	59.38
K14832	0.14
K14835	0
K14940	0
K14941	0.33
K14949	163.84
K14952	0
K14953	0
K14954	0
K14955	0
K14956	8.75
K14974	0.92
K14977	45.68
K14978	36.3
K14979	36.3
K14980	0.83
K14981	0.83
K14982	5.91
K14983	5.91
K14986	2.65
K14987	3.36
K14988	0
K14989	0
K14998	1.83
K15011	4.58
K15012	4.58
K15016	0
K15023	0
K15024	6.27
K15034	68.34
K15051	7.56
K15054	0
K15060	0
K15061	0
K15062	0
K15063	0
K15065	0
K15066	0
K15067	0
K15125	380.22
K15126	0
K15226	0
K15228	0
K15229	0
K15236	0.33
K15237	0.66
K15238	0.66
K15239	0.33
K15240	0.33
K15242	0.33
K15255	0
K15256	62.33
K15257	65.14
K15268	67.46
K15269	12.06
K15270	3.41
K15311	0
K15312	0
K15313	0
K15314	0
K15315	0
K15327	0
K15328	0
K15329	0
K15337	0
K15342	151.92
K15344	36.3
K15345	39.97
K15346	36.3
K15347	32.63
K15349	0
K15350	36.3
K15351	36.3
K15352	36.3
K15353	39.97
K15354	0
K15357	0.25
K15358	0
K15366	0
K15367	36.3
K15368	36.44
K15371	3.44
K15372	90.33
K15373	7.69
K15383	1.91
K15396	61.47
K15408	1.25
K15460	60.75
K15461	64.3
K15468	0
K15469	0
K15495	1
K15496	1
K15497	0
K15509	0.07
K15510	0
K15511	0.25
K15512	0.25
K15513	0.25
K15514	0
K15515	0
K15518	89.38
K15519	89.38
K15520	165.59
K15521	165.59
K15524	13.72
K15525	166.34
K15526	165.59
K15527	0
K15531	0
K15532	51.7
K15533	0
K15534	0
K15536	60.5
K15538	0
K15539	64.55
K15540	54.24
K15545	60.5
K15546	0.25
K15547	14.76
K15548	69.66
K15549	14.76
K15550	14.76
K15551	33.05
K15552	33.05
K15553	126.14
K15554	105.63
K15555	106.13
K15576	17.05
K15577	15.63
K15578	14.63
K15579	0
K15580	560.24
K15581	316.55
K15582	283.92
K15583	228.23
K15584	112.47
K15585	112.47
K15586	112.47
K15587	107.33
K15598	17
K15599	15.5
K15600	7.87
K15629	3.17
K15632	0
K15633	151.21
K15634	775.2
K15635	1
K15640	0.14
K15650	0
K15652	1
K15654	0
K15655	0
K15656	0
K15657	0
K15658	0
K15659	0
K15660	0
K15661	0
K15662	0
K15663	0
K15664	0
K15665	0
K15666	0
K15667	0
K15668	0
K15669	0
K15677	0
K15719	0
K15721	3.22
K15722	54.73
K15723	59.38
K15724	136.05
K15725	9.75
K15726	14.01
K15727	11.03
K15731	0.33
K15733	163.34
K15734	0
K15735	53.11
K15736	53.36
K15737	53.11
K15738	286.29
K15739	0
K15746	0.7
K15749	0
K15750	0
K15760	0
K15761	0
K15762	0
K15763	0
K15764	0
K15765	0
K15770	153.68
K15771	151.94
K15772	148.54
K15773	19.92
K15777	68.61
K15778	75.17
K15780	0.15
K15781	0
K15782	0
K15783	0
K15784	0
K15785	0
K15786	0
K15790	0
K15792	0
K15827	59.38
K15828	63.05
K15829	59.38
K15830	59.38
K15831	59.38
K15832	59.38
K15833	59.38
K15834	59.38
K15835	7.84
K15836	59.38
K15842	0
K15843	0
K15844	0
K15845	0
K15846	0
K15847	0
K15848	0
K15852	0
K15855	0
K15856	0.61
K15857	0
K15860	0
K15861	0
K15862	0.4
K15864	0.61
K15866	37.45
K15868	0.33
K15873	0
K15876	60.4
K15878	1
K15879	1
K15894	0
K15895	0
K15896	0
K15897	0
K15898	0
K15899	0
K15910	0
K15912	0
K15913	0
K15914	0
K15915	0
K15918	0.33
K15921	0
K15922	49.3
K15923	4.95
K15924	0
K15926	0
K15973	87.11
K15974	59.63
K15975	104.57
K15976	0
K15977	606.2
K15981	0
K15982	0.15
K15983	0
K15984	133.22
K15986	105.94
K15987	1.41
K15998	0
K16004	0
K16009	0
K16010	0
K16011	2.19
K16012	292.13
K16013	292.13
K16014	2.25
K16017	0
K16022	0
K16039	0
K16041	0.28
K16042	0.14
K16043	0
K16044	0
K16047	73.62
K16048	0.33
K16049	0.55
K16050	0
K16051	0.05
K16052	52.3
K16053	67.2
K16055	0
K16066	62.17
K16074	72.99
K16076	24.93
K16077	14.72
K16078	40.22
K16079	1.66
K16080	2.33
K16081	0.95
K16087	401.54
K16088	109.13
K16089	71.46
K16090	20.89
K16091	15.7
K16092	64.58
K16124	0
K16135	23.33
K16136	31.4
K16137	77.11
K16138	0.33
K16139	8.18
K16140	7.68
K16146	92.61
K16147	160.78
K16148	157.67
K16149	0
K16150	0
K16152	0.61
K16153	0
K16163	80.92
K16164	234.76
K16165	50.81
K16167	1
K16168	1
K16169	95.29
K16171	3.33
K16173	1
K16188	1
K16199	0
K16200	0
K16201	0.33
K16202	0
K16203	3.33
K16209	0.2
K16210	33.26
K16211	73.25
K16212	0.2
K16213	0
K16214	1.75
K16215	0
K16216	0
K16217	0
K16218	0
K16234	8.36
K16235	16.7
K16236	0.61
K16237	233.91
K16238	8.26
K16242	0
K16243	0
K16244	0
K16245	0
K16246	0
K16247	0
K16248	0
K16249	0
K16254	0
K16255	0
K16256	0
K16257	0
K16258	0
K16259	0
K16260	0
K16263	60.38
K16264	414.05
K16267	2.83
K16268	0
K16291	60.16
K16299	0.17
K16300	0.17
K16301	191.1
K16303	0
K16304	0.33
K16306	0
K16317	0
K16319	0
K16320	0
K16321	81.93
K16322	76.16
K16323	89.38
K16324	19.57
K16325	4.11
K16326	7.68
K16327	0
K16328	29.68
K16329	105.22
K16331	1
K16345	146.4
K16346	16.5
K16347	54.41
K16348	26.91
K16363	0.2
K16370	92.84
K16371	61.73
K16378	0
K16421	0
K16422	0.25
K16423	0
K16435	0
K16436	0
K16437	0
K16438	0
K16444	0
K16509	99.69
K16511	93.04
K16514	79.57
K16515	6.95
K16516	5.95
K16517	0
K16552	0
K16553	0
K16554	0
K16555	0
K16556	0
K16557	0
K16558	0
K16559	0
K16560	0
K16562	0
K16563	0
K16564	0
K16565	0
K16566	0
K16567	0
K16568	0
K16593	0
K16619	0
K16623	0
K16624	0
K16625	0
K16626	0
K16636	0.61
K16637	0.61
K16638	0
K16644	0
K16645	0
K16647	161.68
K16648	161.28
K16649	164.09
K16650	165.92
K16651	50.57
K16652	165.34
K16653	163.84
K16654	0
K16692	69.8
K16693	60.17
K16694	0
K16695	52.62
K16696	0
K16697	0
K16698	0
K16699	0
K16700	0
K16703	52.3
K16704	60.34
K16705	0
K16706	0
K16707	0
K16708	0
K16709	0
K16710	92.79
K16711	52.3
K16712	2.33
K16713	2.33
K16783	160.68
K16784	166.51
K16785	624.4
K16786	209.35
K16787	694.58
K16788	76.24
K16789	1.24
K16792	1
K16793	1
K16839	7.08
K16840	28.31
K16841	10.28
K16842	1.94
K16843	0
K16844	0.5
K16845	0
K16846	0
K16849	36.3
K16850	36.3
K16856	0.25
K16868	135.2
K16869	89.38
K16870	163.84
K16871	0
K16872	3.5
K16873	0
K16874	0
K16875	0
K16876	0
K16877	0
K16878	0
K16879	0
K16880	0
K16881	0
K16882	0
K16898	100.03
K16899	100.7
K16905	0
K16906	0
K16907	0
K16915	0.84
K16916	70.32
K16917	70.32
K16918	0
K16919	0
K16920	0
K16922	0.42
K16923	139.72
K16924	146.27
K16925	269.16
K16926	55.7
K16927	75.6
K16937	104.1
K16950	36.3
K16951	36.3
K16956	0
K16957	5.15
K16958	1.9
K16959	5.3
K16960	5.7
K16961	0
K16962	0
K16963	4.99
K16964	0
K16965	0
K16966	0
K16967	0
K16968	0
K16969	0
K17050	0
K17051	0
K17052	0
K17060	0.78
K17061	0.78
K17062	0
K17063	0
K17067	0
K17073	0
K17074	5.71
K17076	5.71
K17103	77.78
K17108	0
K17195	9
K17202	15.4
K17203	15.4
K17204	15.4
K17205	0.25
K17206	0.25
K17207	0.25
K17208	0.17
K17209	0.17
K17210	0.17
K17213	15.36
K17214	9.41
K17215	9.41
K17216	89.38
K17217	89.38
K17218	78.15
K17222	2.33
K17223	2.33
K17224	2.33
K17225	0
K17226	2.47
K17227	2.33
K17228	0.61
K17229	0
K17230	0
K17234	0
K17235	0
K17236	0
K17237	0
K17238	0
K17239	0
K17240	0
K17241	0
K17242	0
K17243	0
K17244	0.66
K17245	0.66
K17246	0.33
K17247	65.11
K17248	0
K17249	0
K17250	0
K17251	0
K17285	0
K17310	0
K17315	2.61
K17316	1.36
K17317	1.36
K17318	24.06
K17319	24.06
K17320	24.06
K17321	2.58
K17322	2.58
K17323	2.58
K17324	2.58
K17325	2.58
K17329	0
K17330	0
K17331	0
K17363	0
K17364	0
K17462	0.75
K17463	45.73
K17464	45.73
K17465	45.73
K17466	45.73
K17467	45.73
K17468	49.4
K17472	20.2
K17473	45.73
K17474	0
K17476	0
K17485	0
K17486	0
K17489	78.35
K17490	1.9
K17585	0
K17618	0.33
K17623	0
K17624	4
K17662	0.83
K17675	1.08
K17680	5.39
K17686	425.93
K17713	66.3
K17716	86.19
K17722	52.3
K17723	85.96
K17733	2.53
K17734	0.33
K17735	1.92
K17736	0.78
K17737	7.86
K17742	0
K17744	0
K17752	1.34
K17754	0
K17755	0.25
K17758	0.17
K17759	62.9
K17760	1.55
K17762	1.34
K17763	1.34
K17810	0.2
K17828	6.44
K17829	0
K17835	0
K17836	13.45
K17837	36.7
K17838	3.44
K17840	0
K17850	9.18
K17865	0
K17880	0
K17883	165.34
K17892	0
K17893	0
K17898	0
K17899	0
K17910	1
K17938	59.38
K17947	0
K17948	47.86
K17950	1.13
K17989	2
K17992	0
K18000	0.61
K18003	0
K18005	0
K18006	0
K18007	0
K18009	0.05
K18011	0
K18012	0
K18013	8.32
K18014	0
K18015	40.98
K18028	0.25
K18029	1.11
K18030	0.25
K18067	0
K18068	0
K18069	0
K18070	0
K18072	0.61
K18073	0.61
K18087	0
K18092	0
K18093	2.14
K18094	0.61
K18095	0.61
K18096	1.16
K18098	0
K18099	0
K18100	0.61
K18101	0.61
K18104	96.48
K18115	0
K18118	252.41
K18119	0
K18120	0
K18121	1.24
K18122	0
K18129	0.61
K18130	0.61
K18131	0.61
K18132	71.75
K18133	72.25
K18135	0
K18136	0.67
K18137	0
K18138	175.58
K18139	132.95
K18140	25.62
K18141	58.25
K18142	63.39
K18143	0.62
K18144	1.2
K18145	0
K18146	1.12
K18147	0
K18148	45.84
K18149	0
K18151	0
K18153	0
K18164	0
K18195	0
K18197	0
K18199	2.33
K18214	0
K18215	0
K18216	1.75
K18217	1.75
K18218	0
K18220	0.15
K18221	0.2
K18223	0
K18224	0
K18225	0
K18226	0
K18229	0
K18230	245.66
K18231	4.25
K18232	0
K18233	0
K18234	0.16
K18235	5.27
K18236	0
K18240	0
K18242	2.33
K18243	2.33
K18248	0
K18249	0
K18277	78.06
K18284	0
K18285	1
K18286	0
K18288	3.67
K18289	0.78
K18290	3.67
K18291	0.78
K18292	53.54
K18294	0.86
K18295	0.86
K18296	0.86
K18297	0.95
K18298	1.03
K18299	0.78
K18300	0.78
K18301	6.61
K18302	0.92
K18303	0.92
K18304	0.61
K18305	0.61
K18306	0.61
K18307	0.61
K18308	0.61
K18316	0
K18320	412.65
K18321	0
K18322	0
K18323	0
K18324	59.38
K18325	54.33
K18326	59.38
K18330	0
K18331	0
K18332	0
K18333	0.2
K18334	0
K18335	0
K18336	0
K18337	0
K18344	0
K18345	0
K18346	2.41
K18347	0
K18348	0
K18349	0
K18350	0
K18351	0.57
K18352	0
K18353	1
K18354	0
K18355	0
K18356	0
K18357	0
K18358	0
K18359	0
K18360	0
K18361	0
K18362	0
K18363	0
K18364	0.5
K18365	1
K18366	0
K18369	139.49
K18370	0
K18371	0
K18372	0
K18373	2.33
K18374	2.33
K18375	0
K18376	4.66
K18377	0
K18378	0
K18379	2.33
K18380	0
K18381	2.33
K18382	0
K18383	2.91
K18384	0
K18425	0
K18427	0
K18428	0
K18429	0
K18430	0
K18431	0
K18433	0
K18434	0
K18445	0
K18446	59.38
K18455	165.59
K18456	0.86
K18457	0.05
K18459	1.74
K18471	6.71
K18472	0
K18473	0.61
K18474	2.46
K18475	40.11
K18476	0.32
K18478	52.55
K18479	49.55
K18480	4.44
K18481	0
K18530	16
K18531	16
K18534	0
K18540	0.86
K18541	0
K18545	0
K18546	0
K18547	0
K18552	0
K18553	0.17
K18554	0
K18555	0.32
K18567	1.22
K18572	0
K18574	0
K18575	0
K18581	4.93
K18586	0
K18587	0.83
K18588	0.83
K18589	0
K18590	0
K18591	0
K18608	0
K18611	0
K18626	0
K18640	35.99
K18642	0
K18649	0
K18650	2.33
K18652	0
K18653	0
K18654	0.16
K18657	59.38
K18661	0.5
K18662	0
K18672	97.62
K18673	7.08
K18675	0
K18676	0.25
K18677	0
K18678	0
K18682	99.32
K18691	65.14
K18692	95.29
K18697	66.3
K18698	1.57
K18699	5.7
K18700	74.6
K18701	173.71
K18702	8.51
K18704	141.84
K18707	91.6
K18749	0
K18765	59.38
K18766	71.32
K18767	8.64
K18770	0
K18775	0.5
K18778	62.21
K18783	0
K18785	0.2
K18786	0
K18799	0
K18800	61.42
K18814	0
K18815	0.2
K18816	38.05
K18820	0
K18821	0
K18824	1.15
K18827	0.17
K18828	42.37
K18829	44.98
K18830	1.75
K18831	66.48
K18833	74.85
K18836	0
K18837	25.47
K18838	28.01
K18840	0
K18841	31.6
K18842	31.6
K18843	16.17
K18844	0
K18845	0
K18850	71.71
K18851	76.33
K18855	0
K18856	0
K18862	63.41
K18866	0
K18874	0
K18879	0
K18887	2.46
K18888	2.46
K18889	59.63
K18890	59.63
K18891	3.85
K18892	3.85
K18893	74.01
K18895	51.72
K18896	0
K18898	7.68
K18899	7.68
K18900	8.03
K18901	3.69
K18902	3.08
K18903	2.83
K18904	0
K18905	0
K18906	19.2
K18907	0
K18908	87.49
K18909	17.31
K18910	0.25
K18911	0.5
K18912	0
K18913	0
K18916	0.12
K18917	162.6
K18918	48.11
K18919	20.92
K18920	22.82
K18921	11.09
K18922	23.28
K18923	23.15
K18924	19.34
K18925	19.34
K18926	312.45
K18927	0
K18928	177.07
K18929	177.07
K18930	27.81
K18933	0
K18934	106.55
K18935	19.2
K18936	89.13
K18938	0
K18939	0.61
K18940	19.2
K18941	20.2
K18954	16.43
K18955	557.46
K18957	0
K18958	0
K18966	0
K18967	1.34
K18968	52.72
K18974	0.17
K18975	0.26
K18979	155.09
K18981	3.17
K18982	0
K18983	0
K18984	36.3
K18986	1.75
K18987	1.75
K18988	63.05
K18989	0
K18990	0
K18991	79.66
K18992	0
K18996	0
K18997	60.05
K19000	59.99
K19002	5.91
K19003	0
K19005	92.04
K19032	0
K19033	0
K19046	52.27
K19047	0.9
K19048	125.91
K19049	0.4
K19050	0
K19051	0
K19052	0
K19053	0
K19054	0
K19055	67.26
K19056	9.62
K19057	0.17
K19058	0.17
K19059	0.17
K19062	74.74
K19063	0
K19068	86.19
K19070	0
K19071	0
K19072	0
K19073	0
K19075	0
K19076	1
K19077	89.38
K19078	19.2
K19079	18.31
K19080	88.49
K19081	88.49
K19082	88.49
K19083	88.49
K19084	88.49
K19088	0
K19090	0
K19091	0
K19092	46.05
K19096	0
K19106	0.07
K19110	0
K19113	0
K19114	0
K19115	0
K19116	0
K19117	0.92
K19118	0.67
K19119	0.67
K19120	0
K19121	0
K19122	0
K19123	52.27
K19124	64.07
K19125	114.03
K19126	76.12
K19127	0.45
K19128	0.45
K19129	0.45
K19130	0.45
K19131	87.67
K19132	88.17
K19133	86.17
K19134	0
K19136	1
K19137	0.31
K19138	0
K19139	0
K19140	0
K19141	1
K19142	1
K19145	0
K19147	2.38
K19148	53.05
K19155	16.25
K19156	16.25
K19157	13.18
K19158	84.55
K19159	86.96
K19160	3.57
K19161	1.29
K19162	59.38
K19163	19.32
K19164	15.31
K19165	1.75
K19166	47.82
K19167	1.6
K19168	131.55
K19169	0
K19170	0
K19171	0
K19172	0
K19173	0
K19174	0
K19175	0
K19180	0
K19187	0
K19190	3.92
K19191	0
K19200	0
K19203	0
K19209	0
K19211	0
K19212	0
K19213	0
K19215	0
K19216	0
K19219	0
K19220	0
K19221	140.79
K19222	60.43
K19223	0
K19224	2
K19225	95.96
K19226	60.6
K19227	60.55
K19228	56.88
K19229	60.55
K19230	56.88
K19231	8.37
K19234	26.75
K19235	59.38
K19236	59.38
K19237	0
K19238	53.05
K19239	13.39
K19240	0
K19242	0
K19244	0
K19246	0.61
K19265	230.92
K19267	138.64
K19268	10.77
K19270	120.28
K19271	7.75
K19272	0.17
K19273	0
K19274	0
K19275	0
K19278	0.12
K19285	89.38
K19286	0
K19290	0.95
K19291	0.95
K19292	0.95
K19293	0.95
K19294	0.95
K19295	1.45
K19296	0.95
K19298	65.26
K19299	0
K19300	1.61
K19302	389.42
K19303	59.38
K19304	59.38
K19309	0
K19310	0
K19311	0
K19312	0
K19318	0
K19321	0
K19332	0
K19333	137.17
K19334	63.05
K19335	46.87
K19336	48.46
K19337	141.2
K19338	26.58
K19339	73.61
K19340	73.36
K19341	2.11
K19342	73.36
K19343	0
K19344	0.61
K19345	0.61
K19349	0
K19350	0.2
K19351	0
K19353	53.53
K19354	52.3
K19355	0
K19405	90.71
K19411	90.71
K19413	0
K19416	136.3
K19418	0
K19419	0
K19420	0
K19421	0
K19422	0
K19423	0
K19424	0
K19425	0
K19426	0
K19427	0
K19428	0
K19429	0.2
K19430	0
K19431	0.29
K19433	0
K19449	0
K19504	9.62
K19505	13.29
K19506	9.62
K19507	9.62
K19508	20.21
K19509	9.74
K19510	9.62
K19540	7.68
K19545	0
K19546	0
K19547	0
K19548	0
K19549	0
K19550	0
K19555	0
K19556	0
K19563	0
K19572	0.2
K19576	89.38
K19577	265.65
K19580	0
K19585	15.4
K19586	15.4
K19587	15.15
K19591	0.36
K19592	0.14
K19593	0.61
K19594	4.28
K19595	4.28
K19597	3.81
K19609	1.39
K19610	1.39
K19611	114.24
K19615	0
K19616	0
K19617	0
K19618	0
K19620	2.33
K19621	2.33
K19622	2.33
K19623	2.33
K19624	2.33
K19633	0
K19640	0
K19641	0
K19649	0
K19659	0
K19661	0
K19666	2.33
K19667	2.33
K19668	2.33
K19670	0
K19686	0.38
K19687	0.38
K19688	59.38
K19689	97.84
K19694	0
K19696	0.75
K19697	57.91
K19700	0
K19701	0
K19702	0
K19707	0.42
K19709	19.67
K19710	165.59
K19711	0.61
K19713	2.31
K19714	0
K19715	0
K19720	0
K19723	0
K19725	0
K19726	0
K19727	0
K19731	1.49
K19732	0
K19733	0
K19734	8.32
K19736	0
K19741	0
K19743	0.25
K19744	0.61
K19745	207.68
K19746	2.19
K19775	23.08
K19776	75.84
K19777	7.68
K19778	58.57
K19780	1.25
K19784	203.69
K19789	63.05
