function.	skin_13
K00001	620.03
K00002	0
K00003	1103.25
K00004	581.53
K00005	64.27
K00007	0
K00008	1094.34
K00009	517.67
K00010	50.95
K00011	0
K00012	98.02
K00013	899.91
K00014	1173.58
K00015	9.04
K00016	1424.2
K00018	321.56
K00019	38.98
K00020	374.65
K00021	38
K00023	1.25
K00024	316.58
K00025	2.02
K00027	1056.33
K00028	0.06
K00029	324.81
K00030	0
K00031	1099.91
K00032	0
K00033	1100.78
K00034	60.54
K00035	1
K00036	1131.14
K00038	11.16
K00039	0
K00040	12.95
K00041	1
K00042	4
K00043	0
K00045	51.41
K00046	7.74
K00048	1
K00050	1.27
K00052	1134.58
K00053	1096.58
K00054	687.25
K00055	11.19
K00057	1104.5
K00058	781.85
K00059	2448.74
K00060	1.25
K00064	2
K00065	3
K00066	0
K00067	369.69
K00068	2.87
K00073	7
K00074	199.94
K00075	1107.17
K00076	0.25
K00077	1471.3
K00078	0
K00082	3.1
K00086	0
K00087	0
K00088	1211.39
K00090	3
K00091	2.2
K00094	1
K00096	1
K00097	325.81
K00098	4.4
K00099	414.58
K00100	6.67
K00101	382.76
K00102	3.25
K00104	78.53
K00105	1.51
K00106	0
K00108	727.57
K00111	744.78
K00112	1
K00113	1
K00114	0
K00116	1846.33
K00117	1.02
K00118	31.41
K00121	329.91
K00122	628.75
K00123	683.37
K00124	4.06
K00126	0
K00127	3.27
K00128	2178.41
K00130	735.08
K00131	1.54
K00132	0.44
K00133	1105.25
K00134	2196.77
K00135	692.42
K00137	1
K00138	92.68
K00140	87.89
K00141	0
K00145	925.48
K00146	12.46
K00147	418.78
K00148	0
K00150	0
K00151	2.25
K00153	84.94
K00154	1
K00156	91.03
K00158	687.48
K00161	901.13
K00162	901.57
K00163	412.9
K00164	1089.93
K00166	681.47
K00167	681.47
K00169	34.08
K00170	2.67
K00171	2.67
K00172	34.08
K00174	681.47
K00175	681.47
K00176	0
K00177	0
K00179	0
K00180	0
K00184	1
K00185	1
K00194	0
K00196	0
K00197	0
K00198	0
K00200	0
K00201	0
K00202	0
K00208	1040.95
K00209	0
K00210	319.54
K00214	0
K00215	1101.08
K00216	40.33
K00217	22.44
K00218	0
K00219	39.25
K00220	2.25
K00221	0
K00226	681.25
K00227	0
K00228	4.27
K00230	2.02
K00231	772.81
K00232	38
K00239	1097.37
K00240	1094.39
K00241	1094.37
K00242	322.89
K00243	690.6
K00244	184.77
K00245	2
K00246	2
K00247	2
K00248	1
K00249	118.75
K00252	552.67
K00253	1.25
K00254	428.41
K00255	0
K00256	0
K00257	942.21
K00259	1347.85
K00260	1008.35
K00261	2.95
K00262	416.84
K00263	35.68
K00265	773.57
K00266	735.82
K00270	0
K00271	0
K00273	38
K00274	1
K00275	392.97
K00276	0
K00278	332.44
K00280	0
K00281	399.67
K00282	685.14
K00283	685.14
K00284	0
K00285	370.92
K00286	1102.58
K00287	1102.5
K00288	0
K00290	0.59
K00293	0.25
K00294	682.47
K00297	418.16
K00298	0.67
K00299	559.6
K00301	13.16
K00302	0.75
K00303	3.45
K00304	0.75
K00305	0.75
K00311	321.56
K00313	1.25
K00314	0
K00315	1
K00316	0
K00317	0
K00318	682.47
K00320	0
K00322	1.25
K00324	362.56
K00325	361.56
K00326	0
K00329	0
K00330	322.56
K00331	322.56
K00332	321.56
K00333	321.56
K00334	327.9
K00335	328.23
K00336	325.23
K00337	322.56
K00338	322.56
K00339	322.56
K00340	322.56
K00341	322.56
K00342	323.56
K00343	322.56
K00344	20.24
K00346	321.29
K00347	323.96
K00348	323.96
K00349	323.96
K00350	323.96
K00351	323.96
K00354	0.02
K00355	4.2
K00356	1.25
K00360	0
K00362	682.8
K00363	681.8
K00364	688.48
K00365	0
K00366	1
K00367	0
K00368	567.37
K00370	729.23
K00371	729.23
K00372	1
K00373	268.73
K00374	729.23
K00375	749.04
K00376	2.87
K00380	1044.33
K00381	542.41
K00382	2887.03
K00383	52.98
K00384	2253.72
K00385	1.25
K00387	0
K00389	83.36
K00390	627.4
K00392	86.61
K00394	0
K00395	0
K00404	320.79
K00405	320.79
K00406	320.79
K00407	320.79
K00410	0
K00411	321.54
K00412	321.54
K00413	321.54
K00423	0
K00425	616.69
K00426	777.69
K00427	2
K00428	5.31
K00432	1538.18
K00433	0.5
K00435	0
K00436	0
K00441	0
K00446	10.04
K00448	45.61
K00449	83.61
K00450	47.03
K00451	1.25
K00452	0.25
K00453	1.25
K00455	2.25
K00456	0
K00457	14.41
K00459	1080.62
K00462	0
K00464	0
K00466	0
K00467	0
K00471	0.25
K00472	0
K00476	0
K00477	0
K00479	38
K00480	51.56
K00481	46.61
K00483	33.41
K00484	321.31
K00486	0
K00491	682.47
K00493	0.25
K00496	38.25
K00499	0
K00500	0
K00504	0
K00505	0
K00507	0
K00508	76.87
K00510	57.93
K00514	0
K00517	13.28
K00518	0
K00520	13.91
K00523	321.31
K00525	1108.75
K00526	1150.65
K00527	733.81
K00528	813.9
K00529	8.83
K00531	0
K00532	0
K00533	0
K00534	0
K00537	1065.05
K00543	0
K00544	0
K00547	723.79
K00548	19.81
K00549	1153.64
K00554	1104.5
K00556	2
K00557	322.75
K00558	2056.23
K00560	1100.33
K00561	0
K00563	96.19
K00564	470.21
K00566	1105
K00567	1104.45
K00568	322.56
K00569	0
K00570	2.25
K00571	1007.98
K00573	355.03
K00574	219.63
K00575	4.25
K00577	0
K00584	0
K00587	0
K00588	1.25
K00590	0
K00594	0
K00595	18.06
K00596	0
K00598	0
K00600	1105.5
K00602	1103.5
K00603	0.69
K00604	1106.5
K00605	1084.81
K00606	928.02
K00608	0
K00609	1103.5
K00610	323.98
K00611	1479.23
K00612	0
K00613	0
K00615	1112.81
K00616	1100.54
K00619	1
K00620	922.48
K00621	0
K00624	0
K00625	691.85
K00626	1654.96
K00627	1222.88
K00631	2.25
K00632	471.6
K00633	0.42
K00634	172.54
K00635	0
K00638	0
K00639	667.85
K00640	1104.27
K00641	1140.07
K00643	1.25
K00645	1013.82
K00646	0
K00647	5.25
K00648	1013.95
K00651	13.46
K00652	840.24
K00655	1428.14
K00656	737.97
K00657	544.4
K00658	1096.37
K00661	137.12
K00662	0
K00663	0
K00666	794.35
K00672	0
K00673	1
K00674	930.12
K00675	1
K00677	323.81
K00680	1155.46
K00681	1022.58
K00683	12.16
K00684	322.56
K00685	1.25
K00686	0
K00687	466.71
K00688	75.71
K00689	0.9
K00690	0.54
K00691	321.27
K00692	0.2
K00693	0
K00694	2
K00695	0
K00696	0
K00697	91.01
K00698	0
K00700	103.14
K00701	0
K00702	0
K00703	50.13
K00705	63.14
K00709	0
K00712	1348.72
K00713	0
K00720	0.25
K00721	96.51
K00728	0
K00737	0
K00745	0
K00748	323.81
K00752	0.44
K00754	486.13
K00756	688.18
K00757	6.9
K00758	77.01
K00759	1104.75
K00760	1106.84
K00761	1104.5
K00762	1104.5
K00763	1103.5
K00764	1103.5
K00765	899.91
K00766	1095.58
K00767	415.14
K00768	92.51
K00769	3.25
K00772	4.25
K00773	1104.5
K00782	400.39
K00783	1015.16
K00784	692.97
K00785	318.29
K00786	3.84
K00788	1139.21
K00789	1104.56
K00790	1796.85
K00791	1104.5
K00793	1096.8
K00794	1097.38
K00795	323.56
K00796	1151.51
K00797	338.08
K00798	19.31
K00799	57.71
K00800	1106.5
K00801	2.67
K00803	38
K00805	778.37
K00806	1104.5
K00808	0
K00809	0
K00812	3.75
K00813	322.29
K00817	1665.5
K00818	138.75
K00819	984.64
K00820	1104.75
K00821	323.56
K00822	0
K00823	680.39
K00824	683.72
K00826	1106.75
K00830	0.25
K00831	415.44
K00832	321.81
K00833	894.81
K00835	321.29
K00836	0.79
K00839	0
K00840	1
K00841	689.08
K00842	2.67
K00844	0
K00845	1120.96
K00847	694.51
K00848	2.34
K00849	112.86
K00850	785.61
K00851	1145.39
K00852	952.84
K00853	547.04
K00854	278.38
K00855	1
K00856	0
K00857	694.39
K00858	1104.5
K00859	1104.5
K00860	222.54
K00862	0
K00863	44.69
K00864	780.32
K00865	1797.1
K00867	98.55
K00868	795.74
K00869	725.25
K00870	0.25
K00872	780.02
K00873	1151.09
K00874	206.65
K00875	0
K00876	699.36
K00878	770.37
K00879	1
K00880	2.5
K00881	0
K00882	798.77
K00883	1.5
K00884	2
K00885	2
K00886	89.34
K00887	227.18
K00891	1063.83
K00892	1
K00895	0
K00897	4.67
K00899	0.25
K00901	786.48
K00906	1
K00912	323.81
K00917	687.18
K00918	0
K00919	1099.49
K00924	49.37
K00925	1424.46
K00926	1015.73
K00927	1104.5
K00928	1785.29
K00929	10.54
K00930	930.48
K00931	420.78
K00932	1
K00936	50.9
K00937	547.28
K00938	725.25
K00939	1104.75
K00940	1100.58
K00941	1084.54
K00942	1103.5
K00943	1104.5
K00945	1066.5
K00946	413.65
K00947	0
K00948	1110.71
K00949	690.85
K00950	1096.57
K00951	1104.77
K00952	0
K00954	1104.5
K00955	0
K00956	405.61
K00957	405.61
K00958	221.79
K00960	0
K00962	1104.5
K00963	1438.23
K00965	64.96
K00966	89.01
K00968	0
K00969	1564.67
K00970	412.9
K00971	4.58
K00972	460.5
K00973	737.75
K00974	1012.24
K00975	110.27
K00978	2.25
K00979	323.81
K00980	689.06
K00981	1105.78
K00982	427.41
K00983	313.56
K00984	1
K00986	0
K00988	0
K00989	412.9
K00990	374.57
K00991	1319.38
K00992	321.56
K00995	1193.79
K00996	2
K00997	1103.5
K00998	2
K00999	0
K01000	1104.5
K01002	45
K01003	0
K01004	0.25
K01006	231.14
K01007	383.63
K01008	6.71
K01011	229.18
K01012	1099.19
K01014	0
K01015	0
K01023	2
K01026	0.25
K01027	0
K01028	136.07
K01029	126.28
K01031	1
K01032	1
K01034	5.35
K01035	5.35
K01039	0.25
K01040	0.25
K01042	7.46
K01046	1086.24
K01048	2.75
K01051	1
K01053	3
K01055	82.86
K01056	1193.51
K01057	410.9
K01058	278.71
K01060	1.34
K01061	5
K01066	125.1
K01067	0
K01069	374.54
K01070	325.56
K01071	6.21
K01073	0
K01075	0
K01077	791.76
K01078	0
K01079	418.78
K01081	362.39
K01082	369.97
K01083	0
K01085	1
K01086	0
K01087	129.01
K01089	1
K01090	704.32
K01091	1669.67
K01092	1974.3
K01093	0
K01095	323.81
K01096	2
K01101	2.46
K01104	2973.09
K01113	86.44
K01114	638.8
K01115	0
K01117	0
K01118	668.27
K01119	38.17
K01120	0
K01121	0.25
K01126	3015.32
K01128	0
K01129	97.95
K01130	50.16
K01133	0.25
K01135	0
K01137	0
K01138	0
K01139	326.93
K01141	2
K01142	871.93
K01143	1
K01144	0.25
K01146	1
K01147	322.31
K01150	1
K01151	686.14
K01153	1558.23
K01154	1589.43
K01155	637.99
K01156	668.09
K01158	0
K01159	416.82
K01160	10.38
K01163	0.25
K01166	1.25
K01167	0
K01169	1
K01173	1
K01174	1155.1
K01175	2
K01176	12.39
K01178	0
K01179	14
K01181	2.5
K01182	0.66
K01183	462.17
K01184	0
K01185	2
K01186	22.8
K01187	746.95
K01190	10.01
K01191	1.45
K01192	0
K01193	947.35
K01194	2
K01195	35.2
K01197	0
K01198	1.17
K01200	11.53
K01201	0
K01205	0
K01206	0.34
K01207	448.88
K01208	12.16
K01209	1.5
K01210	0
K01212	0
K01215	2.88
K01216	0
K01218	0
K01219	0
K01220	683.74
K01222	1
K01223	729.92
K01224	4
K01226	672.07
K01227	8.51
K01230	0
K01232	0
K01233	0.4
K01235	1.5
K01236	45.61
K01239	876.09
K01240	0
K01241	53.21
K01243	1098.9
K01246	1113.14
K01247	5.92
K01250	464.17
K01251	59.85
K01252	40.33
K01253	0
K01255	1134.87
K01256	418.44
K01258	1374.07
K01259	801.13
K01261	687.68
K01262	1015.74
K01263	0
K01264	0
K01265	1193.84
K01266	2
K01267	92.26
K01269	0.25
K01270	13.64
K01271	702.98
K01273	2.25
K01274	499.04
K01277	0
K01278	0
K01281	6.21
K01283	0
K01284	90.26
K01286	19.66
K01295	3
K01297	321.31
K01299	1.5
K01301	0
K01303	0.25
K01304	686.46
K01305	2
K01308	0
K01318	971.94
K01322	372.32
K01325	0
K01338	327.48
K01342	0
K01347	1162.87
K01350	0
K01354	91.34
K01355	0
K01356	811.98
K01358	1195.34
K01361	3.61
K01372	90.91
K01387	0
K01389	0
K01390	0.34
K01392	0
K01399	0
K01400	0
K01401	514.47
K01406	0.25
K01407	1
K01409	1138.75
K01414	322.31
K01415	0
K01416	0
K01417	0
K01419	685.74
K01420	375.52
K01421	820.64
K01424	1109.65
K01425	86.19
K01426	125.17
K01427	38
K01428	776.04
K01429	738.04
K01430	738.04
K01432	1
K01433	91.03
K01434	1.25
K01436	480.09
K01437	0
K01438	222.04
K01439	1868.47
K01442	846.55
K01443	741.4
K01444	0
K01446	461.7
K01447	6.7
K01448	1469.78
K01449	2
K01451	180.43
K01452	0
K01453	0.25
K01455	40.43
K01457	1
K01458	1
K01459	1
K01460	2
K01461	1
K01462	1883.15
K01464	1.25
K01465	1106.75
K01466	40
K01467	6.21
K01468	508.54
K01469	2
K01470	41
K01471	0
K01473	44.99
K01474	42.99
K01476	501.85
K01477	38
K01478	703.35
K01479	556.86
K01480	322.21
K01482	0.25
K01483	0.25
K01484	1
K01485	339.85
K01486	3.25
K01487	38.25
K01488	83.69
K01489	775.43
K01491	1105.5
K01492	0
K01493	691.6
K01494	413.33
K01495	99.91
K01496	410.77
K01497	323.89
K01499	0
K01501	320.29
K01502	0
K01505	0
K01507	417.4
K01512	780.02
K01515	1103.5
K01518	0
K01520	890.87
K01521	1
K01523	410.77
K01524	767.33
K01525	322.31
K01531	9.36
K01533	577.56
K01534	76.51
K01535	0
K01537	48.13
K01539	0
K01545	0
K01546	624.93
K01547	624.93
K01548	624.93
K01551	78.07
K01555	1.25
K01556	0.55
K01560	471.51
K01561	1
K01563	0
K01567	0
K01568	0
K01569	1
K01571	7.35
K01572	2.89
K01573	2
K01574	7.67
K01575	1233.81
K01576	1
K01577	0
K01578	0
K01579	924.45
K01580	38.69
K01581	165.75
K01582	463.5
K01583	0.34
K01584	2
K01585	319.29
K01586	1772.64
K01588	1103.5
K01589	1100.58
K01590	0
K01591	1104.5
K01593	0.5
K01594	0
K01595	417.86
K01596	89.34
K01597	725.25
K01598	6.21
K01599	1098.24
K01601	0
K01602	0
K01607	178.28
K01608	1
K01609	1094.58
K01610	689.61
K01611	5.27
K01613	324.81
K01615	0.25
K01616	89.01
K01617	1
K01619	1280.35
K01620	682.06
K01621	1.17
K01622	0
K01623	681.97
K01624	1103.69
K01625	536.68
K01626	470.18
K01627	323.81
K01628	2.84
K01629	0
K01630	1
K01631	1.25
K01633	1097.24
K01635	853.41
K01637	95.82
K01638	85.61
K01639	652.75
K01640	12.04
K01641	725.25
K01643	3.89
K01644	98.33
K01646	3.89
K01647	1105.53
K01649	1557.67
K01652	1816.53
K01653	636.08
K01654	313.56
K01655	0
K01657	1095.58
K01658	1517.75
K01659	418.81
K01661	775.48
K01662	415.67
K01664	264.39
K01665	686.64
K01666	16.83
K01667	32.45
K01668	1.25
K01669	1028.01
K01671	1
K01673	429.22
K01674	2.33
K01676	324.6
K01677	0
K01678	0
K01679	1097.04
K01681	1130.61
K01682	321.31
K01683	0
K01684	319
K01685	2
K01686	40.31
K01687	1103.29
K01689	1105.17
K01690	322.54
K01692	150.51
K01693	580.93
K01695	1096.58
K01696	1134.62
K01697	4.35
K01698	1095.62
K01699	1
K01702	0
K01703	1096.24
K01704	1095.58
K01706	1
K01707	13.16
K01708	1
K01709	1.25
K01710	778.11
K01711	2.25
K01712	508.54
K01713	0
K01714	1142.58
K01715	5.5
K01716	2.25
K01719	1007.36
K01720	99.52
K01721	2.5
K01724	83.61
K01725	1
K01727	461.87
K01728	0
K01729	1
K01730	0
K01732	0
K01733	1106.92
K01734	4
K01735	1378.96
K01736	1107.17
K01737	1171.13
K01738	1650.71
K01739	1091.77
K01740	297.98
K01744	461.46
K01745	508.54
K01746	0.69
K01749	1096.62
K01750	819.21
K01751	1.25
K01752	1771.11
K01753	3.92
K01754	1728.52
K01755	1096.91
K01756	1104.5
K01758	0.31
K01759	347.39
K01760	1006.11
K01761	1.5
K01766	2
K01768	53.54
K01769	0
K01770	378
K01771	460.5
K01772	1136.05
K01775	1947.22
K01776	1103.75
K01777	0.25
K01778	413.9
K01779	2.89
K01781	0
K01782	39.25
K01783	1105.5
K01784	2371.5
K01785	1056.56
K01787	0
K01788	660.42
K01790	737.5
K01791	1778.25
K01792	52.76
K01795	0
K01796	0
K01799	0.25
K01800	0.25
K01801	2
K01802	378.47
K01803	1108.94
K01804	3.67
K01805	5.59
K01807	1011.24
K01808	98.18
K01809	1422.06
K01810	1424.79
K01811	3
K01812	50.26
K01813	1.17
K01814	855.84
K01815	1
K01816	97.98
K01817	1094.58
K01818	1.34
K01819	1369.41
K01820	1
K01821	1009.97
K01822	0
K01823	781.61
K01825	1
K01826	1.25
K01829	0
K01834	1789.33
K01835	813.27
K01838	320.96
K01839	686.86
K01840	187.41
K01841	1
K01843	1.25
K01844	0.25
K01845	1779.09
K01846	0.25
K01847	33.87
K01848	0
K01849	0
K01851	0
K01854	95.96
K01856	45.36
K01857	56.07
K01858	89.01
K01865	0
K01866	1104.5
K01867	1105.5
K01868	1271.5
K01869	1104.5
K01870	1104.5
K01872	1104.75
K01873	1104.5
K01874	1104.5
K01875	1104.5
K01876	1108.7
K01878	330.02
K01879	332.69
K01880	774.48
K01881	1104.5
K01883	1105.5
K01884	0.5
K01885	505.74
K01886	322.31
K01887	1105.4
K01889	1104.5
K01890	1104.5
K01892	1104.5
K01893	693.6
K01894	322.56
K01895	1355.67
K01896	0
K01897	1350.37
K01902	1050.7
K01903	1050.7
K01904	0
K01905	0
K01906	518.2
K01907	1.7
K01908	1.25
K01909	0
K01910	3.95
K01911	774.48
K01912	46.86
K01914	6.26
K01915	1229.09
K01916	1065.5
K01918	978.78
K01919	331.43
K01920	322.56
K01921	1105.9
K01922	6.21
K01923	1104.5
K01924	1104.5
K01925	1104.5
K01926	690.35
K01928	426.37
K01929	1104.5
K01933	1104.5
K01934	644
K01935	901.21
K01937	1099.6
K01938	1051.78
K01939	1104.5
K01940	1096.91
K01941	1
K01945	1101.16
K01947	320.31
K01950	39
K01951	1188.39
K01952	2429.89
K01953	93.69
K01955	1101.33
K01956	1101.33
K01958	774.07
K01959	0
K01960	0
K01961	1694.71
K01962	1012.49
K01963	1029.3
K01965	0.25
K01966	143.7
K01968	1.25
K01969	39.25
K01971	73.41
K01972	1105.5
K01974	0
K01975	47.36
K01989	51.55
K01990	7194.96
K01991	322.73
K01992	5539.82
K01993	4.02
K01994	1
K01995	15.29
K01996	18.29
K01997	16.04
K01998	16.04
K01999	19.04
K02000	40.87
K02001	40
K02002	97.53
K02003	2524.12
K02004	1613.96
K02005	275.63
K02006	2
K02007	1
K02008	2
K02009	1.5
K02010	509.38
K02011	513.26
K02012	990.5
K02013	3128.49
K02014	1303.24
K02015	7920.88
K02016	6372.26
K02017	688.41
K02018	773.15
K02019	5.69
K02020	774.15
K02021	109.18
K02022	1.5
K02024	2
K02025	108.31
K02026	108.89
K02027	109.34
K02028	1586.29
K02029	444.76
K02030	1680.71
K02031	1010.33
K02032	1940.4
K02033	1852.49
K02034	2010.49
K02035	2169.89
K02036	792.83
K02037	786.57
K02038	786.57
K02039	784.29
K02040	818.9
K02041	700.98
K02042	1391.43
K02043	1.25
K02044	893.57
K02045	361.31
K02046	361.31
K02047	361.31
K02048	362.62
K02049	652.15
K02050	558.12
K02051	492.86
K02052	9.62
K02053	6.5
K02054	7.5
K02055	378.22
K02056	69.19
K02057	80.82
K02058	57.31
K02062	2.25
K02063	322.56
K02064	322.56
K02065	324.56
K02066	324.56
K02067	323.56
K02068	687.1
K02069	725.1
K02071	1750.52
K02072	1750.52
K02073	1975.11
K02074	426.05
K02075	427.05
K02076	682.47
K02077	462.06
K02078	1130.53
K02079	0
K02080	0
K02081	0
K02082	166.24
K02083	2
K02086	688.68
K02092	0
K02093	0
K02094	0
K02095	0
K02096	0
K02097	0
K02099	2
K02100	3
K02103	3.67
K02106	5.64
K02107	6.92
K02108	1101.83
K02109	1102.08
K02110	1101.83
K02111	1101.83
K02112	1101.83
K02113	640.99
K02114	1101.83
K02115	1101.83
K02116	224.8
K02117	9.65
K02118	9.65
K02119	9.65
K02120	9.65
K02121	6.92
K02122	9.65
K02123	9.65
K02124	9.65
K02160	1694.71
K02164	0
K02167	0.25
K02168	410.43
K02169	641.1
K02170	321.56
K02171	476.37
K02172	476.37
K02173	0
K02182	1
K02188	2.25
K02189	2.5
K02190	1.25
K02191	1.25
K02192	278.73
K02193	3.25
K02194	3.25
K02195	3.25
K02196	2.25
K02197	3.25
K02198	3.25
K02199	4.25
K02200	5.5
K02203	0
K02204	321.56
K02205	1
K02217	770.15
K02221	783.54
K02224	6.9
K02225	1.25
K02226	4.42
K02227	6.9
K02228	4.65
K02229	40.1
K02230	5.65
K02231	19.31
K02232	7.15
K02233	19.31
K02234	1.25
K02236	688.68
K02237	2046.13
K02238	1252.34
K02239	1
K02240	687.85
K02241	1
K02242	690.6
K02243	687.68
K02244	687.68
K02245	687.18
K02246	654.68
K02247	0
K02248	6.21
K02249	0
K02250	681.47
K02251	0
K02253	0
K02254	0
K02255	1
K02258	1.25
K02259	772.73
K02274	167.51
K02275	92.51
K02276	91.26
K02277	0
K02278	1.25
K02279	3.25
K02280	1.25
K02281	0
K02282	3.25
K02283	93.92
K02284	0
K02285	0
K02286	0
K02287	0
K02288	0
K02289	0
K02290	0
K02291	324.31
K02292	0
K02293	0
K02294	0
K02297	3.02
K02298	462.52
K02299	473.62
K02300	463.52
K02302	325.1
K02303	988.75
K02304	684.39
K02305	0.25
K02313	1104.25
K02314	1105.84
K02315	53.99
K02316	1104.5
K02317	1
K02334	323.67
K02335	1106.53
K02336	1
K02337	1116.66
K02338	1107
K02339	323.56
K02340	1104.5
K02341	1104.5
K02342	1752
K02343	1104.5
K02344	2
K02345	1
K02346	1106.75
K02347	681.47
K02348	130.03
K02351	1.79
K02352	673.04
K02355	1107.67
K02356	1105.5
K02357	1104.5
K02358	1444.24
K02361	129.34
K02362	1
K02363	40.33
K02364	2.33
K02371	44.46
K02372	1014.66
K02377	1.25
K02379	773.07
K02380	3.02
K02381	7
K02383	0
K02385	1
K02386	2.25
K02387	3.25
K02388	3.25
K02389	3.25
K02390	3.25
K02391	2.25
K02392	3.25
K02393	2.25
K02394	2.25
K02395	1
K02396	3.25
K02397	2.25
K02398	1
K02399	1
K02400	3.25
K02401	3.25
K02402	1
K02403	1
K02404	2
K02405	2
K02406	3.25
K02407	2
K02408	3.25
K02409	3.25
K02410	3.25
K02411	2.25
K02412	3.25
K02413	1
K02414	2
K02415	3.25
K02416	3
K02417	3.25
K02418	3
K02419	3.25
K02420	3.25
K02421	3.25
K02422	1
K02423	1
K02424	1004.7
K02425	1
K02426	3.25
K02427	323.56
K02428	1189.99
K02429	323.29
K02430	1
K02431	2.34
K02433	1189.44
K02434	1102.5
K02435	1102.5
K02436	1
K02437	1085.06
K02438	96.26
K02439	2
K02440	704.95
K02441	2
K02442	0
K02443	682.72
K02444	328.14
K02445	659.49
K02446	92.59
K02448	0.25
K02450	0
K02451	0
K02452	0
K02453	0.25
K02454	0.25
K02455	0.25
K02456	1.25
K02457	0
K02458	0
K02459	0
K02460	0
K02461	0
K02462	0
K02463	0
K02464	0
K02465	0
K02466	1
K02467	1
K02468	1
K02469	1104.83
K02470	1105.33
K02471	656.4
K02472	627.39
K02473	1
K02474	2.92
K02475	14.83
K02476	51.16
K02477	1.75
K02478	1.75
K02479	0.25
K02480	0.25
K02481	0.25
K02482	1.25
K02483	41.73
K02484	563.86
K02485	1
K02486	0
K02487	1
K02488	1.25
K02490	1
K02491	0
K02492	1094.37
K02493	1119.01
K02494	322.31
K02495	1434.23
K02496	322.31
K02497	221.97
K02498	323.56
K02499	683.47
K02500	899.91
K02501	900.24
K02502	323.43
K02503	1014.49
K02504	2
K02505	2
K02506	2
K02507	2
K02508	1
K02509	9.07
K02510	20.78
K02511	1
K02517	733.13
K02518	1119.01
K02519	1104.5
K02520	1104.5
K02521	2
K02523	323.56
K02525	1
K02526	11.13
K02527	323.81
K02528	1104.5
K02529	1347.59
K02530	685.01
K02531	4.74
K02532	165
K02533	322.56
K02535	323.81
K02536	323.81
K02538	648.04
K02545	460.5
K02547	460.5
K02548	775.67
K02549	774.48
K02550	0
K02551	774.48
K02552	685.14
K02553	84.36
K02554	8.79
K02556	3.25
K02557	4.75
K02558	322.31
K02560	2
K02562	2
K02563	1104.5
K02564	747.94
K02565	2
K02566	52.26
K02567	2
K02568	2
K02569	2
K02570	2
K02571	0
K02572	1
K02573	2
K02574	2
K02575	48.83
K02584	0
K02585	0
K02586	0
K02587	0
K02588	0.25
K02589	0
K02590	0
K02591	0
K02592	0
K02593	0
K02594	0
K02595	0
K02596	0
K02597	0
K02598	1.25
K02600	1101.83
K02601	1104.5
K02609	43.94
K02610	43.94
K02611	43.94
K02612	43.94
K02613	42.94
K02614	44.29
K02615	0
K02616	1.25
K02617	0
K02618	43.19
K02619	315.48
K02621	1011.24
K02622	1011.24
K02623	1.25
K02624	45.86
K02625	0
K02626	0
K02634	0
K02635	0
K02636	0
K02637	0
K02638	0
K02639	0
K02640	0
K02641	0
K02642	0
K02643	0
K02647	9.27
K02650	120.5
K02651	1
K02652	325.23
K02653	324.23
K02654	407.75
K02655	640.62
K02656	321.31
K02657	0
K02658	0
K02659	0
K02660	0
K02661	0
K02662	3.33
K02663	320.31
K02664	320.31
K02665	320.31
K02666	320.31
K02667	16.53
K02668	16.53
K02669	322.56
K02670	640.6
K02671	320.29
K02672	320.31
K02673	320.31
K02674	325.89
K02676	320.31
K02679	2
K02680	2
K02681	2
K02682	2
K02686	4.33
K02687	1015.16
K02688	1
K02689	0
K02690	0
K02691	0
K02692	0
K02693	0
K02694	0
K02696	0
K02697	0
K02698	0
K02699	0
K02700	0
K02702	0
K02703	0
K02704	0
K02705	0
K02706	0
K02707	0
K02708	0
K02709	0
K02710	0
K02711	0
K02712	0
K02713	0
K02714	0
K02715	0
K02716	0
K02717	0
K02718	0
K02719	0
K02720	0
K02722	0
K02723	0
K02724	0
K02742	2
K02744	5.54
K02745	1.34
K02746	1.34
K02747	1.34
K02750	836.04
K02753	0
K02755	461.17
K02756	0
K02757	280.07
K02759	24.23
K02760	24.23
K02761	31.11
K02763	0
K02765	1148.37
K02768	1.75
K02769	0
K02770	1438.71
K02771	0
K02773	477.49
K02774	471.49
K02775	471.65
K02777	687.15
K02778	0
K02779	7.88
K02781	2.87
K02783	5.74
K02784	4.92
K02786	684.01
K02788	690.35
K02791	626.2
K02793	168.33
K02794	180.82
K02795	180.82
K02796	176.82
K02798	507.88
K02799	0
K02800	517.67
K02802	0
K02803	0
K02804	687.67
K02805	1
K02806	323.06
K02810	1380.91
K02812	0
K02813	0
K02814	0
K02815	0
K02819	671.74
K02821	1124.37
K02822	803.85
K02823	16.56
K02824	1013.91
K02825	779.27
K02826	222.97
K02827	683.47
K02828	222.97
K02829	221.97
K02834	1104.5
K02835	1104.5
K02836	1104.5
K02837	1101.25
K02838	1104.5
K02839	1.02
K02840	1
K02841	321.29
K02843	322.79
K02844	1
K02846	1
K02847	2.25
K02848	1
K02849	1
K02850	1.5
K02851	780.35
K02852	1
K02853	1
K02854	1
K02855	1
K02856	1
K02858	2.33
K02859	0
K02860	1104.5
K02862	0
K02863	1104.5
K02864	1104.5
K02867	1104.5
K02871	1104.5
K02874	1119.01
K02876	814.16
K02878	786.52
K02879	1119.01
K02881	1104.5
K02884	1104.5
K02886	1133.52
K02887	1104.5
K02888	1104.5
K02890	1119.01
K02891	0
K02892	1119.01
K02895	1119.01
K02897	1097.04
K02899	1104.5
K02902	1104.5
K02904	1119.01
K02906	1119.01
K02907	1119.01
K02909	1426.79
K02911	1104.5
K02913	1911.07
K02914	1103.5
K02916	1104.5
K02919	1099.81
K02926	1119.01
K02927	0
K02931	1119.01
K02933	1119.01
K02935	1104.5
K02936	0
K02939	1104.5
K02945	1101.58
K02946	1104.5
K02948	799.65
K02950	1104.5
K02952	1119.01
K02954	1801.65
K02956	1104.5
K02959	1104.5
K02961	1119.01
K02963	1104.5
K02965	1119.01
K02967	1104.5
K02968	1104.5
K02970	1014.91
K02972	1
K02982	1119.01
K02986	1119.01
K02988	1133.52
K02990	1104.5
K02992	1104.5
K02994	1119.01
K02996	1104.5
K03040	1119.01
K03043	1104.5
K03046	1104.5
K03048	688.68
K03060	1104.5
K03070	1739.75
K03071	482.56
K03072	414.15
K03073	1101.66
K03074	413.15
K03075	1104.5
K03076	1665.25
K03077	1
K03078	2
K03079	1
K03086	1104.5
K03087	90.01
K03088	893.89
K03089	323.81
K03090	684.14
K03091	694.64
K03092	323.56
K03093	1
K03095	687.48
K03098	76.77
K03100	2042.14
K03101	1105.5
K03106	1104.5
K03110	1104.5
K03111	2379.45
K03112	1
K03113	2
K03116	1127.56
K03117	450.9
K03118	1115.4
K03119	38
K03146	0
K03147	571.19
K03148	3.92
K03149	634.69
K03150	3.92
K03151	693.35
K03152	5.84
K03153	627.77
K03154	632.64
K03168	1105.5
K03169	691.06
K03177	1104.5
K03179	322.56
K03181	322.29
K03182	321.31
K03183	1095.29
K03184	1
K03185	2.5
K03186	322.31
K03187	700.04
K03188	738.04
K03189	738.04
K03190	738.04
K03191	0
K03192	1.02
K03194	1
K03195	3.5
K03196	2.5
K03197	1.5
K03198	0.25
K03199	1.5
K03200	1.5
K03201	2.25
K03202	0
K03203	3.25
K03204	3.5
K03205	20.02
K03206	0
K03207	1
K03208	1
K03210	1104.84
K03212	3.33
K03214	3
K03215	696.87
K03216	1103.25
K03217	1588.99
K03218	1104.5
K03219	2
K03220	1
K03221	2
K03222	2
K03223	0
K03224	2
K03225	2
K03226	2
K03227	2
K03228	2
K03229	2
K03230	2
K03263	0
K03269	322.31
K03270	322.56
K03271	324.73
K03272	3
K03273	322.31
K03274	323.54
K03275	0
K03276	0
K03277	0
K03278	1
K03279	1
K03280	1
K03281	3.25
K03282	786.21
K03284	1413.14
K03285	0
K03286	5
K03287	0.25
K03288	1
K03289	1
K03290	1
K03291	1.27
K03292	59.57
K03293	966.22
K03294	1469.85
K03296	684.72
K03297	6.62
K03298	38
K03299	1239.39
K03300	878.65
K03301	0
K03303	1746.02
K03304	73.55
K03305	1401.94
K03306	1063.52
K03307	1201.45
K03308	1703.75
K03309	0
K03310	2327.84
K03311	1893.51
K03312	894.82
K03313	3.33
K03314	2
K03315	1015.21
K03316	1269.55
K03317	8.91
K03319	846.94
K03320	1139.54
K03321	326.97
K03322	728.95
K03324	476.17
K03325	98.27
K03326	6.65
K03327	333
K03328	1310.2
K03329	1
K03332	0.2
K03333	38
K03335	14.44
K03336	13.44
K03337	14.44
K03338	13.44
K03339	461.53
K03340	44.36
K03342	322.8
K03343	39.25
K03346	687.68
K03365	12.16
K03366	890.98
K03367	688.18
K03379	0
K03380	24.91
K03381	55.64
K03382	0
K03383	0
K03385	6.35
K03386	775.13
K03387	689.16
K03388	0
K03389	0
K03390	0
K03391	0
K03392	34.4
K03394	2.5
K03395	0
K03396	0
K03399	1.25
K03402	1254.74
K03403	0
K03404	18.06
K03405	25.11
K03406	10.25
K03407	5.25
K03408	5.25
K03409	1.25
K03410	1
K03411	1.25
K03412	4.25
K03413	5.5
K03414	2
K03415	1
K03416	4.4
K03417	419.2
K03418	0
K03424	1427.81
K03425	1
K03426	55.03
K03427	1757.09
K03428	0
K03429	683.47
K03430	9
K03431	1104.5
K03432	0
K03433	0
K03435	2
K03436	821.21
K03437	1103.92
K03438	1104.5
K03439	1101.83
K03442	1127.41
K03444	0
K03445	1
K03446	323.31
K03449	158.05
K03451	681.72
K03453	1224.45
K03455	1005.05
K03457	39
K03458	42.23
K03459	0
K03462	1
K03464	76.56
K03465	92.68
K03466	2822.36
K03468	1
K03469	1079.23
K03470	1104.5
K03471	687.68
K03472	1
K03473	1
K03474	322.56
K03475	823.71
K03476	168.54
K03477	3
K03478	1
K03480	525.16
K03481	677.04
K03482	0
K03483	507.88
K03484	848.34
K03485	1
K03486	670.91
K03487	0
K03488	34.93
K03489	623.6
K03490	1
K03491	8.24
K03492	4.84
K03493	162.54
K03495	1015.41
K03496	567.13
K03497	1788.14
K03498	821.39
K03499	1487.09
K03500	1426.06
K03501	1104.5
K03502	688.9
K03503	2.02
K03516	1
K03517	413.8
K03518	4.17
K03519	1.5
K03520	2.5
K03521	413.07
K03522	413.07
K03523	789.13
K03524	784.86
K03525	4.17
K03526	379.25
K03527	379.25
K03528	2
K03529	1102.5
K03530	1023.41
K03531	1104.5
K03532	1
K03533	1
K03534	2
K03535	681.8
K03536	1103.5
K03537	0
K03543	323.31
K03544	1104.5
K03545	1104.5
K03546	685.72
K03547	684.47
K03548	2
K03549	16.52
K03550	1104.5
K03551	1104.5
K03553	1104.5
K03554	322.31
K03555	1015.16
K03556	2
K03557	322.31
K03558	323.81
K03559	323.81
K03560	4.25
K03561	323.31
K03562	3.25
K03563	2
K03564	1098.04
K03565	1103.92
K03566	4.25
K03567	1
K03568	326.23
K03569	13.11
K03570	235.81
K03571	235.56
K03572	1015.16
K03573	2
K03574	1869.55
K03575	1260.58
K03576	322.56
K03577	322.31
K03578	731.94
K03579	91.26
K03580	1
K03581	1012.66
K03582	322.31
K03583	322.31
K03584	1104.5
K03585	337.82
K03586	322.31
K03587	414.15
K03588	1151.34
K03589	1104.5
K03590	1012.49
K03591	2
K03592	326.23
K03593	1095.62
K03594	657.15
K03595	1104.5
K03596	1119.01
K03597	2
K03598	2
K03599	322.31
K03600	322.31
K03601	1104.75
K03602	1101.4
K03603	2
K03604	5
K03605	3.05
K03606	1
K03607	2
K03608	322.56
K03609	323.56
K03610	324.56
K03611	324.31
K03612	4.92
K03613	4.92
K03614	4.92
K03615	4.92
K03616	322.31
K03617	4.92
K03618	2
K03619	2
K03620	2
K03621	1015.16
K03623	71.22
K03624	1104.25
K03625	1101.4
K03628	1098.29
K03629	784.19
K03630	1017.43
K03631	1104.5
K03632	2
K03633	2
K03634	322.31
K03635	770.43
K03636	684.74
K03637	775.15
K03638	683.72
K03639	773.4
K03640	3.25
K03641	3.25
K03642	326.31
K03643	323.56
K03644	1099.29
K03645	2
K03646	4.67
K03647	821.12
K03648	1103.5
K03649	37.6
K03650	1015.16
K03651	2
K03652	770.28
K03653	0.25
K03654	1772.11
K03655	1220.49
K03656	322.31
K03657	1292.8
K03658	1
K03660	2.67
K03664	1104.5
K03665	1104.5
K03666	1006.03
K03667	685.74
K03668	1.25
K03669	3.25
K03670	2.25
K03671	1232.92
K03672	2.25
K03673	962.58
K03674	2
K03675	322.31
K03676	371.43
K03680	0
K03683	2
K03684	93.84
K03685	1104.5
K03686	1193.84
K03687	1104.5
K03688	367.37
K03690	17.53
K03692	0
K03693	467.71
K03694	322.56
K03695	1097.96
K03696	780.69
K03697	7.21
K03698	687.68
K03699	471.42
K03700	689.35
K03701	1183.34
K03702	1104.5
K03703	1104.5
K03704	2436.06
K03705	781.86
K03706	688.68
K03707	269.23
K03708	691.35
K03709	867.36
K03710	301.06
K03711	1138.96
K03712	1
K03713	688.68
K03716	0.25
K03717	1.25
K03718	2
K03719	823.76
K03720	2
K03721	2
K03722	641.08
K03723	1104.5
K03724	98.4
K03727	89.34
K03731	0.67
K03732	2
K03733	1095.37
K03734	803.63
K03735	2.25
K03736	2.25
K03737	5.28
K03738	0
K03739	687.68
K03740	687.68
K03741	539.18
K03742	9.46
K03743	444.1
K03744	14.48
K03745	322.56
K03746	3.5
K03747	3.33
K03748	2.02
K03749	1
K03750	948.1
K03752	1006.03
K03753	685.72
K03755	1
K03756	162
K03757	1
K03758	624.52
K03759	1
K03760	319.31
K03761	3.7
K03762	838.51
K03763	691.6
K03764	2
K03765	1
K03767	416.84
K03768	1104.59
K03769	327.92
K03770	323.81
K03771	323.56
K03772	334.49
K03773	64.98
K03774	1
K03775	322.56
K03776	2.33
K03777	323.98
K03778	1682.6
K03779	1
K03780	1
K03781	1110.6
K03782	39.25
K03783	43.54
K03784	1192.19
K03785	1008.97
K03786	96.53
K03787	323.56
K03788	2.5
K03789	1069
K03790	101.4
K03791	1
K03793	0
K03794	2.67
K03795	0
K03796	1.25
K03797	1009.95
K03798	1108.17
K03799	491.43
K03800	2079.91
K03801	413.9
K03802	1
K03803	4.92
K03804	2
K03805	1
K03806	322.31
K03807	1
K03808	324.31
K03809	5.33
K03810	2.67
K03811	59.57
K03812	0
K03813	2.02
K03814	323.56
K03815	1
K03816	690.15
K03817	684.14
K03818	1
K03819	1
K03820	412.57
K03821	2.25
K03822	0
K03823	817.62
K03824	543.86
K03825	1
K03826	1
K03827	8.67
K03828	1.94
K03829	0.25
K03830	1.92
K03831	2.02
K03832	6.02
K03833	6.46
K03834	4
K03835	322.29
K03836	0
K03837	6.7
K03838	0
K03839	2.5
K03840	1
K03841	322.31
K03851	1.25
K03852	0.25
K03855	1
K03856	5.38
K03862	51.16
K03863	53.11
K03867	0
K03885	999.06
K03886	0
K03887	0
K03888	0
K03889	89.01
K03890	89.01
K03891	89.01
K03892	1278.84
K03893	734.11
K03894	0
K03895	0
K03896	0
K03897	0
K03918	0
K03919	90.31
K03921	0
K03923	656.78
K03924	42.27
K03925	1098.04
K03926	1
K03928	1362.86
K03929	809.84
K03930	6.21
K03931	0
K03932	160.26
K03933	0.67
K03943	0
K03969	3.33
K03970	1
K03971	1
K03972	321.29
K03973	1
K03974	1
K03975	422.06
K03976	782.94
K03977	1104.5
K03978	1015.16
K03979	1104.5
K03980	415.82
K03981	322.31
K04013	2
K04014	2
K04015	2
K04016	2
K04017	1
K04018	1
K04019	1.25
K04020	1
K04021	1
K04022	1
K04023	1.28
K04024	1.69
K04025	1
K04026	1.25
K04027	0.25
K04028	1.69
K04029	2.69
K04030	1.25
K04031	2.69
K04032	1.25
K04033	1
K04034	0
K04035	0
K04036	0
K04037	0
K04038	0
K04039	0
K04040	0
K04041	690
K04042	1104.5
K04043	1104.5
K04044	322.31
K04045	0
K04046	2.25
K04047	906.39
K04049	0
K04050	0
K04051	0
K04052	0
K04053	0
K04054	0
K04056	0
K04057	0
K04058	1
K04059	0
K04060	0
K04061	1
K04062	4.02
K04063	2.67
K04064	1
K04065	1
K04066	1104.5
K04067	2
K04068	694.62
K04069	774.83
K04070	0
K04072	483.98
K04073	16.83
K04074	688.68
K04075	1104.5
K04076	1
K04077	1194.09
K04078	1104.75
K04079	15.43
K04080	3.25
K04081	1
K04082	322.31
K04083	1015.16
K04084	323.31
K04085	3.27
K04086	633.04
K04087	3.25
K04088	3.25
K04090	1.5
K04091	67.12
K04092	2.58
K04093	90.01
K04094	689.18
K04095	328.79
K04096	1104.75
K04098	61.64
K04099	1
K04100	1
K04101	8.79
K04102	1
K04103	709.64
K04105	0
K04107	0
K04108	0
K04109	0
K04110	0
K04112	0
K04113	0
K04114	0
K04115	0
K04116	2
K04117	1
K04127	0
K04128	0
K04333	1
K04334	1
K04335	1
K04336	1
K04337	1
K04338	1
K04343	0
K04477	3.67
K04478	220.97
K04480	0
K04485	1104.5
K04486	8.29
K04487	1817.41
K04488	1104.25
K04516	9.04
K04517	1097.33
K04518	779.52
K04561	784.55
K04562	1
K04564	1564.08
K04565	363.17
K04566	1.25
K04567	1583.35
K04568	3
K04618	0
K04651	3.1
K04652	2.05
K04653	4.1
K04654	2.05
K04655	2.05
K04656	462.55
K04691	2
K04708	0
K04710	0
K04719	1.25
K04720	3.92
K04744	323.56
K04747	0
K04748	460.75
K04749	684.64
K04750	624.5
K04751	376.71
K04752	2
K04753	2
K04754	323.81
K04755	343.84
K04756	78.18
K04757	687.31
K04758	237.37
K04759	695.2
K04760	323.31
K04761	413.57
K04762	412.9
K04763	1097.79
K04764	323.56
K04765	3.25
K04766	666.6
K04767	5.54
K04768	667.85
K04769	1
K04770	2
K04771	799.27
K04772	2
K04773	328.91
K04774	321.54
K04775	1
K04780	0
K04781	2.67
K04782	0.27
K04783	166.34
K04784	166.34
K04785	0
K04786	0
K04787	0
K04788	0
K04793	0
K04794	0
K04805	0
K04835	0
K04844	0.5
K04940	681.47
K04962	0
K05020	689.64
K05245	1
K05275	0
K05281	0
K05286	0
K05296	0
K05297	0
K05299	5.34
K05301	0
K05303	0
K05304	0
K05306	7
K05311	682.47
K05337	721.97
K05338	680.91
K05339	680.91
K05340	521.71
K05341	2
K05342	38
K05343	53.01
K05346	6.4
K05349	55.62
K05350	1.65
K05351	1
K05352	970.88
K05356	0
K05358	0
K05362	687.68
K05363	6.14
K05364	0.33
K05365	2
K05366	1477.66
K05367	2.5
K05368	1
K05371	0
K05372	0
K05373	0
K05374	0
K05375	0
K05396	3.67
K05499	1
K05501	2
K05515	12.19
K05516	6.69
K05517	1
K05518	0
K05519	0
K05520	758.84
K05521	2.67
K05522	93.44
K05523	493.5
K05524	1.58
K05525	0
K05526	1
K05527	323.56
K05539	322.56
K05540	326.48
K05541	322.31
K05548	174.18
K05549	12.95
K05550	12.95
K05551	0
K05552	0
K05553	0
K05556	0
K05558	0
K05559	0.25
K05560	460.75
K05561	0.25
K05562	0.3
K05563	460.75
K05564	0.25
K05565	2424.91
K05566	1362.94
K05567	1503.91
K05568	1503.91
K05569	1500.76
K05570	1500.76
K05571	1500.81
K05572	0
K05573	0
K05574	0
K05575	0
K05576	0
K05577	674.29
K05578	0
K05579	0
K05580	0
K05581	0
K05582	0
K05583	0
K05584	0
K05585	0
K05586	0
K05587	0
K05588	0
K05589	322.31
K05590	2
K05591	1
K05592	781.52
K05593	7.57
K05594	1
K05595	324.04
K05596	90.59
K05597	0
K05599	0
K05600	0
K05601	6.59
K05602	89.34
K05603	1.25
K05606	17.06
K05685	322.64
K05687	0
K05708	0
K05709	0
K05710	1.79
K05711	0
K05712	18.53
K05713	7.79
K05714	0
K05715	0
K05739	0
K05747	0
K05772	0.25
K05773	0.25
K05774	1.25
K05775	2
K05776	1
K05777	0
K05778	0
K05779	0
K05780	1.25
K05781	1.25
K05782	53.2
K05783	12.95
K05784	12.95
K05785	1
K05786	788.72
K05787	2
K05788	323.56
K05789	1
K05790	1
K05791	0
K05792	0
K05793	0
K05794	410.63
K05795	0
K05796	1
K05797	0
K05798	1
K05799	374.74
K05800	4.75
K05801	3.27
K05802	3
K05803	2
K05804	1
K05805	322.29
K05807	323.56
K05808	12.64
K05809	2
K05810	1095.62
K05811	1
K05812	1
K05813	16.66
K05814	16.66
K05815	15.66
K05816	4.92
K05817	0
K05818	0
K05819	1
K05820	2
K05822	682.47
K05823	6.71
K05824	0
K05825	0.02
K05826	0
K05827	0
K05828	0
K05829	0
K05830	0
K05831	0
K05832	51.17
K05833	51.51
K05834	1.25
K05835	39.85
K05836	1.25
K05837	696.87
K05838	162.79
K05839	1
K05841	0
K05844	2.25
K05845	789.22
K05846	2245.37
K05847	1467.15
K05851	2
K05873	2.67
K05874	0
K05875	2
K05876	0
K05877	0
K05878	533.8
K05879	536.47
K05880	0
K05881	4.4
K05882	12.16
K05884	0
K05886	0
K05887	0
K05889	0
K05895	8.9
K05896	1102.5
K05898	9.49
K05910	0
K05913	0
K05916	770.18
K05917	0
K05919	2.67
K05921	2
K05922	0
K05927	0
K05928	0
K05929	0
K05934	2.5
K05936	6.9
K05937	12.15
K05939	3
K05946	682.47
K05951	0
K05952	321.29
K05962	0
K05964	2.89
K05966	2.89
K05967	0
K05970	0.5
K05973	2.25
K05979	1
K05982	2.02
K05984	1
K05985	691.6
K05986	0
K05988	0
K05989	0
K05991	0
K05992	0
K05994	0
K05995	17.55
K05996	0
K05997	1
K05998	0
K05999	0
K06001	0
K06006	1
K06011	0
K06012	1
K06013	0.02
K06015	0
K06016	86.25
K06019	0
K06020	320.31
K06021	0
K06023	1011.91
K06024	1102.5
K06033	0
K06034	0
K06039	2
K06041	323.81
K06042	6.9
K06044	46.61
K06045	2
K06048	129.13
K06049	0
K06073	1
K06074	1
K06075	3
K06076	323.87
K06077	4
K06078	2
K06079	1
K06080	1
K06113	0
K06118	1.79
K06120	0
K06121	0
K06122	0
K06131	1468.39
K06132	322.31
K06133	331.12
K06134	0
K06135	0
K06136	0
K06137	0
K06138	0
K06139	0
K06140	1
K06141	1
K06142	322.56
K06143	1.25
K06144	1
K06145	3.25
K06146	1
K06147	2499.79
K06148	422.79
K06149	2
K06151	1
K06152	1
K06153	1107.5
K06155	1
K06156	1
K06157	1
K06158	1015.16
K06159	1
K06160	0
K06162	2.5
K06163	1.25
K06164	1.25
K06165	1.25
K06166	1.25
K06167	1.27
K06168	1098.29
K06169	1
K06173	1104.5
K06175	4
K06176	2
K06177	767.67
K06178	1104.5
K06179	371.84
K06180	2486.45
K06181	260.58
K06182	321.31
K06183	1031.94
K06186	322.31
K06187	1104.5
K06188	70.75
K06189	322.56
K06190	322.56
K06191	96.55
K06192	323.31
K06193	390.29
K06194	336.82
K06195	4
K06196	97.75
K06197	1.02
K06198	681.68
K06199	1839.44
K06200	372.97
K06201	12.33
K06202	322.31
K06203	2
K06204	323.81
K06205	3
K06206	2.25
K06207	1104.5
K06208	1
K06209	681.72
K06211	2
K06212	2
K06213	1094.91
K06214	1
K06215	775.07
K06216	519.44
K06217	1104.25
K06218	11.01
K06219	1
K06221	128.21
K06222	2
K06223	295.85
K06257	0
K06281	2.05
K06282	2.05
K06283	1
K06284	3
K06285	1
K06286	687.68
K06287	474.16
K06288	0
K06289	0
K06290	0
K06291	0
K06292	0
K06293	0
K06294	1
K06295	5
K06296	2
K06297	1
K06298	0
K06299	0
K06300	0
K06301	0
K06302	0
K06303	0
K06304	0
K06305	0
K06306	2
K06307	0
K06308	0
K06309	1
K06310	1
K06311	0
K06312	0
K06313	1
K06314	1
K06315	0
K06317	3.67
K06318	0
K06319	0
K06320	0.33
K06321	0
K06322	0
K06323	0
K06324	0
K06325	0
K06327	0
K06328	1
K06329	0
K06330	0
K06331	0
K06332	1
K06333	1
K06334	1
K06335	0
K06336	0
K06337	0
K06338	0
K06340	0
K06341	0
K06342	0
K06343	0
K06344	0
K06345	0
K06346	10.46
K06347	220.97
K06348	0
K06349	0
K06350	461.5
K06351	1
K06355	0
K06360	0
K06361	0
K06362	0
K06364	0
K06365	0
K06366	0
K06368	0
K06369	0
K06370	0
K06371	0
K06372	0
K06373	1
K06374	1
K06375	0
K06377	9.43
K06378	1
K06379	1
K06380	0
K06381	1.25
K06382	1
K06383	1
K06384	1
K06385	0
K06386	1
K06387	1
K06388	0
K06390	1
K06391	1
K06392	1
K06393	1
K06394	1
K06395	1
K06396	1
K06397	1
K06398	1
K06399	1
K06400	14.18
K06401	0
K06402	1
K06403	0
K06404	0
K06405	2
K06406	2
K06407	3
K06408	1
K06409	2
K06410	1
K06411	1
K06412	685.39
K06413	1
K06415	2.25
K06416	1
K06417	0
K06418	1
K06419	2
K06421	0
K06422	0
K06423	1
K06425	1
K06426	0
K06427	0
K06428	0
K06431	0
K06432	0
K06433	0
K06434	1
K06436	1
K06437	0
K06438	1
K06439	0
K06440	0
K06442	100.47
K06443	38
K06445	1
K06446	1
K06447	1
K06518	1014.35
K06591	0
K06595	0
K06596	0
K06597	0
K06598	0
K06599	0
K06600	0
K06601	1.25
K06602	0.25
K06603	0
K06605	13.16
K06606	0
K06607	0
K06608	1.03
K06609	0.79
K06610	0
K06714	3
K06718	0
K06720	0
K06726	571.11
K06857	0.25
K06858	1
K06859	0
K06860	89.34
K06861	323.81
K06864	28.03
K06866	2
K06867	189.53
K06871	40.75
K06872	17.36
K06873	0
K06876	0
K06877	91.34
K06878	689.93
K06879	2
K06880	0
K06881	742.61
K06882	0
K06883	0
K06884	9
K06885	688.93
K06886	786.14
K06887	1
K06888	40
K06889	171.26
K06890	232.68
K06891	411.9
K06893	0
K06894	2.5
K06895	778.93
K06896	5.87
K06897	1
K06898	30.7
K06899	3
K06900	0
K06901	1106.33
K06902	84.19
K06903	2.58
K06904	18.82
K06905	3.52
K06906	2.25
K06907	3.27
K06908	3.27
K06909	7.31
K06910	874.55
K06911	130.29
K06912	0.25
K06915	10.34
K06916	322.89
K06917	3.92
K06918	3.25
K06919	111.21
K06920	1006.03
K06921	0.25
K06922	1
K06923	321.56
K06925	1066.5
K06926	0.3
K06928	0
K06929	8.79
K06931	0
K06934	466.84
K06937	0
K06938	3.52
K06940	3.87
K06941	1104.5
K06942	1116.66
K06945	320
K06946	0
K06948	688.93
K06949	1103.83
K06950	694.01
K06951	0
K06952	0.25
K06953	1.25
K06954	318.29
K06955	0
K06956	688.83
K06957	2
K06958	1104.5
K06959	1102.5
K06960	10.46
K06962	690.14
K06966	1351.62
K06967	691.35
K06968	3
K06969	1011.49
K06970	1
K06971	1
K06972	2.67
K06973	684.14
K06974	0
K06975	824.19
K06976	1.33
K06977	0
K06978	664.24
K06979	0.79
K06980	412.9
K06983	0
K06985	0.25
K06986	46.61
K06987	0.25
K06988	25.01
K06989	2.95
K06990	0
K06991	1.25
K06992	960.12
K06994	1241.4
K06995	1
K06996	94.86
K06997	1104.5
K06998	1
K06999	635.85
K07000	2
K07001	566.67
K07002	686.16
K07003	3.67
K07004	51.15
K07005	335.98
K07006	42
K07007	698.52
K07008	322.56
K07009	778.02
K07010	62.14
K07011	13.41
K07012	50.47
K07013	0
K07014	2
K07015	688.68
K07016	0
K07017	224.78
K07018	321.89
K07019	321.29
K07020	0.25
K07023	681.72
K07024	4924.26
K07025	1413.51
K07026	1
K07027	93.68
K07028	1
K07029	728.01
K07030	780.61
K07031	0
K07032	681.42
K07033	460.5
K07034	3
K07035	1418.88
K07037	1.25
K07038	1066.44
K07039	321.29
K07040	1100.33
K07041	0
K07042	1104.5
K07043	731.38
K07044	0
K07045	736.85
K07046	1.25
K07047	42
K07048	5.98
K07050	1.25
K07051	0
K07052	3273.27
K07053	322.64
K07054	97.68
K07056	1424.81
K07057	0
K07058	1190.15
K07059	0
K07061	1
K07062	53.77
K07063	0
K07064	0
K07065	1
K07066	0
K07067	46.19
K07068	0
K07069	34.92
K07070	1
K07071	773.48
K07074	0.02
K07075	1.33
K07076	1
K07077	39.28
K07078	981.16
K07079	0
K07080	0.5
K07082	420.36
K07084	1040.82
K07085	105.23
K07086	0
K07088	830.49
K07089	27.98
K07090	3360
K07091	324.81
K07092	0
K07093	71.45
K07094	681.47
K07095	694.27
K07096	0
K07097	0.25
K07098	8.51
K07099	3.67
K07100	1
K07101	376.87
K07102	321.56
K07104	913.96
K07105	13.19
K07106	683.99
K07107	2158.74
K07109	1
K07110	97.87
K07112	722.77
K07113	408.47
K07114	57.8
K07115	323.56
K07116	0
K07117	0
K07118	87.02
K07119	761.71
K07120	857.59
K07121	2
K07122	322.31
K07123	0
K07124	317.61
K07125	0
K07126	964.6
K07127	41.25
K07129	0
K07130	1.03
K07131	320.33
K07132	787.13
K07133	5.05
K07136	1
K07137	5.59
K07138	0
K07139	694.27
K07140	2.25
K07141	3.92
K07145	688.47
K07146	822.55
K07147	2.25
K07148	167.7
K07149	12.6
K07150	6.12
K07152	323.06
K07153	2
K07154	27.22
K07155	0
K07156	105.88
K07157	1.25
K07160	1054.36
K07161	1.25
K07164	85.91
K07165	0
K07166	415.36
K07167	0.25
K07168	0
K07169	0
K07171	1039.32
K07172	346.98
K07173	1012.99
K07175	84.61
K07177	95.55
K07178	0
K07180	3.25
K07181	0
K07182	90.01
K07183	1.61
K07184	2
K07186	2
K07190	0
K07192	12.83
K07213	1060.32
K07214	51.49
K07215	320.29
K07216	0
K07217	1
K07218	320.85
K07219	0
K07220	685.8
K07221	1
K07222	169.97
K07223	359.64
K07224	1021.14
K07225	1.27
K07226	1.02
K07227	0.02
K07228	0
K07229	1
K07230	1.27
K07231	0.25
K07232	2.5
K07233	1
K07234	320.29
K07235	2
K07236	2
K07237	2
K07238	590.18
K07239	0
K07240	58.8
K07241	500.93
K07242	0
K07243	985.39
K07245	91.01
K07246	3.7
K07248	373.14
K07250	59.08
K07251	1
K07255	0
K07256	0
K07257	0
K07258	1301.14
K07259	411.88
K07260	58.52
K07261	2.25
K07262	322.31
K07263	7.5
K07264	1
K07265	319.23
K07266	319.23
K07267	1
K07268	1
K07269	1
K07270	625.77
K07271	1.6
K07272	4.87
K07273	20.83
K07274	1.25
K07275	4.25
K07276	1
K07277	323.81
K07278	323.56
K07279	0
K07280	933.43
K07282	227.12
K07283	1
K07284	773.17
K07285	2
K07286	2
K07287	322.31
K07288	318.29
K07289	1.27
K07290	2
K07291	0
K07300	14.95
K07301	11.74
K07302	0.25
K07303	0.25
K07304	2139.74
K07305	775.93
K07306	2
K07307	4
K07308	4
K07309	1
K07310	1
K07311	0
K07312	1
K07313	176.09
K07314	1
K07315	684.64
K07316	673.03
K07317	0
K07318	1.62
K07319	15.51
K07320	322.31
K07321	0
K07322	966.09
K07323	326.58
K07326	303.47
K07334	42.83
K07335	11.69
K07336	1
K07337	1
K07338	0.25
K07339	1.02
K07340	2
K07341	75.56
K07343	2
K07344	0
K07345	3
K07346	1
K07347	9
K07348	1
K07349	0
K07350	1
K07351	1
K07352	0
K07353	0
K07354	0
K07355	0
K07356	0
K07357	1
K07358	0
K07386	97.22
K07387	2.25
K07389	15.51
K07390	323.56
K07391	421.49
K07393	87.91
K07394	0
K07395	1
K07396	0
K07397	411.55
K07399	413.65
K07400	2
K07401	0
K07402	46.63
K07403	2.67
K07404	6.71
K07405	0
K07406	4.67
K07407	2.19
K07442	89.34
K07443	5.67
K07444	1012.16
K07445	0
K07447	1104.5
K07448	11.78
K07449	0
K07451	1.95
K07452	3.42
K07453	0
K07454	1.31
K07455	462.36
K07456	691.6
K07457	673.24
K07458	86.86
K07459	1.25
K07460	413.7
K07461	1073.18
K07462	1015.41
K07464	5.62
K07465	89.01
K07467	599.6
K07469	0
K07470	1
K07471	0
K07473	6.59
K07474	711.26
K07476	682.47
K07478	1104.5
K07479	2
K07480	0
K07481	3190.11
K07482	2740.14
K07483	1175.65
K07484	2.68
K07485	472.05
K07486	1111.94
K07487	0
K07488	3037.4
K07490	1
K07491	828.15
K07492	1.34
K07493	1
K07494	10.8
K07495	0
K07496	3.67
K07497	467.76
K07498	1125.5
K07499	0
K07501	320.31
K07502	1
K07503	89.34
K07504	49.46
K07505	0
K07506	0
K07507	46.18
K07516	468.85
K07518	0
K07533	691.35
K07535	1
K07536	0
K07537	0
K07538	0
K07539	0
K07543	0
K07544	0
K07546	0
K07550	0
K07552	1593.94
K07559	0.27
K07560	1103.5
K07566	1475.66
K07568	1015.16
K07570	6.21
K07571	685.14
K07574	694.93
K07576	2.67
K07577	1.25
K07584	691.6
K07586	688.68
K07588	17.06
K07589	0
K07590	682.47
K07591	0
K07592	1
K07636	688.75
K07637	1
K07638	2.25
K07639	1
K07640	2
K07641	1
K07642	1.34
K07643	1
K07644	0
K07645	322.31
K07646	625.93
K07647	1
K07648	2
K07649	2.25
K07650	0
K07651	683.47
K07652	688.68
K07653	51.01
K07654	89.34
K07657	3.52
K07658	686.98
K07659	2.25
K07660	1
K07661	1
K07662	320.31
K07663	1
K07664	1
K07665	0
K07666	2.02
K07667	624.93
K07668	1149.18
K07669	89.01
K07670	89.34
K07673	321.31
K07674	2
K07675	1
K07676	1
K07677	1
K07678	1
K07679	0
K07680	0
K07681	220.97
K07683	681.47
K07684	321.31
K07685	2
K07686	1
K07687	1
K07688	1
K07689	1
K07690	0
K07691	0
K07692	0
K07693	51.83
K07694	220.97
K07695	0
K07696	681.47
K07697	0
K07698	0
K07699	1
K07700	2
K07701	1
K07702	2
K07703	1.5
K07704	647.41
K07705	647.41
K07706	689.29
K07707	687.35
K07708	2.25
K07709	1
K07710	0.02
K07711	1
K07712	2.5
K07713	1
K07714	0.02
K07715	1
K07716	0
K07717	0.94
K07718	5.49
K07719	0.94
K07720	477.7
K07722	1
K07723	219.97
K07724	17.51
K07726	336.34
K07727	15.19
K07729	1033.81
K07733	15.13
K07734	196
K07735	374.57
K07736	92.93
K07738	1104.5
K07739	0
K07740	1
K07741	708.43
K07742	782.19
K07746	1.25
K07749	9.79
K07751	2
K07757	1
K07768	89.34
K07769	0
K07770	0
K07771	1
K07772	1
K07773	2
K07774	2.25
K07775	1142.97
K07776	89.34
K07777	1
K07778	736.77
K07780	0
K07781	1
K07782	1.25
K07783	2
K07784	479.95
K07786	0
K07787	0
K07788	2
K07789	2
K07790	1
K07791	256.12
K07792	9.65
K07793	18.02
K07794	16.98
K07795	14.41
K07796	0
K07797	0
K07798	0
K07799	3
K07800	681.47
K07803	1
K07804	2
K07805	1
K07806	1
K07807	0
K07810	0
K07811	1
K07812	1
K07813	681.47
K07814	1
K07816	1381.98
K07821	1
K07823	0
K07862	326.65
K07978	0
K07979	713.45
K08068	317.98
K08070	0
K08076	0
K08077	0
K08081	0
K08082	2
K08083	2
K08084	320.31
K08085	0
K08086	2.31
K08087	1
K08088	1
K08092	1
K08093	690.81
K08094	685.14
K08095	38
K08097	2
K08100	0
K08137	1
K08138	1.67
K08139	176.87
K08151	160.67
K08152	2.28
K08153	0.67
K08154	1
K08156	0.02
K08159	4.31
K08160	1
K08161	4.67
K08162	1
K08163	1
K08164	0
K08166	0
K08167	91.34
K08168	467.33
K08169	1
K08170	1832.63
K08172	0
K08173	1.02
K08174	0
K08177	2.54
K08178	2
K08191	2
K08194	0
K08195	2
K08196	0
K08217	0.34
K08218	323.31
K08219	1
K08220	0
K08221	1
K08222	1
K08223	3.02
K08224	94.65
K08225	1
K08226	0
K08227	1
K08234	2.87
K08252	0
K08253	0
K08255	681.47
K08256	89.01
K08258	514.4
K08259	471.2
K08260	0
K08261	0
K08276	1
K08277	1
K08279	1
K08280	0
K08281	411.88
K08282	0
K08286	0
K08289	90.01
K08295	0.25
K08296	47.17
K08297	1
K08298	1
K08299	1.25
K08300	412.9
K08301	325.23
K08302	1
K08303	1480.35
K08304	323.56
K08305	323.31
K08306	2
K08307	321.31
K08308	1
K08309	327.23
K08310	326.31
K08311	324.23
K08312	2
K08313	0
K08314	1
K08315	2
K08316	559.8
K08317	1.67
K08318	1
K08319	3
K08320	1
K08321	2
K08322	10.49
K08323	1
K08324	321.31
K08325	1
K08326	0
K08344	1
K08348	1
K08349	0
K08350	0
K08351	3
K08352	1
K08353	1
K08354	1
K08355	0
K08356	0
K08357	1
K08358	1
K08359	1
K08363	0
K08364	0
K08365	0
K08368	2
K08369	94.34
K08372	89.34
K08384	4.67
K08475	2
K08476	2
K08477	0
K08478	2
K08479	0
K08480	0
K08481	0
K08482	0
K08483	1263.25
K08484	1.25
K08485	1
K08566	1
K08586	0
K08587	0
K08589	0
K08591	1053.16
K08598	0
K08600	622.5
K08602	692.85
K08603	0
K08604	0
K08641	59.09
K08642	0
K08643	0.68
K08644	0
K08646	0
K08651	0
K08652	1.5
K08659	9.21
K08675	0
K08676	0
K08677	2
K08678	1
K08679	1.25
K08680	685.14
K08681	739.95
K08682	1
K08685	0
K08686	0
K08687	0
K08688	0.25
K08689	0
K08691	0.25
K08692	0
K08693	0
K08696	0
K08697	0
K08698	0
K08699	0
K08700	0
K08713	0
K08714	0.25
K08715	0
K08717	681.49
K08720	0.25
K08721	0
K08722	2
K08723	1
K08724	461.5
K08728	0.5
K08738	4.25
K08744	3
K08776	0
K08777	0
K08884	999.95
K08900	0
K08902	0
K08903	0
K08904	0
K08906	0
K08926	0
K08927	0
K08928	0
K08929	0
K08930	0
K08939	0
K08961	0
K08963	2.5
K08964	2
K08965	1
K08966	1
K08967	2
K08969	1
K08970	1
K08972	83.61
K08973	321.54
K08974	769.57
K08976	682.47
K08977	0
K08978	321.54
K08981	307.21
K08982	15.87
K08983	0
K08984	0.02
K08985	0
K08986	5.54
K08987	872.83
K08988	0
K08989	4.02
K08990	3.25
K08992	2
K08993	1
K08994	3.25
K08995	0
K08996	671.96
K08997	1
K08998	1093.04
K08999	47.91
K09000	1
K09001	323.56
K09002	0
K09003	0
K09004	0
K09005	1.25
K09007	1002.03
K09009	89.34
K09011	0
K09012	0
K09013	783.44
K09014	783.14
K09015	780.27
K09016	0
K09017	13.71
K09018	2
K09019	14.28
K09020	0
K09021	1
K09022	687.93
K09023	1
K09024	1
K09065	0
K09116	0
K09117	376.24
K09118	89.34
K09120	0
K09121	30.7
K09122	0
K09123	0
K09124	0
K09125	1055.57
K09126	0
K09127	1
K09128	0
K09129	0
K09131	3.25
K09132	0
K09133	0
K09134	465.54
K09136	11.7
K09137	0
K09138	0
K09141	0
K09143	0
K09144	0
K09145	220.97
K09146	89.01
K09153	52.55
K09154	0
K09155	11.8
K09157	415.36
K09158	322.31
K09159	323.56
K09160	3.25
K09161	2
K09162	771.81
K09163	0
K09164	12.16
K09165	0
K09166	1
K09167	767.71
K09181	2
K09190	33
K09251	1
K09252	2
K09253	0
K09384	171.74
K09386	1.25
K09388	0
K09456	39
K09457	1004.37
K09458	1308.54
K09459	1
K09461	0.25
K09469	0
K09470	0
K09471	322.56
K09472	0.25
K09473	0
K09474	1
K09475	1
K09476	1
K09477	1
K09478	0
K09483	0
K09487	0
K09516	0
K09607	0
K09612	1
K09650	0
K09680	681.47
K09681	4.37
K09682	0.43
K09683	0
K09684	130.74
K09685	688.68
K09688	320.23
K09689	320.48
K09690	3
K09691	3
K09692	1430.83
K09693	903.54
K09694	0
K09695	0
K09696	0
K09697	0
K09698	691.35
K09699	682.47
K09700	0
K09701	0.25
K09702	0.2
K09703	0
K09704	1.45
K09705	684.03
K09706	1
K09707	0
K09709	1
K09710	1104.25
K09711	0
K09712	319.29
K09726	0
K09729	0.25
K09740	0
K09744	0
K09747	1104.17
K09748	1095.71
K09749	0
K09758	2.02
K09759	0
K09760	366.43
K09761	1104.5
K09762	780.94
K09763	220.97
K09764	0
K09765	1009.04
K09766	0
K09767	3.33
K09768	683.72
K09769	682.97
K09770	0
K09771	502.93
K09772	780.19
K09773	1274.03
K09774	323.56
K09775	2.67
K09776	1
K09777	2.67
K09778	1.5
K09779	1
K09780	418.64
K09781	411.55
K09785	0
K09786	3.25
K09787	691.6
K09788	360.49
K09789	319.79
K09790	849.21
K09791	412.52
K09792	320.29
K09793	1033.58
K09794	321.56
K09795	320.31
K09796	411.57
K09797	0
K09798	3
K09799	1.17
K09800	323.56
K09801	322.31
K09802	2.25
K09803	276.42
K09804	0
K09805	0
K09806	321.31
K09807	3.92
K09808	325.81
K09809	682.31
K09810	323.81
K09811	422.7
K09812	422.45
K09813	220.97
K09814	681.47
K09815	727.94
K09816	698.19
K09817	698.19
K09818	0
K09819	41.09
K09820	5.48
K09822	674.29
K09823	322.56
K09824	324.29
K09825	691.26
K09826	0.25
K09833	0
K09834	0
K09835	0
K09836	0
K09844	0
K09845	0
K09846	0
K09847	0
K09857	322.31
K09858	410.58
K09859	0
K09860	0
K09861	420.36
K09862	323
K09879	0
K09880	1
K09882	1.25
K09883	1.25
K09888	1006.03
K09889	322.31
K09890	321.98
K09891	2
K09892	2
K09893	2
K09894	2
K09895	2
K09896	2
K09897	2
K09898	2
K09899	2
K09900	1
K09901	2
K09902	2
K09903	1104.5
K09904	2
K09906	0
K09907	2
K09908	2.02
K09909	2
K09910	1
K09911	2
K09912	1
K09913	1
K09914	1
K09915	1
K09916	1
K09917	2
K09918	1
K09919	1.25
K09920	1
K09921	1.27
K09922	0.02
K09923	319.98
K09924	320.29
K09925	0
K09926	320.29
K09927	0.75
K09928	1.27
K09929	320.29
K09930	320.54
K09931	0
K09932	0
K09933	1
K09934	0
K09935	0
K09936	733.85
K09937	1
K09938	0
K09939	0
K09940	682.73
K09941	320.31
K09942	0
K09943	320.29
K09944	0
K09945	1
K09946	323.33
K09947	0.25
K09948	1.25
K09949	1.5
K09950	0.25
K09951	480.52
K09952	428.68
K09953	1
K09954	1
K09955	2
K09956	13.28
K09957	0
K09958	1.67
K09959	1
K09960	1
K09961	1
K09962	7.21
K09963	682.85
K09964	0
K09965	0
K09966	0.25
K09967	2.25
K09968	321.29
K09969	5.25
K09970	1.25
K09971	1.25
K09972	1.25
K09973	3
K09974	0
K09975	38
K09976	687.68
K09977	320.31
K09978	1
K09979	1
K09980	1
K09981	0.25
K09982	2
K09983	0
K09984	0
K09985	1.25
K09986	1.25
K09987	1.25
K09988	0
K09989	0.25
K09990	0
K09991	1
K09992	0
K09994	1
K09996	2
K09997	2
K09998	2
K09999	2
K10000	2
K10001	1
K10002	1
K10003	1
K10004	1
K10005	89.29
K10006	89.29
K10007	89.29
K10008	89.29
K10009	1003.19
K10010	1001.99
K10011	1
K10012	2
K10013	1
K10014	1
K10015	1
K10016	1
K10017	1
K10018	1
K10019	1
K10020	1
K10021	1
K10022	0
K10023	0
K10024	0
K10025	0
K10026	683.72
K10027	2
K10036	1
K10037	1
K10038	2
K10039	1.54
K10040	3.08
K10041	258.87
K10094	1
K10107	320.48
K10108	462.5
K10109	2
K10110	2
K10111	6.75
K10112	769.98
K10117	5.16
K10118	5.66
K10119	5.16
K10120	0
K10121	0
K10122	0
K10123	0
K10124	0
K10125	1.5
K10126	1.25
K10156	0
K10188	1
K10189	1
K10190	1
K10191	0.25
K10192	0
K10193	0
K10194	0
K10195	0
K10200	0
K10201	0
K10202	0
K10206	1
K10208	691.5
K10209	683.5
K10210	650.5
K10211	650.5
K10212	650.5
K10213	0
K10215	38
K10216	7.84
K10217	1
K10218	9.79
K10219	0
K10220	8.79
K10221	0
K10227	1.25
K10228	1.25
K10229	1.25
K10231	0
K10232	0.25
K10233	0.25
K10234	0.25
K10235	0.25
K10236	0
K10237	3.1
K10238	0
K10240	0
K10241	0
K10242	0
K10253	0
K10254	706.14
K10255	2.17
K10257	0
K10380	0
K10439	58.18
K10440	54.92
K10441	53.67
K10530	0.78
K10531	0
K10533	0
K10536	1.46
K10537	0
K10538	0
K10539	0
K10540	2.25
K10541	2.25
K10542	2.25
K10543	2.25
K10544	2.25
K10545	2.25
K10546	1
K10547	1
K10548	1
K10549	0
K10550	0
K10551	0
K10552	0.25
K10553	0.25
K10554	0.25
K10555	2
K10556	2
K10557	2
K10558	2
K10559	0
K10560	0
K10561	0
K10562	1
K10563	1187.82
K10564	0
K10565	0
K10619	0
K10620	0
K10621	0
K10622	1
K10670	21.36
K10672	8.01
K10673	0
K10674	0
K10676	39.99
K10677	0
K10678	2.02
K10679	1.02
K10680	1
K10681	650.71
K10682	189.71
K10697	0
K10704	0
K10708	0
K10709	0
K10710	0
K10711	0
K10713	0
K10714	0
K10715	1
K10716	93.8
K10742	0
K10747	322.54
K10748	1
K10762	1
K10763	322.31
K10764	321.56
K10773	1106.5
K10774	0
K10778	2.55
K10780	2
K10793	0
K10794	0
K10795	0
K10796	0
K10797	0
K10798	0
K10800	0
K10804	4.25
K10805	90.59
K10806	323.29
K10810	220.97
K10811	0
K10814	0
K10815	0
K10816	0
K10817	0
K10819	3.51
K10820	0
K10823	698.29
K10824	865.95
K10831	38
K10834	0
K10843	89.01
K10844	0
K10850	680.47
K10851	680.47
K10854	0
K10855	0
K10856	0
K10857	2
K10896	0
K10906	0
K10907	3.67
K10908	0
K10911	0
K10912	0
K10913	0
K10914	2
K10915	0
K10916	0
K10917	0
K10918	0
K10921	0
K10922	0
K10924	0
K10925	0
K10926	0
K10927	0
K10938	0
K10939	0
K10940	0
K10941	0
K10942	0
K10943	0
K10947	738.31
K10948	0
K10954	90.72
K10960	0
K10972	1
K10973	1
K10974	1
K10975	6
K10979	32.41
K10984	0
K10985	0
K10986	0
K11003	319
K11004	319
K11005	1
K11006	0
K11007	0
K11008	0
K11013	1
K11014	1
K11015	1
K11016	0
K11017	0
K11018	0
K11020	0
K11021	0
K11023	1
K11024	0
K11025	0
K11026	0
K11027	0
K11028	0
K11029	0
K11031	0.4
K11032	921
K11033	0
K11034	0
K11035	0
K11036	0
K11037	0
K11038	2304.1
K11039	460.5
K11040	2763
K11041	473.41
K11042	460.59
K11044	0
K11045	0.94
K11046	0
K11047	0.5
K11048	0.5
K11049	0.5
K11050	18.3
K11051	17.3
K11052	0.5
K11053	0.5
K11054	0.5
K11055	0.5
K11056	0.5
K11059	0
K11060	0
K11061	0
K11062	0
K11063	0
K11065	779.71
K11066	1.25
K11068	1099.25
K11069	693.85
K11070	692.85
K11071	692.85
K11072	693.85
K11073	963.16
K11074	322.56
K11075	322.56
K11076	325.66
K11077	0
K11078	0
K11079	0
K11080	0
K11081	1
K11082	1
K11083	1
K11084	1
K11085	1007.7
K11089	0
K11102	680.39
K11103	57.78
K11104	11.14
K11105	12.48
K11106	1
K11107	322.31
K11139	1
K11144	689.18
K11145	688.93
K11159	0
K11169	0
K11175	1103.5
K11177	2.79
K11178	2.79
K11179	2
K11180	0
K11181	0
K11183	3
K11184	2
K11189	1109.17
K11192	0
K11195	0
K11200	0
K11201	0
K11202	0
K11203	0
K11208	1
K11209	5.29
K11210	484.04
K11211	1
K11212	0
K11214	1
K11216	2
K11249	1
K11250	1.02
K11258	1
K11261	0
K11263	237.79
K11264	0
K11275	0
K11311	0
K11312	3.67
K11325	1
K11329	0
K11333	0
K11334	0
K11335	0
K11336	0
K11337	0
K11356	0
K11357	0
K11358	0
K11381	0.25
K11382	1
K11383	0
K11384	0
K11385	0
K11386	0
K11387	89.01
K11391	1
K11392	1
K11440	0
K11441	0
K11442	220.97
K11443	0
K11444	0
K11472	2.25
K11473	2.28
K11474	0
K11475	1
K11476	221.97
K11477	0
K11520	0
K11521	0
K11522	0
K11524	0
K11525	0
K11526	0
K11527	0
K11529	1
K11530	2
K11531	2
K11532	1.25
K11533	101.17
K11534	3
K11535	682.47
K11537	1
K11601	38.33
K11602	38.33
K11603	69.74
K11604	2
K11605	2
K11606	2
K11607	2
K11608	0
K11609	0
K11610	0
K11611	0
K11614	1.67
K11615	2.17
K11616	1.67
K11617	466.71
K11618	927.21
K11619	0
K11621	0
K11622	0
K11623	0
K11624	0
K11625	0
K11626	0
K11629	0
K11630	460.5
K11631	1141.94
K11632	681.44
K11633	0
K11634	0
K11635	0.03
K11636	0.03
K11637	0
K11638	0
K11645	3
K11646	0
K11685	1
K11686	0
K11688	0.25
K11689	0.25
K11690	1.92
K11691	0
K11692	0
K11693	684.14
K11694	221.41
K11695	220.97
K11703	0
K11704	687.82
K11705	688.32
K11706	687.48
K11707	43.5
K11708	4.9
K11709	4.9
K11710	465.4
K11711	0
K11712	0
K11717	782.94
K11719	323.56
K11720	324.81
K11731	0
K11732	1
K11733	1145.66
K11734	1
K11735	81.12
K11736	1
K11737	1590.15
K11738	53.17
K11739	0
K11740	0
K11741	72.89
K11742	1
K11743	1
K11744	1
K11745	1
K11746	1
K11747	2
K11748	1
K11749	1015.16
K11750	1
K11751	2
K11752	1097.13
K11753	1104.5
K11754	1110.54
K11755	490.14
K11777	0
K11779	0
K11780	0
K11781	0
K11782	0
K11783	0
K11784	0
K11785	0
K11787	0
K11788	0
K11811	1.25
K11814	0
K11815	0
K11839	0
K11889	0
K11890	1
K11891	2
K11892	1
K11893	1
K11894	0
K11895	1
K11896	1
K11897	1
K11898	1
K11899	0
K11900	1
K11901	1
K11902	2
K11903	2
K11904	922.04
K11905	0.02
K11906	1.04
K11907	1
K11908	0
K11909	0
K11910	0
K11911	0
K11912	0
K11913	0
K11914	0
K11915	0
K11916	0
K11917	0
K11918	0
K11919	0
K11920	0
K11921	461.5
K11922	0
K11923	2
K11924	2
K11925	1
K11926	1
K11927	2.25
K11928	1137.44
K11929	1
K11930	1
K11931	1
K11932	1
K11933	1
K11934	1
K11935	0
K11936	628.17
K11937	0
K11938	1
K11939	130.22
K11940	1.25
K11941	2
K11942	0
K11950	0
K11951	0
K11952	0
K11953	0
K11954	0
K11955	0
K11956	0
K11957	0
K11958	0
K11959	13.41
K11960	13.41
K11961	13.41
K11962	13.41
K11963	13.41
K11987	0
K11991	803.09
K11996	1031.22
K12048	0
K12049	0
K12050	0
K12052	0
K12053	0
K12055	2
K12056	0
K12057	0
K12058	0
K12059	0
K12060	0
K12061	0
K12062	0
K12063	0
K12064	0
K12065	0
K12066	0
K12067	0
K12068	0
K12069	0
K12070	0
K12071	0
K12072	0
K12073	0
K12078	0
K12079	0
K12080	0
K12081	0
K12082	0
K12083	0
K12084	0
K12085	0
K12086	0
K12087	0
K12088	0
K12089	0
K12090	0
K12091	0
K12092	0
K12093	0
K12094	0
K12095	0
K12096	0
K12097	0
K12098	0
K12099	0
K12100	0
K12101	0
K12102	0
K12103	0
K12104	0
K12105	0
K12106	0
K12107	0
K12108	0
K12109	0
K12110	0
K12111	0
K12112	0
K12113	0
K12136	1
K12137	1
K12138	1
K12139	2
K12140	2
K12141	2
K12142	1
K12143	1
K12144	1
K12145	1
K12146	0
K12147	1
K12148	1
K12149	1
K12151	1
K12152	1
K12203	0
K12204	0
K12205	0
K12206	0
K12209	0
K12211	0
K12212	0
K12213	0
K12214	0
K12217	0
K12218	0
K12222	0
K12227	0
K12228	0
K12234	0
K12238	0
K12239	0
K12240	0
K12241	0
K12242	0
K12243	0
K12246	0
K12247	0
K12248	0
K12251	3.01
K12252	0.25
K12253	0
K12254	0
K12255	0.25
K12256	0.27
K12257	683.47
K12262	308.41
K12263	0
K12264	1
K12265	1
K12266	1
K12267	795.92
K12268	545.74
K12269	545.74
K12270	518.3
K12276	0
K12278	0
K12279	0
K12280	0
K12281	0
K12282	0
K12283	0
K12284	0
K12285	0
K12286	0
K12287	0
K12288	1
K12289	1
K12290	1
K12291	1
K12292	0.51
K12293	0.51
K12294	0
K12295	4
K12296	13.37
K12297	2
K12299	0
K12308	6.43
K12339	1
K12340	320.25
K12343	0.67
K12349	38.33
K12368	1
K12369	1
K12370	1
K12371	1
K12372	1
K12373	166.11
K12405	0
K12410	777.02
K12428	89.01
K12429	0
K12436	0
K12437	89.01
K12441	0
K12448	0
K12449	0
K12452	1
K12453	1
K12454	1
K12466	0
K12472	526.5
K12500	322.31
K12503	89.34
K12506	1.25
K12507	1
K12508	38
K12509	1
K12510	92.92
K12511	2.58
K12512	1
K12513	1
K12514	1
K12515	1
K12516	2.5
K12517	0
K12518	0
K12519	0
K12520	0
K12521	0
K12522	0
K12523	0
K12524	2
K12525	1
K12526	0
K12527	0
K12528	0
K12529	0
K12530	0
K12531	0
K12532	0
K12533	0
K12534	0
K12535	0
K12536	0
K12537	0
K12538	0
K12539	0
K12540	0
K12541	3.25
K12542	3.25
K12543	3.25
K12544	0
K12545	0
K12547	0
K12548	0
K12549	0
K12551	220.97
K12552	220.97
K12553	220.97
K12554	931.04
K12555	7.21
K12556	6.21
K12573	1015.83
K12574	1470.87
K12581	0
K12582	1
K12583	89.01
K12585	0
K12619	0
K12658	1
K12660	1
K12661	1
K12678	1.02
K12679	0
K12681	0
K12682	0
K12683	0
K12684	0
K12685	0
K12686	39
K12687	0
K12688	319.24
K12689	0
K12690	317.98
K12700	224.61
K12784	0
K12785	0
K12786	0
K12787	0
K12788	0
K12790	0
K12810	0
K12821	0
K12826	1
K12910	0
K12940	1
K12941	5
K12942	1074
K12943	1
K12944	1
K12945	1
K12950	0.25
K12952	48.01
K12954	72.2
K12955	0
K12957	0
K12960	5.34
K12961	1
K12962	1
K12963	1
K12972	3.25
K12973	1
K12974	1
K12975	1
K12976	0
K12977	0
K12978	0
K12979	2
K12980	0
K12981	1
K12982	1
K12983	0
K12984	1
K12985	0
K12986	0
K12987	0
K12988	0
K12989	0.25
K12990	0.5
K12991	0
K12992	2
K12993	0
K12994	0
K12995	0
K12996	9.87
K12997	5.87
K12998	4.26
K12999	1.2
K13002	0
K13004	0
K13005	1
K13006	1
K13007	0
K13008	0
K13009	0
K13010	0
K13011	0
K13012	623.2
K13013	1
K13014	1
K13015	7.37
K13016	0
K13017	0
K13018	2.67
K13019	2.67
K13020	0
K13021	0
K13028	0
K13037	0
K13038	1098.54
K13039	0
K13040	1
K13041	1
K13043	0
K13049	0
K13051	1
K13052	686.84
K13053	1
K13057	0
K13059	0
K13060	0.25
K13061	0
K13063	0
K13069	0
K13075	0
K13085	1
K13126	0
K13184	0
K13208	0
K13243	0
K13244	0
K13245	0
K13252	0.87
K13255	1
K13256	36.34
K13275	0
K13276	0
K13277	0
K13280	0
K13281	1
K13282	1
K13283	2
K13284	1
K13285	1
K13286	1
K13287	1
K13288	419.44
K13292	1015.16
K13300	0
K13301	1
K13307	0
K13308	0
K13309	0
K13310	0
K13311	0
K13315	0
K13317	0
K13318	0
K13344	0
K13378	1
K13381	0
K13408	925.11
K13409	587.68
K13419	0
K13421	0
K13444	0
K13450	0
K13472	0
K13478	0
K13479	0
K13480	0
K13481	39.25
K13482	39.25
K13483	2.79
K13485	0
K13486	0
K13487	0
K13488	0
K13489	0
K13490	0
K13491	0
K13497	2.34
K13498	53.35
K13500	0
K13503	1
K13520	0
K13522	0
K13525	1
K13527	89.34
K13529	6
K13530	0.67
K13531	0
K13532	0
K13533	0
K13540	4.4
K13541	0
K13542	550.76
K13543	0
K13570	89.34
K13571	178.68
K13572	45.87
K13573	127.01
K13574	1
K13580	16.56
K13581	1.25
K13582	0
K13583	1.25
K13584	1.25
K13585	0
K13586	0
K13587	1.25
K13588	1.25
K13589	0
K13590	0
K13591	0
K13592	0
K13593	0
K13598	1.25
K13599	1.25
K13607	0
K13609	0
K13611	0
K13612	0
K13613	0
K13614	0
K13615	0
K13620	0
K13622	0
K13623	0
K13626	0
K13628	1006.03
K13629	1
K13630	1
K13631	1
K13632	1
K13633	0
K13634	322.31
K13635	0
K13636	1
K13637	2
K13638	1
K13639	1.25
K13640	89.34
K13641	2
K13642	0
K13643	323.56
K13650	0
K13651	0
K13652	1.25
K13653	4.75
K13654	1
K13655	0
K13656	0
K13657	0
K13658	0
K13659	0
K13660	0
K13661	0
K13662	0
K13663	0
K13664	0
K13665	0
K13668	89.01
K13669	0
K13670	0
K13671	204.52
K13677	8.54
K13678	0.34
K13683	1
K13684	1
K13686	89.01
K13687	51.01
K13688	1
K13689	0
K13693	51.01
K13694	2
K13695	2
K13701	0
K13714	681.47
K13715	493.5
K13727	0.67
K13730	0
K13731	0
K13732	460.59
K13733	461.88
K13734	0
K13735	1
K13739	0
K13740	1
K13741	2
K13742	0
K13743	0
K13745	0
K13746	0
K13747	0.34
K13766	1.25
K13767	0
K13770	1
K13771	362.14
K13772	0
K13774	0
K13775	0
K13776	0
K13777	0
K13778	0
K13779	0
K13786	0
K13787	122.54
K13788	411.65
K13789	703.76
K13790	0
K13791	0
K13792	0
K13793	0
K13794	1
K13795	1
K13796	1
K13797	0
K13799	0
K13810	0
K13815	0
K13816	1
K13818	0
K13819	0
K13820	0
K13821	407.48
K13829	1
K13832	0
K13853	681.47
K13873	0
K13874	0
K13875	0
K13876	0
K13877	0
K13886	0
K13888	322.31
K13889	2
K13890	3
K13891	2
K13892	2.25
K13893	4.25
K13894	4.25
K13895	4.25
K13896	4.25
K13918	1
K13919	1
K13920	1
K13921	1
K13922	1
K13923	1
K13924	0.25
K13925	0.34
K13926	3.02
K13927	1
K13928	0
K13929	10.49
K13930	10.49
K13931	1
K13932	10.49
K13933	10.49
K13934	10.49
K13935	9.49
K13936	0
K13938	0
K13940	463.76
K13950	88.55
K13953	1090.74
K13954	1
K13955	0
K13963	0
K13967	0
K13979	86.28
K13990	0
K13991	0
K13992	0
K13993	51.7
K13994	0
K13995	1
K14026	0.02
K14028	0
K14029	0
K14048	0
K14051	1
K14052	0
K14053	0
K14054	1
K14055	2
K14056	0
K14057	0
K14058	322.56
K14059	1
K14060	0
K14061	1
K14062	1
K14063	0
K14064	1
K14067	0
K14080	0
K14083	0.75
K14084	0
K14086	0
K14087	0
K14088	0
K14089	0
K14090	0
K14091	0
K14105	0
K14136	89.01
K14138	0
K14153	88.95
K14155	257.85
K14159	0
K14160	1.25
K14161	85.12
K14162	86.12
K14164	0
K14165	0
K14166	66.84
K14170	322.31
K14187	2.5
K14188	687.68
K14189	1.92
K14192	526.5
K14193	2
K14194	1560.27
K14195	514.37
K14196	466.9
K14197	460.96
K14198	460.5
K14199	921.03
K14201	622.5
K14203	460.5
K14204	460.5
K14205	687.33
K14257	0
K14259	0
K14260	455.84
K14261	2
K14266	0.25
K14267	409.37
K14268	0
K14287	1.02
K14330	0
K14331	0
K14333	0
K14335	0
K14337	89.01
K14338	0
K14339	89.01
K14340	0
K14347	91.36
K14348	2
K14358	0
K14366	0
K14367	0
K14368	0
K14369	0
K14370	0
K14375	0
K14379	0
K14392	2.25
K14393	91.01
K14414	0.02
K14415	46.45
K14441	2.25
K14445	1047.27
K14446	0.25
K14447	0.25
K14448	0.25
K14449	0.25
K14451	0.25
K14470	0
K14471	0
K14472	0
K14475	0
K14518	0
K14519	13.16
K14520	0
K14534	0
K14540	1011.91
K14572	0
K14578	0
K14581	0
K14587	1
K14588	1
K14591	1
K14596	0
K14597	0
K14605	0
K14606	0
K14623	22.61
K14629	0
K14631	0
K14645	2.24
K14647	0
K14652	1095.46
K14654	0
K14657	0
K14658	0
K14659	0
K14660	0.25
K14665	0
K14666	0
K14667	0
K14668	0
K14669	0
K14670	0
K14671	0
K14672	0
K14673	0
K14676	0
K14680	0
K14681	0
K14682	321.31
K14683	76.02
K14698	38
K14699	38
K14727	39
K14728	0
K14733	0
K14742	786.48
K14743	51.01
K14744	0
K14745	0.5
K14748	0
K14749	0
K14750	0
K14761	789.16
K14762	1
K14832	0
K14835	0
K14940	0
K14941	2.67
K14949	89.01
K14952	0
K14953	0
K14954	0
K14955	0
K14956	38
K14974	0
K14977	2.25
K14978	1
K14979	1
K14980	1.25
K14981	1.25
K14982	6.21
K14983	6.21
K14986	0
K14987	0
K14988	0
K14989	0
K14998	2.25
K15011	1.25
K15012	1.25
K15016	0
K15023	0
K15024	0
K15034	34.45
K15051	8.77
K15054	0
K15060	0
K15061	0
K15062	0
K15063	0
K15065	0
K15066	0
K15067	0
K15125	1300.19
K15126	0
K15226	0
K15228	0
K15229	0
K15236	0
K15237	0
K15238	0
K15239	0
K15240	0
K15242	0
K15255	0
K15256	2.25
K15257	2
K15268	1
K15269	0.25
K15270	0.25
K15311	0
K15312	0
K15313	0
K15314	0
K15315	0
K15327	0
K15328	0
K15329	0
K15337	0
K15342	469.56
K15344	1
K15345	1
K15346	1
K15347	1
K15349	0
K15350	1
K15351	1
K15352	1
K15353	1
K15354	0
K15357	0
K15358	0
K15366	0
K15367	1
K15368	1
K15371	1.33
K15372	50.16
K15373	0
K15383	4
K15396	2
K15408	1
K15460	2
K15461	2.02
K15468	0
K15469	0
K15495	1
K15496	1
K15497	0
K15509	1.95
K15510	0
K15511	0
K15512	0
K15513	0
K15514	0
K15515	0
K15518	681.47
K15519	681.47
K15520	89.34
K15521	89.34
K15524	0
K15525	89.34
K15526	89.34
K15527	0
K15531	0.5
K15532	1
K15533	0
K15534	0
K15536	1.02
K15538	0
K15539	5.02
K15540	1
K15545	2
K15546	0
K15547	0
K15548	1
K15549	0
K15550	0
K15551	38
K15552	38
K15553	17.49
K15554	14.49
K15555	14.49
K15576	40.27
K15577	34.9
K15578	34.9
K15579	0
K15580	1260.94
K15581	782.01
K15582	781.01
K15583	1163.04
K15584	672.55
K15585	671.55
K15586	671.55
K15587	671.55
K15598	38
K15599	38
K15600	0
K15629	0.82
K15632	0
K15633	687.41
K15634	1157.61
K15635	0
K15640	1.67
K15650	0
K15652	1
K15654	0
K15655	0
K15656	0
K15657	0
K15658	0
K15659	0
K15660	0
K15661	0
K15662	0
K15663	0
K15664	0
K15665	0
K15666	0
K15667	0
K15668	0
K15669	0
K15677	0
K15719	0
K15721	0
K15722	1
K15723	1
K15724	322.31
K15725	0
K15726	0
K15727	0
K15731	0
K15733	89.01
K15734	0
K15735	1.25
K15736	1
K15737	1
K15738	1014.34
K15739	0
K15746	0
K15749	0
K15750	0
K15760	0
K15761	0
K15762	0
K15763	0
K15764	0
K15765	0
K15770	474.25
K15771	475.09
K15772	476.92
K15773	1
K15777	4.79
K15778	320.56
K15780	0.5
K15781	0
K15782	0
K15783	0.25
K15784	0
K15785	0.25
K15786	0
K15790	0
K15792	0
K15827	1
K15828	1
K15829	1
K15830	1
K15831	1
K15832	1
K15833	1
K15834	1
K15835	0
K15836	1
K15842	0
K15843	0
K15844	0
K15845	0
K15846	0
K15847	0
K15848	0
K15852	0
K15855	0
K15856	1
K15857	0
K15860	0
K15861	0
K15862	0
K15864	0
K15866	40.84
K15868	0
K15873	0
K15876	4.35
K15878	0
K15879	0
K15894	0
K15895	0
K15896	0
K15897	0
K15898	0
K15899	0
K15910	0
K15912	0
K15913	0
K15914	0
K15915	0
K15918	0
K15921	0
K15922	1
K15923	0.34
K15924	0
K15926	0
K15973	632.6
K15974	3.02
K15975	806.34
K15976	0
K15977	1473.32
K15981	0
K15982	0
K15983	0
K15984	322.31
K15986	691.85
K15987	2.92
K15998	0
K16004	0
K16009	0
K16010	0
K16011	1.5
K16012	614.11
K16013	614.11
K16014	0.33
K16017	0
K16022	0
K16039	0
K16041	0
K16042	0
K16043	0
K16044	0
K16047	7.79
K16048	0
K16049	0
K16050	0
K16051	0
K16052	1
K16053	1
K16055	0
K16066	3.02
K16074	1
K16076	0
K16077	0
K16078	1
K16079	0
K16080	0
K16081	0
K16087	1655.79
K16088	359.05
K16089	1.02
K16090	1
K16091	0
K16092	1
K16124	0
K16135	0
K16136	0
K16137	1.77
K16138	0
K16139	0
K16140	0
K16146	77.11
K16147	52.01
K16148	51.01
K16149	0
K16150	0
K16152	0
K16153	0
K16163	44.36
K16164	98.75
K16165	2.25
K16167	0
K16168	0
K16169	687.48
K16171	0
K16173	1
K16188	1
K16199	0
K16200	0
K16201	0
K16202	0
K16203	1
K16209	0.67
K16210	0.67
K16211	337.16
K16212	0
K16213	0
K16214	4
K16215	0
K16216	0
K16217	0
K16218	0
K16234	0.33
K16235	41.37
K16236	0
K16237	93.41
K16238	0
K16242	0
K16243	0
K16244	0
K16245	0
K16246	0
K16247	0
K16248	0
K16249	0
K16254	0
K16255	0
K16256	0
K16257	0
K16258	0
K16259	0
K16260	0
K16263	2
K16264	1491.97
K16267	0
K16268	0
K16291	1
K16299	1
K16300	0.25
K16301	1021.14
K16303	0
K16304	0
K16306	0
K16317	0
K16319	0
K16320	0
K16321	10.46
K16322	1
K16323	681.47
K16324	0
K16325	0
K16326	0
K16327	0
K16328	0
K16329	627.78
K16331	1
K16345	321.62
K16346	0.64
K16347	1
K16348	0.25
K16363	0
K16370	3
K16371	2
K16378	0
K16421	0
K16422	1
K16423	0
K16435	0
K16436	0
K16437	0
K16438	0
K16444	0
K16509	692.07
K16511	688.34
K16514	7.79
K16515	1
K16516	0
K16517	0
K16552	0
K16553	0
K16554	0
K16555	0.5
K16556	0.25
K16557	0.25
K16558	0.25
K16559	0
K16560	0
K16562	0
K16563	0
K16564	0
K16565	0
K16566	0
K16567	0
K16568	0
K16593	0
K16619	0
K16623	0
K16624	0
K16625	0
K16626	0
K16636	0
K16637	0
K16638	0
K16644	0
K16645	0
K16647	89.01
K16648	89.01
K16649	89.01
K16650	89.34
K16651	1
K16652	89.01
K16653	89.01
K16654	0
K16692	3
K16693	1
K16694	0
K16695	1
K16696	0
K16697	0
K16698	0
K16699	0
K16700	0
K16703	1
K16704	1
K16705	0
K16706	0
K16707	0
K16708	0
K16709	0
K16710	7.79
K16711	1
K16712	0
K16713	0
K16783	88.55
K16784	89.34
K16785	1846.17
K16786	1155.77
K16787	2309.83
K16788	467.21
K16789	4.54
K16792	0
K16793	0
K16839	0
K16840	76
K16841	39
K16842	0
K16843	1
K16844	1.25
K16845	0
K16846	0
K16849	1
K16850	1
K16856	1
K16868	323.15
K16869	681.47
K16870	89.34
K16871	1.5
K16872	0.25
K16873	0
K16874	0
K16875	0
K16876	0
K16877	0
K16878	0
K16879	0
K16880	0
K16881	0
K16882	0
K16898	689.93
K16899	689.68
K16905	0
K16906	0
K16907	0
K16915	1
K16916	462.2
K16917	462.2
K16918	0
K16919	0
K16920	0
K16922	0
K16923	57.8
K16924	927.21
K16925	899.65
K16926	346.15
K16927	12.16
K16937	806.17
K16950	1.25
K16951	1.25
K16956	0
K16957	36.21
K16958	35.87
K16959	36.71
K16960	36.77
K16961	0.25
K16962	0.25
K16963	36.26
K16964	0
K16965	0
K16966	0
K16967	0
K16968	0
K16969	0
K17050	0
K17051	0
K17052	0
K17060	0
K17061	0
K17062	0
K17063	0
K17067	0
K17073	0
K17074	8.21
K17076	8.21
K17103	322.81
K17108	0
K17195	0
K17202	0
K17203	0
K17204	0
K17205	0
K17206	0
K17207	0
K17208	0
K17209	0
K17210	0
K17213	0
K17214	1
K17215	0
K17216	681.47
K17217	681.47
K17218	350.42
K17222	0.25
K17223	0.25
K17224	0.25
K17225	0.25
K17226	0.25
K17227	0.25
K17228	0
K17229	0
K17230	0
K17234	0
K17235	0
K17236	0
K17237	0
K17238	0
K17239	0
K17240	0
K17241	1
K17242	1
K17243	2
K17244	0
K17245	0
K17246	0
K17247	2.25
K17248	0
K17249	0
K17250	0
K17251	0
K17285	0.25
K17310	0
K17315	1.25
K17316	0
K17317	0
K17318	179.72
K17319	179.22
K17320	179.22
K17321	0.25
K17322	0.25
K17323	0.25
K17324	0.25
K17325	0.25
K17329	0
K17330	0
K17331	0
K17363	0
K17364	0
K17462	2.4
K17463	1
K17464	1
K17465	1
K17466	1
K17467	1
K17468	1
K17472	221.97
K17473	1
K17474	0
K17476	0
K17485	0
K17486	0
K17489	5.65
K17490	0
K17585	0
K17618	0
K17623	0
K17624	0.74
K17662	1
K17675	2.25
K17680	0
K17686	1189.93
K17713	1
K17716	621.53
K17722	1
K17723	2.25
K17733	0.02
K17734	0
K17735	24.79
K17736	0
K17737	0
K17742	0
K17744	0
K17752	0.25
K17754	0
K17755	0
K17758	0
K17759	12.03
K17760	0
K17762	0.25
K17763	0.25
K17810	0.67
K17828	16.56
K17829	0
K17835	0
K17836	1.5
K17837	1
K17838	0
K17840	0
K17850	1
K17865	1.5
K17880	0
K17883	89.34
K17892	0
K17893	0
K17898	0
K17899	0
K17910	1
K17938	1.02
K17947	0
K17948	2
K17950	0
K17989	0
K17992	0
K18000	0
K18003	0
K18005	0
K18006	0
K18007	0
K18009	0
K18011	0.25
K18012	0.25
K18013	0.25
K18014	0.25
K18015	1
K18028	1
K18029	1
K18030	0
K18067	0
K18068	0
K18069	0
K18070	0
K18072	0
K18073	0
K18087	0
K18092	0
K18093	0
K18094	0
K18095	0
K18096	0
K18098	0
K18099	0
K18100	0
K18101	0
K18104	683.82
K18115	0
K18118	139.98
K18119	0
K18120	0
K18121	1
K18122	0.25
K18129	0
K18130	0
K18131	0
K18132	318.6
K18133	324.31
K18135	0
K18136	1
K18137	0
K18138	336.82
K18139	335.82
K18140	0
K18141	1
K18142	1
K18143	0
K18144	0
K18145	0
K18146	0
K18147	0
K18148	1.02
K18149	0
K18151	0
K18153	0
K18164	0
K18195	0
K18197	0
K18199	0
K18214	0
K18215	0
K18216	4.44
K18217	4.44
K18218	0
K18220	0.5
K18221	0
K18223	0
K18224	0
K18225	0
K18226	0
K18229	0
K18230	171.32
K18231	15.21
K18232	0
K18233	0
K18234	0.25
K18235	0
K18236	0
K18240	0
K18242	0
K18243	0
K18248	0
K18249	0
K18277	44.36
K18284	0
K18285	0
K18286	0
K18288	0
K18289	0
K18290	0
K18291	0
K18292	3.1
K18294	0
K18295	0
K18296	0
K18297	0
K18298	0
K18299	0
K18300	0
K18301	0
K18302	0
K18303	0
K18304	0
K18305	0
K18306	0
K18307	0
K18308	0
K18316	0
K18320	110.57
K18321	0
K18322	0
K18323	0
K18324	1
K18325	1
K18326	1
K18330	2.67
K18331	2.67
K18332	2.67
K18333	0
K18334	0
K18335	1
K18336	0
K18337	0
K18344	2.67
K18345	0
K18346	33
K18347	0
K18348	0
K18349	2.67
K18350	2.67
K18351	1.7
K18352	0
K18353	0
K18354	0
K18355	0
K18356	0
K18357	0
K18358	0
K18359	0
K18360	0
K18361	0
K18362	0
K18363	0
K18364	0
K18365	1
K18366	0
K18369	751.44
K18370	0
K18371	0
K18372	0
K18373	0
K18374	0
K18375	0
K18376	0
K18377	0
K18378	0
K18379	0
K18380	0
K18381	0
K18382	0
K18383	1
K18384	0
K18425	0
K18427	0
K18428	0
K18429	0
K18430	0
K18431	0
K18433	0
K18434	0
K18445	0
K18446	1
K18455	89.34
K18456	0
K18457	0
K18459	0
K18471	0
K18472	0
K18473	0
K18474	5.2
K18475	1
K18476	0
K18478	2
K18479	1
K18480	0
K18481	0
K18530	0
K18531	0
K18534	0
K18540	0
K18541	0
K18545	0
K18546	0
K18547	0
K18552	0
K18553	0
K18554	0.25
K18555	0
K18567	0
K18572	0
K18574	0
K18575	0
K18581	1.34
K18586	0
K18587	1.25
K18588	1.25
K18589	0
K18590	0
K18591	0
K18608	0
K18611	0
K18626	0
K18640	1
K18642	0
K18649	0
K18650	0
K18652	0
K18653	0
K18654	6.03
K18657	1
K18661	0.25
K18662	0
K18672	691.35
K18673	0
K18675	0
K18676	0.25
K18677	0
K18678	0
K18682	691.6
K18691	2
K18692	687.68
K18697	1
K18698	0
K18699	0
K18700	12.16
K18701	96.77
K18702	0.25
K18704	939.88
K18707	683.97
K18749	0
K18765	1
K18766	481.04
K18767	0
K18770	0
K18775	0
K18778	1.02
K18783	0
K18785	0
K18786	0
K18799	0
K18800	1
K18814	0
K18815	0
K18816	5
K18820	0
K18821	0
K18824	0
K18827	0
K18828	2
K18829	4
K18830	4
K18831	2.7
K18833	12.16
K18836	0
K18837	0
K18838	0
K18840	0
K18841	71.53
K18842	71.53
K18843	1
K18844	0
K18845	0
K18850	2
K18851	75.55
K18855	0
K18856	0
K18862	1
K18866	0
K18874	0
K18879	0
K18887	5.2
K18888	5.2
K18889	1
K18890	1
K18891	1.51
K18892	1.51
K18893	322.56
K18895	1
K18896	0
K18898	0
K18899	0
K18900	0
K18901	0
K18902	0
K18903	0
K18904	0
K18905	0
K18906	220.97
K18907	0
K18908	654.5
K18909	194
K18910	0
K18911	0
K18912	0
K18913	0
K18916	0
K18917	89.01
K18918	1.1
K18919	0
K18920	0
K18921	0
K18922	0
K18923	2
K18924	223.64
K18925	223.64
K18926	116.37
K18927	0
K18928	400.14
K18929	400.14
K18930	3.98
K18933	0
K18934	887.7
K18935	220.97
K18936	664.17
K18938	1
K18939	0
K18940	220.97
K18941	221.97
K18954	1.25
K18955	350.4
K18957	0
K18958	0
K18966	0
K18967	0
K18968	1
K18974	0
K18975	0
K18979	685.92
K18981	1
K18982	0
K18983	0
K18984	1
K18986	4
K18987	6.67
K18988	1
K18989	0.5
K18990	0.5
K18991	322.29
K18992	0
K18996	0.75
K18997	5.02
K19000	1
K19002	8.88
K19003	0
K19005	687.34
K19032	0
K19033	0
K19046	2
K19047	0
K19048	3
K19049	0
K19050	0
K19051	0
K19052	0
K19053	0
K19054	0
K19055	10.86
K19056	0
K19057	0
K19058	0
K19059	0
K19062	13.83
K19063	0
K19068	621.53
K19070	0
K19071	0
K19072	0
K19073	0
K19075	0
K19076	1
K19077	681.44
K19078	220.94
K19079	215.87
K19080	678.37
K19081	673.07
K19082	674.07
K19083	670.4
K19084	670.4
K19088	0
K19090	0
K19091	0
K19092	1
K19096	0
K19106	1.7
K19110	0
K19113	0
K19114	0
K19115	0
K19116	0
K19117	3.06
K19118	2.31
K19119	3
K19120	0
K19121	0
K19122	0
K19123	2
K19124	3.25
K19125	6.35
K19126	4.5
K19127	0
K19128	0
K19129	0
K19130	0
K19131	10.37
K19132	11.37
K19133	9.37
K19134	0
K19136	1
K19137	3.61
K19138	0
K19139	0
K19140	0
K19141	1
K19142	1
K19145	0
K19147	3.39
K19148	1
K19155	0
K19156	0
K19157	1.34
K19158	500.09
K19159	500.09
K19160	0
K19161	0
K19162	1
K19163	0.25
K19164	0.25
K19165	6.67
K19166	1
K19167	33
K19168	321.31
K19169	0
K19170	0
K19171	0
K19172	0
K19173	0
K19174	0
K19175	0
K19180	0.25
K19187	0
K19190	0.79
K19191	0.5
K19200	0
K19203	0
K19209	0
K19211	0
K19212	0
K19213	0
K19215	0
K19216	0
K19219	0
K19220	0
K19221	7.9
K19222	1
K19223	0
K19224	2
K19225	682.81
K19226	2
K19227	2
K19228	2
K19229	2
K19230	2
K19231	0
K19234	0
K19235	1
K19236	1
K19237	0
K19238	1
K19239	33.89
K19240	0
K19242	0
K19244	0
K19246	0
K19265	90.68
K19267	14.83
K19268	0.25
K19270	33.41
K19271	0
K19272	0
K19273	0
K19274	0
K19275	0
K19278	0
K19285	681.47
K19286	0
K19290	0
K19291	0
K19292	0
K19293	0
K19294	0
K19295	0
K19296	0
K19298	2
K19299	0
K19300	0
K19302	794.05
K19303	1
K19304	1
K19309	0
K19310	0
K19311	0
K19312	0
K19318	0
K19321	0
K19332	0
K19333	9.19
K19334	1
K19335	1
K19336	1
K19337	321.31
K19338	0
K19339	320.85
K19340	320.54
K19341	2.56
K19342	320.54
K19343	0
K19344	0
K19345	0
K19349	6
K19350	0.67
K19351	0
K19353	1
K19354	1
K19355	0
K19405	685.14
K19411	685.14
K19413	0
K19416	322.31
K19418	0
K19419	0
K19420	0
K19421	0
K19422	0
K19423	0
K19424	0
K19425	0
K19426	0
K19427	0
K19428	0
K19429	0
K19430	0
K19431	1
K19433	0
K19449	0
K19504	0.75
K19505	0
K19506	0.25
K19507	0.25
K19508	0.59
K19509	0.25
K19510	0.25
K19540	0
K19545	0
K19546	0
K19547	0
K19548	0
K19549	0
K19550	0
K19555	0
K19556	0
K19563	0
K19572	0
K19576	681.47
K19577	80.28
K19580	0
K19585	0
K19586	0
K19587	0
K19591	0
K19592	0
K19593	0
K19594	0
K19595	0
K19597	0
K19609	0
K19610	0
K19611	4.02
K19615	0
K19616	0
K19617	0
K19618	0
K19620	0
K19621	0
K19622	0
K19623	0
K19624	0
K19633	0
K19640	0
K19641	0
K19649	0
K19659	0
K19661	0
K19666	0
K19667	0
K19668	0
K19670	0
K19686	0
K19687	0
K19688	1
K19689	687.48
K19694	0
K19696	0
K19697	1
K19700	0
K19701	0
K19702	0
K19707	0
K19709	0
K19710	89.34
K19711	0
K19713	0
K19714	0
K19715	0
K19720	0
K19723	0
K19725	0
K19726	0
K19727	0
K19731	0
K19732	0
K19733	0
K19734	0
K19736	0
K19741	0
K19743	0
K19744	0
K19745	50.98
K19746	1
K19775	0
K19776	3.1
K19777	0
K19778	1
K19780	0
K19784	326.94
K19789	1
